{
	"credit": "Made with Blockbench",
	"textures": {
		"0": "block/light_gray_concrete",
		"2": "block/scaffolding_side",
		"particle": "block/light_gray_concrete"
	},
	"elements": [
		{
			"from": [8, 2.5, 6],
			"to": [8.5, 3.5, 9],
			"rotation": {"angle": 0, "axis": "y", "origin": [4, 0, 4]},
			"faces": {
				"north": {"uv": [0, 0, 1, 2], "texture": "#0"},
				"east": {"uv": [0, 0, 6, 2], "texture": "#0"},
				"south": {"uv": [0, 0, 1, 2], "texture": "#0"},
				"west": {"uv": [0, 0, 6, 2], "texture": "#0"},
				"up": {"uv": [0, 0, 1, 6], "texture": "#0"},
				"down": {"uv": [0, 0, 1, 6], "texture": "#0"}
			}
		},
		{
			"from": [6.5, 2.5, 6],
			"to": [7, 3.5, 9],
			"rotation": {"angle": 0, "axis": "y", "origin": [4, 0, 4]},
			"faces": {
				"north": {"uv": [0, 0, 1, 2], "texture": "#0"},
				"east": {"uv": [0, 0, 6, 2], "texture": "#0"},
				"south": {"uv": [0, 0, 1, 2], "texture": "#0"},
				"west": {"uv": [0, 0, 6, 2], "texture": "#0"},
				"up": {"uv": [0, 0, 1, 6], "texture": "#0"},
				"down": {"uv": [0, 0, 1, 6], "texture": "#0"}
			}
		},
		{
			"from": [7, 3, 6],
			"to": [8, 4, 9],
			"rotation": {"angle": 0, "axis": "y", "origin": [4, 0, 4]},
			"faces": {
				"north": {"uv": [0, 0, 2, 2], "texture": "#0"},
				"east": {"uv": [0, 0, 6, 2], "texture": "#0"},
				"south": {"uv": [0, 0, 2, 2], "texture": "#0"},
				"west": {"uv": [0, 0, 6, 2], "texture": "#0"},
				"up": {"uv": [0, 0, 2, 6], "texture": "#0"},
				"down": {"uv": [0, 0, 2, 6], "texture": "#0"}
			}
		},
		{
			"from": [7, 2, 6],
			"to": [8, 3, 9],
			"rotation": {"angle": 0, "axis": "y", "origin": [4, 0, 4]},
			"faces": {
				"north": {"uv": [0, 0, 2, 2], "texture": "#0"},
				"east": {"uv": [0, 0, 6, 2], "texture": "#0"},
				"south": {"uv": [0, 0, 2, 2], "texture": "#0"},
				"west": {"uv": [0, 0, 6, 2], "texture": "#0"},
				"up": {"uv": [0, 0, 2, 6], "texture": "#0"},
				"down": {"uv": [0, 0, 2, 6], "texture": "#0"}
			}
		},
		{
			"from": [7, 2.5, 5.5],
			"to": [8, 3.5, 7.5],
			"rotation": {"angle": 0, "axis": "y", "origin": [4, 0, 4]},
			"faces": {
				"north": {"uv": [15, 6, 16, 8], "texture": "#2"},
				"east": {"uv": [15, 6, 16, 8], "texture": "#2"},
				"south": {"uv": [15, 6, 16, 8], "texture": "#2"},
				"west": {"uv": [15, 6, 16, 8], "texture": "#2"},
				"up": {"uv": [15, 6, 16, 8], "texture": "#2"},
				"down": {"uv": [0, 0, 2, 4], "texture": "#0"}
			}
		},
		{
			"from": [7.125, 2.625, 5.125],
			"to": [7.875, 3.375, 5.625],
			"rotation": {"angle": 0, "axis": "y", "origin": [4, 0, 4]},
			"faces": {
				"north": {"uv": [15, 6, 16, 8], "texture": "#2"},
				"east": {"uv": [15, 6, 16, 8], "texture": "#2"},
				"south": {"uv": [15, 6, 16, 8], "texture": "#2"},
				"west": {"uv": [15, 6, 16, 8], "texture": "#2"},
				"up": {"uv": [15, 6, 16, 8], "texture": "#2"},
				"down": {"uv": [15, 6, 16, 8], "texture": "#2"}
			}
		}
	],
	"display": {
		"gui": {
			"rotation": [0, 117, 0],
			"translation": [0, 9, 0],
			"scale": [2, 2, 2]
		}
	}
}