{
    "parent": "item/handheld",
    "textures": {
        "layer0": "item/apple"
    },
        "overrides": [
						{ "predicate": { "custom_model_data": 1}, "model": "item/coffee"},		
						{ "predicate": { "custom_model_data": 2}, "model": "item/pizza"},
						{ "predicate": { "custom_model_data": 3}, "model": "item/icecream1"},
						{ "predicate": { "custom_model_data": 4}, "model": "item/icecream2"},		
						{ "predicate": { "custom_model_data": 5}, "model": "item/icecream3"},
						{ "predicate": { "custom_model_data": 6}, "model": "item/crisps"},
						{ "predicate": { "custom_model_data": 7}, "model": "item/ball"},
						{ "predicate": { "custom_model_data": 8}, "model": "item/fallschirm"},
						{ "predicate": { "custom_model_data": 9}, "model": "item/traintest"},
						{ "predicate": { "custom_model_data": 10}, "model": "item/pin"},
						{ "predicate": { "custom_model_data": 11}, "model": "item/fahrrad"},
						{ "predicate": { "custom_model_data": 12}, "model": "item/truck1"},
						{ "predicate": { "custom_model_data": 13}, "model": "item/pflug"},
						{ "predicate": { "custom_model_data": 14}, "model": "item/harvest"},
						{ "predicate": { "custom_model_data": 15}, "model": "item/planter"},
						{ "predicate": { "custom_model_data": 16}, "model": "item/kipper1"},
						{ "predicate": { "custom_model_data": 17}, "model": "item/kipper2"},
						{ "predicate": { "custom_model_data": 18}, "model": "item/policestop"},
						{ "predicate": { "custom_model_data": 19}, "model": "item/contrain1"},
						{ "predicate": { "custom_model_data": 20}, "model": "item/fahrrad_faehrt"},
						{ "predicate": { "custom_model_data": 21}, "model": "item/banana"},
						{ "predicate": { "custom_model_data": 22}, "model": "item/choco"},
						{ "predicate": { "custom_model_data": 23}, "model": "item/miniatur1"},
						{ "predicate": { "custom_model_data": 24}, "model": "item/miniatur2"},
						{ "predicate": { "custom_model_data": 25}, "model": "item/vb1"},
						{ "predicate": { "custom_model_data": 26}, "model": "item/vb2"},
						{ "predicate": { "custom_model_data": 27}, "model": "item/hotdog"},
						{ "predicate": { "custom_model_data": 28}, "model": "item/conttruck"},
						{ "predicate": { "custom_model_data": 29}, "model": "item/freeslot1"},
						{ "predicate": { "custom_model_data": 30}, "model": "item/skilift"},
						{ "predicate": { "custom_model_data": 31}, "model": "item/cont"},
						{ "predicate": { "custom_model_data": 32}, "model": "item/flour"},
						{ "predicate": { "custom_model_data": 33}, "model": "item/pancakes"},
						{ "predicate": { "custom_model_data": 34}, "model": "item/cheese"},
						{ "predicate": { "custom_model_data": 35}, "model": "item/fried_egg"},
						{ "predicate": { "custom_model_data": 36}, "model": "item/trailer1"},
						{ "predicate": { "custom_model_data": 37}, "model": "item/cyclist1"},
						{ "predicate": { "custom_model_data": 38}, "model": "item/cyclist2"},
						{ "predicate": { "custom_model_data": 39}, "model": "item/cyclist3"},
						{ "predicate": { "custom_model_data": 40}, "model": "item/cablecar_open"},
						{ "predicate": { "custom_model_data": 41}, "model": "item/cablecar_close"},
						{ "predicate": { "custom_model_data": 42}, "model": "item/cablecar2"},
						{ "predicate": { "custom_model_data": 43}, "model": "item/cablecar_wheel"},
						{ "predicate": { "custom_model_data": 44}, "model": "item/popcorn"},
						{ "predicate": { "custom_model_data": 45}, "model": "item/autoscooter"},
						{ "predicate": { "custom_model_data": 46}, "model": "item/kiste"},
						{ "predicate": { "custom_model_data": 47}, "model": "item/latte"},
						{ "predicate": { "custom_model_data": 48}, "model": "item/fw"},
						{ "predicate": { "custom_model_data": 49}, "model": "item/cup"},
						{ "predicate": { "custom_model_data": 50}, "model": "item/painter"},
						{ "predicate": { "custom_model_data": 51}, "model": "item/trommel"},
						{ "predicate": { "custom_model_data": 52}, "model": "item/dudel"},
						{ "predicate": { "custom_model_data": 53}, "model": "item/lanze"},
						{ "predicate": { "custom_model_data": 54}, "model": "item/fahrrad2"},
						{ "predicate": { "custom_model_data": 55}, "model": "item/boat"},
						{ "predicate": { "custom_model_data": 56}, "model": "item/contrain2"},
						{ "predicate": { "custom_model_data": 57}, "model": "item/jam"},
						{ "predicate": { "custom_model_data": 58}, "model": "item/tomato"},
						{ "predicate": { "custom_model_data": 59}, "model": "item/pizzadough"},
						{ "predicate": { "custom_model_data": 60}, "model": "item/pizzadough2"},
						{ "predicate": { "custom_model_data": 61}, "model": "item/exc1"},
						{ "predicate": { "custom_model_data": 62}, "model": "item/exc2"},
						{ "predicate": { "custom_model_data": 63}, "model": "item/tarmachine"},
						{ "predicate": { "custom_model_data": 64}, "model": "item/mixer"},
						{ "predicate": { "custom_model_data": 65}, "model": "item/contrain3"},
						{ "predicate": { "custom_model_data": 66}, "model": "item/ticketbag"},
						{ "predicate": { "custom_model_data": 67}, "model": "item/trainbrake"},
						{ "predicate": { "custom_model_data": 68}, "model": "item/delivery2"},
						{ "predicate": { "custom_model_data": 69}, "model": "item/trailer2"},
						{ "predicate": { "custom_model_data": 70}, "model": "item/truck1_white"},
						{ "predicate": { "custom_model_data": 71}, "model": "item/shuttledoor"},
						{ "predicate": { "custom_model_data": 72}, "model": "item/shuttleopen"},
						{ "predicate": { "custom_model_data": 73}, "model": "item/cup2"},
						{ "predicate": { "custom_model_data": 74}, "model": "item/cup_espr"},
						{ "predicate": { "custom_model_data": 75}, "model": "item/cup_capp1"},
						{ "predicate": { "custom_model_data": 76}, "model": "item/cup_capp2"},
						{ "predicate": { "custom_model_data": 77}, "model": "item/cup_coffee"},
						{ "predicate": { "custom_model_data": 78}, "model": "item/kanne"},
						{ "predicate": { "custom_model_data": 79}, "model": "item/bus2"},
						{ "predicate": { "custom_model_data": 80}, "model": "item/crane"},
						{ "predicate": { "custom_model_data": 81}, "model": "item/toast"},
						{ "predicate": { "custom_model_data": 82}, "model": "item/pick_blue"},
						{ "predicate": { "custom_model_data": 83}, "model": "item/pick_white"},
						{ "predicate": { "custom_model_data": 84}, "model": "item/heli1"},
						{ "predicate": { "custom_model_data": 85}, "model": "item/heli2"},
						{ "predicate": { "custom_model_data": 86}, "model": "item/ecar"},
						{ "predicate": { "custom_model_data": 87}, "model": "item/wheelchair"},
						{ "predicate": { "custom_model_data": 88}, "model": "item/medkram1"},
						{ "predicate": { "custom_model_data": 89}, "model": "item/medkram2"},
						{ "predicate": { "custom_model_data": 90}, "model": "item/medkram3"},
						{ "predicate": { "custom_model_data": 91}, "model": "item/medkram4"},
						{ "predicate": { "custom_model_data": 92}, "model": "item/medkram5"},
						{ "predicate": { "custom_model_data": 93}, "model": "item/medkram6"},
						{ "predicate": { "custom_model_data": 94}, "model": "item/noodle1"},
						{ "predicate": { "custom_model_data": 95}, "model": "item/rice1"},
						{ "predicate": { "custom_model_data": 96}, "model": "item/cutted1"},
						{ "predicate": { "custom_model_data": 97}, "model": "item/cutted2"},
						{ "predicate": { "custom_model_data": 98}, "model": "item/cutted3"},
						{ "predicate": { "custom_model_data": 99}, "model": "item/bread_cutted"},
						{ "predicate": { "custom_model_data": 100}, "model": "item/pizza2"},
						{ "predicate": { "custom_model_data": 101}, "model": "item/mozza"},
						{ "predicate": { "custom_model_data": 102}, "model": "item/glas1"},
						{ "predicate": { "custom_model_data": 103}, "model": "item/glas2"},
						{ "predicate": { "custom_model_data": 104}, "model": "item/glas3"},
						{ "predicate": { "custom_model_data": 105}, "model": "item/glas4"},
						{ "predicate": { "custom_model_data": 106}, "model": "item/pos1"},
						{ "predicate": { "custom_model_data": 107}, "model": "item/pos2"},
						{ "predicate": { "custom_model_data": 108}, "model": "item/pos3"},
						{ "predicate": { "custom_model_data": 109}, "model": "item/pos4"},
						{ "predicate": { "custom_model_data": 110}, "model": "item/rye_bread"},
						{ "predicate": { "custom_model_data": 111}, "model": "item/sausages"},
						{ "predicate": { "custom_model_data": 112}, "model": "item/lettuce"},
						{ "predicate": { "custom_model_data": 113}, "model": "item/lettuce_cutted"},
						{ "predicate": { "custom_model_data": 114}, "model": "item/bonbon"},
						{ "predicate": { "custom_model_data": 115}, "model": "item/validator"},
						{ "predicate": { "custom_model_data": 116}, "model": "item/funidoor"},
						{ "predicate": { "custom_model_data": 117}, "model": "item/funiopen"},
						{ "predicate": { "custom_model_data": 118}, "model": "item/train_mast"},
						{ "predicate": { "custom_model_data": 119}, "model": "item/pfand"},
						{ "predicate": { "custom_model_data": 120}, "model": "item/stroller"},
						{ "predicate": { "custom_model_data": 121}, "model": "item/glascontainer"},
						{ "predicate": { "custom_model_data": 122}, "model": "item/west"},
						{ "predicate": { "custom_model_data": 123}, "model": "item/motorcycle_lime"},
						{ "predicate": { "custom_model_data": 124}, "model": "item/motorcycle_ora"},
						{ "predicate": { "custom_model_data": 125}, "model": "item/etrain1"},
						{ "predicate": { "custom_model_data": 126}, "model": "item/etrain1openl"},
						{ "predicate": { "custom_model_data": 127}, "model": "item/etrain1openr"},
						{ "predicate": { "custom_model_data": 128}, "model": "item/etrain2"},
						{ "predicate": { "custom_model_data": 129}, "model": "item/etrain2openl"},
						{ "predicate": { "custom_model_data": 130}, "model": "item/etrain2openr"},
						{ "predicate": { "custom_model_data": 131}, "model": "item/fries"},
						{ "predicate": { "custom_model_data": 132}, "model": "item/potato_cutted"}
        ]
}