{
	"credit": "Made with Blockbench",
	"textures": {
		"0": "block/stripped_oak_log",
		"2": "block/pumpkin_side",
		"4": "block/birch_planks",
		"particle": "block/stripped_oak_log"
	},
	"elements": [
		{
			"from": [7, 3, 5],
			"to": [10, 6, 14],
			"faces": {
				"north": {"uv": [5, 1, 7, 4], "texture": "#2"},
				"east": {"uv": [0, 0, 16, 14], "texture": "#0"},
				"south": {"uv": [5, 1, 7, 4], "texture": "#2"},
				"west": {"uv": [2, 10, 16, 16], "texture": "#4"},
				"up": {"uv": [13, 11, 8, 10], "texture": "#0"},
				"down": {"uv": [0, 0, 8, 10], "texture": "#0"}
			}
		},
		{
			"from": [10.75, 3, -3.5],
			"to": [14.75, 6, 2],
			"rotation": {"angle": -45, "axis": "y", "origin": [0, 0, 0]},
			"faces": {
				"north": {"uv": [5, 1, 7, 4], "texture": "#2"},
				"east": {"uv": [0, 0, 16, 14], "texture": "#0"},
				"south": {"uv": [5, 1, 7, 4], "texture": "#2"},
				"west": {"uv": [5, 12, 12, 15], "texture": "#0"},
				"up": {"uv": [13, 11, 8, 10], "texture": "#0"},
				"down": {"uv": [0, 0, 8, 10], "texture": "#0"}
			}
		},
		{
			"from": [-3, 3, 8.5],
			"to": [1, 6, 17],
			"rotation": {"angle": 45, "axis": "y", "origin": [0, 0, 0]},
			"faces": {
				"north": {"uv": [5, 1, 7, 4], "texture": "#2"},
				"east": {"uv": [0, 0, 16, 14], "texture": "#0"},
				"south": {"uv": [5, 1, 7, 4], "texture": "#2"},
				"west": {"uv": [5, 12, 12, 15], "texture": "#0"},
				"up": {"uv": [13, 11, 8, 10], "texture": "#0"},
				"down": {"uv": [0, 0, 8, 10], "texture": "#0"}
			}
		},
		{
			"from": [4, 3, 8],
			"to": [13, 6, 11],
			"faces": {
				"north": {"uv": [5, 1, 7, 4], "texture": "#2"},
				"east": {"uv": [0, 0, 16, 14], "texture": "#0"},
				"south": {"uv": [2, 10, 16, 16], "texture": "#4"},
				"west": {"uv": [5, 1, 7, 4], "texture": "#2"},
				"up": {"uv": [13, 11, 8, 10], "texture": "#0"},
				"down": {"uv": [0, 0, 8, 10], "texture": "#0"}
			}
		},
		{
			"from": [7, 6, 6],
			"to": [10, 7, 13],
			"rotation": {"angle": 0, "axis": "y", "origin": [0, 3, 0]},
			"faces": {
				"north": {"uv": [5, 1, 7, 4], "texture": "#0"},
				"east": {"uv": [0, 0, 16, 14], "texture": "#0"},
				"south": {"uv": [5, 1, 7, 4], "texture": "#0"},
				"west": {"uv": [5, 12, 12, 15], "texture": "#0"},
				"up": {"uv": [13, 11, 8, 10], "texture": "#0"},
				"down": {"uv": [0, 0, 8, 10], "texture": "#0"}
			}
		},
		{
			"from": [11, 6, -3],
			"to": [14, 7, 3],
			"rotation": {"angle": -45, "axis": "y", "origin": [0, 3, 0]},
			"faces": {
				"north": {"uv": [5, 1, 7, 4], "texture": "#0"},
				"east": {"uv": [0, 0, 16, 14], "texture": "#0"},
				"south": {"uv": [5, 1, 7, 4], "texture": "#0"},
				"west": {"uv": [5, 12, 12, 15], "texture": "#0"},
				"up": {"uv": [13, 11, 8, 10], "texture": "#0"},
				"down": {"uv": [0, 0, 8, 10], "texture": "#0"}
			}
		},
		{
			"from": [5, 6, 8],
			"to": [12, 7, 11],
			"rotation": {"angle": 0, "axis": "y", "origin": [0, 3, 0]},
			"faces": {
				"north": {"uv": [5, 1, 7, 4], "texture": "#0"},
				"east": {"uv": [0, 0, 16, 14], "texture": "#0"},
				"south": {"uv": [5, 1, 7, 4], "texture": "#0"},
				"west": {"uv": [5, 1, 7, 4], "texture": "#0"},
				"up": {"uv": [13, 11, 8, 10], "texture": "#0"},
				"down": {"uv": [0, 0, 8, 10], "texture": "#0"}
			}
		},
		{
			"from": [-3, 6, 9.5],
			"to": [1, 7, 16],
			"rotation": {"angle": 45, "axis": "y", "origin": [0, 3, 0]},
			"faces": {
				"north": {"uv": [5, 1, 7, 4], "texture": "#0"},
				"east": {"uv": [0, 0, 16, 14], "texture": "#0"},
				"south": {"uv": [5, 1, 7, 4], "texture": "#0"},
				"west": {"uv": [5, 12, 12, 15], "texture": "#0"},
				"up": {"uv": [13, 11, 8, 10], "texture": "#0"},
				"down": {"uv": [0, 0, 8, 10], "texture": "#0"}
			}
		},
		{
			"from": [-1, 6.1, 13.5],
			"to": [-0.5, 7.1, 15],
			"rotation": {"angle": 45, "axis": "y", "origin": [0, 3, 0]},
			"faces": {
				"north": {"uv": [5, 1, 7, 4], "texture": "#2"},
				"east": {"uv": [0, 0, 16, 14], "texture": "#2"},
				"south": {"uv": [5, 1, 7, 4], "texture": "#2"},
				"west": {"uv": [5, 12, 12, 15], "texture": "#2"},
				"up": {"uv": [9, 13, 8, 12], "texture": "#2"},
				"down": {"uv": [0, 0, 8, 10], "texture": "#2"}
			}
		},
		{
			"from": [-1, 6.1, 10.5],
			"to": [-0.5, 7.1, 12],
			"rotation": {"angle": 45, "axis": "y", "origin": [0, 3, 0]},
			"faces": {
				"north": {"uv": [5, 1, 7, 4], "texture": "#2"},
				"east": {"uv": [0, 0, 16, 14], "texture": "#2"},
				"south": {"uv": [5, 1, 7, 4], "texture": "#2"},
				"west": {"uv": [5, 12, 12, 15], "texture": "#2"},
				"up": {"uv": [9, 13, 8, 12], "texture": "#2"},
				"down": {"uv": [0, 0, 8, 10], "texture": "#2"}
			}
		},
		{
			"from": [5, 6.1, 9.5],
			"to": [5.5, 7.1, 11],
			"rotation": {"angle": 22.5, "axis": "y", "origin": [0, 3, 0]},
			"faces": {
				"north": {"uv": [5, 1, 7, 4], "texture": "#2"},
				"east": {"uv": [0, 0, 16, 14], "texture": "#2"},
				"south": {"uv": [5, 1, 7, 4], "texture": "#2"},
				"west": {"uv": [5, 12, 12, 15], "texture": "#2"},
				"up": {"uv": [9, 13, 8, 12], "texture": "#2"},
				"down": {"uv": [0, 0, 8, 10], "texture": "#2"}
			}
		},
		{
			"from": [12.5, 6.1, -2.5],
			"to": [13, 7.1, -1],
			"rotation": {"angle": -45, "axis": "y", "origin": [0, 3, 0]},
			"faces": {
				"north": {"uv": [5, 1, 7, 4], "texture": "#2"},
				"east": {"uv": [0, 0, 16, 14], "texture": "#2"},
				"south": {"uv": [5, 1, 7, 4], "texture": "#2"},
				"west": {"uv": [5, 12, 12, 15], "texture": "#2"},
				"up": {"uv": [9, 13, 8, 12], "texture": "#2"},
				"down": {"uv": [0, 0, 8, 10], "texture": "#2"}
			}
		},
		{
			"from": [9.5, 6.1, 9],
			"to": [11, 7.1, 9.5],
			"rotation": {"angle": 0, "axis": "y", "origin": [0, 3, 0]},
			"faces": {
				"north": {"uv": [0, 0, 16, 14], "texture": "#2"},
				"east": {"uv": [5, 1, 7, 4], "texture": "#2"},
				"south": {"uv": [5, 12, 12, 15], "texture": "#2"},
				"west": {"uv": [5, 1, 7, 4], "texture": "#2"},
				"up": {"uv": [9, 13, 8, 12], "rotation": 270, "texture": "#2"},
				"down": {"uv": [0, 0, 8, 10], "rotation": 90, "texture": "#2"}
			}
		}
	],
	"display": {
		"gui": {
			"rotation": [12, 8, 0],
			"translation": [0, 1, 0],
			"scale": [1.5, 1.5, 1.5]
		},
		"fixed": {
			"rotation": [0, 180, 0]
		}
	}
}