{
	"credit": "Made with Blockbench",
	"textures": {
		"1": "block/dark_oak_log",
		"3": "block/white_concrete_powder",
		"5": "block/light_gray_wool",
		"particle": "block/light_gray_wool"
	},
	"elements": [
		{
			"from": [3, 2, 0],
			"to": [14, 11, 16],
			"faces": {
				"north": {"uv": [0, 0, 12, 9], "texture": "#5"},
				"east": {"uv": [0, 0, 16, 9], "texture": "#5"},
				"south": {"uv": [0, 0, 12, 9], "texture": "#5"},
				"west": {"uv": [0, 0, 16, 9], "texture": "#5"},
				"up": {"uv": [0, 0, 11, 16], "texture": "#3"},
				"down": {"uv": [0, 0, 12, 16], "texture": "#5"}
			}
		},
		{
			"from": [0, 2, 0],
			"to": [3, 10.5, 16],
			"faces": {
				"north": {"uv": [0, 0, 12, 9], "texture": "#5"},
				"east": {"uv": [0, 0, 16, 9], "texture": "#5"},
				"south": {"uv": [0, 0, 12, 9], "texture": "#5"},
				"west": {"uv": [0, 0, 16, 9], "texture": "#5"},
				"up": {"uv": [0, 0, 3, 14], "texture": "#5"},
				"down": {"uv": [0, 0, 12, 16], "texture": "#5"}
			}
		},
		{
			"from": [1, 0, 1],
			"to": [3, 2, 3],
			"faces": {
				"north": {"uv": [0, 0, 2, 2], "texture": "#1"},
				"east": {"uv": [0, 0, 2, 2], "texture": "#1"},
				"south": {"uv": [0, 0, 2, 2], "texture": "#1"},
				"west": {"uv": [0, 0, 2, 2], "texture": "#1"},
				"up": {"uv": [0, 0, 2, 2], "texture": "#1"},
				"down": {"uv": [0, 0, 2, 2], "texture": "#1"}
			}
		},
		{
			"from": [1, 0, 13],
			"to": [3, 2, 15],
			"faces": {
				"north": {"uv": [0, 0, 2, 2], "texture": "#1"},
				"east": {"uv": [0, 0, 2, 2], "texture": "#1"},
				"south": {"uv": [0, 0, 2, 2], "texture": "#1"},
				"west": {"uv": [0, 0, 2, 2], "texture": "#1"},
				"up": {"uv": [0, 0, 2, 2], "texture": "#1"},
				"down": {"uv": [0, 0, 2, 2], "texture": "#1"}
			}
		},
		{
			"from": [12, 0, 13],
			"to": [14, 2, 15],
			"faces": {
				"north": {"uv": [0, 0, 2, 2], "texture": "#1"},
				"east": {"uv": [0, 0, 2, 2], "texture": "#1"},
				"south": {"uv": [0, 0, 2, 2], "texture": "#1"},
				"west": {"uv": [0, 0, 2, 2], "texture": "#1"},
				"up": {"uv": [0, 0, 2, 2], "texture": "#1"},
				"down": {"uv": [0, 0, 2, 2], "texture": "#1"}
			}
		},
		{
			"from": [12, 0, 1],
			"to": [14, 2, 3],
			"faces": {
				"north": {"uv": [0, 0, 2, 2], "texture": "#1"},
				"east": {"uv": [0, 0, 2, 2], "texture": "#1"},
				"south": {"uv": [0, 0, 2, 2], "texture": "#1"},
				"west": {"uv": [0, 0, 2, 2], "texture": "#1"},
				"up": {"uv": [0, 0, 2, 2], "texture": "#1"},
				"down": {"uv": [0, 0, 2, 2], "texture": "#1"}
			}
		},
		{
			"from": [12.5, 10.75, 0.5],
			"to": [15.5, 14.75, 15.5],
			"rotation": {"angle": 0, "axis": "y", "origin": [0, 0, 16]},
			"faces": {
				"north": {"uv": [6, 8, 1, 11], "texture": "#5"},
				"east": {"uv": [5, 0, 0, 3], "texture": "#5"},
				"south": {"uv": [5, 0, 0, 3], "texture": "#5"},
				"west": {"uv": [4, 0, 0, 3], "texture": "#5"},
				"up": {"uv": [0, 1, 2, 0], "texture": "#5"},
				"down": {"uv": [0, 1, 2, 0], "texture": "#5"}
			}
		},
		{
			"from": [0.75, 10.75, 14.5],
			"to": [15.75, 16.75, 17.5],
			"rotation": {"angle": 0, "axis": "y", "origin": [0, 0, 16]},
			"faces": {
				"north": {"uv": [6, 8, 1, 11], "texture": "#5"},
				"east": {"uv": [5, 0, 0, 3], "texture": "#5"},
				"south": {"uv": [5, 0, 0, 3], "texture": "#5"},
				"west": {"uv": [4, 0, 0, 3], "texture": "#5"},
				"up": {"uv": [0, 1, 2, 0], "texture": "#5"},
				"down": {"uv": [0, 1, 2, 0], "texture": "#5"}
			}
		},
		{
			"from": [0.75, 11.75, 17.5],
			"to": [15.75, 15.75, 18.5],
			"rotation": {"angle": 0, "axis": "y", "origin": [0, 0, 16]},
			"faces": {
				"north": {"uv": [6, 8, 1, 11], "texture": "#5"},
				"east": {"uv": [5, 0, 0, 3], "texture": "#5"},
				"south": {"uv": [5, 0, 0, 3], "texture": "#5"},
				"west": {"uv": [4, 0, 0, 3], "texture": "#5"},
				"up": {"uv": [0, 1, 2, 0], "texture": "#5"},
				"down": {"uv": [0, 1, 2, 0], "texture": "#5"}
			}
		},
		{
			"from": [0.75, 10.75, -1.5],
			"to": [15.75, 16.75, 1.5],
			"faces": {
				"north": {"uv": [0, 0, 5, 3], "texture": "#5"},
				"east": {"uv": [0, 0, 5, 3], "texture": "#5"},
				"south": {"uv": [1, 8, 6, 11], "texture": "#5"},
				"west": {"uv": [0, 0, 4, 3], "texture": "#5"},
				"up": {"uv": [0, 0, 2, 1], "texture": "#5"},
				"down": {"uv": [0, 0, 2, 1], "texture": "#5"}
			}
		},
		{
			"from": [0.75, 11.75, -2.5],
			"to": [15.75, 15.75, -1.5],
			"faces": {
				"north": {"uv": [0, 0, 5, 3], "texture": "#5"},
				"east": {"uv": [0, 0, 5, 3], "texture": "#5"},
				"south": {"uv": [1, 8, 6, 11], "texture": "#5"},
				"west": {"uv": [0, 0, 4, 3], "texture": "#5"},
				"up": {"uv": [0, 0, 2, 1], "texture": "#5"},
				"down": {"uv": [0, 0, 2, 1], "texture": "#5"}
			}
		},
		{
			"from": [13, 14.75, 0.5],
			"to": [16, 17.75, 15.5],
			"rotation": {"angle": 0, "axis": "y", "origin": [0, 0, 16]},
			"faces": {
				"north": {"uv": [6, 8, 1, 11], "texture": "#5"},
				"east": {"uv": [5, 0, 0, 3], "texture": "#5"},
				"south": {"uv": [5, 0, 0, 3], "texture": "#5"},
				"west": {"uv": [4, 0, 0, 3], "texture": "#5"},
				"up": {"uv": [0, 1, 2, 0], "texture": "#5"},
				"down": {"uv": [0, 1, 2, 0], "texture": "#5"}
			}
		},
		{
			"from": [13.5, 17.75, 0.5],
			"to": [16.5, 20.75, 15.5],
			"rotation": {"angle": 0, "axis": "y", "origin": [0, 0, 16]},
			"faces": {
				"north": {"uv": [6, 8, 1, 11], "texture": "#5"},
				"east": {"uv": [5, 0, 0, 3], "texture": "#5"},
				"south": {"uv": [5, 0, 0, 3], "texture": "#5"},
				"west": {"uv": [4, 0, 0, 3], "texture": "#5"},
				"up": {"uv": [0, 1, 2, 0], "texture": "#5"},
				"down": {"uv": [0, 1, 2, 0], "texture": "#5"}
			}
		},
		{
			"from": [14, 20.75, 0.5],
			"to": [17, 23.75, 15.5],
			"rotation": {"angle": 0, "axis": "y", "origin": [0, 0, 16]},
			"faces": {
				"north": {"uv": [6, 8, 1, 11], "texture": "#5"},
				"east": {"uv": [5, 0, 0, 3], "texture": "#5"},
				"south": {"uv": [5, 0, 0, 3], "texture": "#5"},
				"west": {"uv": [4, 0, 0, 3], "texture": "#5"},
				"up": {"uv": [0, 1, 2, 0], "texture": "#5"},
				"down": {"uv": [0, 1, 2, 0], "texture": "#5"}
			}
		}
	],
	"display": {
		"thirdperson_righthand": {
			"scale": [0.75, 0.75, 0.75]
		},
		"firstperson_righthand": {
			"scale": [0.7, 0.7, 0.7]
		},
		"firstperson_lefthand": {
			"scale": [0.7, 0.7, 0.7]
		},
		"ground": {
			"scale": [0.5, 0.5, 0.5]
		},
		"gui": {
			"rotation": [7, -24, 0],
			"translation": [0, -3, 0],
			"scale": [0.5, 0.5, 0.5]
		},
		"fixed": {
			"rotation": [-90, 0, 0],
			"translation": [0, 0, -14],
			"scale": [2, 2, 2]
		}
	}
}