{
    "parent": "item/handheld",
    "textures": {
        "layer0": "item/arrow"
    },
        "overrides": [
						{ "predicate": { "custom_model_data": 1}, "model": "item/ammo"},
						{ "predicate": { "custom_model_data": 2}, "model": "item/cassa"},
						{ "predicate": { "custom_model_data": 3}, "model": "item/trailer3"},
						{ "predicate": { "custom_model_data": 4}, "model": "item/telephone"},
						{ "predicate": { "custom_model_data": 5}, "model": "item/comp1"},
						{ "predicate": { "custom_model_data": 6}, "model": "item/comp2"},
						{ "predicate": { "custom_model_data": 7}, "model": "item/comp3"},
						{ "predicate": { "custom_model_data": 8}, "model": "item/pencil"},
						{ "predicate": { "custom_model_data": 9}, "model": "item/sled"},
						{ "predicate": { "custom_model_data": 10}, "model": "item/cleanbucket"},
						{ "predicate": { "custom_model_data": 11}, "model": "item/trashbag"},
						{ "predicate": { "custom_model_data": 12}, "model": "item/2"},
						{ "predicate": { "custom_model_data": 13}, "model": "item/demosign1"},
						{ "predicate": { "custom_model_data": 14}, "model": "item/demosign2"},
						{ "predicate": { "custom_model_data": 15}, "model": "item/demosign3"},
						{ "predicate": { "custom_model_data": 16}, "model": "item/credits"}
        ]
}