{
	"credit": "Made with Blockbench",
	"textures": {
		"0": "block/red_concrete",
		"1": "block/gray_wool",
		"particle": "block/red_concrete"
	},
	"elements": [
		{
			"from": [1, 0, 0],
			"to": [1.5, 0.5, 13],
			"rotation": {"angle": 0, "axis": "y", "origin": [1, 0, 0]},
			"faces": {
				"north": {"uv": [0, 0, 0.5, 0.5], "texture": "#0"},
				"east": {"uv": [0, 0, 13, 0.5], "texture": "#0"},
				"south": {"uv": [0, 0, 0.5, 0.5], "texture": "#0"},
				"west": {"uv": [0, 0, 13, 0.5], "texture": "#0"},
				"up": {"uv": [0, 0, 0.5, 13], "texture": "#0"},
				"down": {"uv": [0, 0, 0.5, 13], "texture": "#0"}
			}
		},
		{
			"from": [1, 0.5, 3],
			"to": [1.5, 5, 10.5],
			"rotation": {"angle": 0, "axis": "y", "origin": [1, 0, 0]},
			"faces": {
				"north": {"uv": [0, 0, 0.5, 4.5], "texture": "#0"},
				"east": {"uv": [0, 0, 7.5, 4.5], "texture": "#0"},
				"south": {"uv": [0, 0, 0.5, 4.5], "texture": "#0"},
				"west": {"uv": [0, 0, 7.5, 4.5], "texture": "#0"},
				"up": {"uv": [0, 0, 0.5, 7.5], "texture": "#0"},
				"down": {"uv": [0, 0, 0.5, 7.5], "texture": "#0"}
			}
		},
		{
			"from": [0.75, 6.5, 6],
			"to": [1.5, 11, 6.75],
			"rotation": {"angle": 0, "axis": "y", "origin": [1, 0, 0]},
			"faces": {
				"north": {"uv": [0, 0, 0.75, 4.5], "texture": "#1"},
				"east": {"uv": [0, 0, 0.75, 4.5], "texture": "#1"},
				"south": {"uv": [0, 0, 0.75, 4.5], "texture": "#1"},
				"west": {"uv": [0, 0, 0.75, 4.5], "texture": "#1"},
				"up": {"uv": [0, 0, 0.75, 0.75], "texture": "#1"},
				"down": {"uv": [0, 0, 0.75, 0.75], "texture": "#1"}
			}
		},
		{
			"from": [1.25, 10.5, 6],
			"to": [3.25, 11.25, 6.75],
			"rotation": {"angle": 0, "axis": "y", "origin": [1, 0, 0]},
			"faces": {
				"north": {"uv": [0, 0, 2, 0.75], "texture": "#1"},
				"east": {"uv": [0, 0, 0.75, 0.75], "texture": "#1"},
				"south": {"uv": [0, 0, 2, 0.75], "texture": "#1"},
				"west": {"uv": [0, 0, 0.75, 0.75], "texture": "#1"},
				"up": {"uv": [0, 0, 2, 0.75], "texture": "#1"},
				"down": {"uv": [0, 0, 2, 0.75], "texture": "#1"}
			}
		},
		{
			"from": [6.25, 10.5, 6],
			"to": [8.25, 11.25, 6.75],
			"rotation": {"angle": 0, "axis": "y", "origin": [17, 0, 0]},
			"faces": {
				"north": {"uv": [2, 0, 4, 0.75], "texture": "#1"},
				"east": {"uv": [0.75, 0, 1.5, 0.75], "texture": "#1"},
				"south": {"uv": [2, 0, 4, 0.75], "texture": "#1"},
				"west": {"uv": [0.75, 0, 1.5, 0.75], "texture": "#1"},
				"up": {"uv": [2, 0, 4, 0.75], "texture": "#1"},
				"down": {"uv": [2, 0, 4, 0.75], "texture": "#1"}
			}
		},
		{
			"from": [8, 6.5, 6],
			"to": [8.75, 11, 6.75],
			"rotation": {"angle": 0, "axis": "y", "origin": [17, 0, 0]},
			"faces": {
				"north": {"uv": [0.75, 0, 1.5, 4.5], "texture": "#1"},
				"east": {"uv": [0.75, 0, 1.5, 4.5], "texture": "#1"},
				"south": {"uv": [0.75, 0, 1.5, 4.5], "texture": "#1"},
				"west": {"uv": [0.75, 0, 1.5, 4.5], "texture": "#1"},
				"up": {"uv": [0.75, 0, 1.5, 0.75], "texture": "#1"},
				"down": {"uv": [0.75, 0, 1.5, 0.75], "texture": "#1"}
			}
		},
		{
			"from": [2.75, 11, 6],
			"to": [6.75, 11.75, 6.75],
			"rotation": {"angle": 0, "axis": "y", "origin": [1, 0, 0]},
			"faces": {
				"north": {"uv": [0, 0, 4, 0.75], "texture": "#1"},
				"east": {"uv": [0, 0, 0.75, 0.75], "texture": "#1"},
				"south": {"uv": [0, 0, 4, 0.75], "texture": "#1"},
				"west": {"uv": [0, 0, 0.75, 0.75], "texture": "#1"},
				"up": {"uv": [0, 0, 4, 0.75], "texture": "#1"},
				"down": {"uv": [0, 0, 4, 0.75], "texture": "#1"}
			}
		},
		{
			"from": [1, 1, 0],
			"to": [1.5, 1.5, 13],
			"rotation": {"angle": 0, "axis": "y", "origin": [1, 0, 0]},
			"faces": {
				"north": {"uv": [0, 0, 0.5, 0.5], "texture": "#0"},
				"east": {"uv": [0, 0, 13, 0.5], "texture": "#0"},
				"south": {"uv": [0, 0, 0.5, 0.5], "texture": "#0"},
				"west": {"uv": [0, 0, 13, 0.5], "texture": "#0"},
				"up": {"uv": [0, 0, 0.5, 13], "texture": "#0"},
				"down": {"uv": [0, 0, 0.5, 13], "texture": "#0"}
			}
		},
		{
			"from": [1, 2, 0],
			"to": [1.5, 2.5, 13],
			"rotation": {"angle": 0, "axis": "y", "origin": [1, 0, 0]},
			"faces": {
				"north": {"uv": [0, 0, 0.5, 0.5], "texture": "#0"},
				"east": {"uv": [0, 0, 13, 0.5], "texture": "#0"},
				"south": {"uv": [0, 0, 0.5, 0.5], "texture": "#0"},
				"west": {"uv": [0, 0, 13, 0.5], "texture": "#0"},
				"up": {"uv": [0, 0, 0.5, 13], "texture": "#0"},
				"down": {"uv": [0, 0, 0.5, 13], "texture": "#0"}
			}
		},
		{
			"from": [1, 3, 0],
			"to": [1.5, 3.5, 13.5],
			"rotation": {"angle": 0, "axis": "y", "origin": [1, 0, 0]},
			"faces": {
				"north": {"uv": [0, 0, 0.5, 0.5], "texture": "#0"},
				"east": {"uv": [0, 0, 13.5, 0.5], "texture": "#0"},
				"south": {"uv": [0, 0, 0.5, 0.5], "texture": "#0"},
				"west": {"uv": [0, 0, 13.5, 0.5], "texture": "#0"},
				"up": {"uv": [0, 0, 0.5, 13.5], "texture": "#0"},
				"down": {"uv": [0, 0, 0.5, 13.5], "texture": "#0"}
			}
		},
		{
			"from": [1, 4, -0.25],
			"to": [1.5, 4.5, 13.75],
			"rotation": {"angle": 0, "axis": "y", "origin": [1, 0, 0]},
			"faces": {
				"north": {"uv": [0, 0, 0.5, 0.5], "texture": "#0"},
				"east": {"uv": [0, 0, 14, 0.5], "texture": "#0"},
				"south": {"uv": [0, 0, 0.5, 0.5], "texture": "#0"},
				"west": {"uv": [0, 0, 14, 0.5], "texture": "#0"},
				"up": {"uv": [0, 0, 0.5, 14], "texture": "#0"},
				"down": {"uv": [0, 0, 0.5, 14], "texture": "#0"}
			}
		},
		{
			"from": [1, 5, -0.75],
			"to": [1.5, 5.5, 14.25],
			"rotation": {"angle": 0, "axis": "y", "origin": [1, 0, 0]},
			"faces": {
				"north": {"uv": [0, 0, 0.5, 0.5], "texture": "#0"},
				"east": {"uv": [0, 0, 15, 0.5], "texture": "#0"},
				"south": {"uv": [0, 0, 0.5, 0.5], "texture": "#0"},
				"west": {"uv": [0, 0, 15, 0.5], "texture": "#0"},
				"up": {"uv": [0, 0, 0.5, 15], "texture": "#0"},
				"down": {"uv": [0, 0, 0.5, 15], "texture": "#0"}
			}
		},
		{
			"from": [0.5, 6, -1.25],
			"to": [1.5, 6.75, 14.75],
			"rotation": {"angle": 0, "axis": "y", "origin": [1, 0, 0]},
			"faces": {
				"north": {"uv": [0, 0, 1, 0.75], "texture": "#0"},
				"east": {"uv": [0, 0, 16, 0.75], "texture": "#0"},
				"south": {"uv": [0, 0, 1, 0.75], "texture": "#0"},
				"west": {"uv": [0, 0, 16, 0.75], "texture": "#0"},
				"up": {"uv": [0, 0, 1, 16], "texture": "#0"},
				"down": {"uv": [0, 0, 1, 16], "texture": "#0"}
			}
		},
		{
			"from": [2, 0, 0],
			"to": [2.5, 0.5, 13],
			"rotation": {"angle": 0, "axis": "y", "origin": [1, 0, 0]},
			"faces": {
				"north": {"uv": [0, 0, 0.5, 0.5], "texture": "#0"},
				"east": {"uv": [0, 0, 13, 0.5], "texture": "#0"},
				"south": {"uv": [0, 0, 0.5, 0.5], "texture": "#0"},
				"west": {"uv": [0, 0, 13, 0.5], "texture": "#0"},
				"up": {"uv": [0, 0, 0.5, 13], "texture": "#0"},
				"down": {"uv": [0, 0, 0.5, 13], "texture": "#0"}
			}
		},
		{
			"from": [3, 0, 0],
			"to": [3.5, 0.5, 13],
			"rotation": {"angle": 0, "axis": "y", "origin": [1, 0, 0]},
			"faces": {
				"north": {"uv": [0, 0, 0.5, 0.5], "texture": "#0"},
				"east": {"uv": [0, 0, 13, 0.5], "texture": "#0"},
				"south": {"uv": [0, 0, 0.5, 0.5], "texture": "#0"},
				"west": {"uv": [0, 0, 13, 0.5], "texture": "#0"},
				"up": {"uv": [0, 0, 0.5, 13], "texture": "#0"},
				"down": {"uv": [0, 0, 0.5, 13], "texture": "#0"}
			}
		},
		{
			"from": [4, 0, 0],
			"to": [4.5, 0.5, 13],
			"rotation": {"angle": 0, "axis": "y", "origin": [1, 0, 0]},
			"faces": {
				"north": {"uv": [0, 0, 0.5, 0.5], "texture": "#0"},
				"east": {"uv": [0, 0, 13, 0.5], "texture": "#0"},
				"south": {"uv": [0, 0, 0.5, 0.5], "texture": "#0"},
				"west": {"uv": [0, 0, 13, 0.5], "texture": "#0"},
				"up": {"uv": [0, 0, 0.5, 13], "texture": "#0"},
				"down": {"uv": [0, 0, 0.5, 13], "texture": "#0"}
			}
		},
		{
			"from": [5, 0, 0],
			"to": [5.5, 0.5, 13],
			"rotation": {"angle": 0, "axis": "y", "origin": [1, 0, 0]},
			"faces": {
				"north": {"uv": [0, 0, 0.5, 0.5], "texture": "#0"},
				"east": {"uv": [0, 0, 13, 0.5], "texture": "#0"},
				"south": {"uv": [0, 0, 0.5, 0.5], "texture": "#0"},
				"west": {"uv": [0, 0, 13, 0.5], "texture": "#0"},
				"up": {"uv": [0, 0, 0.5, 13], "texture": "#0"},
				"down": {"uv": [0, 0, 0.5, 13], "texture": "#0"}
			}
		},
		{
			"from": [5, 0, 0],
			"to": [5.5, 0.5, 13],
			"rotation": {"angle": 0, "axis": "y", "origin": [1, 0, 0]},
			"faces": {
				"north": {"uv": [0, 0, 0.5, 0.5], "texture": "#0"},
				"east": {"uv": [0, 0, 13, 0.5], "texture": "#0"},
				"south": {"uv": [0, 0, 0.5, 0.5], "texture": "#0"},
				"west": {"uv": [0, 0, 13, 0.5], "texture": "#0"},
				"up": {"uv": [0, 0, 0.5, 13], "texture": "#0"},
				"down": {"uv": [0, 0, 0.5, 13], "texture": "#0"}
			}
		},
		{
			"from": [8, 0, 0],
			"to": [8.5, 0.5, 13],
			"rotation": {"angle": 0, "axis": "y", "origin": [1, 0, 0]},
			"faces": {
				"north": {"uv": [0, 0, 0.5, 0.5], "texture": "#0"},
				"east": {"uv": [0, 0, 13, 0.5], "texture": "#0"},
				"south": {"uv": [0, 0, 0.5, 0.5], "texture": "#0"},
				"west": {"uv": [0, 0, 13, 0.5], "texture": "#0"},
				"up": {"uv": [0, 0, 0.5, 13], "texture": "#0"},
				"down": {"uv": [0, 0, 0.5, 13], "texture": "#0"}
			}
		},
		{
			"from": [1, 0, 0],
			"to": [2, 3, 0.5],
			"rotation": {"angle": 0, "axis": "y", "origin": [1, 0, 0]},
			"faces": {
				"north": {"uv": [0, 0, 1, 3], "texture": "#0"},
				"east": {"uv": [0, 0, 0.5, 3], "texture": "#0"},
				"south": {"uv": [0, 0, 1, 3], "texture": "#0"},
				"west": {"uv": [0, 0, 0.5, 3], "texture": "#0"},
				"up": {"uv": [0, 0, 1, 0.5], "texture": "#0"},
				"down": {"uv": [0, 0, 1, 0.5], "texture": "#0"}
			}
		},
		{
			"from": [1, 0.5, 1],
			"to": [1.5, 6, 1.5],
			"rotation": {"angle": 0, "axis": "y", "origin": [1, 0, 0]},
			"faces": {
				"north": {"uv": [0, 0, 0.5, 5.5], "texture": "#0"},
				"east": {"uv": [0, 0, 0.5, 5.5], "texture": "#0"},
				"south": {"uv": [0, 0, 0.5, 5.5], "texture": "#0"},
				"west": {"uv": [0, 0, 0.5, 5.5], "texture": "#0"},
				"up": {"uv": [0, 0, 0.5, 0.5], "texture": "#0"},
				"down": {"uv": [0, 0, 0.5, 0.5], "texture": "#0"}
			}
		},
		{
			"from": [1.5, 0, 1],
			"to": [8, 0.5, 1.5],
			"rotation": {"angle": 0, "axis": "y", "origin": [1, 0, 0]},
			"faces": {
				"north": {"uv": [0, 0, 6.5, 0.5], "texture": "#0"},
				"east": {"uv": [0, 0, 0.5, 0.5], "texture": "#0"},
				"south": {"uv": [0, 0, 6.5, 0.5], "texture": "#0"},
				"west": {"uv": [0, 0, 0.5, 0.5], "texture": "#0"},
				"up": {"uv": [0, 0, 6.5, 0.5], "texture": "#0"},
				"down": {"uv": [0, 0, 6.5, 0.5], "texture": "#0"}
			}
		},
		{
			"from": [1.5, 0, 2],
			"to": [8, 0.5, 2.5],
			"rotation": {"angle": 0, "axis": "y", "origin": [1, 0, 0]},
			"faces": {
				"north": {"uv": [0, 0, 6.5, 0.5], "texture": "#0"},
				"east": {"uv": [0, 0, 0.5, 0.5], "texture": "#0"},
				"south": {"uv": [0, 0, 6.5, 0.5], "texture": "#0"},
				"west": {"uv": [0, 0, 0.5, 0.5], "texture": "#0"},
				"up": {"uv": [0, 0, 6.5, 0.5], "texture": "#0"},
				"down": {"uv": [0, 0, 6.5, 0.5], "texture": "#0"}
			}
		},
		{
			"from": [1.5, 0, 3],
			"to": [8, 0.5, 3.5],
			"rotation": {"angle": 0, "axis": "y", "origin": [1, 0, 0]},
			"faces": {
				"north": {"uv": [0, 0, 6.5, 0.5], "texture": "#0"},
				"east": {"uv": [0, 0, 0.5, 0.5], "texture": "#0"},
				"south": {"uv": [0, 0, 6.5, 0.5], "texture": "#0"},
				"west": {"uv": [0, 0, 0.5, 0.5], "texture": "#0"},
				"up": {"uv": [0, 0, 6.5, 0.5], "texture": "#0"},
				"down": {"uv": [0, 0, 6.5, 0.5], "texture": "#0"}
			}
		},
		{
			"from": [1.5, 0, 4],
			"to": [8, 0.5, 4.5],
			"rotation": {"angle": 0, "axis": "y", "origin": [1, 0, 0]},
			"faces": {
				"north": {"uv": [0, 0, 6.5, 0.5], "texture": "#0"},
				"east": {"uv": [0, 0, 0.5, 0.5], "texture": "#0"},
				"south": {"uv": [0, 0, 6.5, 0.5], "texture": "#0"},
				"west": {"uv": [0, 0, 0.5, 0.5], "texture": "#0"},
				"up": {"uv": [0, 0, 6.5, 0.5], "texture": "#0"},
				"down": {"uv": [0, 0, 6.5, 0.5], "texture": "#0"}
			}
		},
		{
			"from": [1.5, 0, 5],
			"to": [8, 0.5, 5.5],
			"rotation": {"angle": 0, "axis": "y", "origin": [1, 0, 0]},
			"faces": {
				"north": {"uv": [0, 0, 6.5, 0.5], "texture": "#0"},
				"east": {"uv": [0, 0, 0.5, 0.5], "texture": "#0"},
				"south": {"uv": [0, 0, 6.5, 0.5], "texture": "#0"},
				"west": {"uv": [0, 0, 0.5, 0.5], "texture": "#0"},
				"up": {"uv": [0, 0, 6.5, 0.5], "texture": "#0"},
				"down": {"uv": [0, 0, 6.5, 0.5], "texture": "#0"}
			}
		},
		{
			"from": [1.5, 0, 11],
			"to": [8, 0.5, 11.5],
			"rotation": {"angle": 0, "axis": "y", "origin": [1, 0, 0]},
			"faces": {
				"north": {"uv": [0, 0, 6.5, 0.5], "texture": "#0"},
				"east": {"uv": [0, 0, 0.5, 0.5], "texture": "#0"},
				"south": {"uv": [0, 0, 6.5, 0.5], "texture": "#0"},
				"west": {"uv": [0, 0, 0.5, 0.5], "texture": "#0"},
				"up": {"uv": [0, 0, 6.5, 0.5], "texture": "#0"},
				"down": {"uv": [0, 0, 6.5, 0.5], "texture": "#0"}
			}
		},
		{
			"from": [1.5, 0, 12],
			"to": [8, 0.5, 12.5],
			"rotation": {"angle": 0, "axis": "y", "origin": [1, 0, 0]},
			"faces": {
				"north": {"uv": [0, 0, 6.5, 0.5], "texture": "#0"},
				"east": {"uv": [0, 0, 0.5, 0.5], "texture": "#0"},
				"south": {"uv": [0, 0, 6.5, 0.5], "texture": "#0"},
				"west": {"uv": [0, 0, 0.5, 0.5], "texture": "#0"},
				"up": {"uv": [0, 0, 6.5, 0.5], "texture": "#0"},
				"down": {"uv": [0, 0, 6.5, 0.5], "texture": "#0"}
			}
		},
		{
			"from": [1.5, 0, 13],
			"to": [8, 2, 13.5],
			"rotation": {"angle": 0, "axis": "y", "origin": [1, 0, 0]},
			"faces": {
				"north": {"uv": [0, 0, 6.5, 2], "texture": "#0"},
				"east": {"uv": [0, 0, 0.5, 2], "texture": "#0"},
				"south": {"uv": [0, 0, 6.5, 2], "texture": "#0"},
				"west": {"uv": [0, 0, 0.5, 2], "texture": "#0"},
				"up": {"uv": [0, 0, 6.5, 0.5], "texture": "#0"},
				"down": {"uv": [0, 0, 6.5, 0.5], "texture": "#0"}
			}
		},
		{
			"from": [1.5, 0, 0],
			"to": [8, 2, 0.5],
			"rotation": {"angle": 0, "axis": "y", "origin": [1, 0, 0]},
			"faces": {
				"north": {"uv": [0, 0, 6.5, 2], "texture": "#0"},
				"east": {"uv": [0, 0, 0.5, 2], "texture": "#0"},
				"south": {"uv": [0, 0, 6.5, 2], "texture": "#0"},
				"west": {"uv": [0, 0, 0.5, 2], "texture": "#0"},
				"up": {"uv": [0, 0, 6.5, 0.5], "texture": "#0"},
				"down": {"uv": [0, 0, 6.5, 0.5], "texture": "#0"}
			}
		},
		{
			"from": [1.5, 2, 0],
			"to": [8, 2.5, 0.5],
			"rotation": {"angle": 0, "axis": "y", "origin": [1, 0, 0]},
			"faces": {
				"north": {"uv": [0, 0, 6.5, 0.5], "texture": "#0"},
				"east": {"uv": [0, 0, 0.5, 0.5], "texture": "#0"},
				"south": {"uv": [0, 0, 6.5, 0.5], "texture": "#0"},
				"west": {"uv": [0, 0, 0.5, 0.5], "texture": "#0"},
				"up": {"uv": [0, 0, 6.5, 0.5], "texture": "#0"},
				"down": {"uv": [0, 0, 6.5, 0.5], "texture": "#0"}
			}
		},
		{
			"from": [2.5, 2, 0],
			"to": [3, 3.25, 0.5],
			"rotation": {"angle": 0, "axis": "y", "origin": [1, 0, 0]},
			"faces": {
				"north": {"uv": [0, 0, 0.5, 1.25], "texture": "#0"},
				"east": {"uv": [0, 0, 0.5, 1.25], "texture": "#0"},
				"south": {"uv": [0, 0, 0.5, 1.25], "texture": "#0"},
				"west": {"uv": [0, 0, 0.5, 1.25], "texture": "#0"},
				"up": {"uv": [0, 0, 0.5, 0.5], "texture": "#0"},
				"down": {"uv": [0, 0, 0.5, 0.5], "texture": "#0"}
			}
		},
		{
			"from": [2.5, 2.75, 1.1],
			"to": [3, 5.75, 1.6],
			"rotation": {"angle": -22.5, "axis": "x", "origin": [1, 0, 0]},
			"faces": {
				"north": {"uv": [0, 0, 0.5, 3], "texture": "#0"},
				"east": {"uv": [0, 0, 0.5, 3], "texture": "#0"},
				"south": {"uv": [0, 0, 0.5, 3], "texture": "#0"},
				"west": {"uv": [0, 0, 0.5, 3], "texture": "#0"},
				"up": {"uv": [0, 0, 0.5, 0.5], "texture": "#0"},
				"down": {"uv": [0, 0, 0.5, 0.5], "texture": "#0"}
			}
		},
		{
			"from": [3.5, 2.75, 1.1],
			"to": [4, 5.75, 1.6],
			"rotation": {"angle": -22.5, "axis": "x", "origin": [2, 0, 0]},
			"faces": {
				"north": {"uv": [0, 0, 0.5, 3], "texture": "#0"},
				"east": {"uv": [0, 0, 0.5, 3], "texture": "#0"},
				"south": {"uv": [0, 0, 0.5, 3], "texture": "#0"},
				"west": {"uv": [0, 0, 0.5, 3], "texture": "#0"},
				"up": {"uv": [0, 0, 0.5, 0.5], "texture": "#0"},
				"down": {"uv": [0, 0, 0.5, 0.5], "texture": "#0"}
			}
		},
		{
			"from": [3.5, 2, 0],
			"to": [4, 3.25, 0.5],
			"rotation": {"angle": 0, "axis": "y", "origin": [2, 0, 0]},
			"faces": {
				"north": {"uv": [0, 0, 0.5, 1.25], "texture": "#0"},
				"east": {"uv": [0, 0, 0.5, 1.25], "texture": "#0"},
				"south": {"uv": [0, 0, 0.5, 1.25], "texture": "#0"},
				"west": {"uv": [0, 0, 0.5, 1.25], "texture": "#0"},
				"up": {"uv": [0, 0, 0.5, 0.5], "texture": "#0"},
				"down": {"uv": [0, 0, 0.5, 0.5], "texture": "#0"}
			}
		},
		{
			"from": [4.5, 2.75, 1.1],
			"to": [5.5, 5.75, 1.6],
			"rotation": {"angle": -22.5, "axis": "x", "origin": [3, 0, 0]},
			"faces": {
				"north": {"uv": [0, 0, 1, 3], "texture": "#0"},
				"east": {"uv": [0, 0, 0.5, 3], "texture": "#0"},
				"south": {"uv": [0, 0, 1, 3], "texture": "#0"},
				"west": {"uv": [0, 0, 0.5, 3], "texture": "#0"},
				"up": {"uv": [0, 0, 1, 0.5], "texture": "#0"},
				"down": {"uv": [0, 0, 1, 0.5], "texture": "#0"}
			}
		},
		{
			"from": [4.5, 2, 0],
			"to": [5.5, 3.25, 0.5],
			"rotation": {"angle": 0, "axis": "y", "origin": [3, 0, 0]},
			"faces": {
				"north": {"uv": [0, 0, 1, 1.25], "texture": "#0"},
				"east": {"uv": [0, 0, 0.5, 1.25], "texture": "#0"},
				"south": {"uv": [0, 0, 1, 1.25], "texture": "#0"},
				"west": {"uv": [0, 0, 0.5, 1.25], "texture": "#0"},
				"up": {"uv": [0, 0, 1, 0.5], "texture": "#0"},
				"down": {"uv": [0, 0, 1, 0.5], "texture": "#0"}
			}
		},
		{
			"from": [6, 2.75, 1.1],
			"to": [6.5, 5.75, 1.6],
			"rotation": {"angle": -22.5, "axis": "x", "origin": [4.5, 0, 0]},
			"faces": {
				"north": {"uv": [0, 0, 0.5, 3], "texture": "#0"},
				"east": {"uv": [0, 0, 0.5, 3], "texture": "#0"},
				"south": {"uv": [0, 0, 0.5, 3], "texture": "#0"},
				"west": {"uv": [0, 0, 0.5, 3], "texture": "#0"},
				"up": {"uv": [0, 0, 0.5, 0.5], "texture": "#0"},
				"down": {"uv": [0, 0, 0.5, 0.5], "texture": "#0"}
			}
		},
		{
			"from": [6, 2, 0],
			"to": [6.5, 3.25, 0.5],
			"rotation": {"angle": 0, "axis": "y", "origin": [4.5, 0, 0]},
			"faces": {
				"north": {"uv": [0, 0, 0.5, 1.25], "texture": "#0"},
				"east": {"uv": [0, 0, 0.5, 1.25], "texture": "#0"},
				"south": {"uv": [0, 0, 0.5, 1.25], "texture": "#0"},
				"west": {"uv": [0, 0, 0.5, 1.25], "texture": "#0"},
				"up": {"uv": [0, 0, 0.5, 0.5], "texture": "#0"},
				"down": {"uv": [0, 0, 0.5, 0.5], "texture": "#0"}
			}
		},
		{
			"from": [7, 2.75, 1.1],
			"to": [7.5, 5.75, 1.6],
			"rotation": {"angle": -22.5, "axis": "x", "origin": [5.5, 0, 0]},
			"faces": {
				"north": {"uv": [0, 0, 0.5, 3], "texture": "#0"},
				"east": {"uv": [0, 0, 0.5, 3], "texture": "#0"},
				"south": {"uv": [0, 0, 0.5, 3], "texture": "#0"},
				"west": {"uv": [0, 0, 0.5, 3], "texture": "#0"},
				"up": {"uv": [0, 0, 0.5, 0.5], "texture": "#0"},
				"down": {"uv": [0, 0, 0.5, 0.5], "texture": "#0"}
			}
		},
		{
			"from": [7, 2, 0],
			"to": [7.5, 3.25, 0.5],
			"rotation": {"angle": 0, "axis": "y", "origin": [5.5, 0, 0]},
			"faces": {
				"north": {"uv": [0, 0, 0.5, 1.25], "texture": "#0"},
				"east": {"uv": [0, 0, 0.5, 1.25], "texture": "#0"},
				"south": {"uv": [0, 0, 0.5, 1.25], "texture": "#0"},
				"west": {"uv": [0, 0, 0.5, 1.25], "texture": "#0"},
				"up": {"uv": [0, 0, 0.5, 0.5], "texture": "#0"},
				"down": {"uv": [0, 0, 0.5, 0.5], "texture": "#0"}
			}
		},
		{
			"from": [8, 2.75, 1.1],
			"to": [8.5, 5.75, 1.6],
			"rotation": {"angle": -22.5, "axis": "x", "origin": [6.5, 0, 0]},
			"faces": {
				"north": {"uv": [0, 0, 0.5, 3], "texture": "#0"},
				"east": {"uv": [0, 0, 0.5, 3], "texture": "#0"},
				"south": {"uv": [0, 0, 0.5, 3], "texture": "#0"},
				"west": {"uv": [0, 0, 0.5, 3], "texture": "#0"},
				"up": {"uv": [0, 0, 0.5, 0.5], "texture": "#0"},
				"down": {"uv": [0, 0, 0.5, 0.5], "texture": "#0"}
			}
		},
		{
			"from": [8, 2, 0],
			"to": [8.5, 3.25, 0.5],
			"rotation": {"angle": 0, "axis": "y", "origin": [6.5, 0, 0]},
			"faces": {
				"north": {"uv": [0, 0, 0.5, 1.25], "texture": "#0"},
				"east": {"uv": [0, 0, 0.5, 1.25], "texture": "#0"},
				"south": {"uv": [0, 0, 0.5, 1.25], "texture": "#0"},
				"west": {"uv": [0, 0, 0.5, 1.25], "texture": "#0"},
				"up": {"uv": [0, 0, 0.5, 0.5], "texture": "#0"},
				"down": {"uv": [0, 0, 0.5, 0.5], "texture": "#0"}
			}
		},
		{
			"from": [1.5, 3, -0.25],
			"to": [8, 3.5, 0.25],
			"rotation": {"angle": 0, "axis": "y", "origin": [1, 0, 0]},
			"faces": {
				"north": {"uv": [0, 0, 6.5, 0.5], "texture": "#0"},
				"east": {"uv": [0, 0, 0.5, 0.5], "texture": "#0"},
				"south": {"uv": [0, 0, 6.5, 0.5], "texture": "#0"},
				"west": {"uv": [0, 0, 0.5, 0.5], "texture": "#0"},
				"up": {"uv": [0, 0, 6.5, 0.5], "texture": "#0"},
				"down": {"uv": [0, 0, 6.5, 0.5], "texture": "#0"}
			}
		},
		{
			"from": [1.5, 4, -0.75],
			"to": [8, 4.5, -0.25],
			"rotation": {"angle": 0, "axis": "y", "origin": [1, 0, 0]},
			"faces": {
				"north": {"uv": [0, 0, 6.5, 0.5], "texture": "#0"},
				"east": {"uv": [0, 0, 0.5, 0.5], "texture": "#0"},
				"south": {"uv": [0, 0, 6.5, 0.5], "texture": "#0"},
				"west": {"uv": [0, 0, 0.5, 0.5], "texture": "#0"},
				"up": {"uv": [0, 0, 6.5, 0.5], "texture": "#0"},
				"down": {"uv": [0, 0, 6.5, 0.5], "texture": "#0"}
			}
		},
		{
			"from": [1.5, 5, -1],
			"to": [8, 5.5, -0.5],
			"rotation": {"angle": 0, "axis": "y", "origin": [1, 0, 0]},
			"faces": {
				"north": {"uv": [0, 0, 6.5, 0.5], "texture": "#0"},
				"east": {"uv": [0, 0, 0.5, 0.5], "texture": "#0"},
				"south": {"uv": [0, 0, 6.5, 0.5], "texture": "#0"},
				"west": {"uv": [0, 0, 0.5, 0.5], "texture": "#0"},
				"up": {"uv": [0, 0, 6.5, 0.5], "texture": "#0"},
				"down": {"uv": [0, 0, 6.5, 0.5], "texture": "#0"}
			}
		},
		{
			"from": [1.5, 6, -1.5],
			"to": [8.5, 6.75, -0.5],
			"rotation": {"angle": 0, "axis": "y", "origin": [1, 0, 0]},
			"faces": {
				"north": {"uv": [0, 0, 7, 0.75], "texture": "#0"},
				"east": {"uv": [0, 0, 1, 0.75], "texture": "#0"},
				"south": {"uv": [0, 0, 7, 0.75], "texture": "#0"},
				"west": {"uv": [0, 0, 1, 0.75], "texture": "#0"},
				"up": {"uv": [0, 0, 7, 1], "texture": "#0"},
				"down": {"uv": [0, 0, 7, 1], "texture": "#0"}
			}
		},
		{
			"from": [1.5, 6, 14],
			"to": [8.5, 6.75, 15],
			"rotation": {"angle": 0, "axis": "y", "origin": [1, 0, 13.5]},
			"faces": {
				"north": {"uv": [7, 0, 14, 0.75], "texture": "#0"},
				"east": {"uv": [1, 0, 2, 0.75], "texture": "#0"},
				"south": {"uv": [7, 0, 14, 0.75], "texture": "#0"},
				"west": {"uv": [1, 0, 2, 0.75], "texture": "#0"},
				"up": {"uv": [0, 1, 7, 2], "texture": "#0"},
				"down": {"uv": [0, 1, 7, 2], "texture": "#0"}
			}
		},
		{
			"from": [1.5, 5, 14],
			"to": [8, 5.5, 14.5],
			"rotation": {"angle": 0, "axis": "y", "origin": [1, 0, 13.5]},
			"faces": {
				"north": {"uv": [6.5, 0, 13, 0.5], "texture": "#0"},
				"east": {"uv": [0.5, 0, 1, 0.5], "texture": "#0"},
				"south": {"uv": [6.5, 0, 13, 0.5], "texture": "#0"},
				"west": {"uv": [0.5, 0, 1, 0.5], "texture": "#0"},
				"up": {"uv": [0, 0.5, 6.5, 1], "texture": "#0"},
				"down": {"uv": [0, 0.5, 6.5, 1], "texture": "#0"}
			}
		},
		{
			"from": [1.5, 4, 13.75],
			"to": [8, 4.5, 14.25],
			"rotation": {"angle": 0, "axis": "y", "origin": [1, 0, 13.5]},
			"faces": {
				"north": {"uv": [6.5, 0, 13, 0.5], "texture": "#0"},
				"east": {"uv": [0.5, 0, 1, 0.5], "texture": "#0"},
				"south": {"uv": [6.5, 0, 13, 0.5], "texture": "#0"},
				"west": {"uv": [0.5, 0, 1, 0.5], "texture": "#0"},
				"up": {"uv": [0, 0.5, 6.5, 1], "texture": "#0"},
				"down": {"uv": [0, 0.5, 6.5, 1], "texture": "#0"}
			}
		},
		{
			"from": [7, 2.75, 11.9],
			"to": [7.5, 5.75, 12.4],
			"rotation": {"angle": 22.5, "axis": "x", "origin": [5.5, 0, 13.5]},
			"faces": {
				"north": {"uv": [0.5, 0, 1, 3], "texture": "#0"},
				"east": {"uv": [0.5, 0, 1, 3], "texture": "#0"},
				"south": {"uv": [0.5, 0, 1, 3], "texture": "#0"},
				"west": {"uv": [0.5, 0, 1, 3], "texture": "#0"},
				"up": {"uv": [0, 0.5, 0.5, 1], "texture": "#0"},
				"down": {"uv": [0, 0.5, 0.5, 1], "texture": "#0"}
			}
		},
		{
			"from": [6, 2.75, 11.9],
			"to": [6.5, 5.75, 12.4],
			"rotation": {"angle": 22.5, "axis": "x", "origin": [4.5, 0, 13.5]},
			"faces": {
				"north": {"uv": [0.5, 0, 1, 3], "texture": "#0"},
				"east": {"uv": [0.5, 0, 1, 3], "texture": "#0"},
				"south": {"uv": [0.5, 0, 1, 3], "texture": "#0"},
				"west": {"uv": [0.5, 0, 1, 3], "texture": "#0"},
				"up": {"uv": [0, 0.5, 0.5, 1], "texture": "#0"},
				"down": {"uv": [0, 0.5, 0.5, 1], "texture": "#0"}
			}
		},
		{
			"from": [1.5, 3, 13.25],
			"to": [8, 3.5, 13.75],
			"rotation": {"angle": 0, "axis": "y", "origin": [1, 0, 13.5]},
			"faces": {
				"north": {"uv": [6.5, 0, 13, 0.5], "texture": "#0"},
				"east": {"uv": [0.5, 0, 1, 0.5], "texture": "#0"},
				"south": {"uv": [6.5, 0, 13, 0.5], "texture": "#0"},
				"west": {"uv": [0.5, 0, 1, 0.5], "texture": "#0"},
				"up": {"uv": [0, 0.5, 6.5, 1], "texture": "#0"},
				"down": {"uv": [0, 0.5, 6.5, 1], "texture": "#0"}
			}
		},
		{
			"from": [6, 2, 13],
			"to": [6.5, 3.25, 13.5],
			"rotation": {"angle": 0, "axis": "y", "origin": [4.5, 0, 13.5]},
			"faces": {
				"north": {"uv": [0.5, 0, 1, 1.25], "texture": "#0"},
				"east": {"uv": [0.5, 0, 1, 1.25], "texture": "#0"},
				"south": {"uv": [0.5, 0, 1, 1.25], "texture": "#0"},
				"west": {"uv": [0.5, 0, 1, 1.25], "texture": "#0"},
				"up": {"uv": [0, 0.5, 0.5, 1], "texture": "#0"},
				"down": {"uv": [0, 0.5, 0.5, 1], "texture": "#0"}
			}
		},
		{
			"from": [7, 2, 13],
			"to": [7.5, 3.25, 13.5],
			"rotation": {"angle": 0, "axis": "y", "origin": [5.5, 0, 13.5]},
			"faces": {
				"north": {"uv": [0.5, 0, 1, 1.25], "texture": "#0"},
				"east": {"uv": [0.5, 0, 1, 1.25], "texture": "#0"},
				"south": {"uv": [0.5, 0, 1, 1.25], "texture": "#0"},
				"west": {"uv": [0.5, 0, 1, 1.25], "texture": "#0"},
				"up": {"uv": [0, 0.5, 0.5, 1], "texture": "#0"},
				"down": {"uv": [0, 0.5, 0.5, 1], "texture": "#0"}
			}
		},
		{
			"from": [1.5, 2, 13],
			"to": [8, 2.5, 13.5],
			"rotation": {"angle": 0, "axis": "y", "origin": [1, 0, 13.5]},
			"faces": {
				"north": {"uv": [6.5, 0, 13, 0.5], "texture": "#0"},
				"east": {"uv": [0.5, 0, 1, 0.5], "texture": "#0"},
				"south": {"uv": [6.5, 0, 13, 0.5], "texture": "#0"},
				"west": {"uv": [0.5, 0, 1, 0.5], "texture": "#0"},
				"up": {"uv": [0, 0.5, 6.5, 1], "texture": "#0"},
				"down": {"uv": [0, 0.5, 6.5, 1], "texture": "#0"}
			}
		},
		{
			"from": [4.5, 2, 13],
			"to": [5.5, 3.25, 13.5],
			"rotation": {"angle": 0, "axis": "y", "origin": [3, 0, 13.5]},
			"faces": {
				"north": {"uv": [1, 0, 2, 1.25], "texture": "#0"},
				"east": {"uv": [0.5, 0, 1, 1.25], "texture": "#0"},
				"south": {"uv": [1, 0, 2, 1.25], "texture": "#0"},
				"west": {"uv": [0.5, 0, 1, 1.25], "texture": "#0"},
				"up": {"uv": [0, 0.5, 1, 1], "texture": "#0"},
				"down": {"uv": [0, 0.5, 1, 1], "texture": "#0"}
			}
		},
		{
			"from": [3.5, 2, 13],
			"to": [4, 3.25, 13.5],
			"rotation": {"angle": 0, "axis": "y", "origin": [2, 0, 13.5]},
			"faces": {
				"north": {"uv": [0.5, 0, 1, 1.25], "texture": "#0"},
				"east": {"uv": [0.5, 0, 1, 1.25], "texture": "#0"},
				"south": {"uv": [0.5, 0, 1, 1.25], "texture": "#0"},
				"west": {"uv": [0.5, 0, 1, 1.25], "texture": "#0"},
				"up": {"uv": [0, 0.5, 0.5, 1], "texture": "#0"},
				"down": {"uv": [0, 0.5, 0.5, 1], "texture": "#0"}
			}
		},
		{
			"from": [2.5, 2, 13],
			"to": [3, 3.25, 13.5],
			"rotation": {"angle": 0, "axis": "y", "origin": [1, 0, 13.5]},
			"faces": {
				"north": {"uv": [0.5, 0, 1, 1.25], "texture": "#0"},
				"east": {"uv": [0.5, 0, 1, 1.25], "texture": "#0"},
				"south": {"uv": [0.5, 0, 1, 1.25], "texture": "#0"},
				"west": {"uv": [0.5, 0, 1, 1.25], "texture": "#0"},
				"up": {"uv": [0, 0.5, 0.5, 1], "texture": "#0"},
				"down": {"uv": [0, 0.5, 0.5, 1], "texture": "#0"}
			}
		},
		{
			"from": [2.5, 2.75, 11.9],
			"to": [3, 5.75, 12.4],
			"rotation": {"angle": 22.5, "axis": "x", "origin": [1, 0, 13.5]},
			"faces": {
				"north": {"uv": [0.5, 0, 1, 3], "texture": "#0"},
				"east": {"uv": [0.5, 0, 1, 3], "texture": "#0"},
				"south": {"uv": [0.5, 0, 1, 3], "texture": "#0"},
				"west": {"uv": [0.5, 0, 1, 3], "texture": "#0"},
				"up": {"uv": [0, 0.5, 0.5, 1], "texture": "#0"},
				"down": {"uv": [0, 0.5, 0.5, 1], "texture": "#0"}
			}
		},
		{
			"from": [3.5, 2.75, 11.9],
			"to": [4, 5.75, 12.4],
			"rotation": {"angle": 22.5, "axis": "x", "origin": [2, 0, 13.5]},
			"faces": {
				"north": {"uv": [0.5, 0, 1, 3], "texture": "#0"},
				"east": {"uv": [0.5, 0, 1, 3], "texture": "#0"},
				"south": {"uv": [0.5, 0, 1, 3], "texture": "#0"},
				"west": {"uv": [0.5, 0, 1, 3], "texture": "#0"},
				"up": {"uv": [0, 0.5, 0.5, 1], "texture": "#0"},
				"down": {"uv": [0, 0.5, 0.5, 1], "texture": "#0"}
			}
		},
		{
			"from": [4.5, 2.75, 11.9],
			"to": [5.5, 5.75, 12.4],
			"rotation": {"angle": 22.5, "axis": "x", "origin": [3, 0, 13.5]},
			"faces": {
				"north": {"uv": [1, 0, 2, 3], "texture": "#0"},
				"east": {"uv": [0.5, 0, 1, 3], "texture": "#0"},
				"south": {"uv": [1, 0, 2, 3], "texture": "#0"},
				"west": {"uv": [0.5, 0, 1, 3], "texture": "#0"},
				"up": {"uv": [0, 0.5, 1, 1], "texture": "#0"},
				"down": {"uv": [0, 0.5, 1, 1], "texture": "#0"}
			}
		},
		{
			"from": [1.5, 0, 6.1],
			"to": [8, 0.5, 6.6],
			"rotation": {"angle": 0, "axis": "y", "origin": [1, 0, 0]},
			"faces": {
				"north": {"uv": [0, 0, 6.5, 0.5], "texture": "#0"},
				"east": {"uv": [0, 0, 0.5, 0.5], "texture": "#0"},
				"south": {"uv": [0, 0, 6.5, 0.5], "texture": "#0"},
				"west": {"uv": [0, 0, 0.5, 0.5], "texture": "#0"},
				"up": {"uv": [0, 0, 6.5, 0.5], "texture": "#0"},
				"down": {"uv": [0, 0, 6.5, 0.5], "texture": "#0"}
			}
		},
		{
			"from": [1.5, 0, 7.1],
			"to": [8, 0.5, 7.6],
			"rotation": {"angle": 0, "axis": "y", "origin": [1, 0, 0]},
			"faces": {
				"north": {"uv": [0, 0, 6.5, 0.5], "texture": "#0"},
				"east": {"uv": [0, 0, 0.5, 0.5], "texture": "#0"},
				"south": {"uv": [0, 0, 6.5, 0.5], "texture": "#0"},
				"west": {"uv": [0, 0, 0.5, 0.5], "texture": "#0"},
				"up": {"uv": [0, 0, 6.5, 0.5], "texture": "#0"},
				"down": {"uv": [0, 0, 6.5, 0.5], "texture": "#0"}
			}
		},
		{
			"from": [1.5, 0, 8.1],
			"to": [8, 0.5, 8.6],
			"rotation": {"angle": 0, "axis": "y", "origin": [1, 0, 0]},
			"faces": {
				"north": {"uv": [0, 0, 6.5, 0.5], "texture": "#0"},
				"east": {"uv": [0, 0, 0.5, 0.5], "texture": "#0"},
				"south": {"uv": [0, 0, 6.5, 0.5], "texture": "#0"},
				"west": {"uv": [0, 0, 0.5, 0.5], "texture": "#0"},
				"up": {"uv": [0, 0, 6.5, 0.5], "texture": "#0"},
				"down": {"uv": [0, 0, 6.5, 0.5], "texture": "#0"}
			}
		},
		{
			"from": [1.5, 0, 9.1],
			"to": [8, 0.5, 9.6],
			"rotation": {"angle": 0, "axis": "y", "origin": [1, 0, 0]},
			"faces": {
				"north": {"uv": [0, 0, 6.5, 0.5], "texture": "#0"},
				"east": {"uv": [0, 0, 0.5, 0.5], "texture": "#0"},
				"south": {"uv": [0, 0, 6.5, 0.5], "texture": "#0"},
				"west": {"uv": [0, 0, 0.5, 0.5], "texture": "#0"},
				"up": {"uv": [0, 0, 6.5, 0.5], "texture": "#0"},
				"down": {"uv": [0, 0, 6.5, 0.5], "texture": "#0"}
			}
		},
		{
			"from": [1.5, 0, 10.1],
			"to": [8, 0.5, 10.6],
			"rotation": {"angle": 0, "axis": "y", "origin": [1, 0, 0]},
			"faces": {
				"north": {"uv": [0, 0, 6.5, 0.5], "texture": "#0"},
				"east": {"uv": [0, 0, 0.5, 0.5], "texture": "#0"},
				"south": {"uv": [0, 0, 6.5, 0.5], "texture": "#0"},
				"west": {"uv": [0, 0, 0.5, 0.5], "texture": "#0"},
				"up": {"uv": [0, 0, 6.5, 0.5], "texture": "#0"},
				"down": {"uv": [0, 0, 6.5, 0.5], "texture": "#0"}
			}
		},
		{
			"from": [1.5, 0, 10.1],
			"to": [8, 0.5, 10.6],
			"rotation": {"angle": 0, "axis": "y", "origin": [1, 0, 0]},
			"faces": {
				"north": {"uv": [0, 0, 6.5, 0.5], "texture": "#0"},
				"east": {"uv": [0, 0, 0.5, 0.5], "texture": "#0"},
				"south": {"uv": [0, 0, 6.5, 0.5], "texture": "#0"},
				"west": {"uv": [0, 0, 0.5, 0.5], "texture": "#0"},
				"up": {"uv": [0, 0, 6.5, 0.5], "texture": "#0"},
				"down": {"uv": [0, 0, 6.5, 0.5], "texture": "#0"}
			}
		},
		{
			"from": [1, 0.5, 2],
			"to": [1.5, 6, 2.5],
			"rotation": {"angle": 0, "axis": "y", "origin": [1, 0, 0]},
			"faces": {
				"north": {"uv": [0, 0, 0.5, 5.5], "texture": "#0"},
				"east": {"uv": [0, 0, 0.5, 5.5], "texture": "#0"},
				"south": {"uv": [0, 0, 0.5, 5.5], "texture": "#0"},
				"west": {"uv": [0, 0, 0.5, 5.5], "texture": "#0"},
				"up": {"uv": [0, 0, 0.5, 0.5], "texture": "#0"},
				"down": {"uv": [0, 0, 0.5, 0.5], "texture": "#0"}
			}
		},
		{
			"from": [1, 3.5, 0],
			"to": [1.5, 6, 0.5],
			"rotation": {"angle": 0, "axis": "y", "origin": [1, 0, 0]},
			"faces": {
				"north": {"uv": [0, 0, 0.5, 2.5], "texture": "#0"},
				"east": {"uv": [0, 0, 0.5, 2.5], "texture": "#0"},
				"south": {"uv": [0, 0, 0.5, 2.5], "texture": "#0"},
				"west": {"uv": [0, 0, 0.5, 2.5], "texture": "#0"},
				"up": {"uv": [0, 0, 0.5, 0.5], "texture": "#0"},
				"down": {"uv": [0, 0, 0.5, 0.5], "texture": "#0"}
			}
		},
		{
			"from": [1, 3.5, 13],
			"to": [1.5, 6, 13.5],
			"rotation": {"angle": 0, "axis": "y", "origin": [1, 0, 0]},
			"faces": {
				"north": {"uv": [0, 0, 0.5, 2.5], "texture": "#0"},
				"east": {"uv": [0, 0, 0.5, 2.5], "texture": "#0"},
				"south": {"uv": [0, 0, 0.5, 2.5], "texture": "#0"},
				"west": {"uv": [0, 0, 0.5, 2.5], "texture": "#0"},
				"up": {"uv": [0, 0, 0.5, 0.5], "texture": "#0"},
				"down": {"uv": [0, 0, 0.5, 0.5], "texture": "#0"}
			}
		},
		{
			"from": [1, 0.5, 12],
			"to": [1.5, 6, 12.5],
			"rotation": {"angle": 0, "axis": "y", "origin": [1, 0, 0]},
			"faces": {
				"north": {"uv": [0, 0, 0.5, 5.5], "texture": "#0"},
				"east": {"uv": [0, 0, 0.5, 5.5], "texture": "#0"},
				"south": {"uv": [0, 0, 0.5, 5.5], "texture": "#0"},
				"west": {"uv": [0, 0, 0.5, 5.5], "texture": "#0"},
				"up": {"uv": [0, 0, 0.5, 0.5], "texture": "#0"},
				"down": {"uv": [0, 0, 0.5, 0.5], "texture": "#0"}
			}
		},
		{
			"from": [1, 0.5, 11],
			"to": [1.5, 6, 11.5],
			"rotation": {"angle": 0, "axis": "y", "origin": [1, 0, 0]},
			"faces": {
				"north": {"uv": [0, 0, 0.5, 5.5], "texture": "#0"},
				"east": {"uv": [0, 0, 0.5, 5.5], "texture": "#0"},
				"south": {"uv": [0, 0, 0.5, 5.5], "texture": "#0"},
				"west": {"uv": [0, 0, 0.5, 5.5], "texture": "#0"},
				"up": {"uv": [0, 0, 0.5, 0.5], "texture": "#0"},
				"down": {"uv": [0, 0, 0.5, 0.5], "texture": "#0"}
			}
		},
		{
			"from": [1, 2.5, 1],
			"to": [2, 6.5, 1.5],
			"rotation": {"angle": -22.5, "axis": "x", "origin": [1, 0, 0]},
			"faces": {
				"north": {"uv": [0, 0, 1, 4], "texture": "#0"},
				"east": {"uv": [0, 0, 0.5, 4], "texture": "#0"},
				"south": {"uv": [0, 0, 1, 4], "texture": "#0"},
				"west": {"uv": [0, 0, 0.5, 4], "texture": "#0"},
				"up": {"uv": [0, 0, 1, 0.5], "texture": "#0"},
				"down": {"uv": [0, 0, 1, 0.5], "texture": "#0"}
			}
		},
		{
			"from": [1, 2.5, 12],
			"to": [2, 6.5, 12.5],
			"rotation": {"angle": 22.5, "axis": "x", "origin": [1, 0, 13]},
			"faces": {
				"north": {"uv": [0, 0, 1, 4], "texture": "#0"},
				"east": {"uv": [0, 0, 0.5, 4], "texture": "#0"},
				"south": {"uv": [0, 0, 1, 4], "texture": "#0"},
				"west": {"uv": [0, 0, 0.5, 4], "texture": "#0"},
				"up": {"uv": [0, 0, 1, 0.5], "texture": "#0"},
				"down": {"uv": [0, 0, 1, 0.5], "texture": "#0"}
			}
		},
		{
			"from": [1, 0, 13],
			"to": [2, 3, 13.5],
			"rotation": {"angle": 0, "axis": "y", "origin": [1, 0, 13]},
			"faces": {
				"north": {"uv": [0, 0, 1, 3], "texture": "#0"},
				"east": {"uv": [0, 0, 0.5, 3], "texture": "#0"},
				"south": {"uv": [0, 0, 1, 3], "texture": "#0"},
				"west": {"uv": [0, 0, 0.5, 3], "texture": "#0"},
				"up": {"uv": [0, 0, 1, 0.5], "texture": "#0"},
				"down": {"uv": [0, 0, 1, 0.5], "texture": "#0"}
			}
		},
		{
			"from": [8, 6, -1.25],
			"to": [9, 6.75, 14.75],
			"rotation": {"angle": 0, "axis": "y", "origin": [8.5, 0, 0]},
			"faces": {
				"north": {"uv": [1, 0, 2, 0.75], "texture": "#0"},
				"east": {"uv": [0, 0, 16, 0.75], "texture": "#0"},
				"south": {"uv": [1, 0, 2, 0.75], "texture": "#0"},
				"west": {"uv": [0, 0, 16, 0.75], "texture": "#0"},
				"up": {"uv": [1, 0, 2, 16], "texture": "#0"},
				"down": {"uv": [1, 0, 2, 16], "texture": "#0"}
			}
		},
		{
			"from": [8, 3.5, 0],
			"to": [8.5, 6, 0.5],
			"rotation": {"angle": 0, "axis": "y", "origin": [8.5, 0, 0]},
			"faces": {
				"north": {"uv": [0.5, 0, 1, 2.5], "texture": "#0"},
				"east": {"uv": [0.5, 0, 1, 2.5], "texture": "#0"},
				"south": {"uv": [0.5, 0, 1, 2.5], "texture": "#0"},
				"west": {"uv": [0.5, 0, 1, 2.5], "texture": "#0"},
				"up": {"uv": [0.5, 0, 1, 0.5], "texture": "#0"},
				"down": {"uv": [0.5, 0, 1, 0.5], "texture": "#0"}
			}
		},
		{
			"from": [8, 5, -0.75],
			"to": [8.5, 5.5, 14.25],
			"rotation": {"angle": 0, "axis": "y", "origin": [8.5, 0, 0]},
			"faces": {
				"north": {"uv": [0.5, 0, 1, 0.5], "texture": "#0"},
				"east": {"uv": [1, 0, 16, 0.5], "texture": "#0"},
				"south": {"uv": [0.5, 0, 1, 0.5], "texture": "#0"},
				"west": {"uv": [1, 0, 16, 0.5], "texture": "#0"},
				"up": {"uv": [0.5, 0, 1, 15], "texture": "#0"},
				"down": {"uv": [0.5, 0, 1, 15], "texture": "#0"}
			}
		},
		{
			"from": [8, 0.5, 1],
			"to": [8.5, 6, 1.5],
			"rotation": {"angle": 0, "axis": "y", "origin": [8.5, 0, 0]},
			"faces": {
				"north": {"uv": [0.5, 0, 1, 5.5], "texture": "#0"},
				"east": {"uv": [0.5, 0, 1, 5.5], "texture": "#0"},
				"south": {"uv": [0.5, 0, 1, 5.5], "texture": "#0"},
				"west": {"uv": [0.5, 0, 1, 5.5], "texture": "#0"},
				"up": {"uv": [0.5, 0, 1, 0.5], "texture": "#0"},
				"down": {"uv": [0.5, 0, 1, 0.5], "texture": "#0"}
			}
		},
		{
			"from": [8, 4, -0.25],
			"to": [8.5, 4.5, 13.75],
			"rotation": {"angle": 0, "axis": "y", "origin": [8.5, 0, 0]},
			"faces": {
				"north": {"uv": [0.5, 0, 1, 0.5], "texture": "#0"},
				"east": {"uv": [2, 0, 16, 0.5], "texture": "#0"},
				"south": {"uv": [0.5, 0, 1, 0.5], "texture": "#0"},
				"west": {"uv": [2, 0, 16, 0.5], "texture": "#0"},
				"up": {"uv": [0.5, 0, 1, 14], "texture": "#0"},
				"down": {"uv": [0.5, 0, 1, 14], "texture": "#0"}
			}
		},
		{
			"from": [8, 3, 0],
			"to": [8.5, 3.5, 13.5],
			"rotation": {"angle": 0, "axis": "y", "origin": [8.5, 0, 0]},
			"faces": {
				"north": {"uv": [0.5, 0, 1, 0.5], "texture": "#0"},
				"east": {"uv": [2.5, 0, 16, 0.5], "texture": "#0"},
				"south": {"uv": [0.5, 0, 1, 0.5], "texture": "#0"},
				"west": {"uv": [2.5, 0, 16, 0.5], "texture": "#0"},
				"up": {"uv": [0.5, 0, 1, 13.5], "texture": "#0"},
				"down": {"uv": [0.5, 0, 1, 13.5], "texture": "#0"}
			}
		},
		{
			"from": [8, 2, 0],
			"to": [8.5, 2.5, 13],
			"rotation": {"angle": 0, "axis": "y", "origin": [8.5, 0, 0]},
			"faces": {
				"north": {"uv": [0.5, 0, 1, 0.5], "texture": "#0"},
				"east": {"uv": [3, 0, 16, 0.5], "texture": "#0"},
				"south": {"uv": [0.5, 0, 1, 0.5], "texture": "#0"},
				"west": {"uv": [3, 0, 16, 0.5], "texture": "#0"},
				"up": {"uv": [0.5, 0, 1, 13], "texture": "#0"},
				"down": {"uv": [0.5, 0, 1, 13], "texture": "#0"}
			}
		},
		{
			"from": [8, 0.5, 2],
			"to": [8.5, 6, 2.5],
			"rotation": {"angle": 0, "axis": "y", "origin": [8.5, 0, 0]},
			"faces": {
				"north": {"uv": [0.5, 0, 1, 5.5], "texture": "#0"},
				"east": {"uv": [0.5, 0, 1, 5.5], "texture": "#0"},
				"south": {"uv": [0.5, 0, 1, 5.5], "texture": "#0"},
				"west": {"uv": [0.5, 0, 1, 5.5], "texture": "#0"},
				"up": {"uv": [0.5, 0, 1, 0.5], "texture": "#0"},
				"down": {"uv": [0.5, 0, 1, 0.5], "texture": "#0"}
			}
		},
		{
			"from": [8, 1, 0],
			"to": [8.5, 1.5, 13],
			"rotation": {"angle": 0, "axis": "y", "origin": [8.5, 0, 0]},
			"faces": {
				"north": {"uv": [0.5, 0, 1, 0.5], "texture": "#0"},
				"east": {"uv": [3, 0, 16, 0.5], "texture": "#0"},
				"south": {"uv": [0.5, 0, 1, 0.5], "texture": "#0"},
				"west": {"uv": [3, 0, 16, 0.5], "texture": "#0"},
				"up": {"uv": [0.5, 0, 1, 13], "texture": "#0"},
				"down": {"uv": [0.5, 0, 1, 13], "texture": "#0"}
			}
		},
		{
			"from": [8, 0.5, 3],
			"to": [8.5, 5, 10.5],
			"rotation": {"angle": 0, "axis": "y", "origin": [8.5, 0, 0]},
			"faces": {
				"north": {"uv": [0.5, 0, 1, 4.5], "texture": "#0"},
				"east": {"uv": [7.5, 0, 15, 4.5], "texture": "#0"},
				"south": {"uv": [0.5, 0, 1, 4.5], "texture": "#0"},
				"west": {"uv": [7.5, 0, 15, 4.5], "texture": "#0"},
				"up": {"uv": [0.5, 0, 1, 7.5], "texture": "#0"},
				"down": {"uv": [0.5, 0, 1, 7.5], "texture": "#0"}
			}
		},
		{
			"from": [8, 0.5, 11],
			"to": [8.5, 6, 11.5],
			"rotation": {"angle": 0, "axis": "y", "origin": [8.5, 0, 0]},
			"faces": {
				"north": {"uv": [0.5, 0, 1, 5.5], "texture": "#0"},
				"east": {"uv": [0.5, 0, 1, 5.5], "texture": "#0"},
				"south": {"uv": [0.5, 0, 1, 5.5], "texture": "#0"},
				"west": {"uv": [0.5, 0, 1, 5.5], "texture": "#0"},
				"up": {"uv": [0.5, 0, 1, 0.5], "texture": "#0"},
				"down": {"uv": [0.5, 0, 1, 0.5], "texture": "#0"}
			}
		},
		{
			"from": [8, 0.5, 12],
			"to": [8.5, 6, 12.5],
			"rotation": {"angle": 0, "axis": "y", "origin": [8.5, 0, 0]},
			"faces": {
				"north": {"uv": [0.5, 0, 1, 5.5], "texture": "#0"},
				"east": {"uv": [0.5, 0, 1, 5.5], "texture": "#0"},
				"south": {"uv": [0.5, 0, 1, 5.5], "texture": "#0"},
				"west": {"uv": [0.5, 0, 1, 5.5], "texture": "#0"},
				"up": {"uv": [0.5, 0, 1, 0.5], "texture": "#0"},
				"down": {"uv": [0.5, 0, 1, 0.5], "texture": "#0"}
			}
		},
		{
			"from": [8, 3.5, 13],
			"to": [8.5, 6, 13.5],
			"rotation": {"angle": 0, "axis": "y", "origin": [8.5, 0, 0]},
			"faces": {
				"north": {"uv": [0.5, 0, 1, 2.5], "texture": "#0"},
				"east": {"uv": [0.5, 0, 1, 2.5], "texture": "#0"},
				"south": {"uv": [0.5, 0, 1, 2.5], "texture": "#0"},
				"west": {"uv": [0.5, 0, 1, 2.5], "texture": "#0"},
				"up": {"uv": [0.5, 0, 1, 0.5], "texture": "#0"},
				"down": {"uv": [0.5, 0, 1, 0.5], "texture": "#0"}
			}
		},
		{
			"from": [7.5, 2.5, 12],
			"to": [8.5, 6.5, 12.5],
			"rotation": {"angle": 22.5, "axis": "x", "origin": [8.5, 0, 13]},
			"faces": {
				"north": {"uv": [1, 0, 2, 4], "texture": "#0"},
				"east": {"uv": [0.5, 0, 1, 4], "texture": "#0"},
				"south": {"uv": [1, 0, 2, 4], "texture": "#0"},
				"west": {"uv": [0.5, 0, 1, 4], "texture": "#0"},
				"up": {"uv": [1, 0, 2, 0.5], "texture": "#0"},
				"down": {"uv": [1, 0, 2, 0.5], "texture": "#0"}
			}
		},
		{
			"from": [7.5, 0, 13],
			"to": [8.5, 3, 13.5],
			"rotation": {"angle": 0, "axis": "y", "origin": [8.5, 0, 13]},
			"faces": {
				"north": {"uv": [1, 0, 2, 3], "texture": "#0"},
				"east": {"uv": [0.5, 0, 1, 3], "texture": "#0"},
				"south": {"uv": [1, 0, 2, 3], "texture": "#0"},
				"west": {"uv": [0.5, 0, 1, 3], "texture": "#0"},
				"up": {"uv": [1, 0, 2, 0.5], "texture": "#0"},
				"down": {"uv": [1, 0, 2, 0.5], "texture": "#0"}
			}
		},
		{
			"from": [7, 0, 0],
			"to": [7.5, 0.5, 13],
			"rotation": {"angle": 0, "axis": "y", "origin": [1, 0, 0]},
			"faces": {
				"north": {"uv": [0, 0, 0.5, 0.5], "texture": "#0"},
				"east": {"uv": [0, 0, 13, 0.5], "texture": "#0"},
				"south": {"uv": [0, 0, 0.5, 0.5], "texture": "#0"},
				"west": {"uv": [0, 0, 13, 0.5], "texture": "#0"},
				"up": {"uv": [0, 0, 0.5, 13], "texture": "#0"},
				"down": {"uv": [0, 0, 0.5, 13], "texture": "#0"}
			}
		},
		{
			"from": [6, 0, 0],
			"to": [6.5, 0.5, 13],
			"rotation": {"angle": 0, "axis": "y", "origin": [1, 0, 0]},
			"faces": {
				"north": {"uv": [0, 0, 0.5, 0.5], "texture": "#0"},
				"east": {"uv": [0, 0, 13, 0.5], "texture": "#0"},
				"south": {"uv": [0, 0, 0.5, 0.5], "texture": "#0"},
				"west": {"uv": [0, 0, 13, 0.5], "texture": "#0"},
				"up": {"uv": [0, 0, 0.5, 13], "texture": "#0"},
				"down": {"uv": [0, 0, 0.5, 13], "texture": "#0"}
			}
		}
	],
	"display": {
		"thirdperson_righthand": {
			"rotation": [72, 0, 0],
			"translation": [5, -2, 0]
		},
		"thirdperson_lefthand": {
			"rotation": [75, 0, 0],
			"translation": [-3, -2, 0]
		},
		"ground": {
			"translation": [0, 4, 0]
		},
		"gui": {
			"rotation": [20, -40, 0],
			"scale": [1.2, 1.2, 1.2]
		},
		"head": {
			"translation": [8, 5, 0],
			"scale": [1.6, 1.5, 1.5]
		},
		"fixed": {
			"rotation": [-88, 0, 0],
			"translation": [9, 1, -16],
			"scale": [2.5, 2, 2]
		}
	}
}