{
	"credit": "Made with Blockbench",
	"textures": {
		"0": "block/light_gray_wool",
		"1": "block/gray_wool",
		"2": "block/black_wool",
		"3": "block/green_wool",
		"particle": "block/light_gray_wool"
	},
	"elements": [
		{
			"from": [3, 8, 2],
			"to": [12, 10, 14],
			"rotation": {"angle": 0, "axis": "y", "origin": [16, 0, 0]},
			"faces": {
				"north": {"uv": [0, 0, 9, 2], "texture": "#3"},
				"east": {"uv": [0, 0, 12, 2], "texture": "#3"},
				"south": {"uv": [0, 0, 9, 2], "texture": "#3"},
				"west": {"uv": [0, 0, 12, 2], "texture": "#3"},
				"up": {"uv": [0, 0, 12, 9], "rotation": 90, "texture": "#3"},
				"down": {"uv": [0, 0, 12, 9], "rotation": 270, "texture": "#3"}
			}
		},
		{
			"from": [12, 8, 3],
			"to": [13.5, 10, 13],
			"rotation": {"angle": 0, "axis": "y", "origin": [16, 0, 0]},
			"faces": {
				"north": {"uv": [0, 0, 1.5, 2], "texture": "#3"},
				"east": {"uv": [0, 0, 10, 2], "texture": "#3"},
				"south": {"uv": [0, 0, 1.5, 2], "texture": "#3"},
				"west": {"uv": [0, 0, 10, 2], "texture": "#3"},
				"up": {"uv": [0, 0, 10, 1.5], "rotation": 90, "texture": "#3"},
				"down": {"uv": [0, 0, 10, 1.5], "rotation": 270, "texture": "#3"}
			}
		},
		{
			"from": [1.5, 8, 3],
			"to": [3, 10, 13],
			"rotation": {"angle": 0, "axis": "y", "origin": [16, 0, 0]},
			"faces": {
				"north": {"uv": [0, 0, 1.5, 2], "texture": "#3"},
				"east": {"uv": [0, 0, 10, 2], "texture": "#3"},
				"south": {"uv": [0, 0, 1.5, 2], "texture": "#3"},
				"west": {"uv": [0, 0, 10, 2], "texture": "#3"},
				"up": {"uv": [0, 0, 10, 1.5], "rotation": 90, "texture": "#3"},
				"down": {"uv": [0, 0, 10, 1.5], "rotation": 270, "texture": "#3"}
			}
		},
		{
			"from": [0.5, 8, 3],
			"to": [1.5, 10, 12],
			"rotation": {"angle": 0, "axis": "y", "origin": [16.5, 0, 0]},
			"faces": {
				"north": {"uv": [0, 0, 1, 2], "texture": "#1"},
				"east": {"uv": [0, 0, 9, 2], "texture": "#1"},
				"south": {"uv": [0, 0, 1, 2], "texture": "#1"},
				"west": {"uv": [0, 0, 9, 2], "texture": "#1"},
				"up": {"uv": [0, 0, 9, 1], "rotation": 90, "texture": "#1"},
				"down": {"uv": [0, 0, 9, 1], "rotation": 270, "texture": "#1"}
			}
		},
		{
			"from": [0.5, 7, 7],
			"to": [1.5, 12, 8],
			"rotation": {"angle": -22.5, "axis": "x", "origin": [16.5, 0, 0]},
			"faces": {
				"north": {"uv": [0, 0, 5, 1], "rotation": 90, "texture": "#1"},
				"east": {"uv": [0, 0, 5, 1], "rotation": 270, "texture": "#1"},
				"south": {"uv": [0, 0, 5, 1], "rotation": 90, "texture": "#1"},
				"west": {"uv": [0, 0, 5, 1], "rotation": 90, "texture": "#1"},
				"up": {"uv": [0, 0, 1, 1], "rotation": 180, "texture": "#1"},
				"down": {"uv": [0, 0, 1, 1], "texture": "#1"}
			}
		},
		{
			"from": [0.5, 0, 13],
			"to": [1.5, 1, 18],
			"rotation": {"angle": -45, "axis": "x", "origin": [16.5, 0, 0]},
			"faces": {
				"north": {"uv": [0, 0, 1, 1], "texture": "#1"},
				"east": {"uv": [0, 0, 5, 1], "texture": "#1"},
				"south": {"uv": [0, 0, 1, 1], "texture": "#1"},
				"west": {"uv": [0, 0, 5, 1], "texture": "#1"},
				"up": {"uv": [0, 0, 5, 1], "rotation": 90, "texture": "#1"},
				"down": {"uv": [0, 0, 5, 1], "rotation": 270, "texture": "#1"}
			}
		},
		{
			"from": [0, 13, 2],
			"to": [2, 14, 13],
			"rotation": {"angle": 0, "axis": "x", "origin": [16.5, 0, 0]},
			"faces": {
				"north": {"uv": [0, 0, 2, 1], "texture": "#1"},
				"east": {"uv": [0, 0, 11, 1], "texture": "#1"},
				"south": {"uv": [0, 0, 2, 1], "texture": "#1"},
				"west": {"uv": [0, 0, 11, 1], "texture": "#1"},
				"up": {"uv": [0, 0, 11, 2], "rotation": 90, "texture": "#1"},
				"down": {"uv": [0, 0, 11, 2], "rotation": 270, "texture": "#1"}
			}
		},
		{
			"from": [13.5, 0, 13],
			"to": [14.5, 1, 18],
			"rotation": {"angle": -45, "axis": "x", "origin": [29.5, 0, 0]},
			"faces": {
				"north": {"uv": [0, 0, 1, 1], "texture": "#1"},
				"east": {"uv": [0, 0, 5, 1], "texture": "#1"},
				"south": {"uv": [0, 0, 1, 1], "texture": "#1"},
				"west": {"uv": [0, 0, 5, 1], "texture": "#1"},
				"up": {"uv": [0, 0, 5, 1], "rotation": 90, "texture": "#1"},
				"down": {"uv": [0, 0, 5, 1], "rotation": 270, "texture": "#1"}
			}
		},
		{
			"from": [13, 13, 2],
			"to": [15, 14, 13],
			"rotation": {"angle": 0, "axis": "x", "origin": [29.5, 0, 0]},
			"faces": {
				"north": {"uv": [0, 0, 2, 1], "texture": "#1"},
				"east": {"uv": [0, 0, 11, 1], "texture": "#1"},
				"south": {"uv": [0, 0, 2, 1], "texture": "#1"},
				"west": {"uv": [0, 0, 11, 1], "texture": "#1"},
				"up": {"uv": [0, 0, 11, 2], "rotation": 90, "texture": "#1"},
				"down": {"uv": [0, 0, 11, 2], "rotation": 270, "texture": "#1"}
			}
		},
		{
			"from": [13.5, 7, 7],
			"to": [14.5, 12, 8],
			"rotation": {"angle": -22.5, "axis": "x", "origin": [29.5, 0, 0]},
			"faces": {
				"north": {"uv": [0, 0, 5, 1], "rotation": 90, "texture": "#1"},
				"east": {"uv": [0, 0, 5, 1], "rotation": 270, "texture": "#1"},
				"south": {"uv": [0, 0, 5, 1], "rotation": 90, "texture": "#1"},
				"west": {"uv": [0, 0, 5, 1], "rotation": 90, "texture": "#1"},
				"up": {"uv": [0, 0, 1, 1], "rotation": 180, "texture": "#1"},
				"down": {"uv": [0, 0, 1, 1], "texture": "#1"}
			}
		},
		{
			"from": [13.5, 8, 3],
			"to": [14.5, 10, 12],
			"rotation": {"angle": 0, "axis": "y", "origin": [29.5, 0, 0]},
			"faces": {
				"north": {"uv": [0, 0, 1, 2], "texture": "#1"},
				"east": {"uv": [0, 0, 9, 2], "texture": "#1"},
				"south": {"uv": [0, 0, 1, 2], "texture": "#1"},
				"west": {"uv": [0, 0, 9, 2], "texture": "#1"},
				"up": {"uv": [0, 0, 9, 1], "rotation": 90, "texture": "#1"},
				"down": {"uv": [0, 0, 9, 1], "rotation": 270, "texture": "#1"}
			}
		},
		{
			"from": [2, 16.5, 13.8],
			"to": [14, 21, 16],
			"rotation": {"angle": 0, "axis": "y", "origin": [16, 0, 0]},
			"faces": {
				"north": {"uv": [0, 0, 12, 4.5], "texture": "#3"},
				"east": {"uv": [0, 0, 2.2, 4.5], "texture": "#3"},
				"south": {"uv": [0, 0, 12, 4.5], "texture": "#3"},
				"west": {"uv": [0, 0, 2.2, 4.5], "texture": "#3"},
				"up": {"uv": [0, 0, 12, 2.2], "texture": "#3"},
				"down": {"uv": [0, 0, 12, 2.2], "texture": "#3"}
			}
		},
		{
			"from": [2.5, 21, 14.5],
			"to": [13.5, 23, 16.5],
			"rotation": {"angle": 0, "axis": "y", "origin": [16, 0, 0]},
			"faces": {
				"north": {"uv": [0, 0, 11, 2], "texture": "#3"},
				"east": {"uv": [0, 0, 2, 2], "texture": "#3"},
				"south": {"uv": [0, 0, 11, 2], "texture": "#3"},
				"west": {"uv": [0, 0, 2, 2], "texture": "#3"},
				"up": {"uv": [0, 0, 11, 2], "texture": "#3"},
				"down": {"uv": [0, 0, 11, 2], "texture": "#3"}
			}
		},
		{
			"from": [3, 23, 15],
			"to": [13, 25, 17],
			"rotation": {"angle": 0, "axis": "y", "origin": [16, 0, 0]},
			"faces": {
				"north": {"uv": [0, 0, 10, 2], "texture": "#3"},
				"east": {"uv": [0, 0, 2, 2], "texture": "#3"},
				"south": {"uv": [0, 0, 10, 2], "texture": "#3"},
				"west": {"uv": [0, 0, 2, 2], "texture": "#3"},
				"up": {"uv": [0, 0, 10, 2], "texture": "#3"},
				"down": {"uv": [0, 0, 10, 2], "texture": "#3"}
			}
		},
		{
			"from": [7, 3, 7],
			"to": [9, 8, 9],
			"rotation": {"angle": 0, "axis": "y", "origin": [16, 0, 0]},
			"faces": {
				"north": {"uv": [10, 9, 12, 14], "texture": "#0"},
				"east": {"uv": [10, 9, 12, 14], "texture": "#0"},
				"south": {"uv": [10, 9, 12, 14], "texture": "#0"},
				"west": {"uv": [10, 9, 12, 14], "texture": "#0"},
				"up": {"uv": [0, 0, 2, 2], "rotation": 90, "texture": "#0"},
				"down": {"uv": [0, 0, 2, 2], "rotation": 270, "texture": "#0"}
			}
		},
		{
			"from": [4, 2, 7],
			"to": [8, 3, 9],
			"rotation": {"angle": 0, "axis": "y", "origin": [16, 0, 0]},
			"faces": {
				"north": {"uv": [0, 0, 2, 1], "texture": "#1"},
				"east": {"uv": [0, 0, 2, 1], "texture": "#1"},
				"south": {"uv": [0, 0, 4, 1], "texture": "#1"},
				"west": {"uv": [0, 0, 2, 1], "texture": "#1"},
				"up": {"uv": [0, 0, 2, 1], "rotation": 90, "texture": "#1"},
				"down": {"uv": [0, 0, 2, 1], "rotation": 270, "texture": "#1"}
			}
		},
		{
			"from": [3.5, 6.25, 7],
			"to": [6.5, 7.25, 9],
			"rotation": {"angle": 22.5, "axis": "z", "origin": [16, 0, 0]},
			"faces": {
				"north": {"uv": [0, 0, 2, 1], "texture": "#1"},
				"east": {"uv": [0, 0, 2, 1], "texture": "#1"},
				"south": {"uv": [0, 0, 4, 1], "texture": "#1"},
				"west": {"uv": [0, 0, 2, 1], "texture": "#1"},
				"up": {"uv": [0, 0, 2, 1], "rotation": 90, "texture": "#1"},
				"down": {"uv": [0, 0, 2, 1], "rotation": 270, "texture": "#1"}
			}
		},
		{
			"from": [8, 2, 7],
			"to": [12, 3, 9],
			"faces": {
				"north": {"uv": [2, 0, 0, 1], "texture": "#1"},
				"east": {"uv": [2, 0, 0, 1], "texture": "#1"},
				"south": {"uv": [4, 0, 0, 1], "texture": "#1"},
				"west": {"uv": [2, 0, 0, 1], "texture": "#1"},
				"up": {"uv": [0, 1, 2, 0], "rotation": 90, "texture": "#1"},
				"down": {"uv": [0, 1, 2, 0], "rotation": 270, "texture": "#1"}
			}
		},
		{
			"from": [9.5, 6.25, 7],
			"to": [12.5, 7.25, 9],
			"rotation": {"angle": -22.5, "axis": "z", "origin": [0, 0, 0]},
			"faces": {
				"north": {"uv": [2, 0, 0, 1], "texture": "#1"},
				"east": {"uv": [2, 0, 0, 1], "texture": "#1"},
				"south": {"uv": [4, 0, 0, 1], "texture": "#1"},
				"west": {"uv": [2, 0, 0, 1], "texture": "#1"},
				"up": {"uv": [0, 1, 2, 0], "rotation": 90, "texture": "#1"},
				"down": {"uv": [0, 1, 2, 0], "rotation": 270, "texture": "#1"}
			}
		},
		{
			"from": [13, -0.25, 7],
			"to": [15, 1.75, 9],
			"faces": {
				"north": {"uv": [2, 0, 0, 1], "texture": "#2"},
				"east": {"uv": [2, 0, 0, 1], "texture": "#2"},
				"south": {"uv": [4, 0, 0, 1], "texture": "#2"},
				"west": {"uv": [2, 0, 0, 1], "texture": "#2"},
				"up": {"uv": [0, 1, 2, 0], "rotation": 90, "texture": "#2"},
				"down": {"uv": [0, 1, 2, 0], "rotation": 270, "texture": "#2"}
			}
		},
		{
			"from": [1, -0.25, 7],
			"to": [3, 1.75, 9],
			"faces": {
				"north": {"uv": [2, 0, 0, 1], "texture": "#2"},
				"east": {"uv": [2, 0, 0, 1], "texture": "#2"},
				"south": {"uv": [4, 0, 0, 1], "texture": "#2"},
				"west": {"uv": [2, 0, 0, 1], "texture": "#2"},
				"up": {"uv": [0, 1, 2, 0], "rotation": 90, "texture": "#2"},
				"down": {"uv": [0, 1, 2, 0], "rotation": 270, "texture": "#2"}
			}
		},
		{
			"from": [7, -0.25, 1],
			"to": [9, 1.75, 3],
			"faces": {
				"north": {"uv": [2, 0, 0, 1], "texture": "#2"},
				"east": {"uv": [2, 0, 0, 1], "texture": "#2"},
				"south": {"uv": [4, 0, 0, 1], "texture": "#2"},
				"west": {"uv": [2, 0, 0, 1], "texture": "#2"},
				"up": {"uv": [0, 1, 2, 0], "rotation": 90, "texture": "#2"},
				"down": {"uv": [0, 1, 2, 0], "rotation": 270, "texture": "#2"}
			}
		},
		{
			"from": [7, -0.25, 13],
			"to": [9, 1.75, 15],
			"faces": {
				"north": {"uv": [2, 0, 0, 1], "texture": "#2"},
				"east": {"uv": [2, 0, 0, 1], "texture": "#2"},
				"south": {"uv": [4, 0, 0, 1], "texture": "#2"},
				"west": {"uv": [2, 0, 0, 1], "texture": "#2"},
				"up": {"uv": [0, 1, 2, 0], "rotation": 90, "texture": "#2"},
				"down": {"uv": [0, 1, 2, 0], "rotation": 270, "texture": "#2"}
			}
		},
		{
			"from": [7, 2, 8],
			"to": [9, 3, 12],
			"rotation": {"angle": 0, "axis": "y", "origin": [16, 0, 0]},
			"faces": {
				"north": {"uv": [2, 0, 0, 1], "texture": "#1"},
				"east": {"uv": [2, 0, 0, 1], "texture": "#1"},
				"south": {"uv": [2, 0, 0, 1], "texture": "#1"},
				"west": {"uv": [4, 0, 0, 1], "texture": "#1"},
				"up": {"uv": [0, 1, 2, 0], "rotation": 180, "texture": "#1"},
				"down": {"uv": [0, 1, 2, 0], "rotation": 180, "texture": "#1"}
			}
		},
		{
			"from": [7, 6.25, 9.5],
			"to": [9, 7.25, 12.5],
			"rotation": {"angle": 22.5, "axis": "x", "origin": [16, 0, 0]},
			"faces": {
				"north": {"uv": [2, 0, 0, 1], "texture": "#1"},
				"east": {"uv": [2, 0, 0, 1], "texture": "#1"},
				"south": {"uv": [2, 0, 0, 1], "texture": "#1"},
				"west": {"uv": [4, 0, 0, 1], "texture": "#1"},
				"up": {"uv": [0, 1, 2, 0], "rotation": 180, "texture": "#1"},
				"down": {"uv": [0, 1, 2, 0], "rotation": 180, "texture": "#1"}
			}
		},
		{
			"from": [7, 6.25, 3.5],
			"to": [9, 7.25, 6.5],
			"rotation": {"angle": -22.5, "axis": "x", "origin": [16, 0, 16]},
			"faces": {
				"north": {"uv": [0, 0, 2, 1], "texture": "#1"},
				"east": {"uv": [0, 0, 2, 1], "texture": "#1"},
				"south": {"uv": [0, 0, 2, 1], "texture": "#1"},
				"west": {"uv": [0, 0, 4, 1], "texture": "#1"},
				"up": {"uv": [0, 0, 2, 1], "rotation": 180, "texture": "#1"},
				"down": {"uv": [0, 0, 2, 1], "rotation": 180, "texture": "#1"}
			}
		},
		{
			"from": [7, 2, 4],
			"to": [9, 3, 8],
			"rotation": {"angle": 0, "axis": "y", "origin": [16, 0, 16]},
			"faces": {
				"north": {"uv": [0, 0, 2, 1], "texture": "#1"},
				"east": {"uv": [0, 0, 2, 1], "texture": "#1"},
				"south": {"uv": [0, 0, 2, 1], "texture": "#1"},
				"west": {"uv": [0, 0, 4, 1], "texture": "#1"},
				"up": {"uv": [0, 0, 2, 1], "rotation": 180, "texture": "#1"},
				"down": {"uv": [0, 0, 2, 1], "rotation": 180, "texture": "#1"}
			}
		},
		{
			"from": [7, 9, 14],
			"to": [8.5, 18, 15.5],
			"rotation": {"angle": 0, "axis": "y", "origin": [16, 0, 0]},
			"faces": {
				"north": {"uv": [10, 9, 12, 10], "texture": "#0"},
				"east": {"uv": [10, 9, 12, 10], "texture": "#0"},
				"south": {"uv": [10, 9, 12, 10], "texture": "#0"},
				"west": {"uv": [10, 9, 12, 10], "texture": "#0"},
				"up": {"uv": [0, 0, 1.5, 1.5], "texture": "#0"},
				"down": {"uv": [0, 0, 1.5, 1.5], "texture": "#0"}
			}
		}
	],
	"display": {
		"fixed": {
			"rotation": [-90, 0, 0],
			"translation": [0, 0, -15],
			"scale": [2, 2, 2]
		}
	}
}