{
	"credit": "Made with Blockbench",
	"textures": {
		"2": "custom/beans",
		"4": "block/andesite",
		"particle": "custom/beans"
	},
	"elements": [
		{
			"from": [5, 2, 6],
			"to": [6, 11, 9],
			"rotation": {"angle": 0, "axis": "y", "origin": [-1, 5, 0]},
			"faces": {
				"north": {"uv": [8, 3, 11, 5], "texture": "#4"},
				"east": {"uv": [8, 3, 11, 5], "texture": "#4"},
				"south": {"uv": [8, 3, 11, 5], "texture": "#4"},
				"west": {"uv": [8, 3, 11, 5], "texture": "#4"},
				"up": {"uv": [8, 3, 11, 5], "texture": "#4"},
				"down": {"uv": [14, 0, 15, 1], "texture": "#4"}
			}
		},
		{
			"from": [6, 2, 6],
			"to": [11, 4, 9],
			"rotation": {"angle": 0, "axis": "y", "origin": [-1, 5, 0]},
			"faces": {
				"north": {"uv": [8, 3, 11, 5], "texture": "#4"},
				"east": {"uv": [8, 3, 11, 5], "texture": "#4"},
				"south": {"uv": [8, 3, 11, 5], "texture": "#4"},
				"west": {"uv": [8, 3, 11, 5], "texture": "#4"},
				"up": {"uv": [8, 3, 11, 5], "texture": "#4"},
				"down": {"uv": [14, 0, 15, 1], "texture": "#4"}
			}
		},
		{
			"from": [7, 2, 5],
			"to": [10, 4, 10],
			"rotation": {"angle": 0, "axis": "y", "origin": [-1, 5, 0]},
			"faces": {
				"north": {"uv": [8, 3, 11, 5], "texture": "#4"},
				"east": {"uv": [8, 3, 11, 5], "texture": "#4"},
				"south": {"uv": [8, 3, 11, 5], "texture": "#4"},
				"west": {"uv": [8, 3, 11, 5], "texture": "#4"},
				"up": {"uv": [8, 3, 11, 5], "texture": "#4"},
				"down": {"uv": [14, 0, 15, 1], "texture": "#4"}
			}
		},
		{
			"from": [7, 9, 5],
			"to": [10, 10.5, 10],
			"rotation": {"angle": 0, "axis": "y", "origin": [-1, 5, 0]},
			"faces": {
				"north": {"uv": [8, 3, 11, 5], "texture": "#4"},
				"east": {"uv": [8, 3, 11, 5], "texture": "#4"},
				"south": {"uv": [8, 3, 11, 5], "texture": "#4"},
				"west": {"uv": [8, 3, 11, 5], "texture": "#4"},
				"up": {"uv": [8, 3, 11, 5], "texture": "#4"},
				"down": {"uv": [14, 0, 15, 1], "texture": "#4"}
			}
		},
		{
			"from": [6, 9, 6],
			"to": [11, 10.5, 9],
			"rotation": {"angle": 0, "axis": "y", "origin": [-1, 5, 0]},
			"faces": {
				"north": {"uv": [8, 3, 11, 5], "texture": "#4"},
				"east": {"uv": [8, 3, 11, 5], "texture": "#4"},
				"south": {"uv": [8, 3, 11, 5], "texture": "#4"},
				"west": {"uv": [8, 3, 11, 5], "texture": "#4"},
				"up": {"uv": [8, 3, 11, 5], "texture": "#4"},
				"down": {"uv": [14, 0, 15, 1], "texture": "#4"}
			}
		},
		{
			"from": [11, 2, 6],
			"to": [12, 11, 9],
			"rotation": {"angle": 0, "axis": "y", "origin": [-1, 5, 0]},
			"faces": {
				"north": {"uv": [8, 3, 11, 5], "texture": "#4"},
				"east": {"uv": [8, 3, 11, 5], "texture": "#4"},
				"south": {"uv": [8, 3, 11, 5], "texture": "#4"},
				"west": {"uv": [8, 3, 11, 5], "texture": "#4"},
				"up": {"uv": [8, 3, 11, 5], "texture": "#4"},
				"down": {"uv": [14, 0, 15, 1], "texture": "#4"}
			}
		},
		{
			"from": [7, 2, 4],
			"to": [10, 11, 5],
			"rotation": {"angle": 0, "axis": "y", "origin": [-1, 5, 0]},
			"faces": {
				"north": {"uv": [8, 3, 11, 5], "texture": "#4"},
				"east": {"uv": [8, 3, 11, 5], "texture": "#4"},
				"south": {"uv": [8, 3, 11, 5], "texture": "#4"},
				"west": {"uv": [8, 3, 11, 5], "texture": "#4"},
				"up": {"uv": [8, 3, 11, 5], "texture": "#4"},
				"down": {"uv": [14, 0, 15, 1], "texture": "#4"}
			}
		},
		{
			"from": [7, 2, 10],
			"to": [10, 11, 11],
			"rotation": {"angle": 0, "axis": "y", "origin": [-1, 5, 0]},
			"faces": {
				"north": {"uv": [8, 3, 11, 5], "texture": "#4"},
				"east": {"uv": [8, 3, 11, 5], "texture": "#4"},
				"south": {"uv": [8, 3, 11, 5], "texture": "#4"},
				"west": {"uv": [8, 3, 11, 5], "texture": "#4"},
				"up": {"uv": [8, 3, 11, 5], "texture": "#4"},
				"down": {"uv": [14, 0, 15, 1], "texture": "#4"}
			}
		},
		{
			"from": [6, 2, 9],
			"to": [7, 11, 10],
			"rotation": {"angle": 0, "axis": "y", "origin": [-1, 5, 0]},
			"faces": {
				"north": {"uv": [8, 3, 11, 5], "texture": "#4"},
				"east": {"uv": [8, 3, 11, 5], "texture": "#4"},
				"south": {"uv": [8, 3, 11, 5], "texture": "#4"},
				"west": {"uv": [8, 3, 11, 5], "texture": "#4"},
				"up": {"uv": [8, 3, 11, 5], "texture": "#4"},
				"down": {"uv": [14, 0, 15, 1], "texture": "#4"}
			}
		},
		{
			"from": [6, 2, 5],
			"to": [7, 11, 6],
			"rotation": {"angle": 0, "axis": "y", "origin": [-1, 5, 0]},
			"faces": {
				"north": {"uv": [8, 3, 11, 5], "texture": "#4"},
				"east": {"uv": [8, 3, 11, 5], "texture": "#4"},
				"south": {"uv": [8, 3, 11, 5], "texture": "#4"},
				"west": {"uv": [8, 3, 11, 5], "texture": "#4"},
				"up": {"uv": [8, 3, 11, 5], "texture": "#4"},
				"down": {"uv": [14, 0, 15, 1], "texture": "#4"}
			}
		},
		{
			"from": [10, 2, 5],
			"to": [11, 11, 6],
			"rotation": {"angle": 0, "axis": "y", "origin": [-1, 5, 0]},
			"faces": {
				"north": {"uv": [8, 3, 11, 5], "texture": "#4"},
				"east": {"uv": [8, 3, 11, 5], "texture": "#4"},
				"south": {"uv": [8, 3, 11, 5], "texture": "#4"},
				"west": {"uv": [8, 3, 11, 5], "texture": "#4"},
				"up": {"uv": [8, 3, 11, 5], "texture": "#4"},
				"down": {"uv": [14, 0, 15, 1], "texture": "#4"}
			}
		},
		{
			"from": [10, 2, 9],
			"to": [11, 11, 10],
			"rotation": {"angle": 0, "axis": "y", "origin": [-1, 5, 0]},
			"faces": {
				"north": {"uv": [8, 3, 11, 5], "texture": "#4"},
				"east": {"uv": [8, 3, 11, 5], "texture": "#4"},
				"south": {"uv": [8, 3, 11, 5], "texture": "#4"},
				"west": {"uv": [8, 3, 11, 5], "texture": "#4"},
				"up": {"uv": [8, 3, 11, 5], "texture": "#4"},
				"down": {"uv": [14, 0, 15, 1], "texture": "#4"}
			}
		},
		{
			"from": [10, 2, 9],
			"to": [11, 11, 10],
			"rotation": {"angle": 0, "axis": "y", "origin": [-1, 5, 0]},
			"faces": {
				"north": {"uv": [8, 3, 11, 5], "texture": "#4"},
				"east": {"uv": [8, 3, 11, 5], "texture": "#4"},
				"south": {"uv": [8, 3, 11, 5], "texture": "#4"},
				"west": {"uv": [8, 3, 11, 5], "texture": "#4"},
				"up": {"uv": [8, 3, 11, 5], "texture": "#4"},
				"down": {"uv": [14, 0, 15, 1], "texture": "#4"}
			}
		},
		{
			"from": [7, 3, 3.9],
			"to": [10, 10, 4.1],
			"rotation": {"angle": 0, "axis": "y", "origin": [-1, 5, 0]},
			"faces": {
				"north": {"uv": [5, 0, 13, 16], "texture": "#2"},
				"east": {"uv": [2, 4, 16, 16], "texture": "#2"},
				"south": {"uv": [2, 4, 16, 16], "texture": "#2"},
				"west": {"uv": [15, 11, 16, 12], "texture": "#missing"},
				"up": {"uv": [15, 11, 16, 12], "texture": "#missing"},
				"down": {"uv": [15, 11, 16, 12], "texture": "#missing"}
			}
		},
		{
			"from": [10, 3, 4.9],
			"to": [11, 10, 5.1],
			"rotation": {"angle": 0, "axis": "y", "origin": [-1, 5, 0]},
			"faces": {
				"north": {"uv": [4.27273, 0, 5.27273, 16], "texture": "#2"},
				"east": {"uv": [2, 4, 16, 16], "texture": "#2"},
				"south": {"uv": [2, 4, 16, 16], "texture": "#2"},
				"west": {"uv": [15, 11, 16, 12], "texture": "#missing"},
				"up": {"uv": [15, 11, 16, 12], "texture": "#missing"},
				"down": {"uv": [15, 11, 16, 12], "texture": "#missing"}
			}
		},
		{
			"from": [9.9, 3, 4],
			"to": [10.1, 10, 5],
			"rotation": {"angle": 0, "axis": "y", "origin": [-1, 5, 0]},
			"faces": {
				"north": {"uv": [15, 11, 16, 12], "texture": "#missing"},
				"east": {"uv": [4.27273, 0, 5.27273, 16], "texture": "#2"},
				"south": {"uv": [2, 4, 16, 16], "texture": "#2"},
				"west": {"uv": [2, 4, 16, 16], "texture": "#2"},
				"up": {"uv": [15, 11, 16, 12], "rotation": 90, "texture": "#missing"},
				"down": {"uv": [15, 11, 16, 12], "rotation": 270, "texture": "#missing"}
			}
		},
		{
			"from": [11.9, 3, 6],
			"to": [12.1, 10, 9],
			"rotation": {"angle": 0, "axis": "y", "origin": [-1, 5, 0]},
			"faces": {
				"north": {"uv": [15, 11, 16, 12], "texture": "#missing"},
				"east": {"uv": [0.63636, 0, 11.81818, 16], "texture": "#2"},
				"south": {"uv": [2, 4, 16, 16], "texture": "#2"},
				"west": {"uv": [2, 4, 16, 16], "texture": "#2"},
				"up": {"uv": [15, 11, 16, 12], "rotation": 90, "texture": "#missing"},
				"down": {"uv": [15, 11, 16, 12], "rotation": 270, "texture": "#missing"}
			}
		},
		{
			"from": [4.9, 3, 6],
			"to": [5.1, 10, 9],
			"rotation": {"angle": 0, "axis": "y", "origin": [17, 5, 0]},
			"faces": {
				"north": {"uv": [16, 11, 15, 12], "texture": "#missing"},
				"east": {"uv": [16, 4, 2, 16], "texture": "#2"},
				"south": {"uv": [16, 4, 2, 16], "texture": "#2"},
				"west": {"uv": [11.81818, 0, 0.63636, 16], "texture": "#2"},
				"up": {"uv": [15, 12, 16, 11], "rotation": 90, "texture": "#missing"},
				"down": {"uv": [15, 12, 16, 11], "rotation": 270, "texture": "#missing"}
			}
		},
		{
			"from": [6, 3, 4.9],
			"to": [7, 10, 5.1],
			"rotation": {"angle": 0, "axis": "y", "origin": [-1, 5, 0]},
			"faces": {
				"north": {"uv": [13.72727, 0, 14.72727, 16], "texture": "#2"},
				"east": {"uv": [2, 4, 16, 16], "texture": "#2"},
				"south": {"uv": [2, 4, 16, 16], "texture": "#2"},
				"west": {"uv": [15, 11, 16, 12], "texture": "#missing"},
				"up": {"uv": [15, 11, 16, 12], "texture": "#missing"},
				"down": {"uv": [15, 11, 16, 12], "texture": "#missing"}
			}
		},
		{
			"from": [5, 3, 5.9],
			"to": [6, 10, 6.1],
			"rotation": {"angle": 0, "axis": "y", "origin": [-1, 5, 0]},
			"faces": {
				"north": {"uv": [14.27273, 0, 16, 16], "texture": "#2"},
				"east": {"uv": [2, 4, 16, 16], "texture": "#2"},
				"south": {"uv": [2, 4, 16, 16], "texture": "#2"},
				"west": {"uv": [15, 11, 16, 12], "texture": "#missing"},
				"up": {"uv": [15, 11, 16, 12], "texture": "#missing"},
				"down": {"uv": [15, 11, 16, 12], "texture": "#missing"}
			}
		},
		{
			"from": [11, 3, 5.9],
			"to": [12, 10, 6.1],
			"rotation": {"angle": 0, "axis": "y", "origin": [-1, 5, 0]},
			"faces": {
				"north": {"uv": [0, 0, 1.72727, 16], "texture": "#2"},
				"east": {"uv": [2, 4, 16, 16], "texture": "#2"},
				"south": {"uv": [2, 4, 16, 16], "texture": "#2"},
				"west": {"uv": [15, 11, 16, 12], "texture": "#missing"},
				"up": {"uv": [15, 11, 16, 12], "texture": "#missing"},
				"down": {"uv": [15, 11, 16, 12], "texture": "#missing"}
			}
		},
		{
			"from": [11, 3, 5],
			"to": [11.1, 10, 6],
			"rotation": {"angle": 0, "axis": "y", "origin": [-1, 5, 0]},
			"faces": {
				"north": {"uv": [2, 4, 16, 16], "texture": "#2"},
				"east": {"uv": [2, 16, 14, 2], "rotation": 270, "texture": "#2"},
				"south": {"uv": [15, 11, 16, 12], "texture": "#missing"},
				"west": {"uv": [0, 0, 1.72727, 16], "texture": "#2"},
				"up": {"uv": [15, 11, 16, 12], "rotation": 270, "texture": "#missing"},
				"down": {"uv": [15, 11, 16, 12], "rotation": 90, "texture": "#missing"}
			}
		},
		{
			"from": [5.9, 3, 5],
			"to": [6, 10, 6],
			"rotation": {"angle": 0, "axis": "y", "origin": [17, 5, 0]},
			"faces": {
				"north": {"uv": [16, 4, 2, 16], "texture": "#2"},
				"east": {"uv": [1.72727, 0, 0, 16], "texture": "#2"},
				"south": {"uv": [16, 11, 15, 12], "texture": "#missing"},
				"west": {"uv": [2, 2, 14, 16], "rotation": 270, "texture": "#2"},
				"up": {"uv": [15, 12, 16, 11], "rotation": 270, "texture": "#missing"},
				"down": {"uv": [15, 12, 16, 11], "rotation": 90, "texture": "#missing"}
			}
		},
		{
			"from": [5, 3, 8.9],
			"to": [6, 10, 9.1],
			"rotation": {"angle": 0, "axis": "y", "origin": [-1, 5, 16]},
			"faces": {
				"north": {"uv": [16, 4, 2, 16], "texture": "#2"},
				"east": {"uv": [16, 4, 2, 16], "texture": "#2"},
				"south": {"uv": [16, 0, 14.27273, 16], "texture": "#2"},
				"west": {"uv": [16, 11, 15, 12], "texture": "#missing"},
				"up": {"uv": [15, 12, 16, 11], "texture": "#missing"},
				"down": {"uv": [15, 12, 16, 11], "texture": "#missing"}
			}
		},
		{
			"from": [5.9, 3, 9],
			"to": [6, 10, 10],
			"rotation": {"angle": 0, "axis": "y", "origin": [17, 5, 16]},
			"faces": {
				"north": {"uv": [15, 11, 16, 12], "texture": "#missing"},
				"east": {"uv": [0, 0, 1.72727, 16], "texture": "#2"},
				"south": {"uv": [2, 4, 16, 16], "texture": "#2"},
				"west": {"uv": [2, 16, 14, 2], "rotation": 270, "texture": "#2"},
				"up": {"uv": [16, 12, 15, 11], "rotation": 270, "texture": "#missing"},
				"down": {"uv": [16, 12, 15, 11], "rotation": 90, "texture": "#missing"}
			}
		},
		{
			"from": [6, 3, 9.9],
			"to": [7, 10, 10.1],
			"rotation": {"angle": 0, "axis": "y", "origin": [-1, 5, 16]},
			"faces": {
				"north": {"uv": [16, 4, 2, 16], "texture": "#2"},
				"east": {"uv": [16, 4, 2, 16], "texture": "#2"},
				"south": {"uv": [14.72727, 0, 13.72727, 16], "texture": "#2"},
				"west": {"uv": [16, 11, 15, 12], "texture": "#missing"},
				"up": {"uv": [15, 12, 16, 11], "texture": "#missing"},
				"down": {"uv": [15, 12, 16, 11], "texture": "#missing"}
			}
		},
		{
			"from": [7, 3, 10.9],
			"to": [10, 10, 11.1],
			"rotation": {"angle": 0, "axis": "y", "origin": [-1, 5, 16]},
			"faces": {
				"north": {"uv": [16, 4, 2, 16], "texture": "#2"},
				"east": {"uv": [16, 4, 2, 16], "texture": "#2"},
				"south": {"uv": [13, 0, 5, 16], "texture": "#2"},
				"west": {"uv": [16, 11, 15, 12], "texture": "#missing"},
				"up": {"uv": [15, 12, 16, 11], "texture": "#missing"},
				"down": {"uv": [15, 12, 16, 11], "texture": "#missing"}
			}
		},
		{
			"from": [10, 3, 9.9],
			"to": [11, 10, 10.1],
			"rotation": {"angle": 0, "axis": "y", "origin": [-1, 5, 16]},
			"faces": {
				"north": {"uv": [16, 4, 2, 16], "texture": "#2"},
				"east": {"uv": [16, 4, 2, 16], "texture": "#2"},
				"south": {"uv": [5.27273, 0, 4.27273, 16], "texture": "#2"},
				"west": {"uv": [16, 11, 15, 12], "texture": "#missing"},
				"up": {"uv": [15, 12, 16, 11], "texture": "#missing"},
				"down": {"uv": [15, 12, 16, 11], "texture": "#missing"}
			}
		},
		{
			"from": [11, 3, 8.9],
			"to": [12, 10, 9.1],
			"rotation": {"angle": 0, "axis": "y", "origin": [-1, 5, 16]},
			"faces": {
				"north": {"uv": [16, 4, 2, 16], "texture": "#2"},
				"east": {"uv": [16, 4, 2, 16], "texture": "#2"},
				"south": {"uv": [1.72727, 0, 0, 16], "texture": "#2"},
				"west": {"uv": [16, 11, 15, 12], "texture": "#missing"},
				"up": {"uv": [15, 12, 16, 11], "texture": "#missing"},
				"down": {"uv": [15, 12, 16, 11], "texture": "#missing"}
			}
		},
		{
			"from": [9.9, 3, 10],
			"to": [10.1, 10, 11],
			"rotation": {"angle": 0, "axis": "y", "origin": [-1, 5, 16]},
			"faces": {
				"north": {"uv": [16, 4, 2, 16], "texture": "#2"},
				"east": {"uv": [5.27273, 0, 4.27273, 16], "texture": "#2"},
				"south": {"uv": [16, 11, 15, 12], "texture": "#missing"},
				"west": {"uv": [16, 4, 2, 16], "texture": "#2"},
				"up": {"uv": [16, 11, 15, 12], "rotation": 90, "texture": "#missing"},
				"down": {"uv": [16, 11, 15, 12], "rotation": 270, "texture": "#missing"}
			}
		},
		{
			"from": [11, 3, 9],
			"to": [11.1, 10, 10],
			"rotation": {"angle": 0, "axis": "y", "origin": [-1, 5, 16]},
			"faces": {
				"north": {"uv": [16, 11, 15, 12], "texture": "#missing"},
				"east": {"uv": [2, 2, 14, 16], "rotation": 270, "texture": "#2"},
				"south": {"uv": [16, 4, 2, 16], "texture": "#2"},
				"west": {"uv": [1.72727, 0, 0, 16], "texture": "#2"},
				"up": {"uv": [16, 11, 15, 12], "rotation": 270, "texture": "#missing"},
				"down": {"uv": [16, 11, 15, 12], "rotation": 90, "texture": "#missing"}
			}
		},
		{
			"from": [6.9, 3, 4],
			"to": [7.1, 10, 5],
			"rotation": {"angle": 0, "axis": "y", "origin": [17, 5, 0]},
			"faces": {
				"north": {"uv": [16, 11, 15, 12], "texture": "#missing"},
				"east": {"uv": [16, 4, 2, 16], "texture": "#2"},
				"south": {"uv": [16, 4, 2, 16], "texture": "#2"},
				"west": {"uv": [5.27273, 0, 4.27273, 16], "texture": "#2"},
				"up": {"uv": [15, 12, 16, 11], "rotation": 90, "texture": "#missing"},
				"down": {"uv": [15, 12, 16, 11], "rotation": 270, "texture": "#missing"}
			}
		}
	],
	"display": {
		"thirdperson_righthand": {
			"rotation": [26, 0, 0],
			"scale": [0.6, 0.6, 0.6]
		},
		"thirdperson_lefthand": {
			"rotation": [26, 0, 0]
		},
		"firstperson_righthand": {
			"rotation": [0, 123, 0],
			"translation": [0, 1, 0],
			"scale": [0.75, 0.75, 0.75]
		},
		"firstperson_lefthand": {
			"rotation": [0, 97, 0]
		},
		"ground": {
			"translation": [0, 1, 0]
		},
		"gui": {
			"rotation": [0, 20, 0],
			"translation": [1, 2, 0],
			"scale": [1.5, 1.5, 1.5]
		},
		"head": {
			"translation": [0, 6, 0]
		}
	}
}