{
	"credit": "Made with Blockbench",
	"textures": {
		"3": "block/white_wool",
		"4": "block/oak_planks",
		"5": "block/red_wool",
		"particle": "block/red_wool"
	},
	"elements": [
		{
			"from": [-1, 1, 30],
			"to": [17, 14, 32],
			"faces": {
				"north": {"uv": [0, 0, 6, 3], "texture": "#4"},
				"east": {"uv": [0, 0, 6, 3], "texture": "#4"},
				"south": {"uv": [0, 0, 6, 3], "texture": "#4"},
				"west": {"uv": [0, 0, 6, 3], "texture": "#4"},
				"up": {"uv": [0, 0, 6, 3], "texture": "#4"},
				"down": {"uv": [0, 0, 12, 16], "texture": "#4"}
			}
		},
		{
			"from": [-1, 5, 1],
			"to": [17, 7, 30],
			"faces": {
				"north": {"uv": [0, 0, 6, 3], "texture": "#4"},
				"east": {"uv": [0, 0, 6, 3], "texture": "#4"},
				"south": {"uv": [0, 0, 6, 3], "texture": "#4"},
				"west": {"uv": [0, 0, 6, 3], "texture": "#4"},
				"up": {"uv": [0, 0, 6, 3], "texture": "#4"},
				"down": {"uv": [0, 0, 12, 16], "texture": "#4"}
			}
		},
		{
			"from": [-1, 7, 1],
			"to": [17, 10, 30],
			"faces": {
				"north": {"uv": [0, 0, 11, 7], "texture": "#3"},
				"east": {"uv": [0, 0, 11, 7], "texture": "#3"},
				"south": {"uv": [0, 0, 11, 7], "texture": "#3"},
				"west": {"uv": [0, 0, 11, 7], "texture": "#3"},
				"up": {"uv": [12, 6, 15, 10], "texture": "#3"},
				"down": {"uv": [0, 0, 12, 16], "texture": "#3"}
			}
		},
		{
			"from": [-1, 9.75, 1],
			"to": [17, 10.5, 25],
			"faces": {
				"north": {"uv": [0, 0, 11, 7], "texture": "#5"},
				"east": {"uv": [0, 0, 11, 7], "texture": "#5"},
				"south": {"uv": [0, 0, 11, 7], "texture": "#5"},
				"west": {"uv": [0, 0, 11, 7], "texture": "#5"},
				"up": {"uv": [12, 6, 15, 10], "texture": "#5"},
				"down": {"uv": [0, 0, 12, 16], "texture": "#5"}
			}
		},
		{
			"from": [0, 10.25, 1],
			"to": [16, 10.75, 25],
			"faces": {
				"north": {"uv": [0, 0, 11, 7], "texture": "#5"},
				"east": {"uv": [0, 0, 11, 7], "texture": "#5"},
				"south": {"uv": [0, 0, 11, 7], "texture": "#5"},
				"west": {"uv": [0, 0, 11, 7], "texture": "#5"},
				"up": {"uv": [12, 6, 15, 10], "texture": "#5"},
				"down": {"uv": [0, 0, 12, 16], "texture": "#5"}
			}
		},
		{
			"from": [-1.5, 8, 1],
			"to": [-1, 10, 25],
			"faces": {
				"north": {"uv": [0, 0, 11, 7], "texture": "#5"},
				"east": {"uv": [0, 0, 11, 7], "texture": "#5"},
				"south": {"uv": [0, 0, 11, 7], "texture": "#5"},
				"west": {"uv": [0, 0, 11, 1], "texture": "#5"},
				"up": {"uv": [12, 6, 15, 10], "texture": "#5"},
				"down": {"uv": [0, 0, 12, 16], "texture": "#5"}
			}
		},
		{
			"from": [17, 8, 1],
			"to": [17.5, 10, 25],
			"faces": {
				"north": {"uv": [0, 0, 11, 7], "texture": "#5"},
				"east": {"uv": [0, 0, 11, 7], "texture": "#5"},
				"south": {"uv": [0, 0, 11, 7], "texture": "#5"},
				"west": {"uv": [0, 0, 11, 1], "texture": "#5"},
				"up": {"uv": [12, 6, 15, 10], "texture": "#5"},
				"down": {"uv": [0, 0, 12, 16], "texture": "#5"}
			}
		},
		{
			"from": [0, 10, 25],
			"to": [16, 12, 30],
			"faces": {
				"north": {"uv": [12, 7, 15, 9], "texture": "#3"},
				"east": {"uv": [12, 7, 15, 9], "texture": "#3"},
				"south": {"uv": [12, 7, 15, 9], "texture": "#3"},
				"west": {"uv": [12, 7, 15, 9], "texture": "#3"},
				"up": {"uv": [12, 9, 15, 11], "texture": "#3"},
				"down": {"uv": [0, 0, 12, 16], "texture": "#3"}
			}
		},
		{
			"from": [0.5, 12, 26],
			"to": [15.5, 12.5, 30],
			"faces": {
				"north": {"uv": [12, 7, 15, 9], "texture": "#3"},
				"east": {"uv": [12, 7, 15, 9], "texture": "#3"},
				"south": {"uv": [12, 7, 15, 9], "texture": "#3"},
				"west": {"uv": [12, 7, 15, 9], "texture": "#3"},
				"up": {"uv": [12, 9, 14, 11], "texture": "#3"},
				"down": {"uv": [0, 0, 12, 16], "texture": "#3"}
			}
		},
		{
			"from": [-1, 1, -1],
			"to": [17, 12, 1],
			"faces": {
				"north": {"uv": [6, 8, 12, 11], "texture": "#4"},
				"east": {"uv": [0, 0, 6, 3], "texture": "#4"},
				"south": {"uv": [0, 0, 6, 3], "texture": "#4"},
				"west": {"uv": [0, 0, 6, 3], "texture": "#4"},
				"up": {"uv": [0, 0, 6, 3], "texture": "#4"},
				"down": {"uv": [0, 0, 12, 16], "texture": "#4"}
			}
		},
		{
			"from": [-1, 12, -1],
			"to": [3, 14, 1],
			"faces": {
				"north": {"uv": [9, 4, 15, 7], "texture": "#4"},
				"east": {"uv": [0, 0, 6, 3], "texture": "#4"},
				"south": {"uv": [0, 0, 6, 3], "texture": "#4"},
				"west": {"uv": [0, 0, 6, 3], "texture": "#4"},
				"up": {"uv": [0, 0, 6, 3], "texture": "#4"},
				"down": {"uv": [0, 0, 12, 16], "texture": "#4"}
			}
		},
		{
			"from": [13, 12, -1],
			"to": [17, 14, 1],
			"faces": {
				"north": {"uv": [8, 0, 14, 3], "texture": "#4"},
				"east": {"uv": [0, 0, 6, 3], "texture": "#4"},
				"south": {"uv": [0, 0, 6, 3], "texture": "#4"},
				"west": {"uv": [0, 0, 6, 3], "texture": "#4"},
				"up": {"uv": [0, 0, 6, 3], "texture": "#4"},
				"down": {"uv": [0, 0, 12, 16], "texture": "#4"}
			}
		},
		{
			"from": [13, 14, 30],
			"to": [17, 15.75, 32],
			"faces": {
				"north": {"uv": [8, 0, 14, 3], "texture": "#4"},
				"east": {"uv": [0, 0, 6, 3], "texture": "#4"},
				"south": {"uv": [0, 0, 6, 3], "texture": "#4"},
				"west": {"uv": [0, 0, 6, 3], "texture": "#4"},
				"up": {"uv": [0, 0, 6, 3], "texture": "#4"},
				"down": {"uv": [0, 0, 12, 16], "texture": "#4"}
			}
		},
		{
			"from": [-1, 14, 30],
			"to": [3, 15.75, 32],
			"faces": {
				"north": {"uv": [9, 4, 15, 7], "texture": "#4"},
				"east": {"uv": [0, 0, 6, 3], "texture": "#4"},
				"south": {"uv": [0, 0, 6, 3], "texture": "#4"},
				"west": {"uv": [0, 0, 6, 3], "texture": "#4"},
				"up": {"uv": [0, 0, 6, 3], "texture": "#4"},
				"down": {"uv": [0, 0, 12, 16], "texture": "#4"}
			}
		}
	],
	"display": {
		"thirdperson_righthand": {
			"scale": [0.75, 0.75, 0.75]
		},
		"firstperson_righthand": {
			"scale": [0.7, 0.7, 0.7]
		},
		"firstperson_lefthand": {
			"scale": [0.7, 0.7, 0.7]
		},
		"ground": {
			"scale": [0.5, 0.5, 0.5]
		},
		"gui": {
			"rotation": [7, -24, 0],
			"translation": [0, -3, 0],
			"scale": [0.5, 0.5, 0.5]
		},
		"fixed": {
			"rotation": [-90, 0, 0],
			"translation": [0, 0, -14],
			"scale": [2, 2, 2]
		}
	}
}