{
	"credit": "Made with Blockbench",
	"textures": {
		"0": "block/red_terracotta",
		"2": "block/packed_mud",
		"particle": "block/red_terracotta"
	},
	"elements": [
		{
			"from": [5.5, 5, 5.5],
			"to": [10.5, 6, 10.5],
			"faces": {
				"north": {"uv": [0, 0, 5, 1], "texture": "#0"},
				"east": {"uv": [0, 0, 5, 1], "texture": "#0"},
				"south": {"uv": [0, 0, 5, 1], "texture": "#0"},
				"west": {"uv": [0, 0, 5, 1], "texture": "#0"},
				"up": {"uv": [0, 0, 5, 5], "texture": "#0"},
				"down": {"uv": [0, 0, 5, 5], "texture": "#0"}
			}
		},
		{
			"from": [6, 6, 6],
			"to": [10, 8, 10],
			"faces": {
				"north": {"uv": [0, 0, 4, 2], "texture": "#2"},
				"east": {"uv": [0, 0, 4, 2], "texture": "#2"},
				"south": {"uv": [0, 0, 4, 2], "texture": "#2"},
				"west": {"uv": [0, 0, 4, 2], "texture": "#2"},
				"up": {"uv": [0, 0, 4, 4], "texture": "#2"},
				"down": {"uv": [0, 0, 4, 4], "texture": "#2"}
			}
		},
		{
			"from": [6.5, 8, 6.5],
			"to": [9.5, 8.8, 9.5],
			"faces": {
				"north": {"uv": [0, 0, 3, 0.8], "texture": "#2"},
				"east": {"uv": [0, 0, 3, 0.8], "texture": "#2"},
				"south": {"uv": [0, 0, 3, 0.8], "texture": "#2"},
				"west": {"uv": [0, 0, 3, 0.8], "texture": "#2"},
				"up": {"uv": [0, 0, 3, 3], "texture": "#2"},
				"down": {"uv": [0, 0, 3, 3], "texture": "#2"}
			}
		},
		{
			"from": [5.5, 6, 10.5],
			"to": [10.5, 7.5, 11],
			"faces": {
				"north": {"uv": [0, 0, 5, 1.5], "texture": "#0"},
				"east": {"uv": [0, 0, 0.5, 1.5], "texture": "#0"},
				"south": {"uv": [0, 0, 5, 1.5], "texture": "#0"},
				"west": {"uv": [0, 0, 0.5, 1.5], "texture": "#0"},
				"up": {"uv": [0, 0, 5, 0.5], "texture": "#0"},
				"down": {"uv": [0, 0, 5, 0.5], "texture": "#0"}
			}
		},
		{
			"from": [5.5, 7.5, 11],
			"to": [10.5, 8.5, 11.5],
			"faces": {
				"north": {"uv": [0, 0, 5, 1], "texture": "#0"},
				"east": {"uv": [0, 0, 0.5, 1], "texture": "#0"},
				"south": {"uv": [0, 0, 5, 1], "texture": "#0"},
				"west": {"uv": [0, 0, 0.5, 1], "texture": "#0"},
				"up": {"uv": [0, 0, 5, 0.5], "texture": "#0"},
				"down": {"uv": [0, 0, 5, 0.5], "texture": "#0"}
			}
		},
		{
			"from": [5.5, 8.5, 11.5],
			"to": [10.5, 9.5, 12],
			"faces": {
				"north": {"uv": [0, 0, 5, 1], "texture": "#0"},
				"east": {"uv": [0, 0, 0.5, 1], "texture": "#0"},
				"south": {"uv": [0, 0, 5, 1], "texture": "#0"},
				"west": {"uv": [0, 0, 0.5, 1], "texture": "#0"},
				"up": {"uv": [0, 0, 5, 0.5], "texture": "#0"},
				"down": {"uv": [0, 0, 5, 0.5], "texture": "#0"}
			}
		},
		{
			"from": [5, 6, 5.5],
			"to": [5.5, 7.5, 10.5],
			"faces": {
				"north": {"uv": [0, 0, 0.5, 1.5], "texture": "#0"},
				"east": {"uv": [0, 0, 5, 1.5], "texture": "#0"},
				"south": {"uv": [0, 0, 0.5, 1.5], "texture": "#0"},
				"west": {"uv": [0, 0, 5, 1.5], "texture": "#0"},
				"up": {"uv": [0, 0, 0.5, 5], "texture": "#0"},
				"down": {"uv": [0, 0, 0.5, 5], "texture": "#0"}
			}
		},
		{
			"from": [4.5, 7.5, 5.5],
			"to": [5, 8.5, 10.5],
			"faces": {
				"north": {"uv": [0, 0, 0.5, 1], "texture": "#0"},
				"east": {"uv": [0, 0, 5, 1], "texture": "#0"},
				"south": {"uv": [0, 0, 0.5, 1], "texture": "#0"},
				"west": {"uv": [0, 0, 5, 1], "texture": "#0"},
				"up": {"uv": [0, 0, 0.5, 5], "texture": "#0"},
				"down": {"uv": [0, 0, 0.5, 5], "texture": "#0"}
			}
		},
		{
			"from": [4, 8.5, 5.5],
			"to": [4.5, 9.5, 10.5],
			"faces": {
				"north": {"uv": [0, 0, 0.5, 1], "texture": "#0"},
				"east": {"uv": [0, 0, 5, 1], "texture": "#0"},
				"south": {"uv": [0, 0, 0.5, 1], "texture": "#0"},
				"west": {"uv": [0, 0, 5, 1], "texture": "#0"},
				"up": {"uv": [0, 0, 0.5, 5], "texture": "#0"},
				"down": {"uv": [0, 0, 0.5, 5], "texture": "#0"}
			}
		},
		{
			"from": [11.5, 8.5, 5.5],
			"to": [12, 9.5, 10.5],
			"rotation": {"angle": 0, "axis": "y", "origin": [16, 0, 16]},
			"faces": {
				"north": {"uv": [1, 0, 1.5, 1], "texture": "#0"},
				"east": {"uv": [10, 0, 15, 1], "texture": "#0"},
				"south": {"uv": [1, 0, 1.5, 1], "texture": "#0"},
				"west": {"uv": [10, 0, 15, 1], "texture": "#0"},
				"up": {"uv": [0.5, 5, 1, 10], "texture": "#0"},
				"down": {"uv": [0.5, 5, 1, 10], "texture": "#0"}
			}
		},
		{
			"from": [5.5, 6, 5],
			"to": [10.5, 7.5, 5.5],
			"rotation": {"angle": 0, "axis": "y", "origin": [16, 0, 16]},
			"faces": {
				"north": {"uv": [10, 0, 15, 1.5], "texture": "#0"},
				"east": {"uv": [1, 0, 1.5, 1.5], "texture": "#0"},
				"south": {"uv": [10, 0, 15, 1.5], "texture": "#0"},
				"west": {"uv": [1, 0, 1.5, 1.5], "texture": "#0"},
				"up": {"uv": [5, 0.5, 10, 1], "texture": "#0"},
				"down": {"uv": [5, 0.5, 10, 1], "texture": "#0"}
			}
		},
		{
			"from": [10.5, 6, 5.5],
			"to": [11, 7.5, 10.5],
			"rotation": {"angle": 0, "axis": "y", "origin": [16, 0, 16]},
			"faces": {
				"north": {"uv": [1, 0, 1.5, 1.5], "texture": "#0"},
				"east": {"uv": [10, 0, 15, 1.5], "texture": "#0"},
				"south": {"uv": [1, 0, 1.5, 1.5], "texture": "#0"},
				"west": {"uv": [10, 0, 15, 1.5], "texture": "#0"},
				"up": {"uv": [0.5, 5, 1, 10], "texture": "#0"},
				"down": {"uv": [0.5, 5, 1, 10], "texture": "#0"}
			}
		},
		{
			"from": [5.5, 7.5, 4.5],
			"to": [10.5, 8.5, 5],
			"rotation": {"angle": 0, "axis": "y", "origin": [16, 0, 16]},
			"faces": {
				"north": {"uv": [10, 0, 15, 1], "texture": "#0"},
				"east": {"uv": [1, 0, 1.5, 1], "texture": "#0"},
				"south": {"uv": [10, 0, 15, 1], "texture": "#0"},
				"west": {"uv": [1, 0, 1.5, 1], "texture": "#0"},
				"up": {"uv": [5, 0.5, 10, 1], "texture": "#0"},
				"down": {"uv": [5, 0.5, 10, 1], "texture": "#0"}
			}
		},
		{
			"from": [5.5, 8.5, 4],
			"to": [10.5, 9.5, 4.5],
			"rotation": {"angle": 0, "axis": "y", "origin": [16, 0, 16]},
			"faces": {
				"north": {"uv": [10, 0, 15, 1], "texture": "#0"},
				"east": {"uv": [1, 0, 1.5, 1], "texture": "#0"},
				"south": {"uv": [10, 0, 15, 1], "texture": "#0"},
				"west": {"uv": [1, 0, 1.5, 1], "texture": "#0"},
				"up": {"uv": [5, 0.5, 10, 1], "texture": "#0"},
				"down": {"uv": [5, 0.5, 10, 1], "texture": "#0"}
			}
		},
		{
			"from": [4.5, 7.5, 4.5],
			"to": [5.5, 9.5, 5.5],
			"rotation": {"angle": 0, "axis": "y", "origin": [16, 0, 16]},
			"faces": {
				"north": {"uv": [10, 0, 11, 2], "texture": "#0"},
				"east": {"uv": [1, 0, 2, 2], "texture": "#0"},
				"south": {"uv": [10, 0, 11, 2], "texture": "#0"},
				"west": {"uv": [1, 0, 2, 2], "texture": "#0"},
				"up": {"uv": [5, 0.5, 6, 1.5], "texture": "#0"},
				"down": {"uv": [5, 0.5, 6, 1.5], "texture": "#0"}
			}
		},
		{
			"from": [4.5, 7.5, 10.5],
			"to": [5.5, 9.5, 11.5],
			"rotation": {"angle": 0, "axis": "y", "origin": [16, 0, 16]},
			"faces": {
				"north": {"uv": [10, 0, 11, 2], "texture": "#0"},
				"east": {"uv": [1, 0, 2, 2], "texture": "#0"},
				"south": {"uv": [10, 0, 11, 2], "texture": "#0"},
				"west": {"uv": [1, 0, 2, 2], "texture": "#0"},
				"up": {"uv": [5, 0.5, 6, 1.5], "texture": "#0"},
				"down": {"uv": [5, 0.5, 6, 1.5], "texture": "#0"}
			}
		},
		{
			"from": [10.5, 7.5, 10.5],
			"to": [11.5, 9.5, 11.5],
			"rotation": {"angle": 0, "axis": "y", "origin": [16, 0, 16]},
			"faces": {
				"north": {"uv": [10, 0, 11, 2], "texture": "#0"},
				"east": {"uv": [1, 0, 2, 2], "texture": "#0"},
				"south": {"uv": [10, 0, 11, 2], "texture": "#0"},
				"west": {"uv": [1, 0, 2, 2], "texture": "#0"},
				"up": {"uv": [5, 0.5, 6, 1.5], "texture": "#0"},
				"down": {"uv": [5, 0.5, 6, 1.5], "texture": "#0"}
			}
		},
		{
			"from": [10.5, 7.5, 4.5],
			"to": [11.5, 9.5, 5.5],
			"rotation": {"angle": 0, "axis": "y", "origin": [16, 0, 16]},
			"faces": {
				"north": {"uv": [10, 0, 11, 2], "texture": "#0"},
				"east": {"uv": [1, 0, 2, 2], "texture": "#0"},
				"south": {"uv": [10, 0, 11, 2], "texture": "#0"},
				"west": {"uv": [1, 0, 2, 2], "texture": "#0"},
				"up": {"uv": [5, 0.5, 6, 1.5], "texture": "#0"},
				"down": {"uv": [5, 0.5, 6, 1.5], "texture": "#0"}
			}
		},
		{
			"from": [11, 7.5, 5.5],
			"to": [11.5, 8.5, 10.5],
			"rotation": {"angle": 0, "axis": "y", "origin": [16, 0, 16]},
			"faces": {
				"north": {"uv": [1, 0, 1.5, 1], "texture": "#0"},
				"east": {"uv": [10, 0, 15, 1], "texture": "#0"},
				"south": {"uv": [1, 0, 1.5, 1], "texture": "#0"},
				"west": {"uv": [10, 0, 15, 1], "texture": "#0"},
				"up": {"uv": [0.5, 5, 1, 10], "texture": "#0"},
				"down": {"uv": [0.5, 5, 1, 10], "texture": "#0"}
			}
		}
	],
	"display": {
		"gui": {
			"scale": [1.5, 1.5, 1.5]
		},
		"head": {
			"translation": [0, 3, 0],
			"scale": [2, 2, 2]
		},
		"fixed": {
			"rotation": [-91, 0, 0],
			"translation": [0, 0, -4],
			"scale": [2, 2, 2]
		}
	}
}