{
	"credit": "Made with Blockbench",
	"textures": {
		"0": "block/gold_block",
		"1": "block/gray_wool",
		"particle": "block/gold_block"
	},
	"elements": [
		{
			"from": [4, -1.5, 10.75],
			"to": [12, -0.5, 12.75],
			"rotation": {"angle": 0, "axis": "y", "origin": [0, -1, 2]},
			"faces": {
				"north": {"uv": [14, 2, 12, 4], "rotation": 90, "texture": "#0"},
				"east": {"uv": [14, 2, 12, 4], "rotation": 90, "texture": "#0"},
				"south": {"uv": [14, 4, 12, 2], "rotation": 90, "texture": "#0"},
				"west": {"uv": [14, 2, 12, 4], "rotation": 90, "texture": "#0"},
				"up": {"uv": [14, 2, 12, 4], "rotation": 90, "texture": "#0"},
				"down": {"uv": [13, 13, 11, 11], "rotation": 90, "texture": "#0"}
			}
		},
		{
			"from": [4, 7.5, 10.75],
			"to": [12, 8.5, 12.75],
			"rotation": {"angle": 0, "axis": "y", "origin": [0, -1, 2]},
			"faces": {
				"north": {"uv": [14, 2, 12, 4], "rotation": 90, "texture": "#0"},
				"east": {"uv": [14, 2, 12, 4], "rotation": 90, "texture": "#0"},
				"south": {"uv": [14, 4, 12, 2], "rotation": 90, "texture": "#0"},
				"west": {"uv": [14, 2, 12, 4], "rotation": 90, "texture": "#0"},
				"up": {"uv": [14, 2, 12, 4], "rotation": 90, "texture": "#0"},
				"down": {"uv": [13, 13, 11, 11], "rotation": 90, "texture": "#0"}
			}
		},
		{
			"from": [6, 8.5, 10.75],
			"to": [10, 8.75, 12.75],
			"rotation": {"angle": 0, "axis": "y", "origin": [0, -1, 2]},
			"faces": {
				"north": {"uv": [14, 2, 12, 4], "rotation": 90, "texture": "#1"},
				"east": {"uv": [14, 2, 12, 4], "rotation": 90, "texture": "#1"},
				"south": {"uv": [14, 4, 12, 2], "rotation": 90, "texture": "#1"},
				"west": {"uv": [14, 2, 12, 4], "rotation": 90, "texture": "#1"},
				"up": {"uv": [14, 2, 12, 4], "rotation": 90, "texture": "#1"},
				"down": {"uv": [13, 13, 11, 11], "rotation": 90, "texture": "#1"}
			}
		},
		{
			"from": [3, -0.5, 11],
			"to": [4, 7.5, 13],
			"rotation": {"angle": 0, "axis": "y", "origin": [0, -1, 2]},
			"faces": {
				"north": {"uv": [14, 2, 12, 4], "rotation": 90, "texture": "#0"},
				"east": {"uv": [14, 2, 12, 4], "rotation": 90, "texture": "#0"},
				"south": {"uv": [14, 4, 12, 2], "rotation": 90, "texture": "#0"},
				"west": {"uv": [14, 2, 12, 4], "rotation": 90, "texture": "#0"},
				"up": {"uv": [14, 2, 12, 4], "rotation": 90, "texture": "#0"},
				"down": {"uv": [13, 13, 11, 11], "rotation": 90, "texture": "#0"}
			}
		},
		{
			"from": [12, -0.5, 11],
			"to": [13, 7.5, 13],
			"rotation": {"angle": 0, "axis": "y", "origin": [16, -1, 2]},
			"faces": {
				"north": {"uv": [14, 2, 12, 4], "rotation": 90, "texture": "#0"},
				"east": {"uv": [14, 2, 12, 4], "rotation": 90, "texture": "#0"},
				"south": {"uv": [14, 2, 12, 4], "rotation": 90, "texture": "#0"},
				"west": {"uv": [14, 2, 12, 4], "rotation": 90, "texture": "#0"},
				"up": {"uv": [14, 2, 12, 4], "rotation": 90, "texture": "#0"},
				"down": {"uv": [13, 11, 11, 13], "rotation": 90, "texture": "#0"}
			}
		}
	],
	"display": {
		"thirdperson_righthand": {
			"scale": [0.5, 0.5, 0.5]
		},
		"thirdperson_lefthand": {
			"scale": [0.5, 0.5, 0.5]
		},
		"firstperson_righthand": {
			"translation": [0, 2, 0]
		},
		"firstperson_lefthand": {
			"translation": [0, 2, 0]
		},
		"ground": {
			"rotation": [92, 0, 0],
			"scale": [0.8, 0.8, 0.8]
		},
		"gui": {
			"rotation": [108, 0, 0],
			"translation": [0, 4, 0],
			"scale": [1.5, 1.5, 1.5]
		},
		"head": {
			"rotation": [-90, 0, 0],
			"translation": [0, -7, -5]
		},
		"fixed": {
			"translation": [0, 6, -8],
			"scale": [2, 2, 2]
		}
	}
}