{
	"credit": "Made with Blockbench",
	"textures": {
		"1": "block/blue_wool",
		"2": "custom/toybricks",
		"particle": "custom/toybricks"
	},
	"elements": [
		{
			"from": [4, 6, 6],
			"to": [13, 8, 11],
			"rotation": {"angle": 0, "axis": "y", "origin": [16, 3, 0]},
			"faces": {
				"north": {"uv": [3, 0, 0, 4], "texture": "#1"},
				"east": {"uv": [3, 0, 0, 4], "texture": "#1"},
				"south": {"uv": [3, 0, 0, 4], "texture": "#1"},
				"west": {"uv": [4, 0, 0, 11], "texture": "#1"},
				"up": {"uv": [16, 0, 0, 15.5], "texture": "#2"},
				"down": {"uv": [8, 0, 0, 4], "texture": "#1"}
			}
		}
	],
	"display": {
		"ground": {
			"scale": [1.2, 1.2, 1.2]
		},
		"gui": {
			"rotation": [94, 0, 15],
			"scale": [2, 2, 2]
		},
		"head": {
			"scale": [1.5, 1.5, 1.5]
		}
	}
}