{
	"credit": "Made with Blockbench",
	"textures": {
		"0": "block/oak_planks",
		"2": "block/stripped_oak_log_top",
		"3": "block/lime_terracotta",
		"4": "block/white_wool",
		"5": "block/red_wool",
		"6": "block/light_blue_terracotta",
		"7": "block/orange_concrete_powder",
		"8": "block/light_gray_concrete",
		"9": "block/yellow_terracotta",
		"particle": "block/oak_planks"
	},
	"elements": [
		{
			"from": [15, 2, 1],
			"to": [16, 15, 15],
			"faces": {
				"north": {"uv": [0, 0, 4, 3], "texture": "#0"},
				"east": {"uv": [2, 2, 14, 14], "texture": "#2"},
				"south": {"uv": [0, 0, 4, 3], "texture": "#0"},
				"west": {"uv": [0, 0, 4, 3], "texture": "#0"},
				"up": {"uv": [0, 0, 2, 2], "texture": "#0"},
				"down": {"uv": [0, 0, 2, 2], "texture": "#0"}
			}
		},
		{
			"from": [1, 2, 14],
			"to": [15, 30, 15],
			"faces": {
				"north": {"uv": [0, 0, 4, 3], "texture": "#0"},
				"east": {"uv": [0, 0, 4, 3], "texture": "#0"},
				"south": {"uv": [0, 0, 4, 3], "texture": "#0"},
				"west": {"uv": [0, 0, 4, 3], "texture": "#0"},
				"up": {"uv": [0, 0, 2, 2], "texture": "#0"},
				"down": {"uv": [0, 0, 2, 2], "texture": "#0"}
			}
		},
		{
			"from": [0, 2, 1],
			"to": [1, 15, 15],
			"faces": {
				"north": {"uv": [0, 0, 4, 3], "texture": "#0"},
				"east": {"uv": [0, 0, 4, 3], "texture": "#0"},
				"south": {"uv": [0, 0, 4, 3], "texture": "#0"},
				"west": {"uv": [2, 2, 14, 14], "texture": "#2"},
				"up": {"uv": [0, 0, 2, 2], "texture": "#0"},
				"down": {"uv": [0, 0, 2, 2], "texture": "#0"}
			}
		},
		{
			"from": [0, 17, 1],
			"to": [1, 30, 15],
			"faces": {
				"north": {"uv": [0, 0, 4, 3], "texture": "#0"},
				"east": {"uv": [0, 0, 4, 3], "texture": "#0"},
				"south": {"uv": [0, 0, 4, 3], "texture": "#0"},
				"west": {"uv": [2, 2, 14, 14], "texture": "#2"},
				"up": {"uv": [0, 0, 2, 2], "texture": "#0"},
				"down": {"uv": [0, 0, 2, 2], "texture": "#0"}
			}
		},
		{
			"from": [15, 17, 1],
			"to": [16, 30, 15],
			"faces": {
				"north": {"uv": [0, 0, 4, 3], "texture": "#0"},
				"east": {"uv": [2, 2, 14, 14], "texture": "#2"},
				"south": {"uv": [0, 0, 4, 3], "texture": "#0"},
				"west": {"uv": [0, 0, 4, 3], "texture": "#0"},
				"up": {"uv": [0, 0, 2, 2], "texture": "#0"},
				"down": {"uv": [0, 0, 2, 2], "texture": "#0"}
			}
		},
		{
			"from": [0, 0, 1],
			"to": [16, 2, 15],
			"faces": {
				"north": {"uv": [3, 7, 12, 9], "texture": "#2"},
				"east": {"uv": [0, 0, 4, 3], "texture": "#0"},
				"south": {"uv": [0, 0, 4, 3], "texture": "#0"},
				"west": {"uv": [0, 0, 4, 3], "texture": "#0"},
				"up": {"uv": [0, 0, 2, 2], "texture": "#0"},
				"down": {"uv": [0, 0, 2, 2], "texture": "#0"}
			}
		},
		{
			"from": [0, 15, 1],
			"to": [16, 17, 15],
			"faces": {
				"north": {"uv": [1, 1, 4, 3], "texture": "#0"},
				"east": {"uv": [0, 0, 4, 3], "texture": "#0"},
				"south": {"uv": [0, 0, 4, 3], "texture": "#0"},
				"west": {"uv": [0, 0, 4, 3], "texture": "#0"},
				"up": {"uv": [0, 0, 2, 2], "texture": "#0"},
				"down": {"uv": [0, 0, 2, 2], "texture": "#0"}
			}
		},
		{
			"from": [14, 12, 3],
			"to": [16, 23, 13],
			"rotation": {"angle": 22.5, "axis": "z", "origin": [0, 0, 0]},
			"faces": {
				"north": {"uv": [1, 1, 4, 3], "texture": "#3"},
				"east": {"uv": [0, 0, 4, 3], "texture": "#3"},
				"south": {"uv": [0, 0, 4, 3], "texture": "#3"},
				"west": {"uv": [0, 0, 4, 3], "texture": "#3"},
				"up": {"uv": [0, 0, 16, 6], "texture": "#4"},
				"down": {"uv": [0, 0, 2, 2], "texture": "#3"}
			}
		},
		{
			"from": [3, 17, 3],
			"to": [5, 28, 13],
			"faces": {
				"north": {"uv": [1, 1, 4, 3], "texture": "#5"},
				"east": {"uv": [0, 0, 4, 3], "texture": "#5"},
				"south": {"uv": [0, 0, 4, 3], "texture": "#5"},
				"west": {"uv": [0, 0, 4, 3], "texture": "#5"},
				"up": {"uv": [0, 0, 16, 6], "texture": "#4"},
				"down": {"uv": [0, 0, 2, 2], "texture": "#5"}
			}
		},
		{
			"from": [1, 17, 2.5],
			"to": [3, 27.5, 12.5],
			"faces": {
				"north": {"uv": [1, 1, 4, 3], "texture": "#6"},
				"east": {"uv": [0, 0, 4, 3], "texture": "#6"},
				"south": {"uv": [0, 0, 4, 3], "texture": "#6"},
				"west": {"uv": [0, 0, 4, 3], "texture": "#6"},
				"up": {"uv": [0, 0, 16, 6], "texture": "#4"},
				"down": {"uv": [0, 0, 2, 2], "texture": "#6"}
			}
		},
		{
			"from": [1, 2, 2.5],
			"to": [3, 12, 12.5],
			"faces": {
				"north": {"uv": [1, 1, 4, 3], "texture": "#3"},
				"east": {"uv": [0, 0, 4, 3], "texture": "#3"},
				"south": {"uv": [0, 0, 4, 3], "texture": "#3"},
				"west": {"uv": [0, 0, 4, 3], "texture": "#3"},
				"up": {"uv": [0, 0, 16, 6], "texture": "#4"},
				"down": {"uv": [0, 0, 2, 2], "texture": "#3"}
			}
		},
		{
			"from": [3.5, 2, 3],
			"to": [5.5, 6, 13],
			"faces": {
				"north": {"uv": [1, 1, 4, 3], "texture": "#9"},
				"east": {"uv": [0, 0, 4, 3], "texture": "#9"},
				"south": {"uv": [0, 0, 4, 3], "texture": "#9"},
				"west": {"uv": [0, 0, 4, 3], "texture": "#9"},
				"up": {"uv": [0, 0, 16, 6], "texture": "#9"},
				"down": {"uv": [0, 0, 2, 2], "texture": "#9"}
			}
		},
		{
			"from": [3, 6, 3],
			"to": [5, 11, 13],
			"faces": {
				"north": {"uv": [1, 1, 4, 3], "texture": "#9"},
				"east": {"uv": [0, 0, 4, 3], "texture": "#9"},
				"south": {"uv": [0, 0, 4, 3], "texture": "#9"},
				"west": {"uv": [0, 0, 4, 3], "texture": "#9"},
				"up": {"uv": [0, 0, 16, 6], "texture": "#4"},
				"down": {"uv": [0, 0, 2, 2], "texture": "#9"}
			}
		},
		{
			"from": [7.5, 2, 3],
			"to": [14.5, 3, 13],
			"faces": {
				"north": {"uv": [1, 1, 16, 8], "texture": "#4"},
				"east": {"uv": [0, 0, 4, 3], "texture": "#8"},
				"south": {"uv": [0, 0, 4, 3], "texture": "#8"},
				"west": {"uv": [0, 0, 4, 3], "texture": "#8"},
				"up": {"uv": [0, 0, 16, 6], "texture": "#8"},
				"down": {"uv": [0, 0, 2, 2], "texture": "#8"}
			}
		},
		{
			"from": [3.5, 20, 1.5],
			"to": [5, 28, 11.5],
			"rotation": {"angle": -22.5, "axis": "z", "origin": [0, 0, 0]},
			"faces": {
				"north": {"uv": [3, 4, 5, 5], "texture": "#7"},
				"east": {"uv": [0, 0, 4, 3], "texture": "#7"},
				"south": {"uv": [0, 0, 4, 3], "texture": "#7"},
				"west": {"uv": [0, 0, 4, 3], "texture": "#7"},
				"up": {"uv": [0, 0, 16, 6], "texture": "#4"},
				"down": {"uv": [0, 0, 2, 2], "texture": "#7"}
			}
		},
		{
			"from": [0, 30, 1],
			"to": [16, 31, 15],
			"faces": {
				"north": {"uv": [1, 1, 4, 3], "texture": "#0"},
				"east": {"uv": [0, 0, 4, 3], "texture": "#0"},
				"south": {"uv": [0, 0, 4, 3], "texture": "#0"},
				"west": {"uv": [0, 0, 4, 3], "texture": "#0"},
				"up": {"uv": [0, 0, 2, 2], "texture": "#0"},
				"down": {"uv": [0, 0, 2, 2], "texture": "#0"}
			}
		}
	],
	"display": {
		"fixed": {
			"rotation": [-90, 0, 0],
			"translation": [0, 0, -14],
			"scale": [2, 2, 2]
		}
	}
}