{
	"credit": "Made with Blockbench",
	"textures": {
		"0": "block/stripped_oak_log",
		"1": "block/ancient_debris_side",
		"2": "block/gold_block",
		"3": "block/green_wool",
		"4": "block/white_wool",
		"particle": "block/stripped_oak_log"
	},
	"elements": [
		{
			"from": [6, 2, 5],
			"to": [10, 3, 11],
			"rotation": {"angle": 0, "axis": "y", "origin": [-1, 3, 0]},
			"faces": {
				"north": {"uv": [2, 4, 16, 16], "texture": "#0"},
				"east": {"uv": [2, 4, 16, 16], "texture": "#0"},
				"south": {"uv": [2, 4, 16, 16], "texture": "#0"},
				"west": {"uv": [2, 4, 16, 16], "texture": "#0"},
				"up": {"uv": [0, 0, 1, 13], "texture": "#0"},
				"down": {"uv": [0, 0, 1, 13], "texture": "#0"}
			}
		},
		{
			"from": [5, 2, 6],
			"to": [11, 3, 10],
			"rotation": {"angle": 0, "axis": "y", "origin": [-1, 3, 0]},
			"faces": {
				"north": {"uv": [2, 4, 16, 16], "texture": "#0"},
				"east": {"uv": [2, 4, 16, 16], "texture": "#0"},
				"south": {"uv": [2, 4, 16, 16], "texture": "#0"},
				"west": {"uv": [2, 4, 16, 16], "texture": "#0"},
				"up": {"uv": [0, 0, 1, 13], "texture": "#0"},
				"down": {"uv": [0, 0, 1, 13], "texture": "#0"}
			}
		},
		{
			"from": [5, 5.5, 6],
			"to": [11, 6.5, 10],
			"rotation": {"angle": 0, "axis": "y", "origin": [-1, 3, 0]},
			"faces": {
				"north": {"uv": [2, 4, 16, 16], "texture": "#0"},
				"east": {"uv": [2, 4, 16, 16], "texture": "#0"},
				"south": {"uv": [2, 4, 16, 16], "texture": "#0"},
				"west": {"uv": [2, 4, 16, 16], "texture": "#0"},
				"up": {"uv": [0, 0, 1, 13], "texture": "#0"},
				"down": {"uv": [0, 0, 1, 13], "texture": "#0"}
			}
		},
		{
			"from": [6, 5.5, 5],
			"to": [10, 6.5, 11],
			"rotation": {"angle": 0, "axis": "y", "origin": [-1, 3, 0]},
			"faces": {
				"north": {"uv": [2, 4, 16, 16], "texture": "#0"},
				"east": {"uv": [2, 4, 16, 16], "texture": "#0"},
				"south": {"uv": [2, 4, 16, 16], "texture": "#0"},
				"west": {"uv": [2, 4, 16, 16], "texture": "#0"},
				"up": {"uv": [0, 0, 1, 13], "texture": "#0"},
				"down": {"uv": [0, 0, 1, 13], "texture": "#0"}
			}
		},
		{
			"from": [5.5, 6.5, 6.5],
			"to": [10.5, 7.5, 9.5],
			"rotation": {"angle": 0, "axis": "y", "origin": [-1, 3, 0]},
			"faces": {
				"north": {"uv": [2, 4, 16, 16], "texture": "#0"},
				"east": {"uv": [2, 4, 16, 16], "texture": "#0"},
				"south": {"uv": [2, 4, 16, 16], "texture": "#0"},
				"west": {"uv": [2, 4, 16, 16], "texture": "#0"},
				"up": {"uv": [0, 0, 1, 13], "texture": "#0"},
				"down": {"uv": [0, 0, 1, 13], "texture": "#0"}
			}
		},
		{
			"from": [5.5, 7.5, 6.5],
			"to": [6.5, 7.7, 7],
			"rotation": {"angle": 0, "axis": "y", "origin": [-1, 3, 0]},
			"faces": {
				"north": {"uv": [2, 4, 16, 16], "texture": "#4"},
				"east": {"uv": [2, 4, 16, 16], "texture": "#4"},
				"south": {"uv": [2, 4, 16, 16], "texture": "#4"},
				"west": {"uv": [2, 4, 16, 16], "texture": "#4"},
				"up": {"uv": [0, 0, 1, 13], "texture": "#4"},
				"down": {"uv": [0, 0, 1, 13], "texture": "#4"}
			}
		},
		{
			"from": [6.5, 7.5, 7.5],
			"to": [7.1, 7.7, 8],
			"rotation": {"angle": 0, "axis": "y", "origin": [-1, 3, 0]},
			"faces": {
				"north": {"uv": [2, 4, 16, 16], "texture": "#4"},
				"east": {"uv": [2, 4, 16, 16], "texture": "#4"},
				"south": {"uv": [2, 4, 16, 16], "texture": "#4"},
				"west": {"uv": [2, 4, 16, 16], "texture": "#4"},
				"up": {"uv": [0, 0, 1, 13], "texture": "#4"},
				"down": {"uv": [0, 0, 1, 13], "texture": "#4"}
			}
		},
		{
			"from": [7.5, 7.5, 6.5],
			"to": [8.1, 7.7, 7],
			"rotation": {"angle": 0, "axis": "y", "origin": [-1, 3, 0]},
			"faces": {
				"north": {"uv": [2, 4, 16, 16], "texture": "#4"},
				"east": {"uv": [2, 4, 16, 16], "texture": "#4"},
				"south": {"uv": [2, 4, 16, 16], "texture": "#4"},
				"west": {"uv": [2, 4, 16, 16], "texture": "#4"},
				"up": {"uv": [0, 0, 1, 13], "texture": "#4"},
				"down": {"uv": [0, 0, 1, 13], "texture": "#4"}
			}
		},
		{
			"from": [7.5, 7.5, 8.5],
			"to": [8.1, 7.7, 9],
			"rotation": {"angle": 0, "axis": "y", "origin": [-1, 3, 0]},
			"faces": {
				"north": {"uv": [2, 4, 16, 16], "texture": "#4"},
				"east": {"uv": [2, 4, 16, 16], "texture": "#4"},
				"south": {"uv": [2, 4, 16, 16], "texture": "#4"},
				"west": {"uv": [2, 4, 16, 16], "texture": "#4"},
				"up": {"uv": [0, 0, 1, 13], "texture": "#4"},
				"down": {"uv": [0, 0, 1, 13], "texture": "#4"}
			}
		},
		{
			"from": [7.5, 7.5, 9.5],
			"to": [8.1, 7.7, 10],
			"rotation": {"angle": 0, "axis": "y", "origin": [-1, 3, 0]},
			"faces": {
				"north": {"uv": [2, 4, 16, 16], "texture": "#4"},
				"east": {"uv": [2, 4, 16, 16], "texture": "#4"},
				"south": {"uv": [2, 4, 16, 16], "texture": "#4"},
				"west": {"uv": [2, 4, 16, 16], "texture": "#4"},
				"up": {"uv": [0, 0, 1, 13], "texture": "#4"},
				"down": {"uv": [0, 0, 1, 13], "texture": "#4"}
			}
		},
		{
			"from": [9.5, 7.5, 8.5],
			"to": [10.1, 7.7, 9],
			"rotation": {"angle": 0, "axis": "y", "origin": [-1, 3, 0]},
			"faces": {
				"north": {"uv": [2, 4, 16, 16], "texture": "#4"},
				"east": {"uv": [2, 4, 16, 16], "texture": "#4"},
				"south": {"uv": [2, 4, 16, 16], "texture": "#4"},
				"west": {"uv": [2, 4, 16, 16], "texture": "#4"},
				"up": {"uv": [0, 0, 1, 13], "texture": "#4"},
				"down": {"uv": [0, 0, 1, 13], "texture": "#4"}
			}
		},
		{
			"from": [9.5, 7.5, 6.5],
			"to": [10.1, 7.7, 7],
			"rotation": {"angle": 0, "axis": "y", "origin": [-1, 3, 0]},
			"faces": {
				"north": {"uv": [2, 4, 16, 16], "texture": "#4"},
				"east": {"uv": [2, 4, 16, 16], "texture": "#4"},
				"south": {"uv": [2, 4, 16, 16], "texture": "#4"},
				"west": {"uv": [2, 4, 16, 16], "texture": "#4"},
				"up": {"uv": [0, 0, 1, 13], "texture": "#4"},
				"down": {"uv": [0, 0, 1, 13], "texture": "#4"}
			}
		},
		{
			"from": [8.5, 7.5, 7.5],
			"to": [9.1, 7.7, 8],
			"rotation": {"angle": 0, "axis": "y", "origin": [-1, 3, 0]},
			"faces": {
				"north": {"uv": [2, 4, 16, 16], "texture": "#4"},
				"east": {"uv": [2, 4, 16, 16], "texture": "#4"},
				"south": {"uv": [2, 4, 16, 16], "texture": "#4"},
				"west": {"uv": [2, 4, 16, 16], "texture": "#4"},
				"up": {"uv": [0, 0, 1, 13], "texture": "#4"},
				"down": {"uv": [0, 0, 1, 13], "texture": "#4"}
			}
		},
		{
			"from": [8.5, 7.5, 5.5],
			"to": [9.1, 7.7, 6],
			"rotation": {"angle": 0, "axis": "y", "origin": [-1, 3, 0]},
			"faces": {
				"north": {"uv": [2, 4, 16, 16], "texture": "#4"},
				"east": {"uv": [2, 4, 16, 16], "texture": "#4"},
				"south": {"uv": [2, 4, 16, 16], "texture": "#4"},
				"west": {"uv": [2, 4, 16, 16], "texture": "#4"},
				"up": {"uv": [0, 0, 1, 13], "texture": "#4"},
				"down": {"uv": [0, 0, 1, 13], "texture": "#4"}
			}
		},
		{
			"from": [8.5, 7.5, 5.5],
			"to": [9.1, 7.7, 6],
			"rotation": {"angle": 0, "axis": "y", "origin": [-1, 3, 0]},
			"faces": {
				"north": {"uv": [2, 4, 16, 16], "texture": "#4"},
				"east": {"uv": [2, 4, 16, 16], "texture": "#4"},
				"south": {"uv": [2, 4, 16, 16], "texture": "#4"},
				"west": {"uv": [2, 4, 16, 16], "texture": "#4"},
				"up": {"uv": [0, 0, 1, 13], "texture": "#4"},
				"down": {"uv": [0, 0, 1, 13], "texture": "#4"}
			}
		},
		{
			"from": [6.5, 6.5, 5.5],
			"to": [9.5, 7.5, 10.5],
			"rotation": {"angle": 0, "axis": "y", "origin": [-1, 3, 0]},
			"faces": {
				"north": {"uv": [2, 4, 16, 16], "texture": "#0"},
				"east": {"uv": [2, 4, 16, 16], "texture": "#0"},
				"south": {"uv": [2, 4, 16, 16], "texture": "#0"},
				"west": {"uv": [2, 4, 16, 16], "texture": "#0"},
				"up": {"uv": [0, 0, 1, 13], "texture": "#0"},
				"down": {"uv": [0, 0, 1, 13], "texture": "#0"}
			}
		},
		{
			"from": [5.5, 3, 4.5],
			"to": [10.5, 4.5, 11.5],
			"rotation": {"angle": 0, "axis": "y", "origin": [-1, 3, 0]},
			"faces": {
				"north": {"uv": [2, 4, 16, 16], "texture": "#1"},
				"east": {"uv": [2, 4, 16, 16], "texture": "#1"},
				"south": {"uv": [2, 4, 16, 16], "texture": "#1"},
				"west": {"uv": [2, 4, 16, 16], "texture": "#1"},
				"up": {"uv": [0, 0, 1, 13], "texture": "#1"},
				"down": {"uv": [0, 0, 1, 13], "texture": "#1"}
			}
		},
		{
			"from": [5.25, 4.5, 4.25],
			"to": [10.75, 5, 11.75],
			"rotation": {"angle": 0, "axis": "y", "origin": [-1, 3, 0]},
			"faces": {
				"north": {"uv": [2, 4, 16, 16], "texture": "#3"},
				"east": {"uv": [2, 4, 16, 16], "texture": "#3"},
				"south": {"uv": [2, 4, 16, 16], "texture": "#3"},
				"west": {"uv": [2, 4, 16, 16], "texture": "#3"},
				"up": {"uv": [0, 0, 1, 13], "texture": "#3"},
				"down": {"uv": [0, 0, 1, 13], "texture": "#3"}
			}
		},
		{
			"from": [4.5, 3, 5.5],
			"to": [11.5, 4.5, 10.5],
			"rotation": {"angle": 0, "axis": "y", "origin": [-1, 3, 0]},
			"faces": {
				"north": {"uv": [2, 4, 16, 16], "texture": "#1"},
				"east": {"uv": [2, 4, 16, 16], "texture": "#1"},
				"south": {"uv": [2, 4, 16, 16], "texture": "#1"},
				"west": {"uv": [2, 4, 16, 16], "texture": "#1"},
				"up": {"uv": [0, 0, 1, 13], "texture": "#1"},
				"down": {"uv": [0, 0, 1, 13], "texture": "#1"}
			}
		},
		{
			"from": [4.25, 4.5, 5.25],
			"to": [11.75, 5, 10.75],
			"rotation": {"angle": 0, "axis": "y", "origin": [-1, 3, 0]},
			"faces": {
				"north": {"uv": [2, 4, 16, 16], "texture": "#3"},
				"east": {"uv": [2, 4, 16, 16], "texture": "#3"},
				"south": {"uv": [2, 4, 16, 16], "texture": "#3"},
				"west": {"uv": [2, 4, 16, 16], "texture": "#3"},
				"up": {"uv": [0, 0, 1, 13], "texture": "#3"},
				"down": {"uv": [0, 0, 1, 13], "texture": "#3"}
			}
		},
		{
			"from": [4.25, 5, 4.25],
			"to": [11.75, 5.5, 11.25],
			"rotation": {"angle": 0, "axis": "y", "origin": [-1, 3, 0]},
			"faces": {
				"north": {"uv": [4, 9, 9, 13], "texture": "#2"},
				"east": {"uv": [4, 9, 9, 13], "texture": "#2"},
				"south": {"uv": [4, 9, 9, 13], "texture": "#2"},
				"west": {"uv": [4, 9, 9, 13], "texture": "#2"},
				"up": {"uv": [4, 9, 9, 13], "texture": "#2"},
				"down": {"uv": [0, 0, 1, 13], "texture": "#2"}
			}
		}
	],
	"display": {
		"thirdperson_righthand": {
			"translation": [0, 1, 0],
			"scale": [0.5, 0.5, 0.5]
		},
		"thirdperson_lefthand": {
			"translation": [0, 1, 0],
			"scale": [0.5, 0.5, 0.5]
		},
		"firstperson_righthand": {
			"translation": [0, 1, 0],
			"scale": [0.75, 0.75, 0.75]
		},
		"gui": {
			"rotation": [10, 0, 0],
			"translation": [1, 4, 0],
			"scale": [1.8, 1.8, 1.8]
		},
		"head": {
			"rotation": [0, -15, 0],
			"translation": [0, 3, 0]
		}
	}
}