{
	"credit": "Made with Blockbench",
	"textures": {
		"0": "block/white_concrete",
		"1": "custom/map",
		"particle": "block/white_concrete"
	},
	"elements": [
		{
			"from": [-1, 10, 0.5],
			"to": [17, 11, 15.5],
			"rotation": {"angle": 0, "axis": "y", "origin": [0, 0, 1]},
			"faces": {
				"north": {"uv": [0, 0, 16, 1], "texture": "#0"},
				"east": {"uv": [0, 0, 16, 1], "texture": "#0"},
				"south": {"uv": [0, 0, 16, 1], "texture": "#0"},
				"west": {"uv": [0, 0, 16, 1], "texture": "#0"},
				"up": {"uv": [0, 0, 16, 15.5], "texture": "#1"},
				"down": {"uv": [0, 0, 16, 16], "texture": "#0"}
			}
		}
	],
	"display": {
		"thirdperson_righthand": {
			"scale": [0.6, 0.6, 0.6]
		},
		"thirdperson_lefthand": {
			"scale": [0.6, 0.6, 0.6]
		},
		"firstperson_righthand": {
			"rotation": [78, 0, 0],
			"translation": [-10, 9, 0],
			"scale": [0.85, 0.85, 0.85]
		},
		"firstperson_lefthand": {
			"rotation": [77, 0, 0],
			"translation": [-9, 9, 0],
			"scale": [0.75, 0.75, 0.75]
		},
		"ground": {
			"translation": [0, -5, 0],
			"scale": [0.8, 0.8, 0.8]
		},
		"gui": {
			"rotation": [92, 0, 4]
		},
		"fixed": {
			"rotation": [-92, -180, 0],
			"translation": [0, 3, 6],
			"scale": [3, 3, 3]
		}
	}
}