{
	"credit": "Made with Blockbench",
	"textures": {
		"0": "block/white_wool",
		"1": "custom/map2",
		"particle": "block/white_wool"
	},
	"elements": [
		{
			"from": [-3, 3, 7.5],
			"to": [21, 20, 8.5],
			"rotation": {"angle": 0, "axis": "y", "origin": [-3, 3, 7.5]},
			"faces": {
				"north": {"uv": [0, 0, 16, 10], "texture": "#0"},
				"east": {"uv": [0, 0, 2, 10], "texture": "#0"},
				"south": {"uv": [0, 0, 16, 16], "texture": "#1"},
				"west": {"uv": [0, 0, 2, 10], "texture": "#0"},
				"up": {"uv": [0, 0, 16, 2], "texture": "#0"},
				"down": {"uv": [0, 0, 16, 2], "texture": "#0"}
			}
		}
	],
	"display": {
		"thirdperson_righthand": {
			"scale": [0.5, 0.5, 0.5]
		},
		"thirdperson_lefthand": {
			"scale": [0.5, 0.5, 0.5]
		},
		"firstperson_righthand": {
			"translation": [-11, 5, 0]
		},
		"firstperson_lefthand": {
			"translation": [-6, 5, 0]
		},
		"ground": {
			"rotation": [-92, 0, 0],
			"translation": [0, -3, 0],
			"scale": [0.5, 0.5, 0.5]
		},
		"gui": {
			"translation": [1, -1, 0],
			"scale": [1, 1.2, 1]
		},
		"fixed": {
			"rotation": [0, 180, 0],
			"scale": [4, 4, 4]
		}
	}
}