{
	"credit": "Made with Blockbench",
	"textures": {
		"7": "block/light_gray_concrete_powder",
		"8": "block/white_concrete",
		"9": "block/red_terracotta",
		"particle": "block/white_concrete",
		"glass": "block/glass",
		"gray_wool": "block/gray_wool",
		"cyan_terracotta": "block/cyan_terracotta",
		"gray_concrete": "block/gray_concrete",
		"light_gray_concrete": "block/light_gray_concrete"
	},
	"elements": [
		{
			"name": "base",
			"from": [0, 0, -5],
			"to": [15, 0.2, 20],
			"rotation": {"angle": 0, "axis": "y", "origin": [1, 0, 2]},
			"faces": {
				"north": {"uv": [0, 0, 12, 1], "texture": "#gray_concrete"},
				"east": {"uv": [0, 0, 16, 1], "texture": "#gray_concrete"},
				"south": {"uv": [0, 0, 12, 1], "texture": "#gray_concrete"},
				"west": {"uv": [0, 0, 16, 1], "texture": "#gray_concrete"},
				"up": {"uv": [0, 0, 16, 8], "rotation": 270, "texture": "#cyan_terracotta"},
				"down": {"uv": [0, 0, 16, 8], "rotation": 270, "texture": "#cyan_terracotta"}
			}
		},
		{
			"name": "base",
			"from": [-0.5, 0, 20],
			"to": [15.5, 4, 21],
			"rotation": {"angle": 0, "axis": "y", "origin": [1, 0, 2]},
			"faces": {
				"north": {"uv": [0, 0, 12, 1], "texture": "#gray_wool"},
				"east": {"uv": [0, 0, 16, 1], "texture": "#8"},
				"south": {"uv": [0, 0, 12, 1], "texture": "#8"},
				"west": {"uv": [0, 0, 16, 1], "texture": "#8"},
				"up": {"uv": [0, 0, 16, 8], "rotation": 270, "texture": "#gray_wool"},
				"down": {"uv": [0, 0, 16, 8], "rotation": 270, "texture": "#8"}
			}
		},
		{
			"name": "base",
			"from": [-0.5, 0, 21],
			"to": [15.5, 2, 21.25],
			"rotation": {"angle": 0, "axis": "y", "origin": [1, 0, 2]},
			"faces": {
				"north": {"uv": [0, 0, 12, 1], "texture": "#9"},
				"east": {"uv": [0, 0, 16, 1], "texture": "#9"},
				"south": {"uv": [0, 0, 12, 1], "texture": "#9"},
				"west": {"uv": [0, 0, 16, 1], "texture": "#9"},
				"up": {"uv": [0, 0, 16, 8], "rotation": 270, "texture": "#9"},
				"down": {"uv": [0, 0, 16, 8], "rotation": 270, "texture": "#9"}
			}
		},
		{
			"name": "base",
			"from": [15.5, 0, -6],
			"to": [15.7, 2, 21],
			"rotation": {"angle": 0, "axis": "y", "origin": [1, 0, 2]},
			"faces": {
				"north": {"uv": [0, 0, 12, 1], "texture": "#9"},
				"east": {"uv": [0, 0, 16, 1], "texture": "#9"},
				"south": {"uv": [0, 0, 12, 1], "texture": "#9"},
				"west": {"uv": [0, 0, 16, 1], "texture": "#9"},
				"up": {"uv": [0, 0, 16, 8], "rotation": 270, "texture": "#9"},
				"down": {"uv": [0, 0, 16, 8], "rotation": 270, "texture": "#9"}
			}
		},
		{
			"name": "base",
			"from": [-0.75, 0, -6],
			"to": [-0.55, 2, 2],
			"rotation": {"angle": 0, "axis": "y", "origin": [1, 0, 2]},
			"faces": {
				"north": {"uv": [0, 0, 12, 1], "texture": "#9"},
				"east": {"uv": [0, 0, 16, 1], "texture": "#9"},
				"south": {"uv": [0, 0, 12, 1], "texture": "#9"},
				"west": {"uv": [0, 0, 16, 1], "texture": "#9"},
				"up": {"uv": [0, 0, 16, 8], "rotation": 270, "texture": "#9"},
				"down": {"uv": [0, 0, 16, 8], "rotation": 270, "texture": "#9"}
			}
		},
		{
			"name": "base",
			"from": [-0.75, 0, 13],
			"to": [-0.55, 2, 21],
			"rotation": {"angle": 0, "axis": "y", "origin": [1, 0, 2]},
			"faces": {
				"north": {"uv": [0, 0, 12, 1], "texture": "#9"},
				"east": {"uv": [0, 0, 16, 1], "texture": "#9"},
				"south": {"uv": [0, 0, 12, 1], "texture": "#9"},
				"west": {"uv": [0, 0, 16, 1], "texture": "#9"},
				"up": {"uv": [0, 0, 16, 8], "rotation": 270, "texture": "#9"},
				"down": {"uv": [0, 0, 16, 8], "rotation": 270, "texture": "#9"}
			}
		},
		{
			"name": "base",
			"from": [-0.5, 0, -6.25],
			"to": [15.5, 2, -6],
			"rotation": {"angle": 0, "axis": "y", "origin": [1, 0, 2]},
			"faces": {
				"north": {"uv": [0, 0, 12, 1], "texture": "#9"},
				"east": {"uv": [0, 0, 16, 1], "texture": "#9"},
				"south": {"uv": [0, 0, 12, 1], "texture": "#9"},
				"west": {"uv": [0, 0, 16, 1], "texture": "#9"},
				"up": {"uv": [0, 0, 16, 8], "rotation": 270, "texture": "#9"},
				"down": {"uv": [0, 0, 16, 8], "rotation": 270, "texture": "#9"}
			}
		},
		{
			"name": "base",
			"from": [0, 3, 17],
			"to": [15, 4, 20],
			"rotation": {"angle": 0, "axis": "y", "origin": [1, 0, 2]},
			"faces": {
				"north": {"uv": [0, 0, 12, 1], "texture": "#gray_wool"},
				"east": {"uv": [0, 0, 16, 1], "texture": "#8"},
				"south": {"uv": [0, 0, 12, 1], "texture": "#8"},
				"west": {"uv": [0, 0, 16, 1], "texture": "#8"},
				"up": {"uv": [0, 0, 16, 8], "rotation": 270, "texture": "#gray_wool"},
				"down": {"uv": [0, 0, 16, 8], "rotation": 270, "texture": "#8"}
			}
		},
		{
			"name": "base",
			"from": [0, 0, 18],
			"to": [15, 3, 20],
			"rotation": {"angle": 0, "axis": "y", "origin": [1, 0, 2]},
			"faces": {
				"north": {"uv": [0, 0, 12, 1], "texture": "#7"},
				"east": {"uv": [0, 0, 16, 1], "texture": "#7"},
				"south": {"uv": [0, 0, 12, 1], "texture": "#7"},
				"west": {"uv": [0, 0, 16, 1], "texture": "#7"},
				"up": {"uv": [0, 0, 16, 8], "rotation": 270, "texture": "#7"},
				"down": {"uv": [0, 0, 16, 8], "rotation": 270, "texture": "#7"}
			}
		},
		{
			"name": "base",
			"from": [-1, 5.75, 20],
			"to": [16, 7.25, 20.5],
			"rotation": {"angle": 0, "axis": "y", "origin": [1, 0, 2]},
			"faces": {
				"north": {"uv": [0, 0, 12, 1], "texture": "#gray_wool"},
				"east": {"uv": [0, 0, 16, 1], "texture": "#8"},
				"south": {"uv": [0, 0, 12, 1], "texture": "#8"},
				"west": {"uv": [0, 0, 16, 1], "texture": "#8"},
				"up": {"uv": [0, 0, 16, 8], "rotation": 270, "texture": "#gray_wool"},
				"down": {"uv": [0, 0, 16, 8], "rotation": 270, "texture": "#8"}
			}
		},
		{
			"name": "base",
			"from": [-0.5, 0, 13],
			"to": [0, 3.5, 20],
			"rotation": {"angle": 0, "axis": "y", "origin": [1, 0, 2]},
			"faces": {
				"north": {"uv": [0, 0, 12, 1], "texture": "#8"},
				"east": {"uv": [0, 0, 16, 1], "texture": "#light_gray_concrete"},
				"south": {"uv": [0, 0, 12, 1], "texture": "#8"},
				"west": {"uv": [0, 0, 16, 1], "texture": "#8"},
				"up": {"uv": [0, 0, 16, 8], "rotation": 270, "texture": "#gray_wool"},
				"down": {"uv": [0, 0, 16, 8], "rotation": 270, "texture": "#8"}
			}
		},
		{
			"name": "base",
			"from": [-0.5, 0, 8],
			"to": [0, 1.5, 12],
			"rotation": {"angle": 0, "axis": "y", "origin": [1, 0, 2]},
			"faces": {
				"north": {"uv": [0, 0, 12, 1], "texture": "#8"},
				"east": {"uv": [0, 0, 16, 1], "texture": "#light_gray_concrete"},
				"south": {"uv": [0, 0, 12, 1], "texture": "#8"},
				"west": {"uv": [0, 0, 16, 1], "texture": "#gray_concrete"},
				"up": {"uv": [0, 0, 16, 8], "rotation": 270, "texture": "#gray_wool"},
				"down": {"uv": [0, 0, 16, 8], "rotation": 270, "texture": "#8"}
			}
		},
		{
			"name": "base",
			"from": [-1.5, 6.5, 20],
			"to": [-1, 12.5, 21],
			"rotation": {"angle": 0, "axis": "y", "origin": [1, 1, 2]},
			"faces": {
				"north": {"uv": [0, 0, 12, 1], "texture": "#gray_wool"},
				"east": {"uv": [0, 0, 16, 1], "texture": "#light_gray_concrete"},
				"south": {"uv": [0, 0, 12, 1], "texture": "#8"},
				"west": {"uv": [0, 0, 16, 1], "texture": "#8"},
				"up": {"uv": [0, 0, 16, 8], "rotation": 270, "texture": "#8"},
				"down": {"uv": [0, 0, 16, 8], "rotation": 270, "texture": "#8"}
			}
		},
		{
			"name": "base",
			"from": [-5.75, 10.5, 20],
			"to": [-5.25, 13.5, 21],
			"rotation": {"angle": -22.5, "axis": "z", "origin": [1, 1, 2]},
			"faces": {
				"north": {"uv": [0, 0, 12, 1], "texture": "#gray_wool"},
				"east": {"uv": [0, 0, 16, 1], "texture": "#light_gray_concrete"},
				"south": {"uv": [0, 0, 12, 1], "texture": "#8"},
				"west": {"uv": [0, 0, 16, 1], "texture": "#8"},
				"up": {"uv": [0, 0, 16, 8], "rotation": 270, "texture": "#8"},
				"down": {"uv": [0, 0, 16, 8], "rotation": 270, "texture": "#8"}
			}
		},
		{
			"name": "base",
			"from": [0.75, 4, 20],
			"to": [1.25, 7, 21],
			"rotation": {"angle": 22.5, "axis": "z", "origin": [1, 1, 2]},
			"faces": {
				"north": {"uv": [0, 0, 12, 1], "texture": "#gray_wool"},
				"east": {"uv": [0, 0, 16, 1], "texture": "#light_gray_concrete"},
				"south": {"uv": [0, 0, 12, 1], "texture": "#8"},
				"west": {"uv": [0, 0, 16, 1], "texture": "#8"},
				"up": {"uv": [0, 0, 16, 8], "rotation": 270, "texture": "#8"},
				"down": {"uv": [0, 0, 16, 8], "rotation": 270, "texture": "#8"}
			}
		},
		{
			"name": "base",
			"from": [0.75, 4, 12],
			"to": [1.25, 7, 13],
			"rotation": {"angle": 22.5, "axis": "z", "origin": [1, 1, -6]},
			"faces": {
				"north": {"uv": [0, 0, 12, 1], "texture": "#gray_wool"},
				"east": {"uv": [0, 0, 16, 1], "texture": "#light_gray_concrete"},
				"south": {"uv": [0, 0, 12, 1], "texture": "#gray_wool"},
				"west": {"uv": [0, 0, 16, 1], "texture": "#gray_concrete"},
				"up": {"uv": [0, 0, 16, 8], "rotation": 270, "texture": "#gray_concrete"},
				"down": {"uv": [0, 0, 16, 8], "rotation": 270, "texture": "#gray_concrete"}
			}
		},
		{
			"name": "base",
			"from": [0.75, 4, 13],
			"to": [1.25, 7, 20],
			"rotation": {"angle": 22.5, "axis": "z", "origin": [1, 1, -6]},
			"faces": {
				"north": {"uv": [4, 4, 15, 8], "texture": "#glass"},
				"east": {"uv": [1, 2, 12, 6], "texture": "#glass"},
				"south": {"uv": [3, 5, 14, 9], "texture": "#glass"},
				"west": {"uv": [1, 2, 12, 6], "texture": "#glass"},
				"up": {"uv": [2, 4, 12, 9], "rotation": 270, "texture": "#glass"},
				"down": {"uv": [0, 0, 16, 8], "rotation": 270, "texture": "#glass"}
			}
		},
		{
			"name": "base",
			"from": [-1.5, 7, 13],
			"to": [-1, 12, 20],
			"rotation": {"angle": 0, "axis": "y", "origin": [1, 1, -6]},
			"faces": {
				"north": {"uv": [4, 4, 15, 8], "texture": "#glass"},
				"east": {"uv": [5, 5, 15, 15], "texture": "#glass"},
				"south": {"uv": [3, 5, 14, 9], "texture": "#glass"},
				"west": {"uv": [2, 7, 15, 15], "texture": "#glass"},
				"up": {"uv": [2, 7, 12, 11], "rotation": 270, "texture": "#glass"},
				"down": {"uv": [0, 0, 16, 8], "rotation": 270, "texture": "#glass"}
			}
		},
		{
			"name": "base",
			"from": [-1.5, 7, 8],
			"to": [-1, 11.5, 12],
			"rotation": {"angle": 0, "axis": "y", "origin": [1, 1, -6]},
			"faces": {
				"north": {"uv": [4, 4, 15, 8], "texture": "#glass"},
				"east": {"uv": [5, 5, 15, 15], "texture": "#glass"},
				"south": {"uv": [3, 5, 14, 9], "texture": "#glass"},
				"west": {"uv": [1, 1, 14, 7], "texture": "#glass"},
				"up": {"uv": [2, 7, 12, 11], "rotation": 270, "texture": "#glass"},
				"down": {"uv": [0, 0, 16, 8], "rotation": 270, "texture": "#glass"}
			}
		},
		{
			"name": "base",
			"from": [-5.75, 10.5, 13],
			"to": [-5.25, 13.5, 20],
			"rotation": {"angle": -22.5, "axis": "z", "origin": [1, 1, -6]},
			"faces": {
				"north": {"uv": [4, 4, 15, 8], "texture": "#glass"},
				"east": {"uv": [5, 5, 15, 15], "texture": "#glass"},
				"south": {"uv": [3, 5, 14, 9], "texture": "#glass"},
				"west": {"uv": [2, 7, 15, 15], "texture": "#glass"},
				"up": {"uv": [0, 0, 16, 8], "rotation": 270, "texture": "#glass"},
				"down": {"uv": [4, 5, 14, 9], "rotation": 270, "texture": "#glass"}
			}
		},
		{
			"name": "base",
			"from": [-1.5, 6.5, 12],
			"to": [-1, 12.5, 13],
			"rotation": {"angle": 0, "axis": "y", "origin": [1, 1, -6]},
			"faces": {
				"north": {"uv": [0, 0, 12, 1], "texture": "#gray_wool"},
				"east": {"uv": [0, 0, 16, 1], "texture": "#light_gray_concrete"},
				"south": {"uv": [0, 0, 12, 1], "texture": "#gray_wool"},
				"west": {"uv": [0, 0, 16, 1], "texture": "#gray_concrete"},
				"up": {"uv": [0, 0, 16, 8], "rotation": 270, "texture": "#8"},
				"down": {"uv": [0, 0, 16, 8], "rotation": 270, "texture": "#8"}
			}
		},
		{
			"name": "base",
			"from": [10.5, 1.5, 12],
			"to": [11, 16.5, 12.5],
			"rotation": {"angle": 0, "axis": "y", "origin": [1, 1, -6]},
			"faces": {
				"north": {"uv": [0, 0, 12, 1], "texture": "#light_gray_concrete"},
				"east": {"uv": [0, 0, 16, 1], "texture": "#light_gray_concrete"},
				"south": {"uv": [0, 0, 12, 1], "texture": "#light_gray_concrete"},
				"west": {"uv": [0, 0, 16, 1], "texture": "#light_gray_concrete"},
				"up": {"uv": [0, 0, 16, 8], "rotation": 270, "texture": "#light_gray_concrete"},
				"down": {"uv": [0, 0, 16, 8], "rotation": 270, "texture": "#light_gray_concrete"}
			}
		},
		{
			"name": "base",
			"from": [10.5, 1.5, 3],
			"to": [11, 16.5, 3.5],
			"rotation": {"angle": 0, "axis": "y", "origin": [1, 1, -6]},
			"faces": {
				"north": {"uv": [0, 0, 12, 1], "texture": "#light_gray_concrete"},
				"east": {"uv": [0, 0, 16, 1], "texture": "#light_gray_concrete"},
				"south": {"uv": [0, 0, 12, 1], "texture": "#light_gray_concrete"},
				"west": {"uv": [0, 0, 16, 1], "texture": "#light_gray_concrete"},
				"up": {"uv": [0, 0, 16, 8], "rotation": 270, "texture": "#light_gray_concrete"},
				"down": {"uv": [0, 0, 16, 8], "rotation": 270, "texture": "#light_gray_concrete"}
			}
		},
		{
			"name": "base",
			"from": [-1.5, 6.5, 13],
			"to": [-1, 7, 20],
			"rotation": {"angle": 0, "axis": "y", "origin": [1, 1, -6]},
			"faces": {
				"north": {"uv": [0, 0, 12, 1], "texture": "#gray_wool"},
				"east": {"uv": [0, 0, 16, 1], "texture": "#light_gray_concrete"},
				"south": {"uv": [0, 0, 12, 1], "texture": "#gray_wool"},
				"west": {"uv": [0, 0, 16, 1], "texture": "#gray_concrete"},
				"up": {"uv": [0, 0, 16, 8], "rotation": 270, "texture": "#gray_wool"},
				"down": {"uv": [0, 0, 16, 8], "rotation": 270, "texture": "#gray_wool"}
			}
		},
		{
			"name": "base",
			"from": [-1.5, 6.5, 8],
			"to": [-1, 7, 12],
			"rotation": {"angle": 0, "axis": "y", "origin": [1, 1, -6]},
			"faces": {
				"north": {"uv": [0, 0, 12, 1], "texture": "#gray_wool"},
				"east": {"uv": [0, 0, 16, 1], "texture": "#light_gray_concrete"},
				"south": {"uv": [0, 0, 12, 1], "texture": "#gray_wool"},
				"west": {"uv": [0, 0, 16, 1], "texture": "#gray_concrete"},
				"up": {"uv": [0, 0, 16, 8], "rotation": 270, "texture": "#gray_wool"},
				"down": {"uv": [0, 0, 16, 8], "rotation": 270, "texture": "#gray_wool"}
			}
		},
		{
			"name": "base",
			"from": [-1.5, 11.5, 8],
			"to": [-1, 12, 12],
			"rotation": {"angle": 0, "axis": "y", "origin": [1, 1, -6]},
			"faces": {
				"north": {"uv": [0, 0, 12, 1], "texture": "#gray_wool"},
				"east": {"uv": [0, 0, 16, 1], "texture": "#light_gray_concrete"},
				"south": {"uv": [0, 0, 12, 1], "texture": "#gray_wool"},
				"west": {"uv": [0, 0, 16, 1], "texture": "#gray_concrete"},
				"up": {"uv": [0, 0, 16, 8], "rotation": 270, "texture": "#gray_wool"},
				"down": {"uv": [0, 0, 16, 8], "rotation": 270, "texture": "#gray_wool"}
			}
		},
		{
			"name": "base",
			"from": [-0.5, 0, 12],
			"to": [0, 4, 13],
			"rotation": {"angle": 0, "axis": "y", "origin": [1, 0, -6]},
			"faces": {
				"north": {"uv": [0, 0, 12, 1], "texture": "#gray_wool"},
				"east": {"uv": [0, 0, 16, 1], "texture": "#light_gray_concrete"},
				"south": {"uv": [0, 0, 12, 1], "texture": "#gray_wool"},
				"west": {"uv": [0, 0, 16, 1], "texture": "#gray_concrete"},
				"up": {"uv": [0, 0, 16, 8], "rotation": 270, "texture": "#8"},
				"down": {"uv": [0, 0, 16, 8], "rotation": 270, "texture": "#8"}
			}
		},
		{
			"name": "base",
			"from": [-5.75, 10.5, 12],
			"to": [-5.25, 13.5, 13],
			"rotation": {"angle": -22.5, "axis": "z", "origin": [1, 1, -6]},
			"faces": {
				"north": {"uv": [0, 0, 12, 1], "texture": "#gray_wool"},
				"east": {"uv": [0, 0, 16, 1], "texture": "#light_gray_concrete"},
				"south": {"uv": [0, 0, 12, 1], "texture": "#gray_wool"},
				"west": {"uv": [0, 0, 16, 1], "texture": "#gray_concrete"},
				"up": {"uv": [0, 0, 16, 8], "rotation": 270, "texture": "#gray_concrete"},
				"down": {"uv": [0, 0, 16, 8], "rotation": 270, "texture": "#gray_concrete"}
			}
		},
		{
			"name": "base",
			"from": [-5.75, 10.5, 7.5],
			"to": [-5.25, 13.5, 8],
			"rotation": {"angle": -22.5, "axis": "z", "origin": [1, 1, -10.5]},
			"faces": {
				"north": {"uv": [0, 0, 12, 1], "texture": "#gray_wool"},
				"east": {"uv": [0, 0, 16, 1], "texture": "#gray_wool"},
				"south": {"uv": [0, 0, 12, 1], "texture": "#gray_wool"},
				"west": {"uv": [0, 0, 16, 1], "texture": "#gray_wool"},
				"up": {"uv": [0, 0, 16, 8], "rotation": 270, "texture": "#gray_wool"},
				"down": {"uv": [0, 0, 16, 8], "rotation": 270, "texture": "#gray_wool"}
			}
		},
		{
			"name": "base",
			"from": [-1.5, 6.5, 7.5],
			"to": [-1, 12.5, 8],
			"rotation": {"angle": 0, "axis": "y", "origin": [1, 1, -10.5]},
			"faces": {
				"north": {"uv": [0, 0, 12, 1], "texture": "#gray_wool"},
				"east": {"uv": [0, 0, 16, 1], "texture": "#gray_wool"},
				"south": {"uv": [0, 0, 12, 1], "texture": "#gray_wool"},
				"west": {"uv": [0, 0, 16, 1], "texture": "#gray_wool"},
				"up": {"uv": [0, 0, 16, 8], "rotation": 270, "texture": "#gray_wool"},
				"down": {"uv": [0, 0, 16, 8], "rotation": 270, "texture": "#gray_wool"}
			}
		},
		{
			"name": "base",
			"from": [0.75, 4, 7.5],
			"to": [1.25, 7, 8],
			"rotation": {"angle": 22.5, "axis": "z", "origin": [1, 1, -10.5]},
			"faces": {
				"north": {"uv": [0, 0, 12, 1], "texture": "#gray_wool"},
				"east": {"uv": [0, 0, 16, 1], "texture": "#gray_wool"},
				"south": {"uv": [0, 0, 12, 1], "texture": "#gray_wool"},
				"west": {"uv": [0, 0, 16, 1], "texture": "#gray_wool"},
				"up": {"uv": [0, 0, 16, 8], "rotation": 270, "texture": "#gray_wool"},
				"down": {"uv": [0, 0, 16, 8], "rotation": 270, "texture": "#gray_wool"}
			}
		},
		{
			"name": "base",
			"from": [-0.5, 0, 7.5],
			"to": [0, 4, 8],
			"rotation": {"angle": 0, "axis": "y", "origin": [1, 0, -10.5]},
			"faces": {
				"north": {"uv": [0, 0, 12, 1], "texture": "#gray_wool"},
				"east": {"uv": [0, 0, 16, 1], "texture": "#gray_wool"},
				"south": {"uv": [0, 0, 12, 1], "texture": "#gray_wool"},
				"west": {"uv": [0, 0, 16, 1], "texture": "#gray_wool"},
				"up": {"uv": [0, 0, 16, 8], "rotation": 270, "texture": "#gray_wool"},
				"down": {"uv": [0, 0, 16, 8], "rotation": 270, "texture": "#gray_wool"}
			}
		},
		{
			"name": "base",
			"from": [-5.75, 13.5, 7.5],
			"to": [-5.25, 14.5, 21],
			"rotation": {"angle": -22.5, "axis": "z", "origin": [1, 1, -6]},
			"faces": {
				"north": {"uv": [0, 0, 12, 1], "texture": "#gray_wool"},
				"east": {"uv": [0, 0, 16, 1], "texture": "#cyan_terracotta"},
				"south": {"uv": [0, 0, 12, 1], "texture": "#gray_wool"},
				"west": {"uv": [0, 0, 16, 1], "texture": "#gray_concrete"},
				"up": {"uv": [0, 0, 16, 8], "rotation": 270, "texture": "#gray_concrete"},
				"down": {"uv": [0, 0, 16, 8], "rotation": 270, "texture": "#gray_concrete"}
			}
		},
		{
			"name": "base",
			"from": [20.25, 10.5, 20],
			"to": [20.75, 13.5, 21],
			"rotation": {"angle": 22.5, "axis": "z", "origin": [14, 1, 2]},
			"faces": {
				"north": {"uv": [12, 0, 0, 1], "texture": "#gray_wool"},
				"east": {"uv": [16, 0, 0, 1], "texture": "#8"},
				"south": {"uv": [12, 0, 0, 1], "texture": "#8"},
				"west": {"uv": [16, 0, 0, 1], "texture": "#light_gray_concrete"},
				"up": {"uv": [0, 8, 16, 0], "rotation": 270, "texture": "#8"},
				"down": {"uv": [0, 8, 16, 0], "rotation": 270, "texture": "#8"}
			}
		},
		{
			"name": "base",
			"from": [20.25, 13.5, 7.5],
			"to": [20.75, 14.5, 21],
			"rotation": {"angle": 22.5, "axis": "z", "origin": [14, 1, -6]},
			"faces": {
				"north": {"uv": [12, 0, 0, 1], "texture": "#gray_wool"},
				"east": {"uv": [16, 0, 0, 1], "texture": "#gray_concrete"},
				"south": {"uv": [12, 0, 0, 1], "texture": "#gray_wool"},
				"west": {"uv": [16, 0, 0, 1], "texture": "#cyan_terracotta"},
				"up": {"uv": [0, 8, 16, 0], "rotation": 270, "texture": "#gray_concrete"},
				"down": {"uv": [0, 8, 16, 0], "rotation": 270, "texture": "#gray_concrete"}
			}
		},
		{
			"name": "base",
			"from": [13.75, 4, 20],
			"to": [14.25, 7, 21],
			"rotation": {"angle": -22.5, "axis": "z", "origin": [14, 1, 2]},
			"faces": {
				"north": {"uv": [12, 0, 0, 1], "texture": "#gray_wool"},
				"east": {"uv": [16, 0, 0, 1], "texture": "#8"},
				"south": {"uv": [12, 0, 0, 1], "texture": "#8"},
				"west": {"uv": [16, 0, 0, 1], "texture": "#light_gray_concrete"},
				"up": {"uv": [0, 8, 16, 0], "rotation": 270, "texture": "#8"},
				"down": {"uv": [0, 8, 16, 0], "rotation": 270, "texture": "#8"}
			}
		},
		{
			"name": "base",
			"from": [16, 6.5, 20],
			"to": [16.5, 12.5, 21],
			"rotation": {"angle": 0, "axis": "y", "origin": [14, 1, 2]},
			"faces": {
				"north": {"uv": [12, 0, 0, 1], "texture": "#gray_wool"},
				"east": {"uv": [16, 0, 0, 1], "texture": "#8"},
				"south": {"uv": [12, 0, 0, 1], "texture": "#8"},
				"west": {"uv": [16, 0, 0, 1], "texture": "#light_gray_concrete"},
				"up": {"uv": [0, 8, 16, 0], "rotation": 270, "texture": "#8"},
				"down": {"uv": [0, 8, 16, 0], "rotation": 270, "texture": "#8"}
			}
		},
		{
			"name": "base",
			"from": [20.25, 10.5, 12],
			"to": [20.75, 13.5, 13],
			"rotation": {"angle": 22.5, "axis": "z", "origin": [14, 1, -6]},
			"faces": {
				"north": {"uv": [12, 0, 0, 1], "texture": "#gray_wool"},
				"east": {"uv": [16, 0, 0, 1], "texture": "#gray_concrete"},
				"south": {"uv": [12, 0, 0, 1], "texture": "#gray_wool"},
				"west": {"uv": [16, 0, 0, 1], "texture": "#light_gray_concrete"},
				"up": {"uv": [0, 8, 16, 0], "rotation": 270, "texture": "#gray_concrete"},
				"down": {"uv": [0, 8, 16, 0], "rotation": 270, "texture": "#gray_concrete"}
			}
		},
		{
			"name": "base",
			"from": [16, 6.5, 12],
			"to": [16.5, 12.5, 13],
			"rotation": {"angle": 0, "axis": "y", "origin": [14, 1, -6]},
			"faces": {
				"north": {"uv": [12, 0, 0, 1], "texture": "#gray_wool"},
				"east": {"uv": [16, 0, 0, 1], "texture": "#gray_concrete"},
				"south": {"uv": [12, 0, 0, 1], "texture": "#gray_wool"},
				"west": {"uv": [16, 0, 0, 1], "texture": "#light_gray_concrete"},
				"up": {"uv": [0, 8, 16, 0], "rotation": 270, "texture": "#8"},
				"down": {"uv": [0, 8, 16, 0], "rotation": 270, "texture": "#8"}
			}
		},
		{
			"name": "base",
			"from": [13.75, 4, 12],
			"to": [14.25, 7, 13],
			"rotation": {"angle": -22.5, "axis": "z", "origin": [14, 1, -6]},
			"faces": {
				"north": {"uv": [12, 0, 0, 1], "texture": "#gray_wool"},
				"east": {"uv": [16, 0, 0, 1], "texture": "#gray_concrete"},
				"south": {"uv": [12, 0, 0, 1], "texture": "#gray_wool"},
				"west": {"uv": [16, 0, 0, 1], "texture": "#light_gray_concrete"},
				"up": {"uv": [0, 8, 16, 0], "rotation": 270, "texture": "#gray_concrete"},
				"down": {"uv": [0, 8, 16, 0], "rotation": 270, "texture": "#gray_concrete"}
			}
		},
		{
			"name": "base",
			"from": [16, 6.5, 13],
			"to": [16.5, 7, 20],
			"rotation": {"angle": 0, "axis": "y", "origin": [14, 0, -6]},
			"faces": {
				"north": {"uv": [12, 0, 0, 1], "texture": "#gray_wool"},
				"east": {"uv": [16, 0, 0, 1], "texture": "#gray_concrete"},
				"south": {"uv": [12, 0, 0, 1], "texture": "#gray_wool"},
				"west": {"uv": [16, 0, 0, 1], "texture": "#light_gray_concrete"},
				"up": {"uv": [0, 8, 16, 0], "rotation": 270, "texture": "#gray_wool"},
				"down": {"uv": [0, 8, 16, 0], "rotation": 270, "texture": "#gray_wool"}
			}
		},
		{
			"name": "base",
			"from": [-1, 6.5, 20.5],
			"to": [16, 7, 21],
			"rotation": {"angle": 0, "axis": "y", "origin": [14, 0, -6]},
			"faces": {
				"north": {"uv": [12, 0, 0, 1], "texture": "#gray_wool"},
				"east": {"uv": [16, 0, 0, 1], "texture": "#gray_concrete"},
				"south": {"uv": [12, 0, 0, 1], "texture": "#gray_wool"},
				"west": {"uv": [16, 0, 0, 1], "texture": "#light_gray_concrete"},
				"up": {"uv": [0, 8, 16, 0], "rotation": 270, "texture": "#gray_wool"},
				"down": {"uv": [0, 8, 16, 0], "rotation": 270, "texture": "#gray_wool"}
			}
		},
		{
			"name": "base",
			"from": [-1, 12.5, 20.5],
			"to": [16, 13, 21],
			"rotation": {"angle": 0, "axis": "y", "origin": [14, 0, -6]},
			"faces": {
				"north": {"uv": [12, 0, 0, 1], "texture": "#gray_wool"},
				"east": {"uv": [16, 0, 0, 1], "texture": "#gray_concrete"},
				"south": {"uv": [12, 0, 0, 1], "texture": "#gray_wool"},
				"west": {"uv": [16, 0, 0, 1], "texture": "#light_gray_concrete"},
				"up": {"uv": [0, 8, 16, 0], "rotation": 270, "texture": "#gray_wool"},
				"down": {"uv": [0, 8, 16, 0], "rotation": 270, "texture": "#gray_wool"}
			}
		},
		{
			"name": "base",
			"from": [7.25, 13, 20.5],
			"to": [7.75, 16, 21],
			"rotation": {"angle": 0, "axis": "y", "origin": [14, 0, -6]},
			"faces": {
				"north": {"uv": [12, 0, 0, 1], "texture": "#gray_wool"},
				"east": {"uv": [16, 0, 0, 1], "texture": "#gray_concrete"},
				"south": {"uv": [12, 0, 0, 1], "texture": "#gray_wool"},
				"west": {"uv": [16, 0, 0, 1], "texture": "#light_gray_concrete"},
				"up": {"uv": [0, 8, 16, 0], "rotation": 270, "texture": "#gray_wool"},
				"down": {"uv": [0, 8, 16, 0], "rotation": 270, "texture": "#gray_wool"}
			}
		},
		{
			"name": "base",
			"from": [14, 13, 20.5],
			"to": [15, 16, 21],
			"rotation": {"angle": 0, "axis": "y", "origin": [14, 0, -6]},
			"faces": {
				"north": {"uv": [12, 0, 0, 1], "texture": "#gray_wool"},
				"east": {"uv": [16, 0, 0, 1], "texture": "#gray_concrete"},
				"south": {"uv": [12, 0, 0, 1], "texture": "#8"},
				"west": {"uv": [16, 0, 0, 1], "texture": "#light_gray_concrete"},
				"up": {"uv": [0, 8, 16, 0], "rotation": 270, "texture": "#gray_wool"},
				"down": {"uv": [0, 8, 16, 0], "rotation": 270, "texture": "#gray_wool"}
			}
		},
		{
			"name": "base",
			"from": [15, 13, 20.5],
			"to": [15.75, 15, 21],
			"rotation": {"angle": 0, "axis": "y", "origin": [14, 0, -6]},
			"faces": {
				"north": {"uv": [12, 0, 0, 1], "texture": "#gray_wool"},
				"east": {"uv": [16, 0, 0, 1], "texture": "#8"},
				"south": {"uv": [12, 0, 0, 1], "texture": "#8"},
				"west": {"uv": [16, 0, 0, 1], "texture": "#light_gray_concrete"},
				"up": {"uv": [0, 8, 16, 0], "rotation": 270, "texture": "#gray_wool"},
				"down": {"uv": [0, 8, 16, 0], "rotation": 270, "texture": "#gray_wool"}
			}
		},
		{
			"name": "base",
			"from": [0, 13, 20.5],
			"to": [1, 16, 21],
			"rotation": {"angle": 0, "axis": "y", "origin": [2, 0, -6]},
			"faces": {
				"north": {"uv": [0, 0, 12, 1], "texture": "#gray_wool"},
				"east": {"uv": [0, 0, 16, 1], "texture": "#light_gray_concrete"},
				"south": {"uv": [0, 0, 12, 1], "texture": "#8"},
				"west": {"uv": [0, 0, 16, 1], "texture": "#gray_concrete"},
				"up": {"uv": [0, 0, 16, 8], "rotation": 270, "texture": "#gray_wool"},
				"down": {"uv": [0, 0, 16, 8], "rotation": 270, "texture": "#gray_wool"}
			}
		},
		{
			"name": "base",
			"from": [1, 13, 20.5],
			"to": [7.25, 16, 21],
			"rotation": {"angle": 0, "axis": "y", "origin": [2, 0, -6]},
			"faces": {
				"north": {"uv": [1, 1, 11, 7], "texture": "#glass"},
				"east": {"uv": [1, 4, 15, 9], "texture": "#glass"},
				"south": {"uv": [1, 10, 15, 15], "texture": "#glass"},
				"west": {"uv": [1, 4, 15, 9], "texture": "#glass"},
				"up": {"uv": [1, 4, 15, 9], "texture": "#gray_wool"},
				"down": {"uv": [1, 4, 15, 9], "texture": "#gray_wool"}
			}
		},
		{
			"name": "base",
			"from": [0, 4, 20.5],
			"to": [15, 6.5, 21],
			"rotation": {"angle": 0, "axis": "y", "origin": [2, 0, -6]},
			"faces": {
				"north": {"uv": [1, 6, 15, 15], "texture": "#glass"},
				"east": {"uv": [1, 4, 15, 9], "texture": "#glass"},
				"south": {"uv": [1, 1, 15, 11], "texture": "#glass"},
				"west": {"uv": [1, 4, 15, 9], "texture": "#glass"},
				"up": {"uv": [1, 4, 15, 9], "texture": "#gray_wool"},
				"down": {"uv": [1, 4, 15, 9], "texture": "#gray_wool"}
			}
		},
		{
			"name": "base",
			"from": [-1, 7, 20.5],
			"to": [7, 12.5, 21],
			"rotation": {"angle": 0, "axis": "y", "origin": [2, 0, -6]},
			"faces": {
				"north": {"uv": [4, 6, 13, 12], "texture": "#glass"},
				"east": {"uv": [1, 4, 15, 9], "texture": "#glass"},
				"south": {"uv": [1, 5, 15, 10], "texture": "#glass"},
				"west": {"uv": [1, 4, 15, 9], "texture": "#glass"},
				"up": {"uv": [1, 4, 15, 9], "texture": "#gray_wool"},
				"down": {"uv": [1, 4, 15, 9], "texture": "#gray_wool"}
			}
		},
		{
			"name": "base",
			"from": [7, 7, 20.5],
			"to": [16, 12.5, 21],
			"rotation": {"angle": 0, "axis": "y", "origin": [2, 0, -6]},
			"faces": {
				"north": {"uv": [1, 1, 10, 7], "texture": "#glass"},
				"east": {"uv": [1, 4, 15, 9], "texture": "#glass"},
				"south": {"uv": [8, 8, 15, 15], "texture": "#glass"},
				"west": {"uv": [1, 4, 15, 9], "texture": "#glass"},
				"up": {"uv": [1, 4, 15, 9], "texture": "#gray_wool"},
				"down": {"uv": [1, 4, 15, 9], "texture": "#gray_wool"}
			}
		},
		{
			"name": "base",
			"from": [7.75, 13, 20.5],
			"to": [14, 16, 21],
			"rotation": {"angle": 0, "axis": "y", "origin": [2, 0, -6]},
			"faces": {
				"north": {"uv": [1, 5, 14, 15], "texture": "#glass"},
				"east": {"uv": [1, 4, 15, 9], "texture": "#glass"},
				"south": {"uv": [1, 2, 15, 7], "texture": "#glass"},
				"west": {"uv": [1, 4, 15, 9], "texture": "#glass"},
				"up": {"uv": [1, 4, 15, 9], "texture": "#gray_wool"},
				"down": {"uv": [1, 4, 15, 9], "texture": "#gray_wool"}
			}
		},
		{
			"name": "base",
			"from": [-0.75, 13, 20.5],
			"to": [0, 15, 21],
			"rotation": {"angle": 0, "axis": "y", "origin": [2, 0, -6]},
			"faces": {
				"north": {"uv": [0, 0, 12, 1], "texture": "#gray_wool"},
				"east": {"uv": [0, 0, 16, 1], "texture": "#light_gray_concrete"},
				"south": {"uv": [0, 0, 12, 1], "texture": "#8"},
				"west": {"uv": [0, 0, 16, 1], "texture": "#8"},
				"up": {"uv": [0, 0, 16, 8], "rotation": 270, "texture": "#gray_wool"},
				"down": {"uv": [0, 0, 16, 8], "rotation": 270, "texture": "#gray_wool"}
			}
		},
		{
			"name": "base",
			"from": [13.75, 4, 13],
			"to": [14.25, 7, 20],
			"rotation": {"angle": -22.5, "axis": "z", "origin": [14, 1, -6]},
			"faces": {
				"north": {"uv": [15, 4, 4, 8], "texture": "#glass"},
				"east": {"uv": [12, 2, 1, 6], "texture": "#glass"},
				"south": {"uv": [14, 5, 3, 9], "texture": "#glass"},
				"west": {"uv": [12, 2, 1, 6], "texture": "#glass"},
				"up": {"uv": [2, 9, 12, 4], "rotation": 270, "texture": "#glass"},
				"down": {"uv": [0, 8, 16, 0], "rotation": 270, "texture": "#glass"}
			}
		},
		{
			"name": "base",
			"from": [16, 7, 13],
			"to": [16.5, 12, 20],
			"rotation": {"angle": 0, "axis": "y", "origin": [14, 1, -6]},
			"faces": {
				"north": {"uv": [15, 4, 4, 8], "texture": "#glass"},
				"east": {"uv": [15, 7, 2, 15], "texture": "#glass"},
				"south": {"uv": [14, 5, 3, 9], "texture": "#glass"},
				"west": {"uv": [14, 4, 4, 14], "texture": "#glass"},
				"up": {"uv": [2, 11, 12, 7], "rotation": 270, "texture": "#glass"},
				"down": {"uv": [0, 8, 16, 0], "rotation": 270, "texture": "#glass"}
			}
		},
		{
			"name": "base",
			"from": [20.25, 10.5, 13],
			"to": [20.75, 13.5, 20],
			"rotation": {"angle": 22.5, "axis": "z", "origin": [14, 1, -6]},
			"faces": {
				"north": {"uv": [15, 4, 4, 8], "texture": "#glass"},
				"east": {"uv": [15, 7, 2, 15], "texture": "#glass"},
				"south": {"uv": [14, 5, 3, 9], "texture": "#glass"},
				"west": {"uv": [12, 4, 3, 13], "texture": "#glass"},
				"up": {"uv": [0, 8, 16, 0], "rotation": 270, "texture": "#glass"},
				"down": {"uv": [4, 9, 14, 5], "rotation": 270, "texture": "#glass"}
			}
		},
		{
			"name": "base",
			"from": [13.75, 4, 7.5],
			"to": [14.25, 7, 12],
			"rotation": {"angle": -22.5, "axis": "z", "origin": [14, 1, -11.5]},
			"faces": {
				"north": {"uv": [15, 4, 4, 8], "texture": "#glass"},
				"east": {"uv": [12, 2, 1, 6], "texture": "#glass"},
				"south": {"uv": [14, 5, 3, 9], "texture": "#glass"},
				"west": {"uv": [12, 2, 1, 6], "texture": "#glass"},
				"up": {"uv": [2, 9, 12, 4], "rotation": 270, "texture": "#glass"},
				"down": {"uv": [0, 8, 16, 0], "rotation": 270, "texture": "#glass"}
			}
		},
		{
			"name": "base",
			"from": [16, 6.5, 7.5],
			"to": [16.5, 7, 12],
			"rotation": {"angle": 0, "axis": "y", "origin": [14, 0, -11.5]},
			"faces": {
				"north": {"uv": [12, 0, 0, 1], "texture": "#gray_wool"},
				"east": {"uv": [16, 0, 0, 1], "texture": "#gray_concrete"},
				"south": {"uv": [12, 0, 0, 1], "texture": "#gray_wool"},
				"west": {"uv": [16, 0, 0, 1], "texture": "#light_gray_concrete"},
				"up": {"uv": [0, 8, 16, 0], "rotation": 270, "texture": "#gray_wool"},
				"down": {"uv": [0, 8, 16, 0], "rotation": 270, "texture": "#gray_wool"}
			}
		},
		{
			"name": "base",
			"from": [16, 7, 7.5],
			"to": [16.5, 12, 12],
			"rotation": {"angle": 0, "axis": "y", "origin": [14, 1, -11.5]},
			"faces": {
				"north": {"uv": [15, 4, 4, 8], "texture": "#glass"},
				"east": {"uv": [15, 7, 2, 15], "texture": "#glass"},
				"south": {"uv": [14, 5, 3, 9], "texture": "#glass"},
				"west": {"uv": [14, 4, 4, 14], "texture": "#glass"},
				"up": {"uv": [2, 11, 12, 7], "rotation": 270, "texture": "#glass"},
				"down": {"uv": [0, 8, 16, 0], "rotation": 270, "texture": "#glass"}
			}
		},
		{
			"name": "base",
			"from": [20.25, 10.5, 7.5],
			"to": [20.75, 13.5, 12],
			"rotation": {"angle": 22.5, "axis": "z", "origin": [14, 1, -11.5]},
			"faces": {
				"north": {"uv": [15, 4, 4, 8], "texture": "#glass"},
				"east": {"uv": [15, 7, 2, 15], "texture": "#glass"},
				"south": {"uv": [14, 5, 3, 9], "texture": "#glass"},
				"west": {"uv": [12, 4, 3, 13], "texture": "#glass"},
				"up": {"uv": [0, 8, 16, 0], "rotation": 270, "texture": "#glass"},
				"down": {"uv": [4, 9, 14, 5], "rotation": 270, "texture": "#glass"}
			}
		},
		{
			"name": "base",
			"from": [-0.5, 0, -6],
			"to": [15.5, 4, -5],
			"rotation": {"angle": 0, "axis": "y", "origin": [1, 0, 13]},
			"faces": {
				"north": {"uv": [12, 0, 0, 1], "texture": "#8"},
				"east": {"uv": [16, 0, 0, 1], "texture": "#8"},
				"south": {"uv": [12, 0, 0, 1], "texture": "#gray_wool"},
				"west": {"uv": [16, 0, 0, 1], "texture": "#8"},
				"up": {"uv": [16, 0, 0, 8], "rotation": 270, "texture": "#gray_wool"},
				"down": {"uv": [16, 0, 0, 8], "rotation": 270, "texture": "#8"}
			}
		},
		{
			"name": "base",
			"from": [0.75, 4, -6],
			"to": [1.25, 7, -5],
			"rotation": {"angle": 22.5, "axis": "z", "origin": [1, 1, 13]},
			"faces": {
				"north": {"uv": [12, 0, 0, 1], "texture": "#8"},
				"east": {"uv": [16, 0, 0, 1], "texture": "#light_gray_concrete"},
				"south": {"uv": [12, 0, 0, 1], "texture": "#gray_wool"},
				"west": {"uv": [16, 0, 0, 1], "texture": "#8"},
				"up": {"uv": [16, 0, 0, 8], "rotation": 270, "texture": "#8"},
				"down": {"uv": [16, 0, 0, 8], "rotation": 270, "texture": "#8"}
			}
		},
		{
			"name": "base",
			"from": [-1.5, 6.5, -6],
			"to": [-1, 12.5, -5],
			"rotation": {"angle": 0, "axis": "y", "origin": [1, 1, 13]},
			"faces": {
				"north": {"uv": [12, 0, 0, 1], "texture": "#8"},
				"east": {"uv": [16, 0, 0, 1], "texture": "#light_gray_concrete"},
				"south": {"uv": [12, 0, 0, 1], "texture": "#gray_wool"},
				"west": {"uv": [16, 0, 0, 1], "texture": "#8"},
				"up": {"uv": [16, 0, 0, 8], "rotation": 270, "texture": "#8"},
				"down": {"uv": [16, 0, 0, 8], "rotation": 270, "texture": "#8"}
			}
		},
		{
			"name": "base",
			"from": [-5.75, 10.5, -6],
			"to": [-5.25, 13.5, -5],
			"rotation": {"angle": -22.5, "axis": "z", "origin": [1, 1, 13]},
			"faces": {
				"north": {"uv": [12, 0, 0, 1], "texture": "#8"},
				"east": {"uv": [16, 0, 0, 1], "texture": "#light_gray_concrete"},
				"south": {"uv": [12, 0, 0, 1], "texture": "#gray_wool"},
				"west": {"uv": [16, 0, 0, 1], "texture": "#8"},
				"up": {"uv": [16, 0, 0, 8], "rotation": 270, "texture": "#8"},
				"down": {"uv": [16, 0, 0, 8], "rotation": 270, "texture": "#8"}
			}
		},
		{
			"name": "base",
			"from": [-0.5, 0, -5],
			"to": [0, 3.5, 2],
			"rotation": {"angle": 0, "axis": "y", "origin": [1, 0, 13]},
			"faces": {
				"north": {"uv": [12, 0, 0, 1], "texture": "#8"},
				"east": {"uv": [16, 0, 0, 1], "texture": "#light_gray_concrete"},
				"south": {"uv": [12, 0, 0, 1], "texture": "#8"},
				"west": {"uv": [16, 0, 0, 1], "texture": "#8"},
				"up": {"uv": [16, 0, 0, 8], "rotation": 270, "texture": "#gray_wool"},
				"down": {"uv": [16, 0, 0, 8], "rotation": 270, "texture": "#8"}
			}
		},
		{
			"name": "base",
			"from": [-5.75, 10.5, 2],
			"to": [-5.25, 13.5, 3],
			"rotation": {"angle": -22.5, "axis": "z", "origin": [1, 1, 21]},
			"faces": {
				"north": {"uv": [12, 0, 0, 1], "texture": "#gray_wool"},
				"east": {"uv": [16, 0, 0, 1], "texture": "#light_gray_concrete"},
				"south": {"uv": [12, 0, 0, 1], "texture": "#gray_wool"},
				"west": {"uv": [16, 0, 0, 1], "texture": "#gray_concrete"},
				"up": {"uv": [16, 0, 0, 8], "rotation": 270, "texture": "#gray_concrete"},
				"down": {"uv": [16, 0, 0, 8], "rotation": 270, "texture": "#gray_concrete"}
			}
		},
		{
			"name": "base",
			"from": [-0.5, 0, 2],
			"to": [0, 4, 3],
			"rotation": {"angle": 0, "axis": "y", "origin": [1, 0, 21]},
			"faces": {
				"north": {"uv": [12, 0, 0, 1], "texture": "#gray_wool"},
				"east": {"uv": [16, 0, 0, 1], "texture": "#light_gray_concrete"},
				"south": {"uv": [12, 0, 0, 1], "texture": "#gray_wool"},
				"west": {"uv": [16, 0, 0, 1], "texture": "#gray_concrete"},
				"up": {"uv": [16, 0, 0, 8], "rotation": 270, "texture": "#8"},
				"down": {"uv": [16, 0, 0, 8], "rotation": 270, "texture": "#8"}
			}
		},
		{
			"name": "base",
			"from": [-1.5, 6.5, 2],
			"to": [-1, 12.5, 3],
			"rotation": {"angle": 0, "axis": "y", "origin": [1, 1, 21]},
			"faces": {
				"north": {"uv": [12, 0, 0, 1], "texture": "#gray_wool"},
				"east": {"uv": [16, 0, 0, 1], "texture": "#light_gray_concrete"},
				"south": {"uv": [12, 0, 0, 1], "texture": "#gray_wool"},
				"west": {"uv": [16, 0, 0, 1], "texture": "#gray_concrete"},
				"up": {"uv": [16, 0, 0, 8], "rotation": 270, "texture": "#8"},
				"down": {"uv": [16, 0, 0, 8], "rotation": 270, "texture": "#8"}
			}
		},
		{
			"name": "base",
			"from": [0.75, 4, 2],
			"to": [1.25, 7, 3],
			"rotation": {"angle": 22.5, "axis": "z", "origin": [1, 1, 21]},
			"faces": {
				"north": {"uv": [12, 0, 0, 1], "texture": "#gray_wool"},
				"east": {"uv": [16, 0, 0, 1], "texture": "#light_gray_concrete"},
				"south": {"uv": [12, 0, 0, 1], "texture": "#gray_wool"},
				"west": {"uv": [16, 0, 0, 1], "texture": "#gray_concrete"},
				"up": {"uv": [16, 0, 0, 8], "rotation": 270, "texture": "#gray_concrete"},
				"down": {"uv": [16, 0, 0, 8], "rotation": 270, "texture": "#gray_concrete"}
			}
		},
		{
			"name": "base",
			"from": [-1.5, 6.5, -5],
			"to": [-1, 7, 2],
			"rotation": {"angle": 0, "axis": "y", "origin": [1, 1, 21]},
			"faces": {
				"north": {"uv": [12, 0, 0, 1], "texture": "#gray_wool"},
				"east": {"uv": [16, 0, 0, 1], "texture": "#light_gray_concrete"},
				"south": {"uv": [12, 0, 0, 1], "texture": "#gray_wool"},
				"west": {"uv": [16, 0, 0, 1], "texture": "#gray_concrete"},
				"up": {"uv": [16, 0, 0, 8], "rotation": 270, "texture": "#gray_wool"},
				"down": {"uv": [16, 0, 0, 8], "rotation": 270, "texture": "#gray_wool"}
			}
		},
		{
			"name": "base",
			"from": [0.75, 4, -5],
			"to": [1.25, 7, 2],
			"rotation": {"angle": 22.5, "axis": "z", "origin": [1, 1, 21]},
			"faces": {
				"north": {"uv": [14, 5, 3, 9], "texture": "#glass"},
				"east": {"uv": [12, 2, 1, 6], "texture": "#glass"},
				"south": {"uv": [15, 4, 4, 8], "texture": "#glass"},
				"west": {"uv": [12, 2, 1, 6], "texture": "#glass"},
				"up": {"uv": [12, 4, 2, 9], "rotation": 270, "texture": "#glass"},
				"down": {"uv": [16, 0, 0, 8], "rotation": 270, "texture": "#glass"}
			}
		},
		{
			"name": "base",
			"from": [-1.5, 7, -5],
			"to": [-1, 12, 2],
			"rotation": {"angle": 0, "axis": "y", "origin": [1, 1, 21]},
			"faces": {
				"north": {"uv": [14, 5, 3, 9], "texture": "#glass"},
				"east": {"uv": [15, 5, 5, 15], "texture": "#glass"},
				"south": {"uv": [15, 4, 4, 8], "texture": "#glass"},
				"west": {"uv": [15, 7, 2, 15], "texture": "#glass"},
				"up": {"uv": [12, 7, 2, 11], "rotation": 270, "texture": "#glass"},
				"down": {"uv": [16, 0, 0, 8], "rotation": 270, "texture": "#glass"}
			}
		},
		{
			"name": "base",
			"from": [-5.75, 10.5, -5],
			"to": [-5.25, 13.5, 2],
			"rotation": {"angle": -22.5, "axis": "z", "origin": [1, 1, 21]},
			"faces": {
				"north": {"uv": [14, 5, 3, 9], "texture": "#glass"},
				"east": {"uv": [15, 5, 5, 15], "texture": "#glass"},
				"south": {"uv": [15, 4, 4, 8], "texture": "#glass"},
				"west": {"uv": [15, 7, 2, 15], "texture": "#glass"},
				"up": {"uv": [16, 0, 0, 8], "rotation": 270, "texture": "#glass"},
				"down": {"uv": [14, 5, 4, 9], "rotation": 270, "texture": "#glass"}
			}
		},
		{
			"name": "base",
			"from": [-5.75, 13.5, -6],
			"to": [-5.25, 14.5, 7.5],
			"rotation": {"angle": -22.5, "axis": "z", "origin": [1, 1, 21]},
			"faces": {
				"north": {"uv": [12, 0, 0, 1], "texture": "#gray_wool"},
				"east": {"uv": [16, 0, 0, 1], "texture": "#cyan_terracotta"},
				"south": {"uv": [12, 0, 0, 1], "texture": "#gray_wool"},
				"west": {"uv": [16, 0, 0, 1], "texture": "#gray_concrete"},
				"up": {"uv": [16, 0, 0, 8], "rotation": 270, "texture": "#gray_concrete"},
				"down": {"uv": [16, 0, 0, 8], "rotation": 270, "texture": "#gray_concrete"}
			}
		},
		{
			"name": "base",
			"from": [20.25, 10.5, -5],
			"to": [20.75, 13.5, 2],
			"rotation": {"angle": 22.5, "axis": "z", "origin": [14, 1, 21]},
			"faces": {
				"north": {"uv": [3, 5, 14, 9], "texture": "#glass"},
				"east": {"uv": [2, 7, 15, 15], "texture": "#glass"},
				"south": {"uv": [4, 4, 15, 8], "texture": "#glass"},
				"west": {"uv": [3, 4, 12, 13], "texture": "#glass"},
				"up": {"uv": [16, 8, 0, 0], "rotation": 270, "texture": "#glass"},
				"down": {"uv": [14, 9, 4, 5], "rotation": 270, "texture": "#glass"}
			}
		},
		{
			"name": "base",
			"from": [16, 7, -5],
			"to": [16.5, 12, 2],
			"rotation": {"angle": 0, "axis": "y", "origin": [14, 1, 21]},
			"faces": {
				"north": {"uv": [3, 5, 14, 9], "texture": "#glass"},
				"east": {"uv": [2, 7, 15, 15], "texture": "#glass"},
				"south": {"uv": [4, 4, 15, 8], "texture": "#glass"},
				"west": {"uv": [4, 4, 14, 14], "texture": "#glass"},
				"up": {"uv": [12, 11, 2, 7], "rotation": 270, "texture": "#glass"},
				"down": {"uv": [16, 8, 0, 0], "rotation": 270, "texture": "#glass"}
			}
		},
		{
			"name": "base",
			"from": [13.75, 4, -5],
			"to": [14.25, 7, 2],
			"rotation": {"angle": -22.5, "axis": "z", "origin": [14, 1, 21]},
			"faces": {
				"north": {"uv": [3, 5, 14, 9], "texture": "#glass"},
				"east": {"uv": [1, 2, 12, 6], "texture": "#glass"},
				"south": {"uv": [4, 4, 15, 8], "texture": "#glass"},
				"west": {"uv": [1, 2, 12, 6], "texture": "#glass"},
				"up": {"uv": [12, 9, 2, 4], "rotation": 270, "texture": "#glass"},
				"down": {"uv": [16, 8, 0, 0], "rotation": 270, "texture": "#glass"}
			}
		},
		{
			"name": "base",
			"from": [16, 6.5, -5],
			"to": [16.5, 7, 2],
			"rotation": {"angle": 0, "axis": "y", "origin": [14, 0, 21]},
			"faces": {
				"north": {"uv": [0, 0, 12, 1], "texture": "#gray_wool"},
				"east": {"uv": [0, 0, 16, 1], "texture": "#gray_concrete"},
				"south": {"uv": [0, 0, 12, 1], "texture": "#gray_wool"},
				"west": {"uv": [0, 0, 16, 1], "texture": "#light_gray_concrete"},
				"up": {"uv": [16, 8, 0, 0], "rotation": 270, "texture": "#gray_wool"},
				"down": {"uv": [16, 8, 0, 0], "rotation": 270, "texture": "#gray_wool"}
			}
		},
		{
			"name": "base",
			"from": [13.75, 4, 2],
			"to": [14.25, 7, 3],
			"rotation": {"angle": -22.5, "axis": "z", "origin": [14, 1, 21]},
			"faces": {
				"north": {"uv": [0, 0, 12, 1], "texture": "#gray_wool"},
				"east": {"uv": [0, 0, 16, 1], "texture": "#gray_concrete"},
				"south": {"uv": [0, 0, 12, 1], "texture": "#gray_wool"},
				"west": {"uv": [0, 0, 16, 1], "texture": "#light_gray_concrete"},
				"up": {"uv": [16, 8, 0, 0], "rotation": 270, "texture": "#gray_concrete"},
				"down": {"uv": [16, 8, 0, 0], "rotation": 270, "texture": "#gray_concrete"}
			}
		},
		{
			"name": "base",
			"from": [16, 6.5, 2],
			"to": [16.5, 12.5, 3],
			"rotation": {"angle": 0, "axis": "y", "origin": [14, 1, 21]},
			"faces": {
				"north": {"uv": [0, 0, 12, 1], "texture": "#gray_wool"},
				"east": {"uv": [0, 0, 16, 1], "texture": "#gray_concrete"},
				"south": {"uv": [0, 0, 12, 1], "texture": "#gray_wool"},
				"west": {"uv": [0, 0, 16, 1], "texture": "#light_gray_concrete"},
				"up": {"uv": [16, 8, 0, 0], "rotation": 270, "texture": "#8"},
				"down": {"uv": [16, 8, 0, 0], "rotation": 270, "texture": "#8"}
			}
		},
		{
			"name": "base",
			"from": [20.25, 10.5, 2],
			"to": [20.75, 13.5, 3],
			"rotation": {"angle": 22.5, "axis": "z", "origin": [14, 1, 21]},
			"faces": {
				"north": {"uv": [0, 0, 12, 1], "texture": "#gray_wool"},
				"east": {"uv": [0, 0, 16, 1], "texture": "#gray_concrete"},
				"south": {"uv": [0, 0, 12, 1], "texture": "#gray_wool"},
				"west": {"uv": [0, 0, 16, 1], "texture": "#light_gray_concrete"},
				"up": {"uv": [16, 8, 0, 0], "rotation": 270, "texture": "#gray_concrete"},
				"down": {"uv": [16, 8, 0, 0], "rotation": 270, "texture": "#gray_concrete"}
			}
		},
		{
			"name": "base",
			"from": [15, 0, -5],
			"to": [15.5, 3.5, 20],
			"rotation": {"angle": 0, "axis": "y", "origin": [14, 0, 13]},
			"faces": {
				"north": {"uv": [0, 0, 12, 1], "texture": "#8"},
				"east": {"uv": [0, 0, 16, 1], "texture": "#8"},
				"south": {"uv": [0, 0, 12, 1], "texture": "#8"},
				"west": {"uv": [0, 0, 16, 1], "texture": "#light_gray_concrete"},
				"up": {"uv": [16, 8, 0, 0], "rotation": 270, "texture": "#gray_wool"},
				"down": {"uv": [16, 8, 0, 0], "rotation": 270, "texture": "#8"}
			}
		},
		{
			"name": "base",
			"from": [16, 6.5, -6],
			"to": [16.5, 12.5, -5],
			"rotation": {"angle": 0, "axis": "y", "origin": [14, 1, 13]},
			"faces": {
				"north": {"uv": [0, 0, 12, 1], "texture": "#8"},
				"east": {"uv": [0, 0, 16, 1], "texture": "#8"},
				"south": {"uv": [0, 0, 12, 1], "texture": "#gray_wool"},
				"west": {"uv": [0, 0, 16, 1], "texture": "#light_gray_concrete"},
				"up": {"uv": [16, 8, 0, 0], "rotation": 270, "texture": "#8"},
				"down": {"uv": [16, 8, 0, 0], "rotation": 270, "texture": "#8"}
			}
		},
		{
			"name": "base",
			"from": [13.75, 4, -6],
			"to": [14.25, 7, -5],
			"rotation": {"angle": -22.5, "axis": "z", "origin": [14, 1, 13]},
			"faces": {
				"north": {"uv": [0, 0, 12, 1], "texture": "#8"},
				"east": {"uv": [0, 0, 16, 1], "texture": "#8"},
				"south": {"uv": [0, 0, 12, 1], "texture": "#gray_wool"},
				"west": {"uv": [0, 0, 16, 1], "texture": "#light_gray_concrete"},
				"up": {"uv": [16, 8, 0, 0], "rotation": 270, "texture": "#8"},
				"down": {"uv": [16, 8, 0, 0], "rotation": 270, "texture": "#8"}
			}
		},
		{
			"name": "base",
			"from": [20.25, 13.5, -6],
			"to": [20.75, 14.5, 7.5],
			"rotation": {"angle": 22.5, "axis": "z", "origin": [14, 1, 21]},
			"faces": {
				"north": {"uv": [0, 0, 12, 1], "texture": "#gray_wool"},
				"east": {"uv": [0, 0, 16, 1], "texture": "#gray_concrete"},
				"south": {"uv": [0, 0, 12, 1], "texture": "#gray_wool"},
				"west": {"uv": [0, 0, 16, 1], "texture": "#cyan_terracotta"},
				"up": {"uv": [16, 8, 0, 0], "rotation": 270, "texture": "#gray_concrete"},
				"down": {"uv": [16, 8, 0, 0], "rotation": 270, "texture": "#gray_concrete"}
			}
		},
		{
			"name": "base",
			"from": [20.25, 10.5, -6],
			"to": [20.75, 13.5, -5],
			"rotation": {"angle": 22.5, "axis": "z", "origin": [14, 1, 13]},
			"faces": {
				"north": {"uv": [0, 0, 12, 1], "texture": "#8"},
				"east": {"uv": [0, 0, 16, 1], "texture": "#8"},
				"south": {"uv": [0, 0, 12, 1], "texture": "#gray_wool"},
				"west": {"uv": [0, 0, 16, 1], "texture": "#light_gray_concrete"},
				"up": {"uv": [16, 8, 0, 0], "rotation": 270, "texture": "#8"},
				"down": {"uv": [16, 8, 0, 0], "rotation": 270, "texture": "#8"}
			}
		},
		{
			"name": "base",
			"from": [-0.5, 0, 3],
			"to": [0, 1.5, 7],
			"rotation": {"angle": 0, "axis": "y", "origin": [1, 0, 13]},
			"faces": {
				"north": {"uv": [12, 0, 0, 1], "texture": "#8"},
				"east": {"uv": [16, 0, 0, 1], "texture": "#light_gray_concrete"},
				"south": {"uv": [12, 0, 0, 1], "texture": "#8"},
				"west": {"uv": [16, 0, 0, 1], "texture": "#gray_concrete"},
				"up": {"uv": [16, 0, 0, 8], "rotation": 270, "texture": "#gray_wool"},
				"down": {"uv": [16, 0, 0, 8], "rotation": 270, "texture": "#8"}
			}
		},
		{
			"name": "base",
			"from": [-0.5, 0, 7],
			"to": [0, 4, 7.5],
			"rotation": {"angle": 0, "axis": "y", "origin": [1, 0, 25.5]},
			"faces": {
				"north": {"uv": [12, 0, 0, 1], "texture": "#gray_wool"},
				"east": {"uv": [16, 0, 0, 1], "texture": "#gray_wool"},
				"south": {"uv": [12, 0, 0, 1], "texture": "#gray_wool"},
				"west": {"uv": [16, 0, 0, 1], "texture": "#gray_wool"},
				"up": {"uv": [16, 0, 0, 8], "rotation": 270, "texture": "#gray_wool"},
				"down": {"uv": [16, 0, 0, 8], "rotation": 270, "texture": "#gray_wool"}
			}
		},
		{
			"name": "base",
			"from": [0.75, 4, 7],
			"to": [1.25, 7, 7.5],
			"rotation": {"angle": 22.5, "axis": "z", "origin": [1, 1, 25.5]},
			"faces": {
				"north": {"uv": [12, 0, 0, 1], "texture": "#gray_wool"},
				"east": {"uv": [16, 0, 0, 1], "texture": "#gray_wool"},
				"south": {"uv": [12, 0, 0, 1], "texture": "#gray_wool"},
				"west": {"uv": [16, 0, 0, 1], "texture": "#gray_wool"},
				"up": {"uv": [16, 0, 0, 8], "rotation": 270, "texture": "#gray_wool"},
				"down": {"uv": [16, 0, 0, 8], "rotation": 270, "texture": "#gray_wool"}
			}
		},
		{
			"name": "base",
			"from": [-1.5, 6.5, 7],
			"to": [-1, 12.5, 7.5],
			"rotation": {"angle": 0, "axis": "y", "origin": [1, 1, 25.5]},
			"faces": {
				"north": {"uv": [12, 0, 0, 1], "texture": "#gray_wool"},
				"east": {"uv": [16, 0, 0, 1], "texture": "#gray_wool"},
				"south": {"uv": [12, 0, 0, 1], "texture": "#gray_wool"},
				"west": {"uv": [16, 0, 0, 1], "texture": "#gray_wool"},
				"up": {"uv": [16, 0, 0, 8], "rotation": 270, "texture": "#gray_wool"},
				"down": {"uv": [16, 0, 0, 8], "rotation": 270, "texture": "#gray_wool"}
			}
		},
		{
			"name": "base",
			"from": [-5.75, 10.5, 7],
			"to": [-5.25, 13.5, 7.5],
			"rotation": {"angle": -22.5, "axis": "z", "origin": [1, 1, 25.5]},
			"faces": {
				"north": {"uv": [12, 0, 0, 1], "texture": "#gray_wool"},
				"east": {"uv": [16, 0, 0, 1], "texture": "#gray_wool"},
				"south": {"uv": [12, 0, 0, 1], "texture": "#gray_wool"},
				"west": {"uv": [16, 0, 0, 1], "texture": "#gray_wool"},
				"up": {"uv": [16, 0, 0, 8], "rotation": 270, "texture": "#gray_wool"},
				"down": {"uv": [16, 0, 0, 8], "rotation": 270, "texture": "#gray_wool"}
			}
		},
		{
			"name": "base",
			"from": [-1.5, 6.5, 3],
			"to": [-1, 7, 7],
			"rotation": {"angle": 0, "axis": "y", "origin": [1, 1, 21]},
			"faces": {
				"north": {"uv": [12, 0, 0, 1], "texture": "#gray_wool"},
				"east": {"uv": [16, 0, 0, 1], "texture": "#light_gray_concrete"},
				"south": {"uv": [12, 0, 0, 1], "texture": "#gray_wool"},
				"west": {"uv": [16, 0, 0, 1], "texture": "#gray_concrete"},
				"up": {"uv": [16, 0, 0, 8], "rotation": 270, "texture": "#gray_wool"},
				"down": {"uv": [16, 0, 0, 8], "rotation": 270, "texture": "#gray_wool"}
			}
		},
		{
			"name": "base",
			"from": [-1.5, 11.5, 3],
			"to": [-1, 12, 7],
			"rotation": {"angle": 0, "axis": "y", "origin": [1, 1, 21]},
			"faces": {
				"north": {"uv": [12, 0, 0, 1], "texture": "#gray_wool"},
				"east": {"uv": [16, 0, 0, 1], "texture": "#light_gray_concrete"},
				"south": {"uv": [12, 0, 0, 1], "texture": "#gray_wool"},
				"west": {"uv": [16, 0, 0, 1], "texture": "#gray_concrete"},
				"up": {"uv": [16, 0, 0, 8], "rotation": 270, "texture": "#gray_wool"},
				"down": {"uv": [16, 0, 0, 8], "rotation": 270, "texture": "#gray_wool"}
			}
		},
		{
			"name": "base",
			"from": [20.25, 10.5, 3],
			"to": [20.75, 13.5, 7.5],
			"rotation": {"angle": 22.5, "axis": "z", "origin": [14, 1, 26.5]},
			"faces": {
				"north": {"uv": [3, 5, 14, 9], "texture": "#glass"},
				"east": {"uv": [2, 7, 15, 15], "texture": "#glass"},
				"south": {"uv": [4, 4, 15, 8], "texture": "#glass"},
				"west": {"uv": [3, 4, 12, 13], "texture": "#glass"},
				"up": {"uv": [16, 8, 0, 0], "rotation": 270, "texture": "#glass"},
				"down": {"uv": [14, 9, 4, 5], "rotation": 270, "texture": "#glass"}
			}
		},
		{
			"name": "base",
			"from": [16, 7, 3],
			"to": [16.5, 12, 7.5],
			"rotation": {"angle": 0, "axis": "y", "origin": [14, 1, 26.5]},
			"faces": {
				"north": {"uv": [3, 5, 14, 9], "texture": "#glass"},
				"east": {"uv": [2, 7, 15, 15], "texture": "#glass"},
				"south": {"uv": [4, 4, 15, 8], "texture": "#glass"},
				"west": {"uv": [4, 4, 14, 14], "texture": "#glass"},
				"up": {"uv": [12, 11, 2, 7], "rotation": 270, "texture": "#glass"},
				"down": {"uv": [16, 8, 0, 0], "rotation": 270, "texture": "#glass"}
			}
		},
		{
			"name": "base",
			"from": [16, 6.5, 3],
			"to": [16.5, 7, 7.5],
			"rotation": {"angle": 0, "axis": "y", "origin": [14, 0, 26.5]},
			"faces": {
				"north": {"uv": [0, 0, 12, 1], "texture": "#gray_wool"},
				"east": {"uv": [0, 0, 16, 1], "texture": "#gray_concrete"},
				"south": {"uv": [0, 0, 12, 1], "texture": "#gray_wool"},
				"west": {"uv": [0, 0, 16, 1], "texture": "#light_gray_concrete"},
				"up": {"uv": [16, 8, 0, 0], "rotation": 270, "texture": "#gray_wool"},
				"down": {"uv": [16, 8, 0, 0], "rotation": 270, "texture": "#gray_wool"}
			}
		},
		{
			"name": "base",
			"from": [13.75, 4, 3],
			"to": [14.25, 7, 7.5],
			"rotation": {"angle": -22.5, "axis": "z", "origin": [14, 1, 26.5]},
			"faces": {
				"north": {"uv": [3, 5, 14, 9], "texture": "#glass"},
				"east": {"uv": [1, 2, 12, 6], "texture": "#glass"},
				"south": {"uv": [4, 4, 15, 8], "texture": "#glass"},
				"west": {"uv": [1, 2, 12, 6], "texture": "#glass"},
				"up": {"uv": [12, 9, 2, 4], "rotation": 270, "texture": "#glass"},
				"down": {"uv": [16, 8, 0, 0], "rotation": 270, "texture": "#glass"}
			}
		},
		{
			"name": "base",
			"from": [-0.1, 16, -6],
			"to": [14.9, 16.5, 21],
			"rotation": {"angle": 0, "axis": "y", "origin": [14, 1, 21]},
			"faces": {
				"north": {"uv": [0, 0, 12, 1], "texture": "#8"},
				"east": {"uv": [0, 0, 16, 1], "texture": "#8"},
				"south": {"uv": [0, 0, 12, 1], "texture": "#8"},
				"west": {"uv": [0, 0, 16, 1], "texture": "#8"},
				"up": {"uv": [16, 10, 0, 0], "rotation": 270, "texture": "#7"},
				"down": {"uv": [10, 9, 0, 0], "rotation": 270, "texture": "#7"}
			}
		},
		{
			"name": "base",
			"from": [4.4, 15.9, 4],
			"to": [10.4, 16.4, 11],
			"rotation": {"angle": 0, "axis": "y", "origin": [14, 1, 21]},
			"faces": {
				"north": {"uv": [0, 0, 12, 1], "texture": "#light_gray_concrete"},
				"east": {"uv": [0, 0, 16, 1], "texture": "#light_gray_concrete"},
				"south": {"uv": [0, 0, 12, 1], "texture": "#light_gray_concrete"},
				"west": {"uv": [0, 0, 16, 1], "texture": "#light_gray_concrete"},
				"up": {"uv": [16, 10, 0, 0], "rotation": 270, "texture": "#light_gray_concrete"},
				"down": {"uv": [10, 9, 0, 0], "rotation": 270, "texture": "#light_gray_concrete"}
			}
		},
		{
			"name": "base",
			"from": [4.9, 15.8, 4.5],
			"to": [9.9, 16.3, 10.5],
			"rotation": {"angle": 0, "axis": "y", "origin": [14, 1, 21]},
			"faces": {
				"north": {"uv": [0, 0, 12, 1], "texture": "#light_gray_concrete"},
				"east": {"uv": [0, 0, 16, 1], "texture": "#light_gray_concrete"},
				"south": {"uv": [0, 0, 12, 1], "texture": "#light_gray_concrete"},
				"west": {"uv": [0, 0, 16, 1], "texture": "#light_gray_concrete"},
				"up": {"uv": [16, 10, 0, 0], "rotation": 270, "texture": "#light_gray_concrete"},
				"down": {"uv": [10, 9, 0, 0], "rotation": 270, "texture": "#light_gray_concrete"}
			}
		},
		{
			"name": "base",
			"from": [-1, 6.5, -6],
			"to": [16, 7, -5.5],
			"rotation": {"angle": 0, "axis": "y", "origin": [14, 0, 21]},
			"faces": {
				"north": {"uv": [0, 0, 12, 1], "texture": "#gray_wool"},
				"east": {"uv": [0, 0, 16, 1], "texture": "#gray_concrete"},
				"south": {"uv": [0, 0, 12, 1], "texture": "#gray_wool"},
				"west": {"uv": [0, 0, 16, 1], "texture": "#light_gray_concrete"},
				"up": {"uv": [16, 8, 0, 0], "rotation": 270, "texture": "#gray_wool"},
				"down": {"uv": [16, 8, 0, 0], "rotation": 270, "texture": "#gray_wool"}
			}
		},
		{
			"name": "base",
			"from": [-1, 12.5, -6],
			"to": [16, 13, -5.5],
			"rotation": {"angle": 0, "axis": "y", "origin": [14, 0, 21]},
			"faces": {
				"north": {"uv": [0, 0, 12, 1], "texture": "#gray_wool"},
				"east": {"uv": [0, 0, 16, 1], "texture": "#gray_concrete"},
				"south": {"uv": [0, 0, 12, 1], "texture": "#gray_wool"},
				"west": {"uv": [0, 0, 16, 1], "texture": "#light_gray_concrete"},
				"up": {"uv": [16, 8, 0, 0], "rotation": 270, "texture": "#gray_wool"},
				"down": {"uv": [16, 8, 0, 0], "rotation": 270, "texture": "#gray_wool"}
			}
		},
		{
			"name": "base",
			"from": [7.25, 13, -6],
			"to": [7.75, 16, -5.5],
			"rotation": {"angle": 0, "axis": "y", "origin": [14, 0, 21]},
			"faces": {
				"north": {"uv": [0, 0, 12, 1], "texture": "#gray_wool"},
				"east": {"uv": [0, 0, 16, 1], "texture": "#gray_concrete"},
				"south": {"uv": [0, 0, 12, 1], "texture": "#gray_wool"},
				"west": {"uv": [0, 0, 16, 1], "texture": "#light_gray_concrete"},
				"up": {"uv": [16, 8, 0, 0], "rotation": 270, "texture": "#gray_wool"},
				"down": {"uv": [16, 8, 0, 0], "rotation": 270, "texture": "#gray_wool"}
			}
		},
		{
			"name": "base",
			"from": [14, 13, -6],
			"to": [15, 16, -5.5],
			"rotation": {"angle": 0, "axis": "y", "origin": [14, 0, 21]},
			"faces": {
				"north": {"uv": [0, 0, 12, 1], "texture": "#8"},
				"east": {"uv": [0, 0, 16, 1], "texture": "#gray_concrete"},
				"south": {"uv": [0, 0, 12, 1], "texture": "#gray_wool"},
				"west": {"uv": [0, 0, 16, 1], "texture": "#light_gray_concrete"},
				"up": {"uv": [16, 8, 0, 0], "rotation": 270, "texture": "#gray_wool"},
				"down": {"uv": [16, 8, 0, 0], "rotation": 270, "texture": "#gray_wool"}
			}
		},
		{
			"name": "base",
			"from": [15, 13, -6],
			"to": [15.75, 15, -5.5],
			"rotation": {"angle": 0, "axis": "y", "origin": [14, 0, 21]},
			"faces": {
				"north": {"uv": [0, 0, 12, 1], "texture": "#8"},
				"east": {"uv": [0, 0, 16, 1], "texture": "#8"},
				"south": {"uv": [0, 0, 12, 1], "texture": "#gray_wool"},
				"west": {"uv": [0, 0, 16, 1], "texture": "#light_gray_concrete"},
				"up": {"uv": [16, 8, 0, 0], "rotation": 270, "texture": "#gray_wool"},
				"down": {"uv": [16, 8, 0, 0], "rotation": 270, "texture": "#gray_wool"}
			}
		},
		{
			"name": "base",
			"from": [-0.75, 13, -6],
			"to": [0, 15, -5.5],
			"rotation": {"angle": 0, "axis": "y", "origin": [2, 0, 21]},
			"faces": {
				"north": {"uv": [12, 0, 0, 1], "texture": "#8"},
				"east": {"uv": [16, 0, 0, 1], "texture": "#light_gray_concrete"},
				"south": {"uv": [12, 0, 0, 1], "texture": "#gray_wool"},
				"west": {"uv": [16, 0, 0, 1], "texture": "#8"},
				"up": {"uv": [16, 0, 0, 8], "rotation": 270, "texture": "#gray_wool"},
				"down": {"uv": [16, 0, 0, 8], "rotation": 270, "texture": "#gray_wool"}
			}
		},
		{
			"name": "base",
			"from": [0, 13, -6],
			"to": [1, 16, -5.5],
			"rotation": {"angle": 0, "axis": "y", "origin": [2, 0, 21]},
			"faces": {
				"north": {"uv": [12, 0, 0, 1], "texture": "#8"},
				"east": {"uv": [16, 0, 0, 1], "texture": "#light_gray_concrete"},
				"south": {"uv": [12, 0, 0, 1], "texture": "#gray_wool"},
				"west": {"uv": [16, 0, 0, 1], "texture": "#gray_concrete"},
				"up": {"uv": [16, 0, 0, 8], "rotation": 270, "texture": "#gray_wool"},
				"down": {"uv": [16, 0, 0, 8], "rotation": 270, "texture": "#gray_wool"}
			}
		},
		{
			"name": "base",
			"from": [1, 13, -6],
			"to": [7.25, 16, -5.5],
			"rotation": {"angle": 0, "axis": "y", "origin": [2, 0, 21]},
			"faces": {
				"north": {"uv": [15, 10, 1, 15], "texture": "#glass"},
				"east": {"uv": [15, 4, 1, 9], "texture": "#glass"},
				"south": {"uv": [11, 1, 1, 7], "texture": "#glass"},
				"west": {"uv": [15, 4, 1, 9], "texture": "#glass"},
				"up": {"uv": [1, 9, 15, 4], "texture": "#gray_wool"},
				"down": {"uv": [1, 9, 15, 4], "texture": "#gray_wool"}
			}
		},
		{
			"name": "base",
			"from": [7.75, 13, -6],
			"to": [14, 16, -5.5],
			"rotation": {"angle": 0, "axis": "y", "origin": [2, 0, 21]},
			"faces": {
				"north": {"uv": [15, 2, 1, 7], "texture": "#glass"},
				"east": {"uv": [15, 4, 1, 9], "texture": "#glass"},
				"south": {"uv": [14, 5, 1, 15], "texture": "#glass"},
				"west": {"uv": [15, 4, 1, 9], "texture": "#glass"},
				"up": {"uv": [1, 9, 15, 4], "texture": "#gray_wool"},
				"down": {"uv": [1, 9, 15, 4], "texture": "#gray_wool"}
			}
		},
		{
			"name": "base",
			"from": [-1, 7, -6],
			"to": [7, 12.5, -5.5],
			"rotation": {"angle": 0, "axis": "y", "origin": [2, 0, 21]},
			"faces": {
				"north": {"uv": [15, 5, 1, 10], "texture": "#glass"},
				"east": {"uv": [15, 4, 1, 9], "texture": "#glass"},
				"south": {"uv": [13, 6, 4, 12], "texture": "#glass"},
				"west": {"uv": [15, 4, 1, 9], "texture": "#glass"},
				"up": {"uv": [1, 9, 15, 4], "texture": "#gray_wool"},
				"down": {"uv": [1, 9, 15, 4], "texture": "#gray_wool"}
			}
		},
		{
			"name": "base",
			"from": [7, 7, -6],
			"to": [16, 12.5, -5.5],
			"rotation": {"angle": 0, "axis": "y", "origin": [2, 0, 21]},
			"faces": {
				"north": {"uv": [15, 8, 8, 15], "texture": "#glass"},
				"east": {"uv": [15, 4, 1, 9], "texture": "#glass"},
				"south": {"uv": [10, 1, 1, 7], "texture": "#glass"},
				"west": {"uv": [15, 4, 1, 9], "texture": "#glass"},
				"up": {"uv": [1, 9, 15, 4], "texture": "#gray_wool"},
				"down": {"uv": [1, 9, 15, 4], "texture": "#gray_wool"}
			}
		},
		{
			"name": "base",
			"from": [0, 4, -6],
			"to": [15, 6.5, -5.5],
			"rotation": {"angle": 0, "axis": "y", "origin": [2, 0, 21]},
			"faces": {
				"north": {"uv": [15, 1, 1, 11], "texture": "#glass"},
				"east": {"uv": [15, 4, 1, 9], "texture": "#glass"},
				"south": {"uv": [15, 6, 1, 15], "texture": "#glass"},
				"west": {"uv": [15, 4, 1, 9], "texture": "#glass"},
				"up": {"uv": [1, 9, 15, 4], "texture": "#gray_wool"},
				"down": {"uv": [1, 9, 15, 4], "texture": "#gray_wool"}
			}
		},
		{
			"name": "base",
			"from": [-1.5, 7, -1],
			"to": [-1, 11.5, 3],
			"rotation": {"angle": 0, "axis": "y", "origin": [1, 1, 21]},
			"faces": {
				"north": {"uv": [14, 5, 3, 9], "texture": "#glass"},
				"east": {"uv": [15, 5, 5, 15], "texture": "#glass"},
				"south": {"uv": [15, 4, 4, 8], "texture": "#glass"},
				"west": {"uv": [14, 1, 1, 7], "texture": "#glass"},
				"up": {"uv": [12, 7, 2, 11], "rotation": 270, "texture": "#glass"},
				"down": {"uv": [16, 0, 0, 8], "rotation": 270, "texture": "#glass"}
			}
		},
		{
			"name": "base",
			"from": [0, 3, -5],
			"to": [15, 4, -2],
			"rotation": {"angle": 0, "axis": "y", "origin": [1, 0, 13]},
			"faces": {
				"north": {"uv": [12, 0, 0, 1], "texture": "#8"},
				"east": {"uv": [16, 0, 0, 1], "texture": "#8"},
				"south": {"uv": [12, 0, 0, 1], "texture": "#gray_wool"},
				"west": {"uv": [16, 0, 0, 1], "texture": "#8"},
				"up": {"uv": [16, 0, 0, 8], "rotation": 270, "texture": "#gray_wool"},
				"down": {"uv": [16, 0, 0, 8], "rotation": 270, "texture": "#8"}
			}
		},
		{
			"name": "base",
			"from": [-1, 5.75, -5.5],
			"to": [16, 7.25, -5],
			"rotation": {"angle": 0, "axis": "y", "origin": [1, 0, 13]},
			"faces": {
				"north": {"uv": [12, 0, 0, 1], "texture": "#8"},
				"east": {"uv": [16, 0, 0, 1], "texture": "#8"},
				"south": {"uv": [12, 0, 0, 1], "texture": "#gray_wool"},
				"west": {"uv": [16, 0, 0, 1], "texture": "#8"},
				"up": {"uv": [16, 0, 0, 8], "rotation": 270, "texture": "#gray_wool"},
				"down": {"uv": [16, 0, 0, 8], "rotation": 270, "texture": "#8"}
			}
		},
		{
			"name": "base",
			"from": [0, 0, -5],
			"to": [15, 3, -3],
			"rotation": {"angle": 0, "axis": "y", "origin": [1, 0, 13]},
			"faces": {
				"north": {"uv": [12, 0, 0, 1], "texture": "#7"},
				"east": {"uv": [16, 0, 0, 1], "texture": "#7"},
				"south": {"uv": [12, 0, 0, 1], "texture": "#7"},
				"west": {"uv": [16, 0, 0, 1], "texture": "#7"},
				"up": {"uv": [16, 0, 0, 8], "rotation": 270, "texture": "#7"},
				"down": {"uv": [16, 0, 0, 8], "rotation": 270, "texture": "#7"}
			}
		}
	],
	"display": {
		"thirdperson_righthand": {
			"rotation": [75, 315, 0],
			"translation": [0, 2.5, 0],
			"scale": [0.375, 0.375, 0.375]
		},
		"firstperson_righthand": {
			"rotation": [0, 315, 0],
			"translation": [0, 2.5, 0],
			"scale": [0.4, 0.4, 0.4]
		},
		"ground": {
			"translation": [0, 3, 0],
			"scale": [0.25, 0.25, 0.25]
		},
		"gui": {
			"rotation": [30, 45, 0],
			"scale": [0.625, 0.625, 0.625]
		},
		"head": {
			"scale": [4, 4, 4]
		},
		"fixed": {
			"rotation": [0, 180, 0]
		}
	}
}