{
	"credit": "Made with Blockbench",
	"textures": {
		"gray_wool": "block/gray_wool",
		"cyan_terracotta": "block/cyan_terracotta",
		"iron_block": "block/iron_block",
		"light_gray_concrete": "block/light_gray_concrete",
		"particle": "block/light_blue_concrete"
	},
	"elements": [
		{
			"name": "base",
			"from": [4.5, 5.5, 6],
			"to": [6.5, 17.5, 8],
			"rotation": {"angle": 0, "axis": "y", "origin": [1, -1, -3]},
			"faces": {
				"north": {"uv": [0, 0, 12, 1], "texture": "#light_gray_concrete"},
				"east": {"uv": [0, 0, 16, 1], "texture": "#light_gray_concrete"},
				"south": {"uv": [0, 0, 12, 1], "texture": "#light_gray_concrete"},
				"west": {"uv": [0, 0, 16, 1], "texture": "#light_gray_concrete"},
				"up": {"uv": [0, 0, 16, 8], "rotation": 270, "texture": "#light_gray_concrete"},
				"down": {"uv": [0, 0, 16, 8], "rotation": 270, "texture": "#light_gray_concrete"}
			}
		},
		{
			"name": "base",
			"from": [-3, 17.5, 6],
			"to": [-1, 22.5, 8],
			"rotation": {"angle": -22.5, "axis": "z", "origin": [1, -1, -3]},
			"faces": {
				"north": {"uv": [0, 0, 12, 1], "texture": "#light_gray_concrete"},
				"east": {"uv": [0, 0, 16, 1], "texture": "#light_gray_concrete"},
				"south": {"uv": [0, 0, 12, 1], "texture": "#light_gray_concrete"},
				"west": {"uv": [0, 0, 16, 1], "texture": "#light_gray_concrete"},
				"up": {"uv": [0, 0, 16, 8], "rotation": 270, "texture": "#light_gray_concrete"},
				"down": {"uv": [0, 0, 16, 8], "rotation": 270, "texture": "#light_gray_concrete"}
			}
		},
		{
			"name": "base",
			"from": [6, 21.5, 4],
			"to": [7, 24, 11],
			"rotation": {"angle": 0, "axis": "z", "origin": [1, -1, -3]},
			"faces": {
				"north": {"uv": [0, 0, 12, 1], "texture": "#gray_wool"},
				"east": {"uv": [0, 0, 16, 1], "texture": "#gray_wool"},
				"south": {"uv": [0, 0, 12, 1], "texture": "#gray_wool"},
				"west": {"uv": [0, 0, 16, 1], "texture": "#gray_wool"},
				"up": {"uv": [0, 0, 16, 8], "rotation": 270, "texture": "#gray_wool"},
				"down": {"uv": [0, 0, 16, 8], "rotation": 270, "texture": "#gray_wool"}
			}
		},
		{
			"name": "base",
			"from": [5.5, 21.5, 3.5],
			"to": [6, 23.5, 5.5],
			"rotation": {"angle": 0, "axis": "z", "origin": [1, -1, -3]},
			"faces": {
				"north": {"uv": [0, 0, 12, 1], "texture": "#iron_block"},
				"east": {"uv": [0, 0, 16, 1], "texture": "#iron_block"},
				"south": {"uv": [0, 0, 12, 1], "texture": "#iron_block"},
				"west": {"uv": [0, 0, 16, 1], "texture": "#iron_block"},
				"up": {"uv": [0, 0, 16, 8], "rotation": 270, "texture": "#iron_block"},
				"down": {"uv": [0, 0, 16, 8], "rotation": 270, "texture": "#iron_block"}
			}
		},
		{
			"name": "base",
			"from": [5.4, 22.25, 4.25],
			"to": [5.9, 22.75, 4.75],
			"rotation": {"angle": 0, "axis": "z", "origin": [1, -1, -3]},
			"faces": {
				"north": {"uv": [0, 0, 12, 1], "texture": "#cyan_terracotta"},
				"east": {"uv": [0, 0, 16, 1], "texture": "#cyan_terracotta"},
				"south": {"uv": [0, 0, 12, 1], "texture": "#cyan_terracotta"},
				"west": {"uv": [0, 0, 16, 1], "texture": "#cyan_terracotta"},
				"up": {"uv": [0, 0, 16, 8], "rotation": 270, "texture": "#cyan_terracotta"},
				"down": {"uv": [0, 0, 16, 8], "rotation": 270, "texture": "#cyan_terracotta"}
			}
		},
		{
			"name": "base",
			"from": [5.5, 21.5, 6.25],
			"to": [6, 23.5, 8.25],
			"rotation": {"angle": 0, "axis": "z", "origin": [1, -1, -3]},
			"faces": {
				"north": {"uv": [0, 0, 12, 1], "texture": "#iron_block"},
				"east": {"uv": [0, 0, 16, 1], "texture": "#iron_block"},
				"south": {"uv": [0, 0, 12, 1], "texture": "#iron_block"},
				"west": {"uv": [0, 0, 16, 1], "texture": "#iron_block"},
				"up": {"uv": [0, 0, 16, 8], "rotation": 270, "texture": "#iron_block"},
				"down": {"uv": [0, 0, 16, 8], "rotation": 270, "texture": "#iron_block"}
			}
		},
		{
			"name": "base",
			"from": [5.4, 22.25, 7],
			"to": [5.9, 22.75, 7.5],
			"rotation": {"angle": 0, "axis": "z", "origin": [1, -1, -3]},
			"faces": {
				"north": {"uv": [0, 0, 12, 1], "texture": "#cyan_terracotta"},
				"east": {"uv": [0, 0, 16, 1], "texture": "#cyan_terracotta"},
				"south": {"uv": [0, 0, 12, 1], "texture": "#cyan_terracotta"},
				"west": {"uv": [0, 0, 16, 1], "texture": "#cyan_terracotta"},
				"up": {"uv": [0, 0, 16, 8], "rotation": 270, "texture": "#cyan_terracotta"},
				"down": {"uv": [0, 0, 16, 8], "rotation": 270, "texture": "#cyan_terracotta"}
			}
		},
		{
			"name": "base",
			"from": [5.5, 21.5, 9],
			"to": [6, 23.5, 11],
			"rotation": {"angle": 0, "axis": "z", "origin": [1, -1, -3]},
			"faces": {
				"north": {"uv": [0, 0, 12, 1], "texture": "#iron_block"},
				"east": {"uv": [0, 0, 16, 1], "texture": "#iron_block"},
				"south": {"uv": [0, 0, 12, 1], "texture": "#iron_block"},
				"west": {"uv": [0, 0, 16, 1], "texture": "#iron_block"},
				"up": {"uv": [0, 0, 16, 8], "rotation": 270, "texture": "#iron_block"},
				"down": {"uv": [0, 0, 16, 8], "rotation": 270, "texture": "#iron_block"}
			}
		},
		{
			"name": "base",
			"from": [5.4, 22.25, 9.75],
			"to": [5.9, 22.75, 10.25],
			"rotation": {"angle": 0, "axis": "z", "origin": [1, -1, -3]},
			"faces": {
				"north": {"uv": [0, 0, 12, 1], "texture": "#cyan_terracotta"},
				"east": {"uv": [0, 0, 16, 1], "texture": "#cyan_terracotta"},
				"south": {"uv": [0, 0, 12, 1], "texture": "#cyan_terracotta"},
				"west": {"uv": [0, 0, 16, 1], "texture": "#cyan_terracotta"},
				"up": {"uv": [0, 0, 16, 8], "rotation": 270, "texture": "#cyan_terracotta"},
				"down": {"uv": [0, 0, 16, 8], "rotation": 270, "texture": "#cyan_terracotta"}
			}
		},
		{
			"name": "base",
			"from": [8.6, 22.25, 9.75],
			"to": [9.1, 22.75, 10.25],
			"rotation": {"angle": 0, "axis": "z", "origin": [15, -1, -3]},
			"faces": {
				"north": {"uv": [12, 0, 0, 1], "texture": "#cyan_terracotta"},
				"east": {"uv": [16, 0, 0, 1], "texture": "#cyan_terracotta"},
				"south": {"uv": [12, 0, 0, 1], "texture": "#cyan_terracotta"},
				"west": {"uv": [16, 0, 0, 1], "texture": "#cyan_terracotta"},
				"up": {"uv": [0, 8, 16, 0], "rotation": 270, "texture": "#cyan_terracotta"},
				"down": {"uv": [0, 8, 16, 0], "rotation": 270, "texture": "#cyan_terracotta"}
			}
		},
		{
			"name": "base",
			"from": [8.5, 21.5, 9],
			"to": [9, 23.5, 11],
			"rotation": {"angle": 0, "axis": "z", "origin": [15, -1, -3]},
			"faces": {
				"north": {"uv": [12, 0, 0, 1], "texture": "#iron_block"},
				"east": {"uv": [16, 0, 0, 1], "texture": "#iron_block"},
				"south": {"uv": [12, 0, 0, 1], "texture": "#iron_block"},
				"west": {"uv": [16, 0, 0, 1], "texture": "#iron_block"},
				"up": {"uv": [0, 8, 16, 0], "rotation": 270, "texture": "#iron_block"},
				"down": {"uv": [0, 8, 16, 0], "rotation": 270, "texture": "#iron_block"}
			}
		},
		{
			"name": "base",
			"from": [7.5, 21.5, 4],
			"to": [8.5, 24, 11],
			"rotation": {"angle": 0, "axis": "z", "origin": [15, -1, -3]},
			"faces": {
				"north": {"uv": [12, 0, 0, 1], "texture": "#gray_wool"},
				"east": {"uv": [16, 0, 0, 1], "texture": "#gray_wool"},
				"south": {"uv": [12, 0, 0, 1], "texture": "#gray_wool"},
				"west": {"uv": [16, 0, 0, 1], "texture": "#gray_wool"},
				"up": {"uv": [0, 8, 16, 0], "rotation": 270, "texture": "#gray_wool"},
				"down": {"uv": [0, 8, 16, 0], "rotation": 270, "texture": "#gray_wool"}
			}
		},
		{
			"name": "base",
			"from": [6.5, 21.5, 6],
			"to": [7.5, 24.5, 9],
			"rotation": {"angle": 0, "axis": "z", "origin": [15, -1, -3]},
			"faces": {
				"north": {"uv": [12, 0, 0, 1], "texture": "#gray_wool"},
				"east": {"uv": [16, 0, 0, 1], "texture": "#gray_wool"},
				"south": {"uv": [12, 0, 0, 1], "texture": "#gray_wool"},
				"west": {"uv": [16, 0, 0, 1], "texture": "#gray_wool"},
				"up": {"uv": [0, 8, 16, 0], "rotation": 270, "texture": "#gray_wool"},
				"down": {"uv": [0, 8, 16, 0], "rotation": 270, "texture": "#gray_wool"}
			}
		},
		{
			"name": "base",
			"from": [8.5, 21.5, 6.25],
			"to": [9, 23.5, 8.25],
			"rotation": {"angle": 0, "axis": "z", "origin": [15, -1, -3]},
			"faces": {
				"north": {"uv": [12, 0, 0, 1], "texture": "#iron_block"},
				"east": {"uv": [16, 0, 0, 1], "texture": "#iron_block"},
				"south": {"uv": [12, 0, 0, 1], "texture": "#iron_block"},
				"west": {"uv": [16, 0, 0, 1], "texture": "#iron_block"},
				"up": {"uv": [0, 8, 16, 0], "rotation": 270, "texture": "#iron_block"},
				"down": {"uv": [0, 8, 16, 0], "rotation": 270, "texture": "#iron_block"}
			}
		},
		{
			"name": "base",
			"from": [8.6, 22.25, 7],
			"to": [9.1, 22.75, 7.5],
			"rotation": {"angle": 0, "axis": "z", "origin": [15, -1, -3]},
			"faces": {
				"north": {"uv": [12, 0, 0, 1], "texture": "#cyan_terracotta"},
				"east": {"uv": [16, 0, 0, 1], "texture": "#cyan_terracotta"},
				"south": {"uv": [12, 0, 0, 1], "texture": "#cyan_terracotta"},
				"west": {"uv": [16, 0, 0, 1], "texture": "#cyan_terracotta"},
				"up": {"uv": [0, 8, 16, 0], "rotation": 270, "texture": "#cyan_terracotta"},
				"down": {"uv": [0, 8, 16, 0], "rotation": 270, "texture": "#cyan_terracotta"}
			}
		},
		{
			"name": "base",
			"from": [8.6, 22.25, 4.25],
			"to": [9.1, 22.75, 4.75],
			"rotation": {"angle": 0, "axis": "z", "origin": [15, -1, -3]},
			"faces": {
				"north": {"uv": [12, 0, 0, 1], "texture": "#cyan_terracotta"},
				"east": {"uv": [16, 0, 0, 1], "texture": "#cyan_terracotta"},
				"south": {"uv": [12, 0, 0, 1], "texture": "#cyan_terracotta"},
				"west": {"uv": [16, 0, 0, 1], "texture": "#cyan_terracotta"},
				"up": {"uv": [0, 8, 16, 0], "rotation": 270, "texture": "#cyan_terracotta"},
				"down": {"uv": [0, 8, 16, 0], "rotation": 270, "texture": "#cyan_terracotta"}
			}
		},
		{
			"name": "base",
			"from": [8.5, 21.5, 3.5],
			"to": [9, 23.5, 5.5],
			"rotation": {"angle": 0, "axis": "z", "origin": [15, -1, -3]},
			"faces": {
				"north": {"uv": [12, 0, 0, 1], "texture": "#iron_block"},
				"east": {"uv": [16, 0, 0, 1], "texture": "#iron_block"},
				"south": {"uv": [12, 0, 0, 1], "texture": "#iron_block"},
				"west": {"uv": [16, 0, 0, 1], "texture": "#iron_block"},
				"up": {"uv": [0, 8, 16, 0], "rotation": 270, "texture": "#iron_block"},
				"down": {"uv": [0, 8, 16, 0], "rotation": 270, "texture": "#iron_block"}
			}
		},
		{
			"name": "base",
			"from": [4.5, 0.5, 3],
			"to": [12.5, 1.5, 11],
			"rotation": {"angle": 0, "axis": "y", "origin": [1, -1, -6]},
			"faces": {
				"north": {"uv": [0, 0, 12, 1], "texture": "#light_gray_concrete"},
				"east": {"uv": [0, 0, 16, 1], "texture": "#light_gray_concrete"},
				"south": {"uv": [0, 0, 12, 1], "texture": "#light_gray_concrete"},
				"west": {"uv": [0, 0, 16, 1], "texture": "#light_gray_concrete"},
				"up": {"uv": [0, 0, 16, 8], "rotation": 270, "texture": "#light_gray_concrete"},
				"down": {"uv": [0, 0, 16, 8], "rotation": 270, "texture": "#light_gray_concrete"}
			}
		},
		{
			"name": "base",
			"from": [8.25, -5.5, 6],
			"to": [10.25, 1.5, 8],
			"rotation": {"angle": 45, "axis": "z", "origin": [1, -1, -3]},
			"faces": {
				"north": {"uv": [0, 0, 12, 1], "texture": "#light_gray_concrete"},
				"east": {"uv": [0, 0, 16, 1], "texture": "#light_gray_concrete"},
				"south": {"uv": [0, 0, 12, 1], "texture": "#light_gray_concrete"},
				"west": {"uv": [0, 0, 16, 1], "texture": "#light_gray_concrete"},
				"up": {"uv": [0, 0, 16, 8], "rotation": 270, "texture": "#light_gray_concrete"},
				"down": {"uv": [0, 0, 16, 8], "rotation": 270, "texture": "#light_gray_concrete"}
			}
		}
	],
	"display": {
		"thirdperson_righthand": {
			"rotation": [75, 315, 0],
			"translation": [0, 2.5, 0],
			"scale": [0.375, 0.375, 0.375]
		},
		"firstperson_righthand": {
			"rotation": [0, 315, 0],
			"translation": [0, 2.5, 0],
			"scale": [0.4, 0.4, 0.4]
		},
		"ground": {
			"translation": [0, 3, 0],
			"scale": [0.25, 0.25, 0.25]
		},
		"gui": {
			"rotation": [30, 45, 0],
			"scale": [0.625, 0.625, 0.625]
		},
		"head": {
			"scale": [4, 4, 4]
		},
		"fixed": {
			"rotation": [0, 180, 0]
		}
	}
}