{
	"credit": "Made with Blockbench",
	"textures": {
		"1": "block/gray_concrete",
		"4": "block/white_wool",
		"particle": "block/gray_concrete"
	},
	"elements": [
		{
			"from": [5, 0.25, 5],
			"to": [11, 1.25, 11],
			"faces": {
				"north": {"uv": [1, 1, 16, 2], "rotation": 90, "texture": "#1"},
				"east": {"uv": [0, 0, 2, 2], "rotation": 270, "texture": "#1"},
				"south": {"uv": [0, 0, 16, 4], "rotation": 270, "texture": "#1"},
				"west": {"uv": [0, 0, 16, 6], "rotation": 270, "texture": "#1"},
				"up": {"uv": [0, 0, 2, 1], "rotation": 180, "texture": "#1"},
				"down": {"uv": [0, 0, 4, 3], "rotation": 270, "texture": "#1"}
			}
		},
		{
			"from": [5, 12.25, 5],
			"to": [11, 13.25, 11],
			"faces": {
				"north": {"uv": [1, 1, 16, 2], "rotation": 90, "texture": "#1"},
				"east": {"uv": [0, 0, 2, 2], "rotation": 270, "texture": "#1"},
				"south": {"uv": [0, 0, 16, 4], "rotation": 270, "texture": "#1"},
				"west": {"uv": [0, 0, 16, 6], "rotation": 270, "texture": "#1"},
				"up": {"uv": [0, 0, 2, 1], "rotation": 180, "texture": "#1"},
				"down": {"uv": [0, 0, 4, 3], "rotation": 270, "texture": "#1"}
			}
		},
		{
			"from": [6, 10.25, 6],
			"to": [10, 12.25, 10],
			"faces": {
				"north": {"uv": [1, 1, 16, 2], "rotation": 90, "texture": "#1"},
				"east": {"uv": [0, 0, 2, 2], "rotation": 270, "texture": "#1"},
				"south": {"uv": [0, 0, 16, 4], "rotation": 270, "texture": "#1"},
				"west": {"uv": [0, 0, 16, 6], "rotation": 270, "texture": "#1"},
				"up": {"uv": [0, 0, 2, 1], "rotation": 180, "texture": "#1"},
				"down": {"uv": [0, 0, 4, 3], "rotation": 270, "texture": "#1"}
			}
		},
		{
			"from": [6.5, 13.25, 6],
			"to": [9.5, 21.25, 10],
			"faces": {
				"north": {"uv": [1, 1, 16, 13], "rotation": 90, "texture": "#4"},
				"east": {"uv": [1, 1, 16, 13], "rotation": 90, "texture": "#4"},
				"south": {"uv": [1, 1, 16, 13], "rotation": 90, "texture": "#4"},
				"west": {"uv": [1, 1, 16, 13], "rotation": 90, "texture": "#4"},
				"up": {"uv": [6, 8, 7, 9], "texture": "#4"},
				"down": {"uv": [0, 0, 4, 3], "rotation": 270, "texture": "#4"}
			}
		},
		{
			"from": [6, 13.25, 6.5],
			"to": [6.5, 21.25, 9.5],
			"faces": {
				"north": {"uv": [1, 1, 16, 13], "rotation": 90, "texture": "#4"},
				"east": {"uv": [1, 1, 16, 13], "rotation": 90, "texture": "#4"},
				"south": {"uv": [1, 1, 16, 13], "rotation": 90, "texture": "#4"},
				"west": {"uv": [1, 1, 16, 13], "rotation": 90, "texture": "#4"},
				"up": {"uv": [6, 8, 7, 9], "texture": "#4"},
				"down": {"uv": [0, 0, 4, 3], "rotation": 270, "texture": "#4"}
			}
		},
		{
			"from": [9.5, 13.25, 6.5],
			"to": [10, 21.25, 9.5],
			"faces": {
				"north": {"uv": [1, 1, 16, 13], "rotation": 90, "texture": "#4"},
				"east": {"uv": [1, 1, 16, 13], "rotation": 90, "texture": "#4"},
				"south": {"uv": [1, 1, 16, 13], "rotation": 90, "texture": "#4"},
				"west": {"uv": [1, 1, 16, 13], "rotation": 90, "texture": "#4"},
				"up": {"uv": [6, 8, 7, 9], "texture": "#4"},
				"down": {"uv": [0, 0, 4, 3], "rotation": 270, "texture": "#4"}
			}
		},
		{
			"from": [7, 1.25, 7],
			"to": [9, 10.25, 9],
			"faces": {
				"north": {"uv": [1, 1, 16, 2], "rotation": 90, "texture": "#1"},
				"east": {"uv": [0, 0, 2, 2], "rotation": 270, "texture": "#1"},
				"south": {"uv": [0, 0, 16, 4], "rotation": 270, "texture": "#1"},
				"west": {"uv": [0, 0, 16, 6], "rotation": 270, "texture": "#1"},
				"up": {"uv": [0, 0, 2, 1], "rotation": 180, "texture": "#1"},
				"down": {"uv": [0, 0, 4, 3], "rotation": 270, "texture": "#1"}
			}
		},
		{
			"from": [7.75, 21.25, 7.75],
			"to": [8.25, 22.25, 8.25],
			"faces": {
				"north": {"uv": [1, 1, 16, 2], "rotation": 90, "texture": "#1"},
				"east": {"uv": [0, 0, 2, 2], "rotation": 270, "texture": "#1"},
				"south": {"uv": [0, 0, 16, 4], "rotation": 270, "texture": "#1"},
				"west": {"uv": [0, 0, 16, 6], "rotation": 270, "texture": "#1"},
				"up": {"uv": [0, 0, 2, 1], "rotation": 180, "texture": "#1"},
				"down": {"uv": [0, 0, 4, 3], "rotation": 270, "texture": "#1"}
			}
		}
	],
	"display": {
		"fixed": {
			"rotation": [-90, 0, 0],
			"translation": [0, 0, -14],
			"scale": [2, 2, 2]
		}
	}
}