{
	"credit": "Made with Blockbench",
	"textures": {
		"4": "custom/carpet1"
	},
	"elements": [
		{
			"from": [-1, 1, -5.5],
			"to": [17, 3, 21.5],
			"faces": {
				"north": {"uv": [1, 1, 16, 2], "rotation": 90, "texture": "#4"},
				"east": {"uv": [0, 0, 2, 2], "rotation": 270, "texture": "#4"},
				"south": {"uv": [0, 0, 16, 4], "rotation": 270, "texture": "#4"},
				"west": {"uv": [0, 0, 16, 6], "rotation": 270, "texture": "#4"},
				"up": {"uv": [0, 0, 16, 16], "rotation": 270, "texture": "#4"},
				"down": {"uv": [0, 0, 4, 3], "rotation": 270, "texture": "#4"}
			}
		}
	],
	"display": {
		"fixed": {
			"rotation": [-90, 0, 0],
			"translation": [0, 0, -14],
			"scale": [2, 2, 2]
		}
	}
}