{
    "parent": "item/handheld",
    "textures": {
        "layer0": "item/carrot_on_a_stick"
    },
        "overrides": [
						{ "predicate": { "custom_model_data": 1}, "model": "item/volleyball"},
						{ "predicate": { "custom_model_data": 2}, "model": "item/fire_ext"},
						{ "predicate": { "custom_model_data": 3}, "model": "item/firehose"},
						{ "predicate": { "custom_model_data": 4}, "model": "item/co1"},
						{ "predicate": { "custom_model_data": 5}, "model": "item/co2"},
						{ "predicate": { "custom_model_data": 6}, "model": "item/co3"},
						{ "predicate": { "custom_model_data": 7}, "model": "item/co4"},
						{ "predicate": { "custom_model_data": 8}, "model": "item/co5"},
						{ "predicate": { "custom_model_data": 9}, "model": "item/co6"},
						{ "predicate": { "custom_model_data": 10}, "model": "item/co7"},
						{ "predicate": { "custom_model_data": 11}, "model": "item/co8"},
						{ "predicate": { "custom_model_data": 12}, "model": "item/co9"},
						{ "predicate": { "custom_model_data": 13}, "model": "item/co10"},
						{ "predicate": { "custom_model_data": 14}, "model": "item/co11"},
						{ "predicate": { "custom_model_data": 15}, "model": "item/co12"},
						{ "predicate": { "custom_model_data": 16}, "model": "item/co13"},
						{ "predicate": { "custom_model_data": 17}, "model": "item/co14"},
						{ "predicate": { "custom_model_data": 18}, "model": "item/co15"},
						{ "predicate": { "custom_model_data": 19}, "model": "item/co16"},
						{ "predicate": { "custom_model_data": 20}, "model": "item/co17"},
						{ "predicate": { "custom_model_data": 21}, "model": "item/mop"},
						{ "predicate": { "custom_model_data": 22}, "model": "item/handcuff"}
        ]
}
