{
	"credit": "Made with Blockbench",
	"textures": {
		"0": "block/andesite",
		"2": "block/gray_concrete",
		"3": "block/quartz_block_bottom",
		"4": "block/black_wool",
		"5": "block/cyan_terracotta",
		"6": "block/beacon",
		"7": "custom/emer_icon",
		"particle": "block/andesite"
	},
	"elements": [
		{
			"from": [9, 6, 2],
			"to": [11, 14.5, 15],
			"rotation": {"angle": 0, "axis": "y", "origin": [-1, 0, 2]},
			"faces": {
				"north": {"uv": [0, 0, 2, 3], "texture": "#4"},
				"east": {"uv": [6, 1, 8, 3], "texture": "#4"},
				"south": {"uv": [0, 0, 2, 3], "texture": "#4"},
				"west": {"uv": [0, 0, 2, 3], "texture": "#4"},
				"up": {"uv": [0, 0, 3, 13], "texture": "#4"},
				"down": {"uv": [0, 0, 3, 13], "texture": "#4"}
			}
		},
		{
			"from": [8.8, 7, 2.5],
			"to": [9.8, 14, 14.5],
			"rotation": {"angle": 0, "axis": "y", "origin": [-1, 0, 2]},
			"faces": {
				"north": {"uv": [0, 0, 2, 3], "texture": "#3"},
				"east": {"uv": [0, 0, 2, 3], "texture": "#3"},
				"south": {"uv": [0, 0, 2, 3], "texture": "#3"},
				"west": {"uv": [7, 5, 9, 7.25], "texture": "#2"},
				"up": {"uv": [0, 0, 3, 13], "texture": "#3"},
				"down": {"uv": [0, 0, 3, 13], "texture": "#3"}
			}
		},
		{
			"from": [8.8, 6.25, 13.5],
			"to": [9.8, 6.5, 14],
			"rotation": {"angle": 0, "axis": "y", "origin": [-1, 0, 2]},
			"faces": {
				"north": {"uv": [0, 0, 2, 3], "texture": "#2"},
				"east": {"uv": [0, 0, 2, 3], "texture": "#2"},
				"south": {"uv": [0, 0, 2, 3], "texture": "#2"},
				"west": {"uv": [0, 0, 2, 3], "texture": "#2"},
				"up": {"uv": [0, 0, 3, 13], "texture": "#2"},
				"down": {"uv": [0, 0, 3, 13], "texture": "#2"}
			}
		},
		{
			"from": [9.5, 3, 7.5],
			"to": [10.5, 6, 9.5],
			"rotation": {"angle": 0, "axis": "y", "origin": [-1, 0, 2]},
			"faces": {
				"north": {"uv": [0, 0, 2, 3], "texture": "#2"},
				"east": {"uv": [0, 0, 2, 3], "texture": "#2"},
				"south": {"uv": [0, 0, 2, 3], "texture": "#2"},
				"west": {"uv": [0, 0, 2, 3], "texture": "#2"},
				"up": {"uv": [0, 0, 3, 13], "texture": "#2"},
				"down": {"uv": [0, 0, 3, 13], "texture": "#2"}
			}
		},
		{
			"from": [8.5, 3, 5.5],
			"to": [11.5, 4, 11.5],
			"rotation": {"angle": 0, "axis": "y", "origin": [-1, 0, 2]},
			"faces": {
				"north": {"uv": [0, 0, 2, 3], "texture": "#2"},
				"east": {"uv": [0, 0, 2, 3], "texture": "#2"},
				"south": {"uv": [0, 0, 2, 3], "texture": "#2"},
				"west": {"uv": [0, 0, 2, 3], "texture": "#2"},
				"up": {"uv": [0, 0, 3, 13], "texture": "#2"},
				"down": {"uv": [0, 0, 3, 13], "texture": "#2"}
			}
		},
		{
			"from": [8.5, -4.6, 7.5],
			"to": [11.5, -4.1, 7.9],
			"rotation": {"angle": 45, "axis": "z", "origin": [-1, 0, 2]},
			"faces": {
				"north": {"uv": [0, 0, 2, 3], "texture": "#2"},
				"east": {"uv": [0, 0, 2, 3], "texture": "#2"},
				"south": {"uv": [0, 0, 2, 3], "texture": "#2"},
				"west": {"uv": [0, 0, 2, 3], "texture": "#2"},
				"up": {"uv": [0, 0, 3, 13], "texture": "#2"},
				"down": {"uv": [0, 0, 3, 13], "texture": "#2"}
			}
		},
		{
			"from": [3, 0, 2.5],
			"to": [14, 3, 3.5],
			"rotation": {"angle": 0, "axis": "y", "origin": [-1, 0, 2]},
			"faces": {
				"north": {"uv": [0, 0, 2, 3], "texture": "#5"},
				"east": {"uv": [0, 0, 2, 3], "texture": "#5"},
				"south": {"uv": [0, 0, 2, 2], "texture": "#5"},
				"west": {"uv": [0, 0, 2, 2], "texture": "#5"},
				"up": {"uv": [1, 0, 2, 1], "texture": "#5"},
				"down": {"uv": [0, 0, 3, 13], "texture": "#5"}
			}
		},
		{
			"from": [5, 0, 0],
			"to": [10, 3, 2.5],
			"rotation": {"angle": 0, "axis": "y", "origin": [-1, 0, 2]},
			"faces": {
				"north": {"uv": [0, 0, 2, 3], "texture": "#2"},
				"east": {"uv": [0, 0, 2, 3], "texture": "#2"},
				"south": {"uv": [0, 0, 2, 2], "texture": "#2"},
				"west": {"uv": [0, 0, 2, 2], "texture": "#2"},
				"up": {"uv": [1, 0, 2, 1], "texture": "#2"},
				"down": {"uv": [0, 0, 3, 13], "texture": "#2"}
			}
		},
		{
			"from": [4, 0, -3.5],
			"to": [5, 3, -2.5],
			"rotation": {"angle": 0, "axis": "y", "origin": [-1, 0, 2]},
			"faces": {
				"north": {"uv": [0, 0, 2, 3], "texture": "#0"},
				"east": {"uv": [0, 0, 2, 3], "texture": "#0"},
				"south": {"uv": [0, 0, 2, 2], "texture": "#0"},
				"west": {"uv": [0, 0, 2, 2], "texture": "#0"},
				"up": {"uv": [1, 0, 2, 1], "texture": "#0"},
				"down": {"uv": [0, 0, 3, 13], "texture": "#0"}
			}
		},
		{
			"from": [2, 3, -3.5],
			"to": [7, 6, -2.5],
			"rotation": {"angle": 0, "axis": "y", "origin": [-1, 0, 2]},
			"faces": {
				"north": {"uv": [0, 0, 2, 3], "texture": "#2"},
				"east": {"uv": [0, 0, 2, 3], "texture": "#2"},
				"south": {"uv": [0, 0, 2, 2], "texture": "#2"},
				"west": {"uv": [0, 0, 2, 2], "texture": "#2"},
				"up": {"uv": [1, 0, 2, 1], "texture": "#2"},
				"down": {"uv": [0, 0, 3, 13], "texture": "#2"}
			}
		},
		{
			"from": [6.25, -6.5, 0],
			"to": [8.25, -4, 2.5],
			"rotation": {"angle": 45, "axis": "z", "origin": [-1, 0, 2]},
			"faces": {
				"north": {"uv": [0, 0, 2, 3], "texture": "#2"},
				"east": {"uv": [0, 0, 2, 3], "texture": "#2"},
				"south": {"uv": [0, 0, 2, 2], "texture": "#2"},
				"west": {"uv": [0, 0, 2, 2], "texture": "#2"},
				"up": {"uv": [1, 0, 2, 1], "texture": "#2"},
				"down": {"uv": [0, 0, 3, 13], "texture": "#2"}
			}
		},
		{
			"from": [6.5, -4.4, 0.5],
			"to": [8.5, -3.9, 2],
			"rotation": {"angle": 45, "axis": "z", "origin": [-1, 0, 2]},
			"faces": {
				"north": {"uv": [0, 0, 2, 3], "texture": "#3"},
				"east": {"uv": [0, 0, 2, 3], "texture": "#3"},
				"south": {"uv": [0, 0, 2, 2], "texture": "#3"},
				"west": {"uv": [0, 0, 2, 2], "texture": "#3"},
				"up": {"uv": [1, 0, 2, 1], "texture": "#3"},
				"down": {"uv": [0, 0, 3, 13], "texture": "#3"}
			}
		},
		{
			"from": [4, 0, 3.5],
			"to": [14, 3, 14.5],
			"rotation": {"angle": 0, "axis": "y", "origin": [-1, 0, 2]},
			"faces": {
				"north": {"uv": [0, 0, 2, 3], "texture": "#5"},
				"east": {"uv": [0, 0, 2, 3], "texture": "#5"},
				"south": {"uv": [0, 0, 2, 2], "texture": "#5"},
				"west": {"uv": [0, 0, 2, 2], "texture": "#5"},
				"up": {"uv": [1, 0, 2, 1], "texture": "#5"},
				"down": {"uv": [0, 0, 3, 13], "texture": "#5"}
			}
		},
		{
			"from": [3, 3, 2.5],
			"to": [13, 3.5, 15.5],
			"rotation": {"angle": 0, "axis": "y", "origin": [-1, 0, 2]},
			"faces": {
				"north": {"uv": [0, 0, 2, 3], "texture": "#5"},
				"east": {"uv": [0, 0, 2, 3], "texture": "#5"},
				"south": {"uv": [0, 0, 2, 2], "texture": "#5"},
				"west": {"uv": [0, 0, 2, 2], "texture": "#5"},
				"up": {"uv": [1, 0, 2, 1], "texture": "#5"},
				"down": {"uv": [0, 0, 3, 13], "texture": "#5"}
			}
		},
		{
			"from": [3, 0.6, 3.75],
			"to": [14, 2.9, 14.25],
			"rotation": {"angle": 0, "axis": "y", "origin": [-1, 0, 2]},
			"faces": {
				"north": {"uv": [0, 0, 2, 3], "texture": "#5"},
				"east": {"uv": [0, 0, 2, 3], "texture": "#5"},
				"south": {"uv": [0, 0, 2, 2], "texture": "#5"},
				"west": {"uv": [0, 0, 2, 2], "texture": "#5"},
				"up": {"uv": [1, 0, 2, 1], "texture": "#5"},
				"down": {"uv": [0, 0, 3, 13], "texture": "#5"}
			}
		},
		{
			"from": [2.75, 1, 12.5],
			"to": [3.75, 2, 13.5],
			"rotation": {"angle": 0, "axis": "y", "origin": [-1, 0, 2]},
			"faces": {
				"north": {"uv": [0, 0, 2, 3], "texture": "#0"},
				"east": {"uv": [0, 0, 2, 3], "texture": "#0"},
				"south": {"uv": [0, 0, 2, 2], "texture": "#0"},
				"west": {"uv": [0, 0, 2, 2], "texture": "#0"},
				"up": {"uv": [1, 0, 2, 1], "texture": "#0"},
				"down": {"uv": [0, 0, 3, 13], "texture": "#0"}
			}
		},
		{
			"from": [3, 0, 14.5],
			"to": [14, 3, 15.5],
			"rotation": {"angle": 0, "axis": "y", "origin": [-1, 0, 2]},
			"faces": {
				"north": {"uv": [0, 0, 2, 3], "texture": "#5"},
				"east": {"uv": [0, 0, 2, 3], "texture": "#5"},
				"south": {"uv": [0, 0, 2, 2], "texture": "#5"},
				"west": {"uv": [0, 0, 2, 2], "texture": "#5"},
				"up": {"uv": [1, 0, 2, 1], "texture": "#5"},
				"down": {"uv": [0, 0, 3, 13], "texture": "#5"}
			}
		},
		{
			"from": [3.5, 3.5, 8.5],
			"to": [6.5, 3.6, 10.5],
			"rotation": {"angle": 0, "axis": "y", "origin": [-1, 0, 2]},
			"faces": {
				"north": {"uv": [0, 0, 2, 3], "texture": "#5"},
				"east": {"uv": [0, 0, 2, 3], "texture": "#5"},
				"south": {"uv": [0, 0, 2, 2], "texture": "#5"},
				"west": {"uv": [0, 0, 2, 2], "texture": "#5"},
				"up": {"uv": [3, 0, 13.5, 16], "rotation": 270, "texture": "#7"},
				"down": {"uv": [0, 0, 3, 13], "texture": "#5"}
			}
		},
		{
			"from": [3, 0, 2.5],
			"to": [14, 0.5, 15.5],
			"rotation": {"angle": 0, "axis": "y", "origin": [-1, 0, 2]},
			"faces": {
				"north": {"uv": [0, 0, 2, 3], "texture": "#5"},
				"east": {"uv": [0, 0, 2, 3], "texture": "#5"},
				"south": {"uv": [0, 0, 2, 2], "texture": "#5"},
				"west": {"uv": [0, 0, 2, 2], "texture": "#5"},
				"up": {"uv": [1, 0, 2, 1], "texture": "#5"},
				"down": {"uv": [0, 0, 3, 13], "texture": "#5"}
			}
		}
	],
	"display": {
		"head": {
			"rotation": [0, 90, 0],
			"translation": [0, -15, 0],
			"scale": [1.5, 1.5, 1.5]
		}
	}
}