{
    "parent": "item/handheld",
    "textures": {
        "layer0": "item/chainmail_helmet"
    },
        "overrides": [
						{ "predicate": { "custom_model_data": 1}, "model": "item/glasses1"},
						{ "predicate": { "custom_model_data": 2}, "model": "item/glasses2"},
						{ "predicate": { "custom_model_data": 3}, "model": "item/glasses3"},
						{ "predicate": { "custom_model_data": 4}, "model": "item/hat1"},
						{ "predicate": { "custom_model_data": 5}, "model": "item/hat2"},
						{ "predicate": { "custom_model_data": 6}, "model": "item/polhat"},
						{ "predicate": { "custom_model_data": 7}, "model": "item/necklace"}
        ]
}
