{
	"credit": "Made with Blockbench",
	"textures": {
		"0": "block/sandstone",
		"1": "block/red_wool",
		"particle": "block/sandstone"
	},
	"elements": [
		{
			"from": [7, 2, 0],
			"to": [10, 8, 7],
			"rotation": {"angle": 0, "axis": "y", "origin": [0, 2, 0]},
			"faces": {
				"north": {"uv": [2, 4, 16, 16], "texture": "#0"},
				"east": {"uv": [2, 4, 16, 16], "texture": "#0"},
				"south": {"uv": [2, 4, 16, 16], "texture": "#0"},
				"west": {"uv": [2, 4, 16, 16], "texture": "#0"},
				"up": {"uv": [0, 0, 1, 13], "texture": "#0"},
				"down": {"uv": [0, 0, 1, 13], "texture": "#0"}
			}
		},
		{
			"from": [5, 2, 6],
			"to": [11, 8, 11],
			"rotation": {"angle": 0, "axis": "y", "origin": [0, 2, 0]},
			"faces": {
				"north": {"uv": [2, 4, 16, 16], "texture": "#0"},
				"east": {"uv": [2, 4, 16, 16], "texture": "#0"},
				"south": {"uv": [2, 4, 16, 16], "texture": "#0"},
				"west": {"uv": [2, 4, 16, 16], "texture": "#0"},
				"up": {"uv": [0, 0, 1, 13], "texture": "#0"},
				"down": {"uv": [0, 0, 1, 13], "texture": "#0"}
			}
		},
		{
			"from": [7, 8, 0],
			"to": [10, 8.5, 4],
			"rotation": {"angle": 0, "axis": "y", "origin": [0, 2, 0]},
			"faces": {
				"north": {"uv": [2, 4, 16, 16], "texture": "#1"},
				"east": {"uv": [2, 4, 16, 16], "texture": "#1"},
				"south": {"uv": [2, 4, 16, 16], "texture": "#1"},
				"west": {"uv": [2, 4, 16, 16], "texture": "#1"},
				"up": {"uv": [0, 0, 1, 13], "texture": "#1"},
				"down": {"uv": [0, 0, 1, 13], "texture": "#1"}
			}
		},
		{
			"from": [5, 8, 6],
			"to": [8, 8.5, 15],
			"rotation": {"angle": 22.5, "axis": "y", "origin": [0, 2, 0]},
			"faces": {
				"north": {"uv": [2, 4, 16, 16], "texture": "#1"},
				"east": {"uv": [2, 4, 16, 16], "texture": "#1"},
				"south": {"uv": [2, 4, 16, 16], "texture": "#1"},
				"west": {"uv": [2, 4, 16, 16], "texture": "#1"},
				"up": {"uv": [0, 0, 1, 13], "texture": "#1"},
				"down": {"uv": [0, 0, 1, 13], "texture": "#1"}
			}
		},
		{
			"from": [7, 8, -1],
			"to": [10, 8.5, 8],
			"rotation": {"angle": -22.5, "axis": "y", "origin": [0, 2, 0]},
			"faces": {
				"north": {"uv": [2, 4, 16, 16], "texture": "#1"},
				"east": {"uv": [2, 4, 16, 16], "texture": "#1"},
				"south": {"uv": [2, 4, 16, 16], "texture": "#1"},
				"west": {"uv": [2, 4, 16, 16], "texture": "#1"},
				"up": {"uv": [0, 0, 1, 13], "texture": "#1"},
				"down": {"uv": [0, 0, 1, 13], "texture": "#1"}
			}
		},
		{
			"from": [5, 8, 6],
			"to": [11, 8.5, 11],
			"rotation": {"angle": 0, "axis": "y", "origin": [0, 2, 0]},
			"faces": {
				"north": {"uv": [2, 4, 16, 16], "texture": "#1"},
				"east": {"uv": [2, 4, 16, 16], "texture": "#1"},
				"south": {"uv": [2, 4, 16, 16], "texture": "#1"},
				"west": {"uv": [2, 4, 16, 16], "texture": "#1"},
				"up": {"uv": [0, 0, 1, 13], "texture": "#1"},
				"down": {"uv": [0, 0, 1, 13], "texture": "#1"}
			}
		},
		{
			"from": [5, 2, 11],
			"to": [11, 8, 11.5],
			"rotation": {"angle": 0, "axis": "y", "origin": [0, 2, 0]},
			"faces": {
				"north": {"uv": [2, 4, 16, 16], "texture": "#1"},
				"east": {"uv": [2, 4, 16, 16], "texture": "#1"},
				"south": {"uv": [2, 4, 16, 16], "texture": "#1"},
				"west": {"uv": [2, 4, 16, 16], "texture": "#1"},
				"up": {"uv": [0, 0, 1, 13], "texture": "#1"},
				"down": {"uv": [0, 0, 1, 13], "texture": "#1"}
			}
		},
		{
			"from": [7, 2, 8],
			"to": [9, 8, 8.5],
			"rotation": {"angle": -22.5, "axis": "y", "origin": [0, 2, 0]},
			"faces": {
				"north": {"uv": [2, 4, 16, 16], "texture": "#1"},
				"east": {"uv": [2, 4, 16, 16], "texture": "#1"},
				"south": {"uv": [2, 4, 16, 16], "texture": "#1"},
				"west": {"uv": [2, 4, 16, 16], "texture": "#1"},
				"up": {"uv": [0, 0, 1, 13], "texture": "#1"},
				"down": {"uv": [0, 0, 1, 13], "texture": "#1"}
			}
		},
		{
			"from": [6, 2, 15],
			"to": [8, 8, 15.5],
			"rotation": {"angle": 22.5, "axis": "y", "origin": [0, 2, 0]},
			"faces": {
				"north": {"uv": [2, 4, 16, 16], "texture": "#1"},
				"east": {"uv": [2, 4, 16, 16], "texture": "#1"},
				"south": {"uv": [2, 4, 16, 16], "texture": "#1"},
				"west": {"uv": [2, 4, 16, 16], "texture": "#1"},
				"up": {"uv": [0, 0, 1, 13], "texture": "#1"},
				"down": {"uv": [0, 0, 1, 13], "texture": "#1"}
			}
		},
		{
			"from": [7, 2, -2],
			"to": [9, 8, 8],
			"rotation": {"angle": -22.5, "axis": "y", "origin": [0, 2, 0]},
			"faces": {
				"north": {"uv": [2, 4, 16, 16], "texture": "#0"},
				"east": {"uv": [2, 4, 16, 16], "texture": "#0"},
				"south": {"uv": [2, 4, 16, 16], "texture": "#0"},
				"west": {"uv": [2, 4, 16, 16], "texture": "#0"},
				"up": {"uv": [0, 0, 1, 13], "texture": "#0"},
				"down": {"uv": [0, 0, 1, 13], "texture": "#0"}
			}
		},
		{
			"from": [6, 2, 4],
			"to": [8, 8, 15],
			"rotation": {"angle": 22.5, "axis": "y", "origin": [0, 2, 0]},
			"faces": {
				"north": {"uv": [2, 4, 16, 16], "texture": "#0"},
				"east": {"uv": [2, 4, 16, 16], "texture": "#0"},
				"south": {"uv": [2, 4, 16, 16], "texture": "#0"},
				"west": {"uv": [2, 4, 16, 16], "texture": "#0"},
				"up": {"uv": [0, 0, 1, 13], "texture": "#0"},
				"down": {"uv": [0, 0, 1, 13], "texture": "#0"}
			}
		}
	],
	"display": {
		"thirdperson_righthand": {
			"scale": [0.5, 0.5, 0.5]
		},
		"thirdperson_lefthand": {
			"scale": [0.5, 0.5, 0.5]
		},
		"firstperson_righthand": {
			"translation": [0, 1, 0],
			"scale": [0.75, 0.75, 0.75]
		},
		"gui": {
			"rotation": [15, 130, 0],
			"translation": [2, 2.25, 0],
			"scale": [1.25, 1.25, 1.25]
		},
		"head": {
			"rotation": [0, -15, 0],
			"translation": [0, 9, 0]
		}
	}
}