{
	"credit": "Made with Blockbench",
	"textures": {
		"1": "block/light_blue_glazed_terracotta",
		"5": "custom/choco",
		"particle": "block/light_blue_glazed_terracotta"
	},
	"elements": [
		{
			"from": [4.4, 2.8, 2.2],
			"to": [11.4, 4.3, 13.2],
			"rotation": {"angle": 0, "axis": "y", "origin": [3.2, 0, 3.2]},
			"faces": {
				"north": {"uv": [0, 0, 13, 0.25], "texture": "#1"},
				"east": {"uv": [0, 0, 6, 0.25], "texture": "#1"},
				"south": {"uv": [0, 0, 13, 0.25], "texture": "#1"},
				"west": {"uv": [0, 0, 6, 0.25], "texture": "#1"},
				"up": {"uv": [2, 2, 6, 7], "texture": "#1"},
				"down": {"uv": [0, 0, 13, 6], "texture": "#1"}
			}
		},
		{
			"from": [5.9, 4.3, 3.7],
			"to": [9.9, 4.55, 11.7],
			"rotation": {"angle": 0, "axis": "y", "origin": [3.2, 0, 3.2]},
			"faces": {
				"north": {"uv": [0, 0, 13, 0.25], "texture": "#1"},
				"east": {"uv": [0, 0, 6, 0.25], "texture": "#1"},
				"south": {"uv": [0, 0, 13, 0.25], "texture": "#1"},
				"west": {"uv": [0, 0, 6, 0.25], "texture": "#1"},
				"up": {"uv": [0, 0, 16, 16], "rotation": 90, "texture": "#5"},
				"down": {"uv": [0, 0, 13, 6], "texture": "#1"}
			}
		}
	],
	"display": {
		"thirdperson_righthand": {
			"translation": [0, 4, 0],
			"scale": [0.75, 0.75, 0.75]
		},
		"thirdperson_lefthand": {
			"translation": [0, 2, 0],
			"scale": [0.75, 0.75, 0.75]
		},
		"ground": {
			"translation": [0, 1, 0]
		},
		"gui": {
			"rotation": [72, 68, 0]
		},
		"head": {
			"rotation": [0, 268, 0],
			"translation": [0, 2, 0]
		}
	}
}