{
	"credit": "Made with Blockbench",
	"textures": {
		"0": "block/spruce_planks",
		"2": "block/stripped_spruce_log_top",
		"4": "block/anvil",
		"particle": "block/spruce_planks"
	},
	"elements": [
		{
			"from": [-9, 2, 1],
			"to": [-8, 18, 15],
			"faces": {
				"north": {"uv": [0, 0, 4, 3], "texture": "#0"},
				"east": {"uv": [0, 0, 4, 3], "texture": "#0"},
				"south": {"uv": [0, 0, 4, 3], "texture": "#0"},
				"west": {"uv": [3, 4, 6, 7], "texture": "#2"},
				"up": {"uv": [0, 0, 2, 2], "texture": "#0"},
				"down": {"uv": [0, 0, 2, 2], "texture": "#0"}
			}
		},
		{
			"from": [-8, 2, 14],
			"to": [26, 18, 15],
			"faces": {
				"north": {"uv": [0, 0, 4, 3], "texture": "#0"},
				"east": {"uv": [0, 0, 4, 3], "texture": "#0"},
				"south": {"uv": [0, 0, 4, 3], "texture": "#0"},
				"west": {"uv": [2, 2, 14, 14], "texture": "#2"},
				"up": {"uv": [0, 0, 2, 2], "texture": "#0"},
				"down": {"uv": [0, 0, 2, 2], "texture": "#0"}
			}
		},
		{
			"from": [-8, 2, 1.5],
			"to": [25, 18, 2.5],
			"faces": {
				"north": {"uv": [0, 0, 4, 3], "texture": "#0"},
				"east": {"uv": [0, 0, 4, 3], "texture": "#0"},
				"south": {"uv": [0, 0, 4, 3], "texture": "#0"},
				"west": {"uv": [2, 2, 14, 14], "texture": "#2"},
				"up": {"uv": [0, 0, 2, 2], "texture": "#0"},
				"down": {"uv": [0, 0, 2, 2], "texture": "#0"}
			}
		},
		{
			"from": [-7.5, 2, 1],
			"to": [7.5, 6.5, 2],
			"faces": {
				"north": {"uv": [0, 0, 7, 3], "texture": "#0"},
				"east": {"uv": [0, 0, 4, 3], "texture": "#0"},
				"south": {"uv": [0, 0, 4, 3], "texture": "#0"},
				"west": {"uv": [2, 2, 14, 14], "texture": "#2"},
				"up": {"uv": [0, 0, 2, 2], "texture": "#0"},
				"down": {"uv": [0, 0, 2, 2], "texture": "#0"}
			}
		},
		{
			"from": [-1.5, 4, 0.9],
			"to": [1.5, 5, 1.9],
			"faces": {
				"north": {"uv": [0, 0, 7, 3], "texture": "#4"},
				"east": {"uv": [0, 0, 4, 3], "texture": "#4"},
				"south": {"uv": [0, 0, 4, 3], "texture": "#4"},
				"west": {"uv": [2, 2, 14, 14], "texture": "#4"},
				"up": {"uv": [0, 0, 2, 2], "texture": "#4"},
				"down": {"uv": [0, 0, 2, 2], "texture": "#4"}
			}
		},
		{
			"from": [-7.5, 7.5, 1],
			"to": [7.5, 12, 2],
			"faces": {
				"north": {"uv": [0, 0, 7, 3], "texture": "#0"},
				"east": {"uv": [0, 0, 4, 3], "texture": "#0"},
				"south": {"uv": [0, 0, 4, 3], "texture": "#0"},
				"west": {"uv": [2, 2, 14, 14], "texture": "#2"},
				"up": {"uv": [0, 0, 2, 2], "texture": "#0"},
				"down": {"uv": [0, 0, 2, 2], "texture": "#0"}
			}
		},
		{
			"from": [-1.5, 9.5, 0.9],
			"to": [1.5, 10.5, 1.9],
			"faces": {
				"north": {"uv": [0, 0, 7, 3], "texture": "#4"},
				"east": {"uv": [0, 0, 4, 3], "texture": "#4"},
				"south": {"uv": [0, 0, 4, 3], "texture": "#4"},
				"west": {"uv": [2, 2, 14, 14], "texture": "#4"},
				"up": {"uv": [0, 0, 2, 2], "texture": "#4"},
				"down": {"uv": [0, 0, 2, 2], "texture": "#4"}
			}
		},
		{
			"from": [-1.5, 15, 0.9],
			"to": [1.5, 16, 1.9],
			"faces": {
				"north": {"uv": [0, 0, 7, 3], "texture": "#4"},
				"east": {"uv": [0, 0, 4, 3], "texture": "#4"},
				"south": {"uv": [0, 0, 4, 3], "texture": "#4"},
				"west": {"uv": [2, 2, 14, 14], "texture": "#4"},
				"up": {"uv": [0, 0, 2, 2], "texture": "#4"},
				"down": {"uv": [0, 0, 2, 2], "texture": "#4"}
			}
		},
		{
			"from": [-7.5, 13, 1],
			"to": [7.5, 17.5, 2],
			"faces": {
				"north": {"uv": [0, 0, 7, 3], "texture": "#0"},
				"east": {"uv": [0, 0, 4, 3], "texture": "#0"},
				"south": {"uv": [0, 0, 4, 3], "texture": "#0"},
				"west": {"uv": [2, 2, 14, 14], "texture": "#2"},
				"up": {"uv": [0, 0, 2, 2], "texture": "#0"},
				"down": {"uv": [0, 0, 2, 2], "texture": "#0"}
			}
		},
		{
			"from": [15.5, 15, 0.9],
			"to": [18.5, 16, 1.9],
			"faces": {
				"north": {"uv": [0, 0, 7, 3], "texture": "#4"},
				"east": {"uv": [0, 0, 4, 3], "texture": "#4"},
				"south": {"uv": [0, 0, 4, 3], "texture": "#4"},
				"west": {"uv": [2, 2, 14, 14], "texture": "#4"},
				"up": {"uv": [0, 0, 2, 2], "texture": "#4"},
				"down": {"uv": [0, 0, 2, 2], "texture": "#4"}
			}
		},
		{
			"from": [9.5, 13, 1],
			"to": [24.5, 17.5, 2],
			"faces": {
				"north": {"uv": [0, 0, 7, 3], "texture": "#0"},
				"east": {"uv": [0, 0, 4, 3], "texture": "#0"},
				"south": {"uv": [0, 0, 4, 3], "texture": "#0"},
				"west": {"uv": [2, 2, 14, 14], "texture": "#2"},
				"up": {"uv": [0, 0, 2, 2], "texture": "#0"},
				"down": {"uv": [0, 0, 2, 2], "texture": "#0"}
			}
		},
		{
			"from": [9.5, 7.5, 1],
			"to": [24.5, 12, 2],
			"faces": {
				"north": {"uv": [0, 0, 7, 3], "texture": "#0"},
				"east": {"uv": [0, 0, 4, 3], "texture": "#0"},
				"south": {"uv": [0, 0, 4, 3], "texture": "#0"},
				"west": {"uv": [2, 2, 14, 14], "texture": "#2"},
				"up": {"uv": [0, 0, 2, 2], "texture": "#0"},
				"down": {"uv": [0, 0, 2, 2], "texture": "#0"}
			}
		},
		{
			"from": [15.5, 9.5, 0.9],
			"to": [18.5, 10.5, 1.9],
			"faces": {
				"north": {"uv": [0, 0, 7, 3], "texture": "#4"},
				"east": {"uv": [0, 0, 4, 3], "texture": "#4"},
				"south": {"uv": [0, 0, 4, 3], "texture": "#4"},
				"west": {"uv": [2, 2, 14, 14], "texture": "#4"},
				"up": {"uv": [0, 0, 2, 2], "texture": "#4"},
				"down": {"uv": [0, 0, 2, 2], "texture": "#4"}
			}
		},
		{
			"from": [15.5, 4, 0.9],
			"to": [18.5, 5, 1.9],
			"faces": {
				"north": {"uv": [0, 0, 7, 3], "texture": "#4"},
				"east": {"uv": [0, 0, 4, 3], "texture": "#4"},
				"south": {"uv": [0, 0, 4, 3], "texture": "#4"},
				"west": {"uv": [2, 2, 14, 14], "texture": "#4"},
				"up": {"uv": [0, 0, 2, 2], "texture": "#4"},
				"down": {"uv": [0, 0, 2, 2], "texture": "#4"}
			}
		},
		{
			"from": [9.5, 2, 1],
			"to": [24.5, 6.5, 2],
			"faces": {
				"north": {"uv": [0, 0, 7, 3], "texture": "#0"},
				"east": {"uv": [0, 0, 4, 3], "texture": "#0"},
				"south": {"uv": [0, 0, 4, 3], "texture": "#0"},
				"west": {"uv": [2, 2, 14, 14], "texture": "#2"},
				"up": {"uv": [0, 0, 2, 2], "texture": "#0"},
				"down": {"uv": [0, 0, 2, 2], "texture": "#0"}
			}
		},
		{
			"from": [25, 2, 1],
			"to": [26, 18, 15],
			"faces": {
				"north": {"uv": [0, 0, 4, 3], "texture": "#0"},
				"east": {"uv": [6, 7, 9, 10], "texture": "#2"},
				"south": {"uv": [0, 0, 4, 3], "texture": "#0"},
				"west": {"uv": [0, 0, 4, 3], "texture": "#0"},
				"up": {"uv": [0, 0, 2, 2], "texture": "#0"},
				"down": {"uv": [0, 0, 2, 2], "texture": "#0"}
			}
		},
		{
			"from": [-9, 0, 1],
			"to": [26, 2, 15],
			"faces": {
				"north": {"uv": [1, 1, 4, 3], "texture": "#0"},
				"east": {"uv": [0, 0, 4, 3], "texture": "#0"},
				"south": {"uv": [0, 0, 4, 3], "texture": "#0"},
				"west": {"uv": [0, 0, 4, 3], "texture": "#0"},
				"up": {"uv": [0, 0, 2, 2], "texture": "#0"},
				"down": {"uv": [0, 0, 2, 2], "texture": "#0"}
			}
		},
		{
			"from": [-9, 18, 1],
			"to": [26, 19, 15],
			"faces": {
				"north": {"uv": [1, 1, 4, 3], "texture": "#0"},
				"east": {"uv": [0, 0, 4, 3], "texture": "#0"},
				"south": {"uv": [0, 0, 4, 3], "texture": "#0"},
				"west": {"uv": [0, 0, 4, 3], "texture": "#0"},
				"up": {"uv": [0, 0, 2, 2], "texture": "#0"},
				"down": {"uv": [0, 0, 2, 2], "texture": "#0"}
			}
		}
	],
	"display": {
		"fixed": {
			"rotation": [-90, 0, 0],
			"translation": [0, 0, -14],
			"scale": [2, 2, 2]
		}
	}
}