{
	"credit": "Made with Blockbench",
	"textures": {
		"0": "block/blue_concrete",
		"1": "block/stone",
		"particle": "block/blue_concrete"
	},
	"elements": [
		{
			"from": [6, 0, 9],
			"to": [10, 3, 10],
			"rotation": {"angle": -22.5, "axis": "x", "origin": [1, -5, 0]},
			"faces": {
				"north": {"uv": [5, 4, 12, 15], "texture": "#0"},
				"east": {"uv": [1, 1, 8, 12], "texture": "#0"},
				"south": {"uv": [4, 3, 11, 14], "texture": "#0"},
				"west": {"uv": [1, 1, 8, 12], "texture": "#0"},
				"up": {"uv": [4, 3, 11, 14], "texture": "#0"},
				"down": {"uv": [0, 0, 3, 3], "texture": "#0"}
			}
		},
		{
			"from": [6, 6, 5.25],
			"to": [10, 10, 6.25],
			"rotation": {"angle": 0, "axis": "y", "origin": [1, -5, 0]},
			"faces": {
				"north": {"uv": [3, 1, 10, 12], "texture": "#0"},
				"east": {"uv": [1, 1, 8, 12], "texture": "#0"},
				"south": {"uv": [1, 1, 8, 12], "texture": "#0"},
				"west": {"uv": [1, 1, 8, 12], "texture": "#0"},
				"up": {"uv": [1, 1, 8, 12], "texture": "#0"},
				"down": {"uv": [0, 0, 3, 3], "texture": "#0"}
			}
		},
		{
			"from": [9, 0.5, 6],
			"to": [10, 3.5, 10],
			"rotation": {"angle": 22.5, "axis": "z", "origin": [1, -5, 0]},
			"faces": {
				"north": {"uv": [1, 1, 8, 12], "texture": "#0"},
				"east": {"uv": [5, 2, 12, 13], "texture": "#0"},
				"south": {"uv": [1, 1, 8, 12], "texture": "#0"},
				"west": {"uv": [1, 1, 5, 2], "texture": "#0"},
				"up": {"uv": [1, 1, 8, 12], "texture": "#0"},
				"down": {"uv": [0, 0, 3, 3], "texture": "#0"}
			}
		},
		{
			"from": [5, 6, 6],
			"to": [6, 10, 10],
			"rotation": {"angle": 0, "axis": "y", "origin": [1, -5, 0]},
			"faces": {
				"north": {"uv": [1, 1, 8, 12], "texture": "#0"},
				"east": {"uv": [1, 1, 8, 12], "texture": "#0"},
				"south": {"uv": [1, 1, 8, 12], "texture": "#0"},
				"west": {"uv": [1, 1, 8, 12], "texture": "#0"},
				"up": {"uv": [1, 1, 8, 12], "texture": "#0"},
				"down": {"uv": [0, 0, 3, 3], "texture": "#0"}
			}
		},
		{
			"from": [6, 0, 6],
			"to": [10, 3, 7],
			"rotation": {"angle": 22.5, "axis": "x", "origin": [15, -5, 16]},
			"faces": {
				"north": {"uv": [4, 3, 11, 14], "texture": "#0"},
				"east": {"uv": [1, 1, 8, 12], "texture": "#0"},
				"south": {"uv": [5, 4, 12, 15], "texture": "#0"},
				"west": {"uv": [1, 1, 8, 12], "texture": "#0"},
				"up": {"uv": [11, 14, 4, 3], "texture": "#0"},
				"down": {"uv": [3, 3, 0, 0], "texture": "#0"}
			}
		},
		{
			"from": [6, 6, 9.75],
			"to": [10, 10, 10.75],
			"rotation": {"angle": 0, "axis": "y", "origin": [15, -5, 16]},
			"faces": {
				"north": {"uv": [1, 1, 8, 12], "texture": "#0"},
				"east": {"uv": [1, 1, 8, 12], "texture": "#0"},
				"south": {"uv": [3, 1, 10, 12], "texture": "#0"},
				"west": {"uv": [1, 1, 8, 12], "texture": "#0"},
				"up": {"uv": [8, 12, 1, 1], "texture": "#0"},
				"down": {"uv": [3, 3, 0, 0], "texture": "#0"}
			}
		},
		{
			"from": [10, 6, 6],
			"to": [11, 10, 10],
			"rotation": {"angle": 0, "axis": "y", "origin": [15, -5, 16]},
			"faces": {
				"north": {"uv": [1, 1, 8, 12], "texture": "#0"},
				"east": {"uv": [1, 1, 8, 12], "texture": "#0"},
				"south": {"uv": [1, 1, 8, 12], "texture": "#0"},
				"west": {"uv": [1, 1, 8, 12], "texture": "#0"},
				"up": {"uv": [8, 12, 1, 1], "texture": "#0"},
				"down": {"uv": [3, 3, 0, 0], "texture": "#0"}
			}
		},
		{
			"from": [11, 2, 2],
			"to": [11.5, 6, 2.5],
			"rotation": {"angle": 22.5, "axis": "x", "origin": [15, -5, 16]},
			"faces": {
				"north": {"uv": [1, 1, 8, 12], "texture": "#1"},
				"east": {"uv": [1, 1, 8, 12], "texture": "#1"},
				"south": {"uv": [1, 1, 8, 12], "texture": "#1"},
				"west": {"uv": [1, 1, 8, 12], "texture": "#1"},
				"up": {"uv": [8, 12, 1, 1], "texture": "#1"},
				"down": {"uv": [3, 3, 0, 0], "texture": "#1"}
			}
		},
		{
			"from": [4.5, 2, 2],
			"to": [5, 6, 2.5],
			"rotation": {"angle": 22.5, "axis": "x", "origin": [15, -5, 16]},
			"faces": {
				"north": {"uv": [1, 1, 8, 12], "texture": "#1"},
				"east": {"uv": [1, 1, 8, 12], "texture": "#1"},
				"south": {"uv": [1, 1, 8, 12], "texture": "#1"},
				"west": {"uv": [1, 1, 8, 12], "texture": "#1"},
				"up": {"uv": [8, 12, 1, 1], "texture": "#1"},
				"down": {"uv": [3, 3, 0, 0], "texture": "#1"}
			}
		},
		{
			"from": [4.5, 2, 1.25],
			"to": [11.5, 2.75, 1.75],
			"rotation": {"angle": 22.5, "axis": "x", "origin": [15, -5, 16]},
			"faces": {
				"north": {"uv": [1, 1, 8, 12], "texture": "#1"},
				"east": {"uv": [1, 1, 8, 12], "texture": "#1"},
				"south": {"uv": [1, 1, 8, 12], "texture": "#1"},
				"west": {"uv": [1, 1, 8, 12], "texture": "#1"},
				"up": {"uv": [8, 12, 1, 1], "texture": "#1"},
				"down": {"uv": [3, 3, 0, 0], "texture": "#1"}
			}
		},
		{
			"from": [6, 0.5, 6],
			"to": [7, 3.5, 10],
			"rotation": {"angle": -22.5, "axis": "z", "origin": [15, -5, 16]},
			"faces": {
				"north": {"uv": [1, 1, 8, 12], "texture": "#0"},
				"east": {"uv": [1, 1, 5, 2], "texture": "#0"},
				"south": {"uv": [1, 1, 8, 12], "texture": "#0"},
				"west": {"uv": [5, 2, 12, 13], "texture": "#0"},
				"up": {"uv": [8, 12, 1, 1], "texture": "#0"},
				"down": {"uv": [3, 3, 0, 0], "texture": "#0"}
			}
		}
	],
	"display": {
		"gui": {
			"rotation": [24, 158, 0],
			"scale": [1.5, 1.5, 1.5]
		},
		"head": {
			"translation": [0, 1, 0],
			"scale": [2, 2, 2]
		}
	}
}