{
	"credit": "Made with Blockbench",
	"textures": {
		"0": "block/gray_concrete",
		"1": "block/orange_terracotta",
		"2": "block/light_gray_wool",
		"3": "block/lime_terracotta",
		"4": "custom/cafe5",
		"particle": "block/gray_concrete"
	},
	"elements": [
		{
			"from": [6, 8, 6],
			"to": [10, 9, 11.5],
			"rotation": {"angle": 0, "axis": "y", "origin": [4, 8, 12]},
			"faces": {
				"north": {"uv": [8, 0, 16, 4], "texture": "#0"},
				"east": {"uv": [4, 0, 16, 4], "texture": "#0"},
				"south": {"uv": [8, 0, 16, 4], "texture": "#0"},
				"west": {"uv": [4, 0, 16, 4], "texture": "#0"},
				"up": {"uv": [0, 4, 8, 16], "texture": "#0"},
				"down": {"uv": [0, 4, 8, 16], "texture": "#0"}
			}
		},
		{
			"from": [6.25, 9, 6.75],
			"to": [9.75, 9.25, 10.75],
			"rotation": {"angle": 0, "axis": "y", "origin": [4, 7, 4]},
			"faces": {
				"north": {"uv": [0, 0, 7, 0.25], "texture": "#0"},
				"east": {"uv": [0, 0, 8, 0.25], "texture": "#0"},
				"south": {"uv": [0, 0, 7, 0.25], "texture": "#0"},
				"west": {"uv": [0, 0, 8, 0.25], "texture": "#0"},
				"up": {"uv": [0, 0, 16, 16], "texture": "#4"},
				"down": {"uv": [0, 0, 7, 8], "texture": "#0"}
			}
		},
		{
			"from": [6.25, 9, 11],
			"to": [7.25, 9.2, 11.5],
			"rotation": {"angle": 0, "axis": "y", "origin": [4, 7, 12]},
			"faces": {
				"north": {"uv": [2, 0, 4, 0.25], "texture": "#3"},
				"east": {"uv": [1, 0, 2, 0.25], "texture": "#3"},
				"south": {"uv": [2, 0, 4, 0.25], "texture": "#3"},
				"west": {"uv": [1, 0, 2, 0.25], "texture": "#3"},
				"up": {"uv": [0, 1, 2, 2], "texture": "#3"},
				"down": {"uv": [0, 1, 2, 2], "texture": "#3"}
			}
		},
		{
			"from": [8.75, 9, 11],
			"to": [9.75, 9.2, 11.5],
			"rotation": {"angle": 0, "axis": "y", "origin": [4, 7, 12]},
			"faces": {
				"north": {"uv": [2, 0, 0, 0.25], "texture": "#2"},
				"east": {"uv": [1, 0, 0, 0.25], "texture": "#2"},
				"south": {"uv": [2, 0, 0, 0.25], "texture": "#2"},
				"west": {"uv": [1, 0, 0, 0.25], "texture": "#2"},
				"up": {"uv": [9, 7, 10, 6], "texture": "#2"},
				"down": {"uv": [0, 1, 2, 0], "texture": "#2"}
			}
		},
		{
			"from": [6, 5.5, 4],
			"to": [10, 6.5, 6.5],
			"rotation": {"angle": 22.5, "axis": "x", "origin": [4, 8, 12]},
			"faces": {
				"north": {"uv": [8, 0, 16, 4], "texture": "#0"},
				"east": {"uv": [5, 0, 10, 4], "texture": "#0"},
				"south": {"uv": [8, 0, 16, 4], "texture": "#0"},
				"west": {"uv": [5, 0, 10, 4], "texture": "#0"},
				"up": {"uv": [0, 5, 8, 10], "texture": "#0"},
				"down": {"uv": [0, 5, 8, 10], "texture": "#0"}
			}
		},
		{
			"from": [6.25, 6.5, 4],
			"to": [9.75, 6.75, 6],
			"rotation": {"angle": 22.5, "axis": "x", "origin": [4, 7, 12]},
			"faces": {
				"north": {"uv": [7, 0, 14, 0.5], "texture": "#1"},
				"east": {"uv": [4, 0, 8, 0.5], "texture": "#1"},
				"south": {"uv": [7, 0, 14, 0.5], "texture": "#1"},
				"west": {"uv": [4, 0, 8, 0.5], "texture": "#1"},
				"up": {"uv": [0, 4, 7, 8], "texture": "#1"},
				"down": {"uv": [0, 4, 7, 8], "texture": "#1"}
			}
		},
		{
			"from": [6.125, 6.5, 4],
			"to": [6.325, 6.75, 6],
			"rotation": {"angle": 22.5, "axis": "x", "origin": [4, 7, 12]},
			"faces": {
				"north": {"uv": [0.25, 0, 0.5, 0.5], "texture": "#2"},
				"east": {"uv": [4, 0, 8, 0.5], "texture": "#2"},
				"south": {"uv": [0.25, 0, 0.5, 0.5], "texture": "#2"},
				"west": {"uv": [4, 0, 8, 0.5], "texture": "#2"},
				"up": {"uv": [0, 4, 0.25, 8], "texture": "#2"},
				"down": {"uv": [0, 4, 0.25, 8], "texture": "#2"}
			}
		},
		{
			"from": [9.75, 6.5, 4],
			"to": [9.95, 6.75, 6],
			"rotation": {"angle": 22.5, "axis": "x", "origin": [4, 7, 12]},
			"faces": {
				"north": {"uv": [0.25, 0, 0.5, 0.5], "texture": "#2"},
				"east": {"uv": [4, 0, 8, 0.5], "texture": "#2"},
				"south": {"uv": [0.25, 0, 0.5, 0.5], "texture": "#2"},
				"west": {"uv": [4, 0, 8, 0.5], "texture": "#2"},
				"up": {"uv": [0, 4, 0.25, 8], "texture": "#2"},
				"down": {"uv": [0, 4, 0.25, 8], "texture": "#2"}
			}
		},
		{
			"from": [9.875, 8.8, 6.25],
			"to": [10.075, 9.05, 11.25],
			"rotation": {"angle": 0, "axis": "x", "origin": [4, 7, 12]},
			"faces": {
				"north": {"uv": [0.25, 0, 0.5, 0.5], "texture": "#2"},
				"east": {"uv": [4.5, 0, 16, 0.5], "texture": "#2"},
				"south": {"uv": [0.25, 0, 0.5, 0.5], "texture": "#2"},
				"west": {"uv": [4.5, 0, 16, 0.5], "texture": "#2"},
				"up": {"uv": [0, 4.5, 0.25, 16], "texture": "#2"},
				"down": {"uv": [0, 4.5, 0.25, 16], "texture": "#2"}
			}
		},
		{
			"from": [6, 8.8, 6.25],
			"to": [6.2, 9.05, 11.25],
			"rotation": {"angle": 0, "axis": "x", "origin": [4, 7, 12]},
			"faces": {
				"north": {"uv": [0.25, 0, 0.5, 0.5], "texture": "#2"},
				"east": {"uv": [4.5, 0, 16, 0.5], "texture": "#2"},
				"south": {"uv": [0.25, 0, 0.5, 0.5], "texture": "#2"},
				"west": {"uv": [4.5, 0, 16, 0.5], "texture": "#2"},
				"up": {"uv": [0, 4.5, 0.25, 16], "texture": "#2"},
				"down": {"uv": [0, 4.5, 0.25, 16], "texture": "#2"}
			}
		}
	],
	"display": {
		"firstperson_righthand": {
			"rotation": [60, 0, 0],
			"translation": [-5, 6, 0],
			"scale": [1.5, 1.5, 1.5]
		},
		"firstperson_lefthand": {
			"rotation": [60, 0, 0],
			"translation": [-5, 6, 0],
			"scale": [1.5, 1.5, 1.5]
		},
		"ground": {
			"scale": [1.5, 1.5, 1.5]
		},
		"gui": {
			"rotation": [30, 10, 0],
			"translation": [0, -2, 0],
			"scale": [2, 2, 2]
		}
	}
}