{
	"credit": "Made with Blockbench",
	"textures": {
		"0": "block/light_gray_stained_glass",
		"1": "block/red_terracotta",
		"2": "block/brown_stained_glass",
		"3": "custom/cola",
		"particle": "block/brown_wool"
	},
	"elements": [
		{
			"from": [5, -3, 7],
			"to": [9, 0, 8],
			"rotation": {"angle": -22.5, "axis": "x", "origin": [0, -8, -2]},
			"faces": {
				"north": {"uv": [5, 4, 12, 15], "texture": "#2"},
				"east": {"uv": [1, 1, 8, 12], "texture": "#2"},
				"south": {"uv": [4, 3, 11, 14], "texture": "#2"},
				"west": {"uv": [1, 1, 8, 12], "texture": "#2"},
				"up": {"uv": [4, 3, 11, 14], "texture": "#2"},
				"down": {"uv": [0, 0, 3, 3], "texture": "#2"}
			}
		},
		{
			"from": [5, 3.5, 3.65],
			"to": [9, 9.5, 4.15],
			"rotation": {"angle": 0, "axis": "y", "origin": [0, -8, -2]},
			"faces": {
				"north": {"uv": [2, 0, 14, 16], "texture": "#3"},
				"east": {"uv": [1, 1, 8, 12], "texture": "#1"},
				"south": {"uv": [1, 1, 6, 8], "texture": "#1"},
				"west": {"uv": [1, 1, 7, 8], "texture": "#1"},
				"up": {"uv": [1, 1, 6, 7], "texture": "#1"},
				"down": {"uv": [0, 0, 3, 3], "texture": "#1"}
			}
		},
		{
			"from": [9, 3.5, 3.95],
			"to": [10, 9.5, 4.45],
			"rotation": {"angle": 0, "axis": "y", "origin": [0, -8, -2]},
			"faces": {
				"north": {"uv": [0, 0, 2, 16], "texture": "#3"},
				"east": {"uv": [1, 1, 8, 12], "texture": "#1"},
				"south": {"uv": [1, 1, 6, 8], "texture": "#1"},
				"west": {"uv": [1, 1, 7, 8], "texture": "#1"},
				"up": {"uv": [1, 1, 6, 7], "texture": "#1"},
				"down": {"uv": [0, 0, 3, 3], "texture": "#1"}
			}
		},
		{
			"from": [9.7, 3.5, 4.45],
			"to": [10.2, 9.5, 7.95],
			"rotation": {"angle": 0, "axis": "y", "origin": [0, -8, -2]},
			"faces": {
				"north": {"uv": [0, 0, 2, 16], "texture": "#1"},
				"east": {"uv": [1, 1, 8, 12], "texture": "#1"},
				"south": {"uv": [1, 1, 6, 8], "texture": "#1"},
				"west": {"uv": [1, 1, 7, 8], "texture": "#1"},
				"up": {"uv": [1, 1, 6, 7], "texture": "#1"},
				"down": {"uv": [0, 0, 3, 3], "texture": "#1"}
			}
		},
		{
			"from": [3.9, 3.5, 4.45],
			"to": [4.4, 9.5, 7.95],
			"rotation": {"angle": 0, "axis": "y", "origin": [0, -8, -2]},
			"faces": {
				"north": {"uv": [0, 0, 2, 16], "texture": "#1"},
				"east": {"uv": [1, 1, 8, 12], "texture": "#1"},
				"south": {"uv": [1, 1, 6, 8], "texture": "#1"},
				"west": {"uv": [1, 1, 7, 8], "texture": "#1"},
				"up": {"uv": [1, 1, 6, 7], "texture": "#1"},
				"down": {"uv": [0, 0, 3, 3], "texture": "#1"}
			}
		},
		{
			"from": [4, 3.5, 3.95],
			"to": [5, 9.5, 4.45],
			"rotation": {"angle": 0, "axis": "y", "origin": [0, -8, -2]},
			"faces": {
				"north": {"uv": [14, 0, 16, 16], "texture": "#3"},
				"east": {"uv": [1, 1, 8, 12], "texture": "#1"},
				"south": {"uv": [1, 1, 6, 8], "texture": "#1"},
				"west": {"uv": [1, 1, 7, 8], "texture": "#1"},
				"up": {"uv": [1, 1, 6, 7], "texture": "#1"},
				"down": {"uv": [0, 0, 3, 3], "texture": "#1"}
			}
		},
		{
			"from": [5, 3.5, 8.35],
			"to": [9, 9.5, 8.85],
			"rotation": {"angle": 0, "axis": "y", "origin": [0, -8, 18]},
			"faces": {
				"north": {"uv": [6, 1, 1, 8], "texture": "#1"},
				"east": {"uv": [8, 1, 1, 12], "texture": "#1"},
				"south": {"uv": [14, 0, 2, 16], "texture": "#3"},
				"west": {"uv": [7, 1, 1, 8], "texture": "#1"},
				"up": {"uv": [1, 7, 6, 1], "texture": "#1"},
				"down": {"uv": [0, 3, 3, 0], "texture": "#1"}
			}
		},
		{
			"from": [4, 3.5, 8.05],
			"to": [5, 9.5, 8.55],
			"rotation": {"angle": 0, "axis": "y", "origin": [0, -8, 18]},
			"faces": {
				"north": {"uv": [6, 1, 1, 8], "texture": "#1"},
				"east": {"uv": [8, 1, 1, 12], "texture": "#1"},
				"south": {"uv": [16, 0, 14, 16], "texture": "#3"},
				"west": {"uv": [7, 1, 1, 8], "texture": "#1"},
				"up": {"uv": [1, 7, 6, 1], "texture": "#1"},
				"down": {"uv": [0, 3, 3, 0], "texture": "#1"}
			}
		},
		{
			"from": [9, 3.5, 8.05],
			"to": [10, 9.5, 8.55],
			"rotation": {"angle": 0, "axis": "y", "origin": [0, -8, 18]},
			"faces": {
				"north": {"uv": [6, 1, 1, 8], "texture": "#1"},
				"east": {"uv": [8, 1, 1, 12], "texture": "#1"},
				"south": {"uv": [2, 0, 0, 16], "texture": "#3"},
				"west": {"uv": [7, 1, 1, 8], "texture": "#1"},
				"up": {"uv": [1, 7, 6, 1], "texture": "#1"},
				"down": {"uv": [0, 3, 3, 0], "texture": "#1"}
			}
		},
		{
			"from": [8, -2.5, 4],
			"to": [9, 0.5, 8],
			"rotation": {"angle": 22.5, "axis": "z", "origin": [0, -8, -2]},
			"faces": {
				"north": {"uv": [1, 1, 8, 12], "texture": "#2"},
				"east": {"uv": [5, 2, 12, 13], "texture": "#2"},
				"south": {"uv": [1, 1, 8, 12], "texture": "#2"},
				"west": {"uv": [1, 1, 5, 2], "texture": "#2"},
				"up": {"uv": [1, 1, 8, 12], "texture": "#2"},
				"down": {"uv": [0, 0, 3, 3], "texture": "#2"}
			}
		},
		{
			"from": [4, 3, 4],
			"to": [5, 10, 8],
			"rotation": {"angle": 0, "axis": "y", "origin": [0, -8, -2]},
			"faces": {
				"north": {"uv": [1, 1, 5, 7], "texture": "#2"},
				"east": {"uv": [1, 1, 8, 12], "texture": "#2"},
				"south": {"uv": [1, 1, 6, 8], "texture": "#2"},
				"west": {"uv": [1, 1, 7, 8], "texture": "#2"},
				"up": {"uv": [1, 1, 6, 7], "texture": "#2"},
				"down": {"uv": [0, 0, 3, 3], "texture": "#2"}
			}
		},
		{
			"from": [5, -3, 4],
			"to": [9, 0, 5],
			"rotation": {"angle": 22.5, "axis": "x", "origin": [14, -8, 14]},
			"faces": {
				"north": {"uv": [4, 3, 11, 14], "texture": "#2"},
				"east": {"uv": [1, 1, 8, 12], "texture": "#2"},
				"south": {"uv": [5, 4, 12, 15], "texture": "#2"},
				"west": {"uv": [1, 1, 8, 12], "texture": "#2"},
				"up": {"uv": [11, 14, 4, 3], "texture": "#2"},
				"down": {"uv": [3, 3, 0, 0], "texture": "#2"}
			}
		},
		{
			"from": [5, 3, 7.75],
			"to": [9, 10, 8.75],
			"rotation": {"angle": 0, "axis": "y", "origin": [14, -8, 14]},
			"faces": {
				"north": {"uv": [1, 1, 5, 7], "texture": "#2"},
				"east": {"uv": [1, 1, 8, 12], "texture": "#2"},
				"south": {"uv": [3, 1, 8, 8], "texture": "#2"},
				"west": {"uv": [1, 1, 7, 8], "texture": "#2"},
				"up": {"uv": [6, 7, 1, 1], "texture": "#2"},
				"down": {"uv": [3, 3, 0, 0], "texture": "#2"}
			}
		},
		{
			"from": [9, 3, 4],
			"to": [10, 10, 8],
			"rotation": {"angle": 0, "axis": "y", "origin": [14, -8, 14]},
			"faces": {
				"north": {"uv": [1, 1, 5, 7], "texture": "#2"},
				"east": {"uv": [1, 1, 8, 12], "texture": "#2"},
				"south": {"uv": [1, 1, 6, 8], "texture": "#2"},
				"west": {"uv": [1, 1, 7, 8], "texture": "#2"},
				"up": {"uv": [6, 7, 1, 1], "texture": "#2"},
				"down": {"uv": [3, 3, 0, 0], "texture": "#2"}
			}
		},
		{
			"from": [5, 12, 3.25],
			"to": [9, 15, 4.25],
			"rotation": {"angle": 0, "axis": "y", "origin": [0, -8, -2]},
			"faces": {
				"north": {"uv": [3, 1, 7, 7], "texture": "#2"},
				"east": {"uv": [1, 1, 8, 12], "texture": "#2"},
				"south": {"uv": [1, 1, 6, 8], "texture": "#2"},
				"west": {"uv": [1, 1, 7, 8], "texture": "#2"},
				"up": {"uv": [1, 1, 6, 7], "texture": "#2"},
				"down": {"uv": [0, 0, 3, 3], "texture": "#2"}
			}
		},
		{
			"from": [9, 12, 4],
			"to": [10, 15, 8],
			"rotation": {"angle": 0, "axis": "y", "origin": [14, -8, 14]},
			"faces": {
				"north": {"uv": [1, 1, 5, 7], "texture": "#2"},
				"east": {"uv": [1, 1, 8, 12], "texture": "#2"},
				"south": {"uv": [1, 1, 6, 8], "texture": "#2"},
				"west": {"uv": [1, 1, 7, 8], "texture": "#2"},
				"up": {"uv": [6, 7, 1, 1], "texture": "#2"},
				"down": {"uv": [3, 3, 0, 0], "texture": "#2"}
			}
		},
		{
			"from": [4, 12, 4],
			"to": [5, 15, 8],
			"rotation": {"angle": 0, "axis": "y", "origin": [0, -8, -2]},
			"faces": {
				"north": {"uv": [1, 1, 5, 7], "texture": "#2"},
				"east": {"uv": [1, 1, 8, 12], "texture": "#2"},
				"south": {"uv": [1, 1, 6, 8], "texture": "#2"},
				"west": {"uv": [1, 1, 7, 8], "texture": "#2"},
				"up": {"uv": [1, 1, 6, 7], "texture": "#2"},
				"down": {"uv": [0, 0, 3, 3], "texture": "#2"}
			}
		},
		{
			"from": [5.5, 18, 4.5],
			"to": [8.5, 19, 7.5],
			"rotation": {"angle": 0, "axis": "y", "origin": [0, -8, -2]},
			"faces": {
				"north": {"uv": [1, 1, 5, 7], "texture": "#0"},
				"east": {"uv": [1, 1, 8, 12], "texture": "#0"},
				"south": {"uv": [1, 1, 6, 8], "texture": "#0"},
				"west": {"uv": [1, 1, 7, 8], "texture": "#0"},
				"up": {"uv": [1, 1, 6, 7], "texture": "#0"},
				"down": {"uv": [0, 0, 3, 3], "texture": "#0"}
			}
		},
		{
			"from": [5, 19, 4],
			"to": [9, 20.5, 8],
			"rotation": {"angle": 0, "axis": "y", "origin": [0, -8, -2]},
			"faces": {
				"north": {"uv": [9, 2, 10, 3], "texture": "#1"},
				"east": {"uv": [9, 2, 10, 3], "texture": "#1"},
				"south": {"uv": [9, 2, 10, 3], "texture": "#1"},
				"west": {"uv": [9, 2, 10, 3], "texture": "#1"},
				"up": {"uv": [9, 2, 10, 3], "texture": "#1"},
				"down": {"uv": [0, 0, 3, 3], "texture": "#1"}
			}
		},
		{
			"from": [5, 10, 4],
			"to": [9, 12, 8],
			"rotation": {"angle": 0, "axis": "y", "origin": [0, -8, -2]},
			"faces": {
				"north": {"uv": [1, 1, 5, 7], "texture": "#2"},
				"east": {"uv": [1, 1, 8, 12], "texture": "#2"},
				"south": {"uv": [1, 1, 6, 8], "texture": "#2"},
				"west": {"uv": [1, 1, 7, 8], "texture": "#2"},
				"up": {"uv": [1, 1, 6, 7], "texture": "#2"},
				"down": {"uv": [0, 0, 3, 3], "texture": "#2"}
			}
		},
		{
			"from": [5, 12, 7.75],
			"to": [9, 15, 8.75],
			"rotation": {"angle": 0, "axis": "y", "origin": [14, -8, 14]},
			"faces": {
				"north": {"uv": [1, 1, 5, 7], "texture": "#2"},
				"east": {"uv": [1, 1, 8, 12], "texture": "#2"},
				"south": {"uv": [3, 1, 8, 8], "texture": "#2"},
				"west": {"uv": [1, 1, 7, 8], "texture": "#2"},
				"up": {"uv": [6, 7, 1, 1], "texture": "#2"},
				"down": {"uv": [3, 3, 0, 0], "texture": "#2"}
			}
		},
		{
			"from": [5, 15.5, -6],
			"to": [9, 18.5, -5],
			"rotation": {"angle": 22.5, "axis": "x", "origin": [0, -8, -2]},
			"faces": {
				"north": {"uv": [3, 1, 7, 7], "texture": "#0"},
				"east": {"uv": [1, 1, 8, 12], "texture": "#0"},
				"south": {"uv": [1, 1, 6, 8], "texture": "#0"},
				"west": {"uv": [1, 1, 7, 8], "texture": "#0"},
				"up": {"uv": [1, 1, 6, 7], "texture": "#0"},
				"down": {"uv": [0, 0, 3, 3], "texture": "#0"}
			}
		},
		{
			"from": [-5, 15, 4],
			"to": [-4, 18, 8],
			"rotation": {"angle": -22.5, "axis": "z", "origin": [0, -8, -2]},
			"faces": {
				"north": {"uv": [1, 1, 5, 7], "texture": "#0"},
				"east": {"uv": [1, 1, 8, 12], "texture": "#0"},
				"south": {"uv": [1, 1, 6, 8], "texture": "#0"},
				"west": {"uv": [1, 1, 7, 8], "texture": "#0"},
				"up": {"uv": [1, 1, 6, 7], "texture": "#0"},
				"down": {"uv": [0, 0, 3, 3], "texture": "#0"}
			}
		},
		{
			"from": [18, 15.5, 4],
			"to": [19, 18.5, 8],
			"rotation": {"angle": 22.5, "axis": "z", "origin": [15, -8, 13]},
			"faces": {
				"north": {"uv": [8, 1, 1, 12], "texture": "#0"},
				"east": {"uv": [7, 1, 3, 7], "texture": "#0"},
				"south": {"uv": [7, 1, 1, 8], "texture": "#0"},
				"west": {"uv": [6, 1, 1, 8], "texture": "#0"},
				"up": {"uv": [6, 1, 1, 7], "rotation": 90, "texture": "#0"},
				"down": {"uv": [3, 0, 0, 3], "rotation": 270, "texture": "#0"}
			}
		},
		{
			"from": [5, 15, 17],
			"to": [9, 18, 18],
			"rotation": {"angle": -22.5, "axis": "x", "origin": [15, -8, 13]},
			"faces": {
				"north": {"uv": [8, 1, 1, 12], "texture": "#0"},
				"east": {"uv": [5, 1, 1, 7], "texture": "#0"},
				"south": {"uv": [7, 1, 1, 8], "texture": "#0"},
				"west": {"uv": [6, 1, 1, 8], "texture": "#0"},
				"up": {"uv": [6, 1, 1, 7], "rotation": 90, "texture": "#0"},
				"down": {"uv": [3, 0, 0, 3], "rotation": 270, "texture": "#0"}
			}
		},
		{
			"from": [5, -2.5, 4],
			"to": [6, 0.5, 8],
			"rotation": {"angle": -22.5, "axis": "z", "origin": [14, -8, 14]},
			"faces": {
				"north": {"uv": [1, 1, 8, 12], "texture": "#2"},
				"east": {"uv": [1, 1, 5, 2], "texture": "#2"},
				"south": {"uv": [1, 1, 8, 12], "texture": "#2"},
				"west": {"uv": [5, 2, 12, 13], "texture": "#2"},
				"up": {"uv": [8, 12, 1, 1], "texture": "#2"},
				"down": {"uv": [3, 3, 0, 0], "texture": "#2"}
			}
		}
	],
	"display": {
		"thirdperson_righthand": {
			"scale": [0.5, 0.5, 0.5]
		},
		"thirdperson_lefthand": {
			"scale": [0.5, 0.5, 0.5]
		},
		"firstperson_righthand": {
			"scale": [0.5, 0.5, 0.5]
		},
		"ground": {
			"rotation": [2, 0, 0],
			"scale": [0.75, 0.75, 0.75]
		},
		"gui": {
			"translation": [0, -2, 0],
			"scale": [0.8, 0.8, 0.8]
		},
		"head": {
			"translation": [0, 3, 0],
			"scale": [0.8, 0.8, 0.8]
		}
	}
}