{
	"credit": "Made with Blockbench",
	"textures": {
		"1": "block/light_gray_concrete_powder",
		"2": "block/gray_concrete",
		"4": "custom/screen",
		"particle": "block/andesite"
	},
	"elements": [
		{
			"from": [10, 6, 1],
			"to": [12, 15, 14],
			"faces": {
				"north": {"uv": [0, 0, 2, 3], "texture": "#1"},
				"east": {"uv": [0, 0, 2, 3], "texture": "#1"},
				"south": {"uv": [0, 0, 2, 3], "texture": "#1"},
				"west": {"uv": [0, 0, 2, 3], "texture": "#1"},
				"up": {"uv": [0, 0, 3, 13], "texture": "#1"},
				"down": {"uv": [0, 0, 3, 13], "texture": "#1"}
			}
		},
		{
			"from": [12, 6, 1.5],
			"to": [13, 14, 13.5],
			"faces": {
				"north": {"uv": [0, 0, 2, 3], "texture": "#1"},
				"east": {"uv": [0, 0, 2, 3], "texture": "#1"},
				"south": {"uv": [0, 0, 2, 3], "texture": "#1"},
				"west": {"uv": [0, 0, 2, 3], "texture": "#1"},
				"up": {"uv": [0, 0, 3, 13], "texture": "#1"},
				"down": {"uv": [0, 0, 3, 13], "texture": "#1"}
			}
		},
		{
			"from": [9.8, 7, 1.5],
			"to": [10.8, 14.5, 13.5],
			"faces": {
				"north": {"uv": [0, 0, 2, 3], "texture": "#4"},
				"east": {"uv": [0, 0, 2, 3], "texture": "#4"},
				"south": {"uv": [0, 0, 2, 3], "texture": "#4"},
				"west": {"uv": [0, 0, 16, 14.25], "texture": "#4"},
				"up": {"uv": [0, 0, 3, 13], "texture": "#4"},
				"down": {"uv": [0, 0, 3, 13], "texture": "#4"}
			}
		},
		{
			"from": [9.75, 10.25, 4.75],
			"to": [9.95, 11.75, 9.75],
			"faces": {
				"north": {"uv": [0, 0, 2, 3], "texture": "#4"},
				"east": {"uv": [0, 0, 2, 3], "texture": "#4"},
				"south": {"uv": [0, 0, 2, 3], "texture": "#4"},
				"west": {"uv": [4.375, 3.75, 10.375, 6.875], "texture": "#4"},
				"up": {"uv": [0, 0, 3, 13], "texture": "#4"},
				"down": {"uv": [0, 0, 3, 13], "texture": "#4"}
			}
		},
		{
			"from": [9.75, 9.45, 5.25],
			"to": [9.95, 10.95, 10.25],
			"faces": {
				"north": {"uv": [0, 0, 2, 3], "texture": "#4"},
				"east": {"uv": [0, 0, 2, 3], "texture": "#4"},
				"south": {"uv": [0, 0, 2, 3], "texture": "#4"},
				"west": {"uv": [5.125, 3.75, 10, 6.875], "texture": "#4"},
				"up": {"uv": [0, 0, 3, 13], "texture": "#4"},
				"down": {"uv": [0, 0, 3, 13], "texture": "#4"}
			}
		},
		{
			"from": [9.8, 6.25, 12.5],
			"to": [10.8, 6.5, 13],
			"faces": {
				"north": {"uv": [0, 0, 2, 3], "texture": "#2"},
				"east": {"uv": [0, 0, 2, 3], "texture": "#2"},
				"south": {"uv": [0, 0, 2, 3], "texture": "#2"},
				"west": {"uv": [0, 0, 2, 3], "texture": "#2"},
				"up": {"uv": [0, 0, 3, 13], "texture": "#2"},
				"down": {"uv": [0, 0, 3, 13], "texture": "#2"}
			}
		},
		{
			"from": [9.8, 6.25, 11.5],
			"to": [10.8, 6.5, 12],
			"faces": {
				"north": {"uv": [0, 0, 2, 3], "texture": "#2"},
				"east": {"uv": [0, 0, 2, 3], "texture": "#2"},
				"south": {"uv": [0, 0, 2, 3], "texture": "#2"},
				"west": {"uv": [0, 0, 2, 3], "texture": "#2"},
				"up": {"uv": [0, 0, 3, 13], "texture": "#2"},
				"down": {"uv": [0, 0, 3, 13], "texture": "#2"}
			}
		},
		{
			"from": [10.5, 3, 6.5],
			"to": [11.5, 6, 8.5],
			"faces": {
				"north": {"uv": [0, 0, 2, 3], "texture": "#2"},
				"east": {"uv": [0, 0, 2, 3], "texture": "#2"},
				"south": {"uv": [0, 0, 2, 3], "texture": "#2"},
				"west": {"uv": [0, 0, 2, 3], "texture": "#2"},
				"up": {"uv": [0, 0, 3, 13], "texture": "#2"},
				"down": {"uv": [0, 0, 3, 13], "texture": "#2"}
			}
		},
		{
			"from": [9.5, 3, 4.5],
			"to": [12.5, 4, 10.5],
			"faces": {
				"north": {"uv": [0, 0, 2, 3], "texture": "#2"},
				"east": {"uv": [0, 0, 2, 3], "texture": "#2"},
				"south": {"uv": [0, 0, 2, 3], "texture": "#2"},
				"west": {"uv": [0, 0, 2, 3], "texture": "#2"},
				"up": {"uv": [0, 0, 3, 13], "texture": "#2"},
				"down": {"uv": [0, 0, 3, 13], "texture": "#2"}
			}
		},
		{
			"from": [6.5, 3.4, 5.5],
			"to": [9.5, 3.9, 5.9],
			"faces": {
				"north": {"uv": [0, 0, 2, 3], "texture": "#2"},
				"east": {"uv": [0, 0, 2, 3], "texture": "#2"},
				"south": {"uv": [0, 0, 2, 3], "texture": "#2"},
				"west": {"uv": [0, 0, 2, 3], "texture": "#2"},
				"up": {"uv": [0, 0, 3, 13], "texture": "#2"},
				"down": {"uv": [0, 0, 3, 13], "texture": "#2"}
			}
		},
		{
			"from": [5.5, 3.4, 14.8],
			"to": [6.5, 3.9, 15.2],
			"faces": {
				"north": {"uv": [0, 0, 2, 3], "texture": "#2"},
				"east": {"uv": [0, 0, 2, 3], "texture": "#2"},
				"south": {"uv": [0, 0, 2, 3], "texture": "#2"},
				"west": {"uv": [0, 0, 2, 3], "texture": "#2"},
				"up": {"uv": [0, 0, 3, 13], "texture": "#2"},
				"down": {"uv": [0, 0, 3, 13], "texture": "#2"}
			}
		},
		{
			"from": [6.5, 3.4, 14.55],
			"to": [7.5, 3.9, 14.95],
			"faces": {
				"north": {"uv": [0, 0, 2, 3], "texture": "#2"},
				"east": {"uv": [0, 0, 2, 3], "texture": "#2"},
				"south": {"uv": [0, 0, 2, 3], "texture": "#2"},
				"west": {"uv": [0, 0, 2, 3], "texture": "#2"},
				"up": {"uv": [0, 0, 3, 13], "texture": "#2"},
				"down": {"uv": [0, 0, 3, 13], "texture": "#2"}
			}
		},
		{
			"from": [7.5, 3.4, 14.3],
			"to": [8.5, 3.9, 14.7],
			"faces": {
				"north": {"uv": [0, 0, 2, 3], "texture": "#2"},
				"east": {"uv": [0, 0, 2, 3], "texture": "#2"},
				"south": {"uv": [0, 0, 2, 3], "texture": "#2"},
				"west": {"uv": [0, 0, 2, 3], "texture": "#2"},
				"up": {"uv": [0, 0, 3, 13], "texture": "#2"},
				"down": {"uv": [0, 0, 3, 13], "texture": "#2"}
			}
		},
		{
			"from": [2.1, 3.4, 16.15],
			"to": [3.1, 3.9, 16.55],
			"rotation": {"angle": 22.5, "axis": "y", "origin": [0, 0, 0]},
			"faces": {
				"north": {"uv": [0, 0, 2, 3], "texture": "#2"},
				"east": {"uv": [0, 0, 2, 3], "texture": "#2"},
				"south": {"uv": [0, 0, 2, 3], "texture": "#2"},
				"west": {"uv": [0, 0, 2, 3], "texture": "#2"},
				"up": {"uv": [0, 0, 3, 13], "texture": "#2"},
				"down": {"uv": [0, 0, 3, 13], "texture": "#2"}
			}
		},
		{
			"from": [-3.65, 3.4, 15.9],
			"to": [-2.65, 3.9, 16.3],
			"rotation": {"angle": 45, "axis": "y", "origin": [0, 0, 0]},
			"faces": {
				"north": {"uv": [0, 0, 2, 3], "texture": "#2"},
				"east": {"uv": [0, 0, 2, 3], "texture": "#2"},
				"south": {"uv": [0, 0, 2, 3], "texture": "#2"},
				"west": {"uv": [0, 0, 2, 3], "texture": "#2"},
				"up": {"uv": [0, 0, 3, 13], "texture": "#2"},
				"down": {"uv": [0, 0, 3, 13], "texture": "#2"}
			}
		},
		{
			"from": [13.4, 3.4, 7.65],
			"to": [13.8, 3.9, 8.65],
			"rotation": {"angle": -22.5, "axis": "y", "origin": [0, 0, 0]},
			"faces": {
				"north": {"uv": [0, 0, 2, 3], "texture": "#2"},
				"east": {"uv": [0, 0, 2, 3], "texture": "#2"},
				"south": {"uv": [0, 0, 2, 3], "texture": "#2"},
				"west": {"uv": [0, 0, 2, 3], "texture": "#2"},
				"up": {"uv": [0, 0, 3, 13], "rotation": 270, "texture": "#2"},
				"down": {"uv": [0, 0, 3, 13], "rotation": 90, "texture": "#2"}
			}
		},
		{
			"from": [9.4, 3.4, 10.45],
			"to": [9.8, 3.9, 12.45],
			"faces": {
				"north": {"uv": [0, 0, 2, 3], "texture": "#2"},
				"east": {"uv": [0, 0, 2, 3], "texture": "#2"},
				"south": {"uv": [0, 0, 2, 3], "texture": "#2"},
				"west": {"uv": [0, 0, 2, 3], "texture": "#2"},
				"up": {"uv": [0, 0, 3, 13], "rotation": 270, "texture": "#2"},
				"down": {"uv": [0, 0, 3, 13], "rotation": 90, "texture": "#2"}
			}
		},
		{
			"from": [9.5, -4.6, 5.5],
			"to": [12.5, -4.1, 5.9],
			"rotation": {"angle": 45, "axis": "z", "origin": [0, 0, 0]},
			"faces": {
				"north": {"uv": [0, 0, 2, 3], "texture": "#2"},
				"east": {"uv": [0, 0, 2, 3], "texture": "#2"},
				"south": {"uv": [0, 0, 2, 3], "texture": "#2"},
				"west": {"uv": [0, 0, 2, 3], "texture": "#2"},
				"up": {"uv": [0, 0, 3, 13], "texture": "#2"},
				"down": {"uv": [0, 0, 3, 13], "texture": "#2"}
			}
		},
		{
			"from": [2, 3, 0.5],
			"to": [7, 4, 13.5],
			"faces": {
				"north": {"uv": [0, 0, 2, 3], "texture": "#1"},
				"east": {"uv": [0, 0, 2, 3], "texture": "#1"},
				"south": {"uv": [0, 0, 2, 2], "texture": "#1"},
				"west": {"uv": [0, 0, 2, 2], "texture": "#1"},
				"up": {"uv": [1, 0, 2, 1], "texture": "#1"},
				"down": {"uv": [0, 0, 3, 13], "texture": "#1"}
			}
		},
		{
			"from": [2.5, 3.5, 1],
			"to": [3.5, 4.5, 2],
			"faces": {
				"north": {"uv": [0, 0, 2, 3], "texture": "#1"},
				"east": {"uv": [0, 0, 2, 3], "texture": "#1"},
				"south": {"uv": [0, 0, 2, 2], "texture": "#1"},
				"west": {"uv": [0, 0, 2, 2], "texture": "#1"},
				"up": {"uv": [1, 0, 2, 1], "texture": "#1"},
				"down": {"uv": [0, 0, 3, 13], "texture": "#1"}
			}
		},
		{
			"from": [2.5, 3.5, 2.1],
			"to": [3.5, 4.5, 3.1],
			"faces": {
				"north": {"uv": [0, 0, 2, 3], "texture": "#1"},
				"east": {"uv": [0, 0, 2, 3], "texture": "#1"},
				"south": {"uv": [0, 0, 2, 2], "texture": "#1"},
				"west": {"uv": [0, 0, 2, 2], "texture": "#1"},
				"up": {"uv": [1, 0, 2, 1], "texture": "#1"},
				"down": {"uv": [0, 0, 3, 13], "texture": "#1"}
			}
		},
		{
			"from": [2.5, 3.5, 3.25],
			"to": [3.5, 4.5, 4.25],
			"faces": {
				"north": {"uv": [0, 0, 2, 3], "texture": "#1"},
				"east": {"uv": [0, 0, 2, 3], "texture": "#1"},
				"south": {"uv": [0, 0, 2, 2], "texture": "#1"},
				"west": {"uv": [0, 0, 2, 2], "texture": "#1"},
				"up": {"uv": [1, 0, 2, 1], "texture": "#1"},
				"down": {"uv": [0, 0, 3, 13], "texture": "#1"}
			}
		},
		{
			"from": [2.5, 3.5, 10.45],
			"to": [3.5, 4.5, 11.45],
			"faces": {
				"north": {"uv": [0, 0, 2, 3], "texture": "#1"},
				"east": {"uv": [0, 0, 2, 3], "texture": "#1"},
				"south": {"uv": [0, 0, 2, 2], "texture": "#1"},
				"west": {"uv": [0, 0, 2, 2], "texture": "#1"},
				"up": {"uv": [1, 0, 2, 1], "texture": "#1"},
				"down": {"uv": [0, 0, 3, 13], "texture": "#1"}
			}
		},
		{
			"from": [2.5, 3.5, 11.55],
			"to": [3.5, 4.5, 12.55],
			"faces": {
				"north": {"uv": [0, 0, 2, 3], "texture": "#1"},
				"east": {"uv": [0, 0, 2, 3], "texture": "#1"},
				"south": {"uv": [0, 0, 2, 2], "texture": "#1"},
				"west": {"uv": [0, 0, 2, 2], "texture": "#1"},
				"up": {"uv": [1, 0, 2, 1], "texture": "#1"},
				"down": {"uv": [0, 0, 3, 13], "texture": "#1"}
			}
		},
		{
			"from": [4.7, 3.5, 1],
			"to": [5.7, 4.5, 2.2],
			"faces": {
				"north": {"uv": [0, 0, 2, 3], "texture": "#1"},
				"east": {"uv": [0, 0, 2, 3], "texture": "#1"},
				"south": {"uv": [0, 0, 2, 2], "texture": "#1"},
				"west": {"uv": [0, 0, 2, 2], "texture": "#1"},
				"up": {"uv": [1, 0, 2, 1], "texture": "#1"},
				"down": {"uv": [0, 0, 3, 13], "texture": "#1"}
			}
		},
		{
			"from": [4.7, 3.5, 2.4],
			"to": [5.7, 4.5, 3.4],
			"faces": {
				"north": {"uv": [0, 0, 2, 3], "texture": "#1"},
				"east": {"uv": [0, 0, 2, 3], "texture": "#1"},
				"south": {"uv": [0, 0, 2, 2], "texture": "#1"},
				"west": {"uv": [0, 0, 2, 2], "texture": "#1"},
				"up": {"uv": [1, 0, 2, 1], "texture": "#1"},
				"down": {"uv": [0, 0, 3, 13], "texture": "#1"}
			}
		},
		{
			"from": [4.7, 3.5, 3.55],
			"to": [5.7, 4.5, 4.55],
			"faces": {
				"north": {"uv": [0, 0, 2, 3], "texture": "#1"},
				"east": {"uv": [0, 0, 2, 3], "texture": "#1"},
				"south": {"uv": [0, 0, 2, 2], "texture": "#1"},
				"west": {"uv": [0, 0, 2, 2], "texture": "#1"},
				"up": {"uv": [1, 0, 2, 1], "texture": "#1"},
				"down": {"uv": [0, 0, 3, 13], "texture": "#1"}
			}
		},
		{
			"from": [4.7, 3.5, 10.45],
			"to": [5.7, 4.5, 11.45],
			"faces": {
				"north": {"uv": [0, 0, 2, 3], "texture": "#1"},
				"east": {"uv": [0, 0, 2, 3], "texture": "#1"},
				"south": {"uv": [0, 0, 2, 2], "texture": "#1"},
				"west": {"uv": [0, 0, 2, 2], "texture": "#1"},
				"up": {"uv": [1, 0, 2, 1], "texture": "#1"},
				"down": {"uv": [0, 0, 3, 13], "texture": "#1"}
			}
		},
		{
			"from": [4.7, 3.5, 9.35],
			"to": [5.7, 4.5, 10.35],
			"faces": {
				"north": {"uv": [0, 0, 2, 3], "texture": "#1"},
				"east": {"uv": [0, 0, 2, 3], "texture": "#1"},
				"south": {"uv": [0, 0, 2, 2], "texture": "#1"},
				"west": {"uv": [0, 0, 2, 2], "texture": "#1"},
				"up": {"uv": [1, 0, 2, 1], "texture": "#1"},
				"down": {"uv": [0, 0, 3, 13], "texture": "#1"}
			}
		},
		{
			"from": [4.7, 3.5, 8.25],
			"to": [5.7, 4.5, 9.25],
			"faces": {
				"north": {"uv": [0, 0, 2, 3], "texture": "#1"},
				"east": {"uv": [0, 0, 2, 3], "texture": "#1"},
				"south": {"uv": [0, 0, 2, 2], "texture": "#1"},
				"west": {"uv": [0, 0, 2, 2], "texture": "#1"},
				"up": {"uv": [1, 0, 2, 1], "texture": "#1"},
				"down": {"uv": [0, 0, 3, 13], "texture": "#1"}
			}
		},
		{
			"from": [4.7, 3.5, 7.15],
			"to": [5.7, 4.5, 8.15],
			"faces": {
				"north": {"uv": [0, 0, 2, 3], "texture": "#1"},
				"east": {"uv": [0, 0, 2, 3], "texture": "#1"},
				"south": {"uv": [0, 0, 2, 2], "texture": "#1"},
				"west": {"uv": [0, 0, 2, 2], "texture": "#1"},
				"up": {"uv": [1, 0, 2, 1], "texture": "#1"},
				"down": {"uv": [0, 0, 3, 13], "texture": "#1"}
			}
		},
		{
			"from": [4.7, 3.5, 6.05],
			"to": [5.7, 4.5, 7.05],
			"faces": {
				"north": {"uv": [0, 0, 2, 3], "texture": "#1"},
				"east": {"uv": [0, 0, 2, 3], "texture": "#1"},
				"south": {"uv": [0, 0, 2, 2], "texture": "#1"},
				"west": {"uv": [0, 0, 2, 2], "texture": "#1"},
				"up": {"uv": [1, 0, 2, 1], "texture": "#1"},
				"down": {"uv": [0, 0, 3, 13], "texture": "#1"}
			}
		},
		{
			"from": [4.7, 3.5, 4.75],
			"to": [5.7, 4.5, 5.75],
			"faces": {
				"north": {"uv": [0, 0, 2, 3], "texture": "#1"},
				"east": {"uv": [0, 0, 2, 3], "texture": "#1"},
				"south": {"uv": [0, 0, 2, 2], "texture": "#1"},
				"west": {"uv": [0, 0, 2, 2], "texture": "#1"},
				"up": {"uv": [1, 0, 2, 1], "texture": "#1"},
				"down": {"uv": [0, 0, 3, 13], "texture": "#1"}
			}
		},
		{
			"from": [4.7, 3.5, 11.55],
			"to": [5.7, 4.5, 12.55],
			"faces": {
				"north": {"uv": [0, 0, 2, 3], "texture": "#1"},
				"east": {"uv": [0, 0, 2, 3], "texture": "#1"},
				"south": {"uv": [0, 0, 2, 2], "texture": "#1"},
				"west": {"uv": [0, 0, 2, 2], "texture": "#1"},
				"up": {"uv": [1, 0, 2, 1], "texture": "#1"},
				"down": {"uv": [0, 0, 3, 13], "texture": "#1"}
			}
		},
		{
			"from": [3.6, 3.5, 11.55],
			"to": [4.6, 4.5, 12.55],
			"faces": {
				"north": {"uv": [0, 0, 2, 3], "texture": "#1"},
				"east": {"uv": [0, 0, 2, 3], "texture": "#1"},
				"south": {"uv": [0, 0, 2, 2], "texture": "#1"},
				"west": {"uv": [0, 0, 2, 2], "texture": "#1"},
				"up": {"uv": [1, 0, 2, 1], "texture": "#1"},
				"down": {"uv": [0, 0, 3, 13], "texture": "#1"}
			}
		},
		{
			"from": [3.6, 3.5, 10.45],
			"to": [4.6, 4.5, 11.45],
			"faces": {
				"north": {"uv": [0, 0, 2, 3], "texture": "#1"},
				"east": {"uv": [0, 0, 2, 3], "texture": "#1"},
				"south": {"uv": [0, 0, 2, 2], "texture": "#1"},
				"west": {"uv": [0, 0, 2, 2], "texture": "#1"},
				"up": {"uv": [1, 0, 2, 1], "texture": "#1"},
				"down": {"uv": [0, 0, 3, 13], "texture": "#1"}
			}
		},
		{
			"from": [3.6, 3.5, 9.35],
			"to": [4.6, 4.5, 10.35],
			"faces": {
				"north": {"uv": [0, 0, 2, 3], "texture": "#1"},
				"east": {"uv": [0, 0, 2, 3], "texture": "#1"},
				"south": {"uv": [0, 0, 2, 2], "texture": "#1"},
				"west": {"uv": [0, 0, 2, 2], "texture": "#1"},
				"up": {"uv": [1, 0, 2, 1], "texture": "#1"},
				"down": {"uv": [0, 0, 3, 13], "texture": "#1"}
			}
		},
		{
			"from": [3.6, 3.5, 8.25],
			"to": [4.6, 4.5, 9.25],
			"faces": {
				"north": {"uv": [0, 0, 2, 3], "texture": "#1"},
				"east": {"uv": [0, 0, 2, 3], "texture": "#1"},
				"south": {"uv": [0, 0, 2, 2], "texture": "#1"},
				"west": {"uv": [0, 0, 2, 2], "texture": "#1"},
				"up": {"uv": [1, 0, 2, 1], "texture": "#1"},
				"down": {"uv": [0, 0, 3, 13], "texture": "#1"}
			}
		},
		{
			"from": [3.6, 3.5, 7.15],
			"to": [4.6, 4.5, 8.15],
			"faces": {
				"north": {"uv": [0, 0, 2, 3], "texture": "#1"},
				"east": {"uv": [0, 0, 2, 3], "texture": "#1"},
				"south": {"uv": [0, 0, 2, 2], "texture": "#1"},
				"west": {"uv": [0, 0, 2, 2], "texture": "#1"},
				"up": {"uv": [1, 0, 2, 1], "texture": "#1"},
				"down": {"uv": [0, 0, 3, 13], "texture": "#1"}
			}
		},
		{
			"from": [3.6, 3.5, 6.05],
			"to": [4.6, 4.5, 7.05],
			"faces": {
				"north": {"uv": [0, 0, 2, 3], "texture": "#1"},
				"east": {"uv": [0, 0, 2, 3], "texture": "#1"},
				"south": {"uv": [0, 0, 2, 2], "texture": "#1"},
				"west": {"uv": [0, 0, 2, 2], "texture": "#1"},
				"up": {"uv": [1, 0, 2, 1], "texture": "#1"},
				"down": {"uv": [0, 0, 3, 13], "texture": "#1"}
			}
		},
		{
			"from": [3.6, 3.5, 4.95],
			"to": [4.6, 4.5, 5.95],
			"faces": {
				"north": {"uv": [0, 0, 2, 3], "texture": "#1"},
				"east": {"uv": [0, 0, 2, 3], "texture": "#1"},
				"south": {"uv": [0, 0, 2, 2], "texture": "#1"},
				"west": {"uv": [0, 0, 2, 2], "texture": "#1"},
				"up": {"uv": [1, 0, 2, 1], "texture": "#1"},
				"down": {"uv": [0, 0, 3, 13], "texture": "#1"}
			}
		},
		{
			"from": [3.6, 3.5, 3.85],
			"to": [4.6, 4.5, 4.85],
			"faces": {
				"north": {"uv": [0, 0, 2, 3], "texture": "#1"},
				"east": {"uv": [0, 0, 2, 3], "texture": "#1"},
				"south": {"uv": [0, 0, 2, 2], "texture": "#1"},
				"west": {"uv": [0, 0, 2, 2], "texture": "#1"},
				"up": {"uv": [1, 0, 2, 1], "texture": "#1"},
				"down": {"uv": [0, 0, 3, 13], "texture": "#1"}
			}
		},
		{
			"from": [3.6, 3.5, 2.75],
			"to": [4.6, 4.5, 3.75],
			"faces": {
				"north": {"uv": [0, 0, 2, 3], "texture": "#1"},
				"east": {"uv": [0, 0, 2, 3], "texture": "#1"},
				"south": {"uv": [0, 0, 2, 2], "texture": "#1"},
				"west": {"uv": [0, 0, 2, 2], "texture": "#1"},
				"up": {"uv": [1, 0, 2, 1], "texture": "#1"},
				"down": {"uv": [0, 0, 3, 13], "texture": "#1"}
			}
		},
		{
			"from": [3.6, 3.5, 1.05],
			"to": [4.6, 4.5, 2.55],
			"faces": {
				"north": {"uv": [0, 0, 2, 3], "texture": "#1"},
				"east": {"uv": [0, 0, 2, 3], "texture": "#1"},
				"south": {"uv": [0, 0, 2, 2], "texture": "#1"},
				"west": {"uv": [0, 0, 2, 2], "texture": "#1"},
				"up": {"uv": [1, 0, 2, 1], "texture": "#1"},
				"down": {"uv": [0, 0, 3, 13], "texture": "#1"}
			}
		},
		{
			"from": [5.85, 3.5, 11.55],
			"to": [6.85, 4.5, 12.55],
			"faces": {
				"north": {"uv": [0, 0, 2, 3], "texture": "#1"},
				"east": {"uv": [0, 0, 2, 3], "texture": "#1"},
				"south": {"uv": [0, 0, 2, 2], "texture": "#1"},
				"west": {"uv": [0, 0, 2, 2], "texture": "#1"},
				"up": {"uv": [1, 0, 2, 1], "texture": "#1"},
				"down": {"uv": [0, 0, 3, 13], "texture": "#1"}
			}
		},
		{
			"from": [2.5, 3.2, 14.2],
			"to": [5.5, 3.8, 16.2],
			"faces": {
				"north": {"uv": [0, 0, 2, 3], "texture": "#1"},
				"east": {"uv": [0, 0, 2, 3], "texture": "#1"},
				"south": {"uv": [0, 0, 2, 2], "texture": "#1"},
				"west": {"uv": [0, 0, 2, 2], "texture": "#1"},
				"up": {"uv": [13, 4, 14, 5], "texture": "#1"},
				"down": {"uv": [0, 0, 3, 13], "texture": "#1"}
			}
		},
		{
			"from": [2.5, 9.2, 12.5],
			"to": [5.5, 9.8, 13.5],
			"rotation": {"angle": 22.5, "axis": "x", "origin": [0, 0, 0]},
			"faces": {
				"north": {"uv": [0, 0, 2, 3], "texture": "#1"},
				"east": {"uv": [0, 0, 2, 3], "texture": "#1"},
				"south": {"uv": [0, 0, 2, 2], "texture": "#1"},
				"west": {"uv": [0, 0, 2, 2], "texture": "#1"},
				"up": {"uv": [13, 4, 14, 5], "texture": "#1"},
				"down": {"uv": [0, 0, 3, 13], "texture": "#1"}
			}
		},
		{
			"from": [2.5, -2.4, 14.6],
			"to": [5.5, -1.8, 15.6],
			"rotation": {"angle": -22.5, "axis": "x", "origin": [0, 0, 0]},
			"faces": {
				"north": {"uv": [0, 0, 2, 3], "texture": "#1"},
				"east": {"uv": [0, 0, 2, 3], "texture": "#1"},
				"south": {"uv": [0, 0, 2, 2], "texture": "#1"},
				"west": {"uv": [0, 0, 2, 2], "texture": "#1"},
				"up": {"uv": [13, 4, 14, 5], "texture": "#1"},
				"down": {"uv": [0, 0, 3, 13], "texture": "#1"}
			}
		},
		{
			"from": [2.5, 3.6, 14.8],
			"to": [5.5, 4.2, 15.8],
			"faces": {
				"north": {"uv": [0, 0, 2, 3], "texture": "#1"},
				"east": {"uv": [0, 0, 2, 3], "texture": "#1"},
				"south": {"uv": [0, 0, 2, 2], "texture": "#1"},
				"west": {"uv": [0, 0, 2, 2], "texture": "#1"},
				"up": {"uv": [13, 4, 14, 5], "texture": "#1"},
				"down": {"uv": [0, 0, 3, 13], "texture": "#1"}
			}
		},
		{
			"from": [2.7, 3.65, 14.2],
			"to": [4.7, 4.45, 16.2],
			"faces": {
				"north": {"uv": [0, 0, 2, 3], "texture": "#1"},
				"east": {"uv": [0, 0, 2, 3], "texture": "#1"},
				"south": {"uv": [0, 0, 2, 2], "texture": "#1"},
				"west": {"uv": [0, 0, 2, 2], "texture": "#1"},
				"up": {"uv": [13, 4, 14, 5], "texture": "#1"},
				"down": {"uv": [0, 0, 3, 13], "texture": "#1"}
			}
		},
		{
			"from": [5.85, 3.5, 10.45],
			"to": [6.85, 4.5, 11.45],
			"faces": {
				"north": {"uv": [0, 0, 2, 3], "texture": "#1"},
				"east": {"uv": [0, 0, 2, 3], "texture": "#1"},
				"south": {"uv": [0, 0, 2, 2], "texture": "#1"},
				"west": {"uv": [0, 0, 2, 2], "texture": "#1"},
				"up": {"uv": [1, 0, 2, 1], "texture": "#1"},
				"down": {"uv": [0, 0, 3, 13], "texture": "#1"}
			}
		},
		{
			"from": [5.85, 3.5, 9.35],
			"to": [6.85, 4.5, 10.35],
			"faces": {
				"north": {"uv": [0, 0, 2, 3], "texture": "#1"},
				"east": {"uv": [0, 0, 2, 3], "texture": "#1"},
				"south": {"uv": [0, 0, 2, 2], "texture": "#1"},
				"west": {"uv": [0, 0, 2, 2], "texture": "#1"},
				"up": {"uv": [1, 0, 2, 1], "texture": "#1"},
				"down": {"uv": [0, 0, 3, 13], "texture": "#1"}
			}
		},
		{
			"from": [5.85, 3.5, 8.25],
			"to": [6.85, 4.5, 9.25],
			"faces": {
				"north": {"uv": [0, 0, 2, 3], "texture": "#1"},
				"east": {"uv": [0, 0, 2, 3], "texture": "#1"},
				"south": {"uv": [0, 0, 2, 2], "texture": "#1"},
				"west": {"uv": [0, 0, 2, 2], "texture": "#1"},
				"up": {"uv": [1, 0, 2, 1], "texture": "#1"},
				"down": {"uv": [0, 0, 3, 13], "texture": "#1"}
			}
		},
		{
			"from": [5.85, 3.5, 6.05],
			"to": [6.85, 4.5, 7.05],
			"faces": {
				"north": {"uv": [0, 0, 2, 3], "texture": "#1"},
				"east": {"uv": [0, 0, 2, 3], "texture": "#1"},
				"south": {"uv": [0, 0, 2, 2], "texture": "#1"},
				"west": {"uv": [0, 0, 2, 2], "texture": "#1"},
				"up": {"uv": [1, 0, 2, 1], "texture": "#1"},
				"down": {"uv": [0, 0, 3, 13], "texture": "#1"}
			}
		},
		{
			"from": [5.85, 3.5, 7.15],
			"to": [6.85, 4.5, 8.15],
			"faces": {
				"north": {"uv": [0, 0, 2, 3], "texture": "#1"},
				"east": {"uv": [0, 0, 2, 3], "texture": "#1"},
				"south": {"uv": [0, 0, 2, 2], "texture": "#1"},
				"west": {"uv": [0, 0, 2, 2], "texture": "#1"},
				"up": {"uv": [1, 0, 2, 1], "texture": "#1"},
				"down": {"uv": [0, 0, 3, 13], "texture": "#1"}
			}
		},
		{
			"from": [5.85, 3.5, 4.95],
			"to": [6.85, 4.5, 5.95],
			"faces": {
				"north": {"uv": [0, 0, 2, 3], "texture": "#1"},
				"east": {"uv": [0, 0, 2, 3], "texture": "#1"},
				"south": {"uv": [0, 0, 2, 2], "texture": "#1"},
				"west": {"uv": [0, 0, 2, 2], "texture": "#1"},
				"up": {"uv": [1, 0, 2, 1], "texture": "#1"},
				"down": {"uv": [0, 0, 3, 13], "texture": "#1"}
			}
		},
		{
			"from": [5.85, 3.5, 3.85],
			"to": [6.85, 4.5, 4.85],
			"faces": {
				"north": {"uv": [0, 0, 2, 3], "texture": "#1"},
				"east": {"uv": [0, 0, 2, 3], "texture": "#1"},
				"south": {"uv": [0, 0, 2, 2], "texture": "#1"},
				"west": {"uv": [0, 0, 2, 2], "texture": "#1"},
				"up": {"uv": [1, 0, 2, 1], "texture": "#1"},
				"down": {"uv": [0, 0, 3, 13], "texture": "#1"}
			}
		},
		{
			"from": [5.85, 3.5, 1.05],
			"to": [6.85, 4.5, 2.55],
			"faces": {
				"north": {"uv": [0, 0, 2, 3], "texture": "#1"},
				"east": {"uv": [0, 0, 2, 3], "texture": "#1"},
				"south": {"uv": [0, 0, 2, 2], "texture": "#1"},
				"west": {"uv": [0, 0, 2, 2], "texture": "#1"},
				"up": {"uv": [1, 0, 2, 1], "texture": "#1"},
				"down": {"uv": [0, 0, 3, 13], "texture": "#1"}
			}
		},
		{
			"from": [5.85, 3.5, 2.75],
			"to": [6.85, 4.5, 3.75],
			"faces": {
				"north": {"uv": [0, 0, 2, 3], "texture": "#1"},
				"east": {"uv": [0, 0, 2, 3], "texture": "#1"},
				"south": {"uv": [0, 0, 2, 2], "texture": "#1"},
				"west": {"uv": [0, 0, 2, 2], "texture": "#1"},
				"up": {"uv": [1, 0, 2, 1], "texture": "#1"},
				"down": {"uv": [0, 0, 3, 13], "texture": "#1"}
			}
		},
		{
			"from": [2.5, 3.5, 4.35],
			"to": [3.5, 4.5, 10.35],
			"faces": {
				"north": {"uv": [0, 0, 2, 3], "texture": "#1"},
				"east": {"uv": [0, 0, 2, 3], "texture": "#1"},
				"south": {"uv": [0, 0, 2, 2], "texture": "#1"},
				"west": {"uv": [0, 0, 2, 2], "texture": "#1"},
				"up": {"uv": [1, 0, 2, 1], "texture": "#1"},
				"down": {"uv": [0, 0, 3, 13], "texture": "#1"}
			}
		}
	],
	"display": {
		"head": {
			"rotation": [0, 90, 0],			"translation": [0, 2, 0],
			"scale": [1.4, 1.4, 1.4]
		}
	}
}