{
    "parent": "item/handheld",
    "textures": {
        "layer0": "item/cooked_beef"
    },
        "overrides": [
						{ "predicate": { "custom_model_data": 1}, "model": "item/burger"},
						{ "predicate": { "custom_model_data": 2}, "model": "item/bread_jam"},
						{ "predicate": { "custom_model_data": 3}, "model": "item/bread_honey"},
						{ "predicate": { "custom_model_data": 4}, "model": "item/strauben"},
						{ "predicate": { "custom_model_data": 5}, "model": "item/choco_cake"},
						{ "predicate": { "custom_model_data": 6}, "model": "item/apple_pie"},
						{ "predicate": { "custom_model_data": 7}, "model": "item/noodle2"},
						{ "predicate": { "custom_model_data": 8}, "model": "item/rice2"},
						{ "predicate": { "custom_model_data": 9}, "model": "item/rice3"},
						{ "predicate": { "custom_model_data": 10}, "model": "item/saladbowl"},
						{ "predicate": { "custom_model_data": 11}, "model": "item/grain_bread"}
        ]
}