{
	"credit": "Made with Blockbench",
	"textures": {
		"1": "block/orange_stained_glass",
		"2": "block/yellow_terracotta",
		"4": "block/white_wool",
		"particle": "block/orange_stained_glass"
	},
	"elements": [
		{
			"from": [6, 3, 5],
			"to": [11, 3.5, 12],
			"rotation": {"angle": 0, "axis": "y", "origin": [-1, 3, 0]},
			"faces": {
				"north": {"uv": [2, 4, 16, 16], "texture": "#4"},
				"east": {"uv": [2, 4, 16, 16], "texture": "#4"},
				"south": {"uv": [2, 4, 16, 16], "texture": "#4"},
				"west": {"uv": [2, 4, 16, 16], "texture": "#4"},
				"up": {"uv": [0, 0, 1, 13], "texture": "#4"},
				"down": {"uv": [0, 0, 1, 13], "texture": "#4"}
			}
		},
		{
			"from": [7, 3.5, 7],
			"to": [10, 3.6, 10],
			"rotation": {"angle": 0, "axis": "y", "origin": [-1, 3, 0]},
			"faces": {
				"north": {"uv": [2, 4, 16, 16], "texture": "#2"},
				"east": {"uv": [2, 4, 16, 16], "texture": "#2"},
				"south": {"uv": [2, 4, 16, 16], "texture": "#2"},
				"west": {"uv": [2, 4, 16, 16], "texture": "#2"},
				"up": {"uv": [0, 0, 1, 2], "texture": "#2"},
				"down": {"uv": [0, 0, 1, 13], "texture": "#2"}
			}
		},
		{
			"from": [7, 3.75, 7],
			"to": [10, 4.25, 10],
			"rotation": {"angle": 0, "axis": "y", "origin": [-1, 3, 0]},
			"faces": {
				"north": {"uv": [2, 4, 16, 16], "texture": "#1"},
				"east": {"uv": [2, 4, 16, 16], "texture": "#1"},
				"south": {"uv": [2, 4, 16, 16], "texture": "#1"},
				"west": {"uv": [2, 4, 16, 16], "texture": "#1"},
				"up": {"uv": [0, 0, 1, 2], "texture": "#1"},
				"down": {"uv": [0, 0, 1, 13], "texture": "#1"}
			}
		},
		{
			"from": [5, 3, 6],
			"to": [12, 3.5, 11],
			"rotation": {"angle": 0, "axis": "y", "origin": [-1, 3, 0]},
			"faces": {
				"north": {"uv": [2, 4, 16, 16], "texture": "#4"},
				"east": {"uv": [2, 4, 16, 16], "texture": "#4"},
				"south": {"uv": [2, 4, 16, 16], "texture": "#4"},
				"west": {"uv": [2, 4, 16, 16], "texture": "#4"},
				"up": {"uv": [0, 0, 1, 13], "texture": "#4"},
				"down": {"uv": [0, 0, 1, 13], "texture": "#4"}
			}
		}
	],
	"display": {
		"thirdperson_righthand": {
			"translation": [0, 2, 0],
			"scale": [0.5, 0.5, 0.5]
		},
		"thirdperson_lefthand": {
			"translation": [0, 2, 0],
			"scale": [0.5, 0.5, 0.5]
		},
		"firstperson_righthand": {
			"translation": [0, 3, 0],
			"scale": [0.75, 0.75, 0.75]
		},
		"firstperson_lefthand": {
			"translation": [0, 3, 0]
		},
		"gui": {
			"rotation": [26, 0, 0],
			"translation": [0, 5, 0],
			"scale": [2, 2, 2]
		},
		"head": {
			"rotation": [0, -15, 0],
			"translation": [0, -18, 0],
			"scale": [0.1, 0.1, 0.1]
		}
	}
}