{
	"credit": "Made with Blockbench",
	"textures": {
		"1": "block/dark_oak_log",
		"5": "block/red_wool",
		"particle": "block/red_wool"
	},
	"elements": [
		{
			"from": [4, 2, -7],
			"to": [15, 11, 22],
			"faces": {
				"north": {"uv": [0, 0, 12, 9], "texture": "#5"},
				"east": {"uv": [0, 0, 16, 9], "texture": "#5"},
				"south": {"uv": [0, 0, 12, 9], "texture": "#5"},
				"west": {"uv": [0, 0, 16, 9], "texture": "#5"},
				"up": {"uv": [0, 0, 11, 16], "texture": "#5"},
				"down": {"uv": [0, 0, 12, 16], "texture": "#5"}
			}
		},
		{
			"from": [1, 2, -7],
			"to": [4, 10.5, 23],
			"faces": {
				"north": {"uv": [0, 0, 12, 9], "texture": "#5"},
				"east": {"uv": [0, 0, 16, 9], "texture": "#5"},
				"south": {"uv": [0, 0, 12, 9], "texture": "#5"},
				"west": {"uv": [0, 0, 16, 9], "texture": "#5"},
				"up": {"uv": [0, 0, 3, 14], "texture": "#5"},
				"down": {"uv": [0, 0, 12, 16], "texture": "#5"}
			}
		},
		{
			"from": [2, 0, -6],
			"to": [4, 2, -4],
			"faces": {
				"north": {"uv": [0, 0, 2, 2], "texture": "#1"},
				"east": {"uv": [0, 0, 2, 2], "texture": "#1"},
				"south": {"uv": [0, 0, 2, 2], "texture": "#1"},
				"west": {"uv": [0, 0, 2, 2], "texture": "#1"},
				"up": {"uv": [0, 0, 2, 2], "texture": "#1"},
				"down": {"uv": [0, 0, 2, 2], "texture": "#1"}
			}
		},
		{
			"from": [2, 0, 20],
			"to": [4, 2, 22],
			"faces": {
				"north": {"uv": [0, 0, 2, 2], "texture": "#1"},
				"east": {"uv": [0, 0, 2, 2], "texture": "#1"},
				"south": {"uv": [0, 0, 2, 2], "texture": "#1"},
				"west": {"uv": [0, 0, 2, 2], "texture": "#1"},
				"up": {"uv": [0, 0, 2, 2], "texture": "#1"},
				"down": {"uv": [0, 0, 2, 2], "texture": "#1"}
			}
		},
		{
			"from": [13, 0, 20],
			"to": [15, 2, 22],
			"faces": {
				"north": {"uv": [0, 0, 2, 2], "texture": "#1"},
				"east": {"uv": [0, 0, 2, 2], "texture": "#1"},
				"south": {"uv": [0, 0, 2, 2], "texture": "#1"},
				"west": {"uv": [0, 0, 2, 2], "texture": "#1"},
				"up": {"uv": [0, 0, 2, 2], "texture": "#1"},
				"down": {"uv": [0, 0, 2, 2], "texture": "#1"}
			}
		},
		{
			"from": [13, 0, -6],
			"to": [15, 2, -4],
			"faces": {
				"north": {"uv": [0, 0, 2, 2], "texture": "#1"},
				"east": {"uv": [0, 0, 2, 2], "texture": "#1"},
				"south": {"uv": [0, 0, 2, 2], "texture": "#1"},
				"west": {"uv": [0, 0, 2, 2], "texture": "#1"},
				"up": {"uv": [0, 0, 2, 2], "texture": "#1"},
				"down": {"uv": [0, 0, 2, 2], "texture": "#1"}
			}
		},
		{
			"from": [13.5, 10.75, -6.5],
			"to": [16.5, 14.75, 22.5],
			"rotation": {"angle": 0, "axis": "y", "origin": [0, 0, 16]},
			"faces": {
				"north": {"uv": [6, 8, 1, 11], "texture": "#5"},
				"east": {"uv": [5, 0, 0, 3], "texture": "#5"},
				"south": {"uv": [5, 0, 0, 3], "texture": "#5"},
				"west": {"uv": [9, 3, 6, 9], "texture": "#5"},
				"up": {"uv": [0, 1, 2, 0], "texture": "#5"},
				"down": {"uv": [0, 1, 2, 0], "texture": "#5"}
			}
		},
		{
			"from": [1.75, 10.75, 21.5],
			"to": [16.75, 16.75, 24.5],
			"rotation": {"angle": 0, "axis": "y", "origin": [0, 0, 16]},
			"faces": {
				"north": {"uv": [6, 8, 1, 11], "texture": "#5"},
				"east": {"uv": [5, 0, 0, 3], "texture": "#5"},
				"south": {"uv": [5, 0, 0, 3], "texture": "#5"},
				"west": {"uv": [4, 0, 0, 3], "texture": "#5"},
				"up": {"uv": [0, 1, 2, 0], "texture": "#5"},
				"down": {"uv": [0, 1, 2, 0], "texture": "#5"}
			}
		},
		{
			"from": [1.75, 11.75, 24],
			"to": [16.75, 15.75, 25],
			"rotation": {"angle": 0, "axis": "y", "origin": [0, 0, 16]},
			"faces": {
				"north": {"uv": [6, 8, 1, 11], "texture": "#5"},
				"east": {"uv": [5, 0, 0, 3], "texture": "#5"},
				"south": {"uv": [5, 0, 0, 3], "texture": "#5"},
				"west": {"uv": [4, 0, 0, 3], "texture": "#5"},
				"up": {"uv": [0, 1, 2, 0], "texture": "#5"},
				"down": {"uv": [0, 1, 2, 0], "texture": "#5"}
			}
		},
		{
			"from": [1.75, 10.75, -8.5],
			"to": [16.75, 16.75, -5.5],
			"faces": {
				"north": {"uv": [0, 0, 5, 3], "texture": "#5"},
				"east": {"uv": [0, 0, 5, 3], "texture": "#5"},
				"south": {"uv": [1, 8, 6, 11], "texture": "#5"},
				"west": {"uv": [0, 0, 4, 3], "texture": "#5"},
				"up": {"uv": [0, 0, 2, 1], "texture": "#5"},
				"down": {"uv": [0, 0, 2, 1], "texture": "#5"}
			}
		},
		{
			"from": [1.75, 11.75, -9.5],
			"to": [16.75, 15.75, -8.5],
			"faces": {
				"north": {"uv": [0, 0, 5, 3], "texture": "#5"},
				"east": {"uv": [0, 0, 5, 3], "texture": "#5"},
				"south": {"uv": [1, 8, 6, 11], "texture": "#5"},
				"west": {"uv": [0, 0, 4, 3], "texture": "#5"},
				"up": {"uv": [0, 0, 2, 1], "texture": "#5"},
				"down": {"uv": [0, 0, 2, 1], "texture": "#5"}
			}
		},
		{
			"from": [14, 14.75, -6.5],
			"to": [17, 17.75, 22.5],
			"rotation": {"angle": 0, "axis": "y", "origin": [0, 0, 16]},
			"faces": {
				"north": {"uv": [6, 8, 1, 11], "texture": "#5"},
				"east": {"uv": [5, 0, 0, 3], "texture": "#5"},
				"south": {"uv": [5, 0, 0, 3], "texture": "#5"},
				"west": {"uv": [9, 3, 6, 9], "texture": "#5"},
				"up": {"uv": [0, 1, 2, 0], "texture": "#5"},
				"down": {"uv": [0, 1, 2, 0], "texture": "#5"}
			}
		},
		{
			"from": [14.5, 17.75, -6.5],
			"to": [17.5, 20.75, 22.5],
			"rotation": {"angle": 0, "axis": "y", "origin": [0, 0, 16]},
			"faces": {
				"north": {"uv": [6, 8, 1, 11], "texture": "#5"},
				"east": {"uv": [5, 0, 0, 3], "texture": "#5"},
				"south": {"uv": [5, 0, 0, 3], "texture": "#5"},
				"west": {"uv": [10, 3, 6, 9], "texture": "#5"},
				"up": {"uv": [0, 1, 2, 0], "texture": "#5"},
				"down": {"uv": [0, 1, 2, 0], "texture": "#5"}
			}
		},
		{
			"from": [15, 20.75, -6.5],
			"to": [18, 23.75, 22.5],
			"rotation": {"angle": 0, "axis": "y", "origin": [0, 0, 16]},
			"faces": {
				"north": {"uv": [6, 8, 1, 11], "texture": "#5"},
				"east": {"uv": [5, 0, 0, 3], "texture": "#5"},
				"south": {"uv": [5, 0, 0, 3], "texture": "#5"},
				"west": {"uv": [9, 3, 6, 9], "texture": "#5"},
				"up": {"uv": [0, 1, 2, 0], "texture": "#5"},
				"down": {"uv": [0, 1, 2, 0], "texture": "#5"}
			}
		}
	],
	"display": {
		"thirdperson_righthand": {
			"scale": [0.75, 0.75, 0.75]
		},
		"firstperson_righthand": {
			"scale": [0.7, 0.7, 0.7]
		},
		"firstperson_lefthand": {
			"scale": [0.7, 0.7, 0.7]
		},
		"ground": {
			"scale": [0.5, 0.5, 0.5]
		},
		"gui": {
			"rotation": [7, -24, 0],
			"translation": [0, -3, 0],
			"scale": [0.5, 0.5, 0.5]
		},
		"fixed": {
			"rotation": [-90, 0, 0],
			"translation": [0, 0, -14],
			"scale": [2, 2, 2]
		}
	}
}