{
	"credit": "Made with Blockbench",
	"textures": {
		"1": "block/stripped_oak_log",
		"3": "block/light_blue_wool",
		"particle": "block/light_gray_concrete"
	},
	"elements": [
		{
			"from": [2, 1, -7.5],
			"to": [14, 10, 22.5],
			"rotation": {"angle": 0, "axis": "y", "origin": [0, -1, 0]},
			"faces": {
				"north": {"uv": [7, 8, 9, 10], "texture": "#3"},
				"east": {"uv": [0, 6, 3, 9], "texture": "#3"},
				"south": {"uv": [6, 6, 9, 9], "texture": "#3"},
				"west": {"uv": [2, 7, 4, 9], "texture": "#3"},
				"up": {"uv": [0, 6, 3, 9], "texture": "#3"},
				"down": {"uv": [0, 0, 12, 16], "texture": "#3"}
			}
		},
		{
			"from": [1, 1, -7],
			"to": [2, 8, 22],
			"rotation": {"angle": 0, "axis": "y", "origin": [0, -1, 0]},
			"faces": {
				"north": {"uv": [7, 8, 9, 10], "texture": "#3"},
				"east": {"uv": [0, 6, 3, 9], "texture": "#3"},
				"south": {"uv": [6, 6, 9, 9], "texture": "#3"},
				"west": {"uv": [5, 8, 7, 10], "texture": "#3"},
				"up": {"uv": [0, 6, 1, 7], "texture": "#3"},
				"down": {"uv": [0, 0, 12, 16], "texture": "#3"}
			}
		},
		{
			"from": [6.5, 13.75, -7],
			"to": [8.5, 24.75, 22],
			"rotation": {"angle": -22.5, "axis": "z", "origin": [0, -1, 16]},
			"faces": {
				"north": {"uv": [0, 6, 3, 9], "texture": "#1"},
				"east": {"uv": [5, 8, 8, 11], "texture": "#1"},
				"south": {"uv": [0, 6, 3, 9], "texture": "#1"},
				"west": {"uv": [0, 6, 3, 9], "texture": "#1"},
				"up": {"uv": [0, 6, 3, 9], "texture": "#1"},
				"down": {"uv": [0, 1, 2, 0], "texture": "#1"}
			}
		},
		{
			"from": [5.5, 13.75, -6],
			"to": [6.5, 23.75, 7],
			"rotation": {"angle": -22.5, "axis": "z", "origin": [0, -1, 16]},
			"faces": {
				"north": {"uv": [0, 6, 3, 9], "texture": "#3"},
				"east": {"uv": [0, 6, 3, 9], "texture": "#3"},
				"south": {"uv": [0, 6, 3, 9], "texture": "#3"},
				"west": {"uv": [7, 8, 8, 9], "texture": "#3"},
				"up": {"uv": [0, 6, 3, 9], "texture": "#3"},
				"down": {"uv": [0, 1, 2, 0], "texture": "#3"}
			}
		},
		{
			"from": [5.5, 13.75, 8],
			"to": [6.5, 23.75, 21],
			"rotation": {"angle": -22.5, "axis": "z", "origin": [0, -1, 16]},
			"faces": {
				"north": {"uv": [0, 6, 3, 9], "texture": "#3"},
				"east": {"uv": [0, 6, 3, 9], "texture": "#3"},
				"south": {"uv": [0, 6, 3, 9], "texture": "#3"},
				"west": {"uv": [7, 8, 8, 9], "texture": "#3"},
				"up": {"uv": [0, 6, 3, 9], "texture": "#3"},
				"down": {"uv": [0, 1, 2, 0], "texture": "#3"}
			}
		},
		{
			"from": [5.4, 17.75, 14],
			"to": [6.4, 19.75, 16],
			"rotation": {"angle": -22.5, "axis": "z", "origin": [0, -1, 16]},
			"faces": {
				"north": {"uv": [0, 6, 3, 9], "texture": "#3"},
				"east": {"uv": [0, 6, 3, 9], "texture": "#3"},
				"south": {"uv": [0, 6, 3, 9], "texture": "#3"},
				"west": {"uv": [4, 10, 5, 11], "texture": "#3"},
				"up": {"uv": [0, 6, 3, 9], "texture": "#3"},
				"down": {"uv": [0, 1, 2, 0], "texture": "#3"}
			}
		},
		{
			"from": [5.4, 17.75, -1],
			"to": [6.4, 19.75, 1],
			"rotation": {"angle": -22.5, "axis": "z", "origin": [0, -1, 16]},
			"faces": {
				"north": {"uv": [0, 6, 3, 9], "texture": "#3"},
				"east": {"uv": [0, 6, 3, 9], "texture": "#3"},
				"south": {"uv": [0, 6, 3, 9], "texture": "#3"},
				"west": {"uv": [4, 10, 5, 11], "texture": "#3"},
				"up": {"uv": [0, 6, 3, 9], "texture": "#3"},
				"down": {"uv": [0, 1, 2, 0], "texture": "#3"}
			}
		},
		{
			"from": [2.75, 9.75, -8.5],
			"to": [12.75, 10.75, -6.5],
			"rotation": {"angle": 0, "axis": "y", "origin": [0, -1, 0]},
			"faces": {
				"north": {"uv": [0, 0, 5, 3], "texture": "#1"},
				"east": {"uv": [0, 0, 5, 3], "texture": "#1"},
				"south": {"uv": [1, 8, 6, 11], "texture": "#1"},
				"west": {"uv": [0, 0, 4, 3], "texture": "#1"},
				"up": {"uv": [0, 0, 2, 1], "texture": "#1"},
				"down": {"uv": [0, 0, 2, 1], "texture": "#1"}
			}
		},
		{
			"from": [-0.25, 13.75, -8.5],
			"to": [15.75, 14.75, -6.5],
			"rotation": {"angle": 0, "axis": "y", "origin": [0, -1, 0]},
			"faces": {
				"north": {"uv": [0, 0, 5, 3], "texture": "#1"},
				"east": {"uv": [0, 0, 5, 3], "texture": "#1"},
				"south": {"uv": [1, 8, 6, 11], "texture": "#1"},
				"west": {"uv": [0, 0, 4, 3], "texture": "#1"},
				"up": {"uv": [0, 0, 2, 1], "texture": "#1"},
				"down": {"uv": [0, 0, 2, 1], "texture": "#1"}
			}
		},
		{
			"from": [-11.25, 8.75, -8.5],
			"to": [-5.25, 9.75, -6.5],
			"rotation": {"angle": -45, "axis": "z", "origin": [0, -1, 0]},
			"faces": {
				"north": {"uv": [0, 0, 5, 3], "texture": "#1"},
				"east": {"uv": [0, 0, 5, 3], "texture": "#1"},
				"south": {"uv": [1, 8, 6, 11], "texture": "#1"},
				"west": {"uv": [0, 0, 4, 3], "texture": "#1"},
				"up": {"uv": [0, 0, 2, 1], "texture": "#1"},
				"down": {"uv": [0, 0, 2, 1], "texture": "#1"}
			}
		},
		{
			"from": [12.75, -0.25, -8.5],
			"to": [14.75, 13.75, -7.5],
			"rotation": {"angle": 0, "axis": "y", "origin": [0, -1, 0]},
			"faces": {
				"north": {"uv": [0, 0, 5, 3], "texture": "#1"},
				"east": {"uv": [0, 0, 5, 3], "texture": "#1"},
				"south": {"uv": [1, 8, 6, 11], "texture": "#1"},
				"west": {"uv": [0, 0, 4, 3], "texture": "#1"},
				"up": {"uv": [0, 0, 2, 1], "texture": "#1"},
				"down": {"uv": [0, 0, 2, 1], "texture": "#1"}
			}
		},
		{
			"from": [13, 7.5, -7.5],
			"to": [15, 9.5, 22.5],
			"rotation": {"angle": 0, "axis": "y", "origin": [0, -1, 0]},
			"faces": {
				"north": {"uv": [0, 0, 5, 3], "texture": "#1"},
				"east": {"uv": [0, 0, 5, 3], "texture": "#1"},
				"south": {"uv": [1, 8, 6, 11], "texture": "#1"},
				"west": {"uv": [0, 0, 4, 3], "texture": "#1"},
				"up": {"uv": [0, 0, 2, 1], "texture": "#1"},
				"down": {"uv": [0, 0, 2, 1], "texture": "#1"}
			}
		},
		{
			"from": [2.75, 9.75, 21.5],
			"to": [12.75, 10.75, 23.5],
			"rotation": {"angle": 0, "axis": "y", "origin": [0, -1, 30]},
			"faces": {
				"north": {"uv": [0, 0, 5, 3], "texture": "#1"},
				"east": {"uv": [0, 0, 5, 3], "texture": "#1"},
				"south": {"uv": [1, 8, 6, 11], "texture": "#1"},
				"west": {"uv": [0, 0, 4, 3], "texture": "#1"},
				"up": {"uv": [0, 0, 2, 1], "texture": "#1"},
				"down": {"uv": [0, 0, 2, 1], "texture": "#1"}
			}
		},
		{
			"from": [-11.25, 8.75, 21.5],
			"to": [-5.25, 9.75, 23.5],
			"rotation": {"angle": -45, "axis": "z", "origin": [0, -1, 30]},
			"faces": {
				"north": {"uv": [0, 0, 5, 3], "texture": "#1"},
				"east": {"uv": [0, 0, 5, 3], "texture": "#1"},
				"south": {"uv": [1, 8, 6, 11], "texture": "#1"},
				"west": {"uv": [0, 0, 4, 3], "texture": "#1"},
				"up": {"uv": [0, 0, 2, 1], "texture": "#1"},
				"down": {"uv": [0, 0, 2, 1], "texture": "#1"}
			}
		},
		{
			"from": [-0.25, 13.75, 21.5],
			"to": [15.75, 14.75, 23.5],
			"rotation": {"angle": 0, "axis": "y", "origin": [0, -1, 30]},
			"faces": {
				"north": {"uv": [0, 0, 5, 3], "texture": "#1"},
				"east": {"uv": [0, 0, 5, 3], "texture": "#1"},
				"south": {"uv": [1, 8, 6, 11], "texture": "#1"},
				"west": {"uv": [0, 0, 4, 3], "texture": "#1"},
				"up": {"uv": [0, 0, 2, 1], "texture": "#1"},
				"down": {"uv": [0, 0, 2, 1], "texture": "#1"}
			}
		},
		{
			"from": [12.75, -0.25, 22.5],
			"to": [14.75, 13.75, 23.5],
			"rotation": {"angle": 0, "axis": "y", "origin": [0, -1, 30]},
			"faces": {
				"north": {"uv": [0, 0, 5, 3], "texture": "#1"},
				"east": {"uv": [0, 0, 5, 3], "texture": "#1"},
				"south": {"uv": [1, 8, 6, 11], "texture": "#1"},
				"west": {"uv": [0, 0, 4, 3], "texture": "#1"},
				"up": {"uv": [0, 0, 2, 1], "texture": "#1"},
				"down": {"uv": [0, 0, 2, 1], "texture": "#1"}
			}
		},
		{
			"from": [2.75, -0.25, 22.5],
			"to": [3.75, 9.75, 23.5],
			"rotation": {"angle": 0, "axis": "z", "origin": [0, -1, 30]},
			"faces": {
				"north": {"uv": [0, 0, 5, 3], "texture": "#1"},
				"east": {"uv": [0, 0, 5, 3], "texture": "#1"},
				"south": {"uv": [1, 8, 6, 11], "texture": "#1"},
				"west": {"uv": [0, 0, 4, 3], "texture": "#1"},
				"up": {"uv": [0, 0, 2, 1], "texture": "#1"},
				"down": {"uv": [0, 0, 2, 1], "texture": "#1"}
			}
		},
		{
			"from": [2.75, -0.25, -8.5],
			"to": [3.75, 9.75, -7.5],
			"rotation": {"angle": 0, "axis": "z", "origin": [0, -1, 0]},
			"faces": {
				"north": {"uv": [0, 0, 5, 3], "texture": "#1"},
				"east": {"uv": [0, 0, 5, 3], "texture": "#1"},
				"south": {"uv": [1, 8, 6, 11], "texture": "#1"},
				"west": {"uv": [0, 0, 4, 3], "texture": "#1"},
				"up": {"uv": [0, 0, 2, 1], "texture": "#1"},
				"down": {"uv": [0, 0, 2, 1], "texture": "#1"}
			}
		}
	],
	"display": {
		"thirdperson_righthand": {
			"scale": [0.75, 0.75, 0.75]
		},
		"firstperson_righthand": {
			"scale": [0.7, 0.7, 0.7]
		},
		"firstperson_lefthand": {
			"scale": [0.7, 0.7, 0.7]
		},
		"ground": {
			"scale": [0.5, 0.5, 0.5]
		},
		"gui": {
			"rotation": [7, -24, 0],
			"translation": [0, -3, 0],
			"scale": [0.5, 0.5, 0.5]
		},
		"fixed": {
			"rotation": [-90, 0, 0],
			"translation": [0, 0, -14],
			"scale": [2, 2, 2]
		}
	}
}