{
	"credit": "Made with Blockbench",
	"textures": {
		"white_wool": "block/white_wool"
	},
	"elements": [
		{
			"name": "Cube",
			"from": [3, 0, 3],
			"to": [15, 2, 15],
			"faces": {
				"north": {"uv": [0, 0, 12, 2], "texture": "#white_wool"},
				"east": {"uv": [0, 0, 12, 2], "texture": "#white_wool"},
				"south": {"uv": [0, 0, 12, 2], "texture": "#white_wool"},
				"west": {"uv": [0, 0, 12, 2], "texture": "#white_wool"},
				"up": {"uv": [0, 0, 12, 12], "texture": "#white_wool"},
				"down": {"uv": [0, 0, 12, 12], "texture": "#white_wool"}
			}
		},
		{
			"name": "Cube",
			"from": [6, 3, 6],
			"to": [12, 5, 12],
			"faces": {
				"north": {"uv": [0, 0, 6, 2], "texture": "#white_wool"},
				"east": {"uv": [0, 0, 6, 2], "texture": "#white_wool"},
				"south": {"uv": [0, 0, 6, 2], "texture": "#white_wool"},
				"west": {"uv": [0, 0, 6, 2], "texture": "#white_wool"},
				"up": {"uv": [0, 0, 6, 6], "texture": "#white_wool"},
				"down": {"uv": [0, 0, 6, 6], "texture": "#white_wool"}
			}
		},
		{
			"name": "Cube",
			"from": [5.5, 5, 5],
			"to": [12.5, 12, 6],
			"faces": {
				"north": {"uv": [0, 0, 8, 7], "texture": "#white_wool"},
				"east": {"uv": [0, 0, 8, 7], "texture": "#white_wool"},
				"south": {"uv": [0, 0, 8, 7], "texture": "#white_wool"},
				"west": {"uv": [0, 0, 8, 7], "texture": "#white_wool"},
				"up": {"uv": [0, 0, 8, 8], "texture": "#white_wool"},
				"down": {"uv": [0, 0, 8, 8], "texture": "#white_wool"}
			}
		},
		{
			"name": "Cube",
			"from": [5.5, 5, 12],
			"to": [12.5, 12, 13],
			"faces": {
				"north": {"uv": [0, 0, 8, 7], "texture": "#white_wool"},
				"east": {"uv": [0, 0, 8, 7], "texture": "#white_wool"},
				"south": {"uv": [0, 0, 8, 7], "texture": "#white_wool"},
				"west": {"uv": [0, 0, 8, 7], "texture": "#white_wool"},
				"up": {"uv": [0, 0, 8, 8], "texture": "#white_wool"},
				"down": {"uv": [0, 0, 8, 8], "texture": "#white_wool"}
			}
		},
		{
			"name": "Cube",
			"from": [4.5, 5, 6],
			"to": [5.5, 12, 12],
			"faces": {
				"north": {"uv": [0, 0, 8, 7], "texture": "#white_wool"},
				"east": {"uv": [0, 0, 8, 7], "texture": "#white_wool"},
				"south": {"uv": [0, 0, 8, 7], "texture": "#white_wool"},
				"west": {"uv": [0, 0, 8, 7], "texture": "#white_wool"},
				"up": {"uv": [0, 0, 8, 8], "texture": "#white_wool"},
				"down": {"uv": [0, 0, 8, 8], "texture": "#white_wool"}
			}
		},
		{
			"name": "Cube",
			"from": [12.5, 5, 6],
			"to": [13.5, 12, 12],
			"faces": {
				"north": {"uv": [0, 0, 8, 7], "texture": "#white_wool"},
				"east": {"uv": [0, 0, 8, 7], "texture": "#white_wool"},
				"south": {"uv": [0, 0, 8, 7], "texture": "#white_wool"},
				"west": {"uv": [0, 0, 8, 7], "texture": "#white_wool"},
				"up": {"uv": [0, 0, 8, 8], "texture": "#white_wool"},
				"down": {"uv": [0, 0, 8, 8], "texture": "#white_wool"}
			}
		},
		{
			"name": "Cube",
			"from": [13.5, 10, 8],
			"to": [15.5, 11, 10],
			"faces": {
				"north": {"uv": [0, 0, 2, 1], "texture": "#white_wool"},
				"east": {"uv": [0, 0, 2, 1], "texture": "#white_wool"},
				"south": {"uv": [0, 0, 2, 1], "texture": "#white_wool"},
				"west": {"uv": [0, 0, 2, 1], "texture": "#white_wool"},
				"up": {"uv": [0, 0, 2, 2], "texture": "#white_wool"},
				"down": {"uv": [0, 0, 2, 2], "texture": "#white_wool"}
			}
		},
		{
			"name": "Cube",
			"from": [13.5, 5, 8],
			"to": [15.5, 6, 10],
			"faces": {
				"north": {"uv": [0, 0, 2, 1], "texture": "#white_wool"},
				"east": {"uv": [0, 0, 2, 1], "texture": "#white_wool"},
				"south": {"uv": [0, 0, 2, 1], "texture": "#white_wool"},
				"west": {"uv": [0, 0, 2, 1], "texture": "#white_wool"},
				"up": {"uv": [0, 0, 2, 2], "texture": "#white_wool"},
				"down": {"uv": [0, 0, 2, 2], "texture": "#white_wool"}
			}
		},
		{
			"name": "Cube",
			"from": [15.5, 6, 8],
			"to": [16.5, 10, 10],
			"faces": {
				"north": {"uv": [0, 0, 1, 4], "texture": "#white_wool"},
				"east": {"uv": [0, 0, 2, 4], "texture": "#white_wool"},
				"south": {"uv": [0, 0, 1, 4], "texture": "#white_wool"},
				"west": {"uv": [0, 0, 2, 4], "texture": "#white_wool"},
				"up": {"uv": [0, 0, 1, 2], "texture": "#white_wool"},
				"down": {"uv": [0, 0, 1, 2], "texture": "#white_wool"}
			}
		}
	],
	"display": {
		"thirdperson_righthand": {
			"rotation": [75, 315, 0],
			"translation": [0, 2.5, 0],
			"scale": [0.375, 0.375, 0.375]
		},
		"firstperson_righthand": {
			"rotation": [0, 315, 0],
			"translation": [0, 2.5, 0],
			"scale": [0.4, 0.4, 0.4]
		},
		"ground": {
			"translation": [0, 3, 0],
			"scale": [0.25, 0.25, 0.25]
		},
		"gui": {
			"rotation": [30, 9, 0],
			"scale": [0.9, 0.9, 0.9]
		},
		"head": {
			"rotation": [0, 180, 0]
		},
		"fixed": {
			"rotation": [0, 180, 0]
		}
	}
}