{
	"credit": "Made with Blockbench",
	"textures": {
		"2": "block/gray_terracotta",
		"4": "custom/capp1",
		"white_wool": "block/white_wool",
		"particle": "block/gray_terracotta"
	},
	"elements": [
		{
			"name": "Cube",
			"from": [4, 1, 4],
			"to": [12, 2, 5],
			"faces": {
				"north": {"uv": [0, 0, 12, 2], "texture": "#2"},
				"east": {"uv": [0, 0, 12, 2], "texture": "#2"},
				"south": {"uv": [0, 0, 12, 2], "texture": "#2"},
				"west": {"uv": [0, 0, 12, 2], "texture": "#2"},
				"up": {"uv": [0, 0, 12, 12], "texture": "#2"},
				"down": {"uv": [0, 0, 12, 12], "texture": "#2"}
			}
		},
		{
			"name": "Cube",
			"from": [4, 1, 11],
			"to": [12, 2, 12],
			"faces": {
				"north": {"uv": [0, 0, 12, 2], "texture": "#2"},
				"east": {"uv": [0, 0, 12, 2], "texture": "#2"},
				"south": {"uv": [0, 0, 12, 2], "texture": "#2"},
				"west": {"uv": [0, 0, 12, 2], "texture": "#2"},
				"up": {"uv": [0, 0, 12, 12], "texture": "#2"},
				"down": {"uv": [0, 0, 12, 12], "texture": "#2"}
			}
		},
		{
			"name": "Cube",
			"from": [4, 1, 5],
			"to": [5, 2, 11],
			"faces": {
				"north": {"uv": [0, 0, 12, 2], "texture": "#2"},
				"east": {"uv": [0, 0, 12, 2], "texture": "#2"},
				"south": {"uv": [0, 0, 12, 2], "texture": "#2"},
				"west": {"uv": [0, 0, 12, 2], "texture": "#2"},
				"up": {"uv": [0, 0, 12, 12], "texture": "#2"},
				"down": {"uv": [0, 0, 12, 12], "texture": "#2"}
			}
		},
		{
			"name": "Cube",
			"from": [5, 1, 5],
			"to": [11, 1.5, 11],
			"faces": {
				"north": {"uv": [0, 0, 12, 2], "texture": "#2"},
				"east": {"uv": [0, 0, 12, 2], "texture": "#2"},
				"south": {"uv": [0, 0, 12, 2], "texture": "#2"},
				"west": {"uv": [0, 0, 12, 2], "texture": "#2"},
				"up": {"uv": [0, 0, 12, 12], "texture": "#2"},
				"down": {"uv": [0, 0, 12, 12], "texture": "#2"}
			}
		},
		{
			"name": "Cube",
			"from": [6, 1.5, 6],
			"to": [10, 2, 10],
			"faces": {
				"north": {"uv": [0, 0, 12, 2], "texture": "#2"},
				"east": {"uv": [0, 0, 12, 2], "texture": "#2"},
				"south": {"uv": [0, 0, 12, 2], "texture": "#2"},
				"west": {"uv": [0, 0, 12, 2], "texture": "#2"},
				"up": {"uv": [0, 0, 12, 12], "texture": "#2"},
				"down": {"uv": [0, 0, 12, 12], "texture": "#2"}
			}
		},
		{
			"name": "Cube",
			"from": [6, 2, 6],
			"to": [10, 3, 10],
			"faces": {
				"north": {"uv": [0, 0, 12, 2], "texture": "#2"},
				"east": {"uv": [0, 0, 12, 2], "texture": "#2"},
				"south": {"uv": [0, 0, 12, 2], "texture": "#2"},
				"west": {"uv": [0, 0, 12, 2], "texture": "#2"},
				"up": {"uv": [0, 0, 12, 12], "texture": "#white_wool"},
				"down": {"uv": [0, 0, 12, 12], "texture": "#2"}
			}
		},
		{
			"name": "Cube",
			"from": [5, 5.25, 5],
			"to": [11, 6.25, 11],
			"faces": {
				"north": {"uv": [0, 0, 12, 2], "texture": "#2"},
				"east": {"uv": [0, 0, 12, 2], "texture": "#2"},
				"south": {"uv": [0, 0, 12, 2], "texture": "#2"},
				"west": {"uv": [14, 16, 15.5, 15], "texture": "#2"},
				"up": {"uv": [9.5, 4.5, 14.5, 8.5], "texture": "#4"},
				"down": {"uv": [0, 0, 12, 12], "texture": "#2"}
			}
		},
		{
			"name": "Cube",
			"from": [5, 3, 6],
			"to": [6, 4, 10],
			"faces": {
				"north": {"uv": [0, 0, 12, 2], "texture": "#2"},
				"east": {"uv": [0, 0, 12, 2], "texture": "#white_wool"},
				"south": {"uv": [0, 0, 12, 2], "texture": "#2"},
				"west": {"uv": [0, 0, 12, 2], "texture": "#2"},
				"up": {"uv": [0, 0, 12, 12], "texture": "#white_wool"},
				"down": {"uv": [0, 0, 12, 12], "texture": "#2"}
			}
		},
		{
			"name": "Cube",
			"from": [4.5, 4, 6],
			"to": [5.5, 5.5, 10],
			"faces": {
				"north": {"uv": [0, 0, 12, 2], "texture": "#2"},
				"east": {"uv": [0, 0, 12, 2], "texture": "#white_wool"},
				"south": {"uv": [0, 0, 12, 2], "texture": "#2"},
				"west": {"uv": [0, 0, 12, 2], "texture": "#2"},
				"up": {"uv": [0, 0, 12, 12], "texture": "#white_wool"},
				"down": {"uv": [0, 0, 12, 12], "texture": "#2"}
			}
		},
		{
			"name": "Cube",
			"from": [4, 5.5, 6],
			"to": [5, 7.5, 10],
			"faces": {
				"north": {"uv": [0, 0, 12, 2], "texture": "#2"},
				"east": {"uv": [0, 0, 12, 2], "texture": "#white_wool"},
				"south": {"uv": [0, 0, 12, 2], "texture": "#2"},
				"west": {"uv": [0, 0, 12, 2], "texture": "#2"},
				"up": {"uv": [0, 0, 12, 12], "texture": "#white_wool"},
				"down": {"uv": [0, 0, 12, 12], "texture": "#2"}
			}
		},
		{
			"name": "Cube",
			"from": [11, 3.5, 7.75],
			"to": [14, 4, 8.25],
			"faces": {
				"north": {"uv": [0, 0, 12, 2], "texture": "#2"},
				"east": {"uv": [0, 0, 12, 2], "texture": "#2"},
				"south": {"uv": [0, 0, 12, 2], "texture": "#2"},
				"west": {"uv": [0, 0, 12, 2], "texture": "#2"},
				"up": {"uv": [0, 0, 12, 12], "texture": "#2"},
				"down": {"uv": [0, 0, 12, 12], "texture": "#2"}
			}
		},
		{
			"name": "Cube",
			"from": [12, 6.5, 7.75],
			"to": [14, 7, 8.25],
			"faces": {
				"north": {"uv": [0, 0, 12, 2], "texture": "#2"},
				"east": {"uv": [0, 0, 12, 2], "texture": "#2"},
				"south": {"uv": [0, 0, 12, 2], "texture": "#2"},
				"west": {"uv": [0, 0, 12, 2], "texture": "#2"},
				"up": {"uv": [0, 0, 12, 12], "texture": "#2"},
				"down": {"uv": [0, 0, 12, 12], "texture": "#2"}
			}
		},
		{
			"name": "Cube",
			"from": [13.75, 4, 7.75],
			"to": [14.25, 6.5, 8.25],
			"faces": {
				"north": {"uv": [0, 0, 12, 2], "texture": "#2"},
				"east": {"uv": [0, 0, 12, 2], "texture": "#2"},
				"south": {"uv": [0, 0, 12, 2], "texture": "#2"},
				"west": {"uv": [0, 0, 12, 2], "texture": "#2"},
				"up": {"uv": [0, 0, 12, 12], "texture": "#2"},
				"down": {"uv": [0, 0, 12, 12], "texture": "#2"}
			}
		},
		{
			"name": "Cube",
			"from": [6, 3, 5],
			"to": [10, 4, 6],
			"faces": {
				"north": {"uv": [0, 0, 12, 2], "texture": "#2"},
				"east": {"uv": [0, 0, 12, 2], "texture": "#2"},
				"south": {"uv": [0, 0, 12, 2], "texture": "#white_wool"},
				"west": {"uv": [0, 0, 12, 2], "texture": "#2"},
				"up": {"uv": [0, 0, 12, 12], "rotation": 90, "texture": "#white_wool"},
				"down": {"uv": [0, 0, 12, 12], "rotation": 270, "texture": "#2"}
			}
		},
		{
			"name": "Cube",
			"from": [6, 4, 4.5],
			"to": [10, 5.5, 5.5],
			"faces": {
				"north": {"uv": [0, 0, 12, 2], "texture": "#2"},
				"east": {"uv": [0, 0, 12, 2], "texture": "#2"},
				"south": {"uv": [0, 0, 12, 2], "texture": "#white_wool"},
				"west": {"uv": [0, 0, 12, 2], "texture": "#2"},
				"up": {"uv": [0, 0, 12, 12], "rotation": 90, "texture": "#white_wool"},
				"down": {"uv": [0, 0, 12, 12], "rotation": 270, "texture": "#2"}
			}
		},
		{
			"name": "Cube",
			"from": [9.5, 4, 5],
			"to": [10.5, 5.5, 6],
			"faces": {
				"north": {"uv": [0, 0, 12, 2], "texture": "#2"},
				"east": {"uv": [0, 0, 12, 2], "texture": "#2"},
				"south": {"uv": [0, 0, 12, 2], "texture": "#white_wool"},
				"west": {"uv": [0, 0, 12, 2], "texture": "#2"},
				"up": {"uv": [0, 0, 12, 12], "rotation": 90, "texture": "#white_wool"},
				"down": {"uv": [0, 0, 12, 12], "rotation": 270, "texture": "#2"}
			}
		},
		{
			"name": "Cube",
			"from": [6, 5.5, 4],
			"to": [10, 7.5, 5],
			"faces": {
				"north": {"uv": [0, 0, 12, 2], "texture": "#2"},
				"east": {"uv": [0, 0, 12, 2], "texture": "#2"},
				"south": {"uv": [0, 0, 12, 2], "texture": "#white_wool"},
				"west": {"uv": [0, 0, 12, 2], "texture": "#2"},
				"up": {"uv": [0, 0, 12, 12], "rotation": 90, "texture": "#white_wool"},
				"down": {"uv": [0, 0, 12, 12], "rotation": 270, "texture": "#2"}
			}
		},
		{
			"name": "Cube",
			"from": [6, 3, 10],
			"to": [10, 4, 11],
			"rotation": {"angle": 0, "axis": "y", "origin": [0, 0, 16]},
			"faces": {
				"north": {"uv": [12, 0, 0, 2], "texture": "#white_wool"},
				"east": {"uv": [12, 0, 0, 2], "texture": "#2"},
				"south": {"uv": [12, 0, 0, 2], "texture": "#2"},
				"west": {"uv": [12, 0, 0, 2], "texture": "#2"},
				"up": {"uv": [12, 0, 0, 12], "rotation": 90, "texture": "#white_wool"},
				"down": {"uv": [12, 0, 0, 12], "rotation": 270, "texture": "#2"}
			}
		},
		{
			"name": "Cube",
			"from": [6, 4, 10.5],
			"to": [10, 5.5, 11.5],
			"rotation": {"angle": 0, "axis": "y", "origin": [0, 0, 16]},
			"faces": {
				"north": {"uv": [12, 0, 0, 2], "texture": "#white_wool"},
				"east": {"uv": [12, 0, 0, 2], "texture": "#2"},
				"south": {"uv": [12, 0, 0, 2], "texture": "#2"},
				"west": {"uv": [12, 0, 0, 2], "texture": "#2"},
				"up": {"uv": [12, 0, 0, 12], "rotation": 90, "texture": "#white_wool"},
				"down": {"uv": [12, 0, 0, 12], "rotation": 270, "texture": "#2"}
			}
		},
		{
			"name": "Cube",
			"from": [6, 5.5, 11],
			"to": [10, 7.5, 12],
			"rotation": {"angle": 0, "axis": "y", "origin": [0, 0, 16]},
			"faces": {
				"north": {"uv": [12, 0, 0, 2], "texture": "#white_wool"},
				"east": {"uv": [12, 0, 0, 2], "texture": "#2"},
				"south": {"uv": [12, 0, 0, 2], "texture": "#2"},
				"west": {"uv": [12, 0, 0, 2], "texture": "#2"},
				"up": {"uv": [12, 0, 0, 12], "rotation": 90, "texture": "#white_wool"},
				"down": {"uv": [12, 0, 0, 12], "rotation": 270, "texture": "#2"}
			}
		},
		{
			"name": "Cube",
			"from": [5, 5.5, 10],
			"to": [6, 7.5, 11],
			"rotation": {"angle": 0, "axis": "y", "origin": [0, 0, 16]},
			"faces": {
				"north": {"uv": [12, 0, 0, 2], "texture": "#white_wool"},
				"east": {"uv": [12, 0, 0, 2], "texture": "#white_wool"},
				"south": {"uv": [12, 0, 0, 2], "texture": "#2"},
				"west": {"uv": [12, 0, 0, 2], "texture": "#2"},
				"up": {"uv": [12, 0, 0, 12], "rotation": 90, "texture": "#white_wool"},
				"down": {"uv": [12, 0, 0, 12], "rotation": 270, "texture": "#2"}
			}
		},
		{
			"name": "Cube",
			"from": [5.5, 4, 9.75],
			"to": [6.5, 5.5, 10.75],
			"rotation": {"angle": 0, "axis": "y", "origin": [0, 0, 16]},
			"faces": {
				"north": {"uv": [12, 0, 0, 2], "texture": "#white_wool"},
				"east": {"uv": [12, 0, 0, 2], "texture": "#white_wool"},
				"south": {"uv": [12, 0, 0, 2], "texture": "#2"},
				"west": {"uv": [12, 0, 0, 2], "texture": "#2"},
				"up": {"uv": [12, 0, 0, 12], "rotation": 90, "texture": "#white_wool"},
				"down": {"uv": [12, 0, 0, 12], "rotation": 270, "texture": "#2"}
			}
		},
		{
			"name": "Cube",
			"from": [10, 5.5, 10],
			"to": [11, 7.5, 11],
			"rotation": {"angle": 0, "axis": "y", "origin": [16, 0, 16]},
			"faces": {
				"north": {"uv": [0, 0, 12, 2], "texture": "#white_wool"},
				"east": {"uv": [0, 0, 12, 2], "texture": "#2"},
				"south": {"uv": [0, 0, 12, 2], "texture": "#2"},
				"west": {"uv": [0, 0, 12, 2], "texture": "#white_wool"},
				"up": {"uv": [12, 12, 0, 0], "rotation": 90, "texture": "#white_wool"},
				"down": {"uv": [12, 12, 0, 0], "rotation": 270, "texture": "#2"}
			}
		},
		{
			"name": "Cube",
			"from": [9.5, 4, 9.75],
			"to": [10.5, 5.5, 10.75],
			"rotation": {"angle": 0, "axis": "y", "origin": [16, 0, 16]},
			"faces": {
				"north": {"uv": [0, 0, 12, 2], "texture": "#white_wool"},
				"east": {"uv": [0, 0, 12, 2], "texture": "#2"},
				"south": {"uv": [0, 0, 12, 2], "texture": "#2"},
				"west": {"uv": [0, 0, 12, 2], "texture": "#white_wool"},
				"up": {"uv": [12, 12, 0, 0], "rotation": 90, "texture": "#white_wool"},
				"down": {"uv": [12, 12, 0, 0], "rotation": 270, "texture": "#2"}
			}
		},
		{
			"name": "Cube",
			"from": [11, 1, 5],
			"to": [12, 2, 11],
			"faces": {
				"north": {"uv": [0, 0, 12, 2], "texture": "#2"},
				"east": {"uv": [0, 0, 12, 2], "texture": "#2"},
				"south": {"uv": [0, 0, 12, 2], "texture": "#2"},
				"west": {"uv": [0, 0, 12, 2], "texture": "#2"},
				"up": {"uv": [0, 0, 12, 12], "texture": "#2"},
				"down": {"uv": [0, 0, 12, 12], "texture": "#2"}
			}
		},
		{
			"name": "Cube",
			"from": [12, 1.5, 4],
			"to": [13, 2.5, 12],
			"faces": {
				"north": {"uv": [0, 0, 12, 2], "texture": "#2"},
				"east": {"uv": [0, 0, 12, 2], "texture": "#2"},
				"south": {"uv": [0, 0, 12, 2], "texture": "#2"},
				"west": {"uv": [0, 0, 12, 2], "texture": "#2"},
				"up": {"uv": [0, 0, 12, 12], "texture": "#2"},
				"down": {"uv": [0, 0, 12, 12], "texture": "#2"}
			}
		},
		{
			"name": "Cube",
			"from": [3, 1.5, 4],
			"to": [4, 2.5, 12],
			"rotation": {"angle": 0, "axis": "y", "origin": [16, 0, 0]},
			"faces": {
				"north": {"uv": [12, 0, 0, 2], "texture": "#2"},
				"east": {"uv": [12, 0, 0, 2], "texture": "#2"},
				"south": {"uv": [12, 0, 0, 2], "texture": "#2"},
				"west": {"uv": [12, 0, 0, 2], "texture": "#2"},
				"up": {"uv": [12, 0, 0, 12], "texture": "#2"},
				"down": {"uv": [12, 0, 0, 12], "texture": "#2"}
			}
		},
		{
			"name": "Cube",
			"from": [10.5, 4, 6],
			"to": [11.5, 5.5, 10],
			"rotation": {"angle": 0, "axis": "y", "origin": [16, 0, 0]},
			"faces": {
				"north": {"uv": [12, 0, 0, 2], "texture": "#2"},
				"east": {"uv": [12, 0, 0, 2], "texture": "#2"},
				"south": {"uv": [12, 0, 0, 2], "texture": "#2"},
				"west": {"uv": [12, 0, 0, 2], "texture": "#white_wool"},
				"up": {"uv": [12, 0, 0, 12], "texture": "#white_wool"},
				"down": {"uv": [12, 0, 0, 12], "texture": "#2"}
			}
		},
		{
			"name": "Cube",
			"from": [10, 3, 6],
			"to": [11, 4, 10],
			"rotation": {"angle": 0, "axis": "y", "origin": [16, 0, 0]},
			"faces": {
				"north": {"uv": [12, 0, 0, 2], "texture": "#2"},
				"east": {"uv": [12, 0, 0, 2], "texture": "#2"},
				"south": {"uv": [12, 0, 0, 2], "texture": "#2"},
				"west": {"uv": [12, 0, 0, 2], "texture": "#white_wool"},
				"up": {"uv": [12, 0, 0, 12], "texture": "#white_wool"},
				"down": {"uv": [12, 0, 0, 12], "texture": "#2"}
			}
		},
		{
			"name": "Cube",
			"from": [11, 5.5, 6],
			"to": [12, 7.5, 10],
			"rotation": {"angle": 0, "axis": "y", "origin": [16, 0, 0]},
			"faces": {
				"north": {"uv": [12, 0, 0, 2], "texture": "#2"},
				"east": {"uv": [12, 0, 0, 2], "texture": "#2"},
				"south": {"uv": [12, 0, 0, 2], "texture": "#2"},
				"west": {"uv": [12, 0, 0, 2], "texture": "#white_wool"},
				"up": {"uv": [12, 0, 0, 12], "texture": "#white_wool"},
				"down": {"uv": [12, 0, 0, 12], "texture": "#2"}
			}
		},
		{
			"name": "Cube",
			"from": [10, 5.5, 5],
			"to": [11, 7.5, 6],
			"rotation": {"angle": 0, "axis": "y", "origin": [16, 0, 0]},
			"faces": {
				"north": {"uv": [12, 0, 0, 2], "texture": "#2"},
				"east": {"uv": [12, 0, 0, 2], "texture": "#2"},
				"south": {"uv": [12, 0, 0, 2], "texture": "#white_wool"},
				"west": {"uv": [12, 0, 0, 2], "texture": "#white_wool"},
				"up": {"uv": [12, 0, 0, 12], "texture": "#white_wool"},
				"down": {"uv": [12, 0, 0, 12], "texture": "#2"}
			}
		},
		{
			"name": "Cube",
			"from": [5, 5.5, 5],
			"to": [6, 7.5, 6],
			"rotation": {"angle": 0, "axis": "y", "origin": [16, 0, 0]},
			"faces": {
				"north": {"uv": [12, 0, 0, 2], "texture": "#2"},
				"east": {"uv": [12, 0, 0, 2], "texture": "#white_wool"},
				"south": {"uv": [12, 0, 0, 2], "texture": "#white_wool"},
				"west": {"uv": [12, 0, 0, 2], "texture": "#2"},
				"up": {"uv": [12, 0, 0, 12], "texture": "#white_wool"},
				"down": {"uv": [12, 0, 0, 12], "texture": "#2"}
			}
		},
		{
			"name": "Cube",
			"from": [5.5, 4, 5],
			"to": [6.5, 5.5, 6],
			"faces": {
				"north": {"uv": [0, 0, 12, 2], "texture": "#2"},
				"east": {"uv": [0, 0, 12, 2], "texture": "#2"},
				"south": {"uv": [0, 0, 12, 2], "texture": "#white_wool"},
				"west": {"uv": [0, 0, 12, 2], "texture": "#2"},
				"up": {"uv": [0, 0, 12, 12], "rotation": 90, "texture": "#white_wool"},
				"down": {"uv": [0, 0, 12, 12], "rotation": 270, "texture": "#2"}
			}
		},
		{
			"name": "Cube",
			"from": [4, 1.5, 3],
			"to": [12, 2.5, 4],
			"faces": {
				"north": {"uv": [0, 0, 12, 2], "texture": "#2"},
				"east": {"uv": [0, 0, 12, 2], "texture": "#2"},
				"south": {"uv": [0, 0, 12, 2], "texture": "#2"},
				"west": {"uv": [0, 0, 12, 2], "texture": "#2"},
				"up": {"uv": [0, 0, 12, 12], "texture": "#2"},
				"down": {"uv": [0, 0, 12, 12], "texture": "#2"}
			}
		},
		{
			"name": "Cube",
			"from": [4, 1.5, 12],
			"to": [12, 2.5, 13],
			"faces": {
				"north": {"uv": [0, 0, 12, 2], "texture": "#2"},
				"east": {"uv": [0, 0, 12, 2], "texture": "#2"},
				"south": {"uv": [0, 0, 12, 2], "texture": "#2"},
				"west": {"uv": [0, 0, 12, 2], "texture": "#2"},
				"up": {"uv": [0, 0, 12, 12], "texture": "#2"},
				"down": {"uv": [0, 0, 12, 12], "texture": "#2"}
			}
		}
	],
	"display": {
		"thirdperson_righthand": {
			"rotation": [75, 315, 0],
			"translation": [0, 2.5, 0],
			"scale": [0.5, 0.5, 0.5]
		},
		"thirdperson_lefthand": {
			"scale": [0.5, 0.5, 0.5]
		},
		"firstperson_righthand": {
			"rotation": [0, 315, 0],
			"translation": [0, 2.5, 0],
			"scale": [0.4, 0.4, 0.4]
		},
		"firstperson_lefthand": {
			"scale": [0.5, 0.5, 0.5]
		},
		"ground": {
			"translation": [0, 1, 0],
			"scale": [0.75, 0.75, 0.75]
		},
		"gui": {
			"rotation": [12, 8, 0],
			"translation": [0, 3, 0],
			"scale": [1.25, 1.25, 1.25]
		},
		"head": {
			"rotation": [0, 180, 0],
			"translation": [0, 2, 0]
		},
		"fixed": {
			"rotation": [0, 180, 0]
		}
	}
}