{
	"credit": "Made with Blockbench",
	"textures": {
		"0": "block/quartz_block_bottom",
		"8": "block/light_gray_concrete",
		"10": "block/polished_andesite",
		"particle": "block/quartz_block_bottom"
	},
	"elements": [
		{
			"from": [15, 2, 1],
			"to": [16, 16, 16],
			"rotation": {"angle": 0, "axis": "y", "origin": [0, 0, 1]},
			"faces": {
				"north": {"uv": [9, 0, 12, 2], "texture": "#0"},
				"east": {"uv": [9, 0, 12, 2], "texture": "#0"},
				"south": {"uv": [9, 0, 12, 2], "texture": "#0"},
				"west": {"uv": [9, 0, 12, 2], "texture": "#0"},
				"up": {"uv": [0, 0, 2, 2], "texture": "#0"},
				"down": {"uv": [0, 0, 2, 2], "texture": "#0"}
			}
		},
		{
			"from": [1, 2, 15],
			"to": [15, 16, 16],
			"rotation": {"angle": 0, "axis": "y", "origin": [0, 0, 1]},
			"faces": {
				"north": {"uv": [9, 0, 12, 2], "texture": "#0"},
				"east": {"uv": [9, 0, 12, 2], "texture": "#0"},
				"south": {"uv": [9, 0, 12, 2], "texture": "#0"},
				"west": {"uv": [9, 0, 12, 2], "texture": "#0"},
				"up": {"uv": [0, 0, 2, 2], "texture": "#0"},
				"down": {"uv": [0, 0, 2, 2], "texture": "#0"}
			}
		},
		{
			"from": [1, 2, 1.2],
			"to": [15, 16, 2.2],
			"rotation": {"angle": 0, "axis": "y", "origin": [0, 0, 1]},
			"faces": {
				"north": {"uv": [9, 0, 12, 2], "texture": "#0"},
				"east": {"uv": [9, 0, 12, 2], "texture": "#0"},
				"south": {"uv": [9, 0, 12, 2], "texture": "#0"},
				"west": {"uv": [9, 0, 12, 2], "texture": "#0"},
				"up": {"uv": [0, 0, 2, 2], "texture": "#0"},
				"down": {"uv": [0, 0, 2, 2], "texture": "#0"}
			}
		},
		{
			"from": [14.5, 2, 0.95],
			"to": [15.5, 4, 1.95],
			"rotation": {"angle": 0, "axis": "y", "origin": [0, 0, 1]},
			"faces": {
				"north": {"uv": [0, 0, 4, 3], "texture": "#8"},
				"east": {"uv": [0, 0, 4, 3], "texture": "#8"},
				"south": {"uv": [0, 0, 4, 3], "texture": "#8"},
				"west": {"uv": [0, 0, 4, 3], "texture": "#8"},
				"up": {"uv": [0, 0, 2, 2], "texture": "#8"},
				"down": {"uv": [0, 0, 2, 2], "texture": "#8"}
			}
		},
		{
			"from": [14.5, 14, 0.95],
			"to": [15.5, 16, 1.95],
			"rotation": {"angle": 0, "axis": "y", "origin": [0, 0, 1]},
			"faces": {
				"north": {"uv": [0, 0, 4, 3], "texture": "#8"},
				"east": {"uv": [0, 0, 4, 3], "texture": "#8"},
				"south": {"uv": [0, 0, 4, 3], "texture": "#8"},
				"west": {"uv": [0, 0, 4, 3], "texture": "#8"},
				"up": {"uv": [0, 0, 2, 2], "texture": "#8"},
				"down": {"uv": [0, 0, 2, 2], "texture": "#8"}
			}
		},
		{
			"from": [2.5, 9, 0.95],
			"to": [5.5, 10.5, 1.95],
			"rotation": {"angle": 0, "axis": "y", "origin": [0, 0, 1]},
			"faces": {
				"north": {"uv": [0, 0, 4, 3], "texture": "#8"},
				"east": {"uv": [0, 0, 4, 3], "texture": "#8"},
				"south": {"uv": [0, 0, 4, 3], "texture": "#8"},
				"west": {"uv": [0, 0, 4, 3], "texture": "#8"},
				"up": {"uv": [0, 0, 2, 2], "texture": "#8"},
				"down": {"uv": [0, 0, 2, 2], "texture": "#8"}
			}
		},
		{
			"from": [0, 2, 1],
			"to": [1, 16, 16],
			"rotation": {"angle": 0, "axis": "y", "origin": [0, 0, 1]},
			"faces": {
				"north": {"uv": [9, 0, 12, 2], "texture": "#0"},
				"east": {"uv": [9, 0, 12, 2], "texture": "#0"},
				"south": {"uv": [9, 0, 12, 2], "texture": "#0"},
				"west": {"uv": [9, 0, 12, 2], "texture": "#0"},
				"up": {"uv": [0, 0, 2, 2], "texture": "#0"},
				"down": {"uv": [0, 0, 2, 2], "texture": "#0"}
			}
		},
		{
			"from": [0, 0, 1],
			"to": [16, 2, 16],
			"rotation": {"angle": 0, "axis": "y", "origin": [0, 0, 1]},
			"faces": {
				"north": {"uv": [9, 0, 12, 2], "texture": "#0"},
				"east": {"uv": [9, 0, 12, 2], "texture": "#0"},
				"south": {"uv": [9, 0, 12, 2], "texture": "#0"},
				"west": {"uv": [9, 0, 12, 2], "texture": "#0"},
				"up": {"uv": [0, 0, 2, 2], "texture": "#0"},
				"down": {"uv": [0, 0, 2, 2], "texture": "#8"}
			}
		},
		{
			"from": [0, 16, 1],
			"to": [16, 17, 16],
			"rotation": {"angle": 0, "axis": "y", "origin": [0, 0, 1]},
			"faces": {
				"north": {"uv": [1, 1, 4, 3], "texture": "#0"},
				"east": {"uv": [0, 0, 4, 3], "texture": "#0"},
				"south": {"uv": [0, 0, 4, 3], "texture": "#0"},
				"west": {"uv": [0, 0, 4, 3], "texture": "#0"},
				"up": {"uv": [0, 0, 16, 15], "texture": "#10"},
				"down": {"uv": [0, 0, 2, 2], "texture": "#0"}
			}
		}
	],
	"display": {
		"fixed": {
			"rotation": [-90, 0, 0],
			"translation": [0, 0, -14],
			"scale": [2, 2, 2]
		}
	}
}