{
	"credit": "Made with Blockbench",
	"textures": {
		"11": "custom/kenn",
		"glass": "block/glass",
		"oak_planks": "block/oak_planks",
		"gray_wool": "block/gray_wool",
		"yellow_wool": "custom/cl",
		"cyan_terracotta": "block/cyan_terracotta",
		"iron_block": "block/iron_block",
		"red_terracotta": "block/red_terracotta",
		"gray_concrete": "block/gray_concrete",
		"white_concrete": "block/white_concrete",
		"light_gray_concrete": "block/light_gray_concrete",
		"white_stained_glass": "block/white_stained_glass",
		"particle": "custom/kenn"
	},
	"elements": [
		{
			"name": "base",
			"from": [1, 2, -6.2],
			"to": [15, 3, 27.8],
			"faces": {
				"north": {"uv": [0, 0, 14, 1], "texture": "#gray_concrete"},
				"east": {"uv": [0, 0, 16, 1], "texture": "#gray_concrete"},
				"south": {"uv": [0, 0, 14, 1], "texture": "#gray_concrete"},
				"west": {"uv": [0, 0, 16, 1], "texture": "#gray_concrete"},
				"up": {"uv": [0, 0, 16, 8], "rotation": 270, "texture": "#cyan_terracotta"},
				"down": {"uv": [0, 0, 16, 8], "rotation": 270, "texture": "#cyan_terracotta"}
			}
		},
		{
			"name": "Cube1",
			"from": [0.5, 1, 2],
			"to": [1, 7, 6],
			"faces": {
				"north": {"uv": [0, 0, 0.5, 8], "texture": "#white_concrete"},
				"east": {"uv": [0, 0, 16, 5], "texture": "#white_concrete"},
				"south": {"uv": [0, 0, 0.5, 8], "texture": "#white_concrete"},
				"west": {"uv": [0, 0, 16, 5], "texture": "#white_concrete"},
				"up": {"uv": [0, 0, 16, 1], "rotation": 270, "texture": "#white_concrete"},
				"down": {"uv": [0, 0, 16, 1], "rotation": 270, "texture": "#white_concrete"}
			}
		},
		{
			"name": "Cube1",
			"from": [0.5, 4, -3],
			"to": [1, 7, 2],
			"faces": {
				"north": {"uv": [0, 0, 0.5, 5], "texture": "#white_concrete"},
				"east": {"uv": [0, 0, 16, 5], "texture": "#white_concrete"},
				"south": {"uv": [0, 0, 0.5, 5], "texture": "#white_concrete"},
				"west": {"uv": [0, 0, 16, 5], "texture": "#white_concrete"},
				"up": {"uv": [0, 0, 16, 1], "rotation": 270, "texture": "#white_concrete"},
				"down": {"uv": [0, 0, 16, 1], "rotation": 270, "texture": "#white_concrete"}
			}
		},
		{
			"name": "wheel6",
			"from": [0.5, 1.89, -3.484],
			"to": [1, 2.286, -2.56],
			"rotation": {"angle": 22.5, "axis": "x", "origin": [-1, -2.334, -3.22]},
			"faces": {
				"north": {"uv": [0, 0, 4, 2], "rotation": 270, "texture": "#iron_block"},
				"east": {"uv": [0, 0, 4, 2], "rotation": 270, "texture": "#iron_block"},
				"south": {"uv": [0, 0, 4, 2], "rotation": 270, "texture": "#iron_block"},
				"west": {"uv": [0, 0, 4, 2], "rotation": 270, "texture": "#iron_block"},
				"up": {"uv": [0, 0, 4, 2], "rotation": 270, "texture": "#iron_block"},
				"down": {"uv": [0, 0, 4, 2], "rotation": 270, "texture": "#iron_block"}
			}
		},
		{
			"name": "wheel7",
			"from": [0.5, 0.438, -4.144],
			"to": [1, 2.022, -3.748],
			"rotation": {"angle": 45, "axis": "x", "origin": [-1, -2.334, -3.22]},
			"faces": {
				"north": {"uv": [0, 0, 4, 2], "rotation": 270, "texture": "#iron_block"},
				"east": {"uv": [0, 0, 4, 2], "rotation": 270, "texture": "#iron_block"},
				"south": {"uv": [0, 0, 4, 2], "rotation": 270, "texture": "#iron_block"},
				"west": {"uv": [0, 0, 4, 2], "rotation": 270, "texture": "#iron_block"},
				"up": {"uv": [0, 0, 4, 2], "rotation": 270, "texture": "#iron_block"},
				"down": {"uv": [0, 0, 4, 2], "rotation": 270, "texture": "#iron_block"}
			}
		},
		{
			"name": "wheel6",
			"from": [0.5, -3.258, 1.004],
			"to": [1, -1.674, 1.4],
			"rotation": {"angle": -45, "axis": "x", "origin": [-1, -2.334, -3.22]},
			"faces": {
				"north": {"uv": [0, 0, 4, 2], "rotation": 270, "texture": "#iron_block"},
				"east": {"uv": [0, 0, 4, 2], "rotation": 270, "texture": "#iron_block"},
				"south": {"uv": [0, 0, 4, 2], "rotation": 270, "texture": "#iron_block"},
				"west": {"uv": [0, 0, 4, 2], "rotation": 270, "texture": "#iron_block"},
				"up": {"uv": [0, 0, 4, 2], "rotation": 270, "texture": "#iron_block"},
				"down": {"uv": [0, 0, 4, 2], "rotation": 270, "texture": "#iron_block"}
			}
		},
		{
			"name": "wheel6",
			"from": [0.5, -0.156, 0.608],
			"to": [1, 0.24, 1.928],
			"rotation": {"angle": -22.5, "axis": "x", "origin": [-1, -2.334, -3.22]},
			"faces": {
				"north": {"uv": [0, 0, 4, 2], "rotation": 90, "texture": "#iron_block"},
				"east": {"uv": [0, 0, 4, 2], "rotation": 180, "texture": "#iron_block"},
				"south": {"uv": [0, 0, 4, 2], "rotation": 270, "texture": "#iron_block"},
				"west": {"uv": [0, 0, 4, 2], "texture": "#iron_block"},
				"up": {"uv": [0, 0, 4, 2], "rotation": 90, "texture": "#iron_block"},
				"down": {"uv": [0, 0, 4, 2], "rotation": 270, "texture": "#iron_block"}
			}
		},
		{
			"name": "wheel5",
			"from": [0.5, 1.494, -0.844],
			"to": [1, 2.55, -0.448],
			"rotation": {"angle": 0, "axis": "y", "origin": [-1, -2.334, -3.22]},
			"faces": {
				"north": {"uv": [0, 0, 4, 2], "rotation": 270, "texture": "#iron_block"},
				"east": {"uv": [0, 0, 4, 2], "rotation": 270, "texture": "#iron_block"},
				"south": {"uv": [0, 0, 4, 2], "rotation": 270, "texture": "#iron_block"},
				"west": {"uv": [0, 0, 4, 2], "rotation": 270, "texture": "#iron_block"},
				"up": {"uv": [0, 0, 4, 2], "rotation": 270, "texture": "#iron_block"},
				"down": {"uv": [0, 0, 4, 2], "rotation": 270, "texture": "#iron_block"}
			}
		},
		{
			"name": "wheel5",
			"from": [0.5, 1.098, -0.976],
			"to": [1.5, 1.758, -0.316],
			"rotation": {"angle": 0, "axis": "y", "origin": [-1, -2.334, -3.22]},
			"faces": {
				"north": {"uv": [0, 0, 4, 2], "rotation": 270, "texture": "#iron_block"},
				"east": {"uv": [0, 0, 4, 2], "rotation": 270, "texture": "#iron_block"},
				"south": {"uv": [0, 0, 4, 2], "rotation": 270, "texture": "#iron_block"},
				"west": {"uv": [0, 0, 4, 2], "rotation": 270, "texture": "#iron_block"},
				"up": {"uv": [0, 0, 4, 2], "rotation": 270, "texture": "#iron_block"},
				"down": {"uv": [0, 0, 4, 2], "rotation": 270, "texture": "#iron_block"}
			}
		},
		{
			"name": "wheel4",
			"from": [0.5, 0.174, 0.608],
			"to": [2.5, 2.55, 0.74],
			"rotation": {"angle": 0, "axis": "y", "origin": [-1, -2.334, -3.22]},
			"faces": {
				"north": {"uv": [0, 0, 4, 2], "rotation": 270, "texture": "#iron_block"},
				"east": {"uv": [0, 0, 4, 2], "rotation": 270, "texture": "#iron_block"},
				"south": {"uv": [0, 0, 4, 2], "rotation": 270, "texture": "#iron_block"},
				"west": {"uv": [0, 0, 4, 2], "rotation": 270, "texture": "#iron_block"},
				"up": {"uv": [0, 0, 4, 2], "rotation": 270, "texture": "#iron_block"},
				"down": {"uv": [0, 0, 4, 2], "rotation": 270, "texture": "#iron_block"}
			}
		},
		{
			"name": "wheel3",
			"from": [0.5, 0.174, -1.9],
			"to": [2.5, 2.55, -1.768],
			"rotation": {"angle": 0, "axis": "y", "origin": [-1, -2.334, -3.22]},
			"faces": {
				"north": {"uv": [0, 0, 4, 2], "rotation": 270, "texture": "#iron_block"},
				"east": {"uv": [0, 0, 4, 2], "rotation": 270, "texture": "#iron_block"},
				"south": {"uv": [0, 0, 4, 2], "rotation": 270, "texture": "#iron_block"},
				"west": {"uv": [0, 0, 4, 2], "rotation": 270, "texture": "#iron_block"},
				"up": {"uv": [0, 0, 4, 2], "rotation": 270, "texture": "#iron_block"},
				"down": {"uv": [0, 0, 4, 2], "rotation": 270, "texture": "#iron_block"}
			}
		},
		{
			"name": "wheel3",
			"from": [0.5, 0.042, -1.9],
			"to": [2.5, 0.174, 0.74],
			"rotation": {"angle": 0, "axis": "y", "origin": [-1, -2.334, -3.22]},
			"faces": {
				"north": {"uv": [0, 0, 4, 2], "rotation": 270, "texture": "#iron_block"},
				"east": {"uv": [0, 0, 4, 2], "rotation": 270, "texture": "#iron_block"},
				"south": {"uv": [0, 0, 4, 2], "rotation": 270, "texture": "#iron_block"},
				"west": {"uv": [0, 0, 4, 2], "rotation": 270, "texture": "#iron_block"},
				"up": {"uv": [0, 0, 4, 2], "rotation": 270, "texture": "#iron_block"},
				"down": {"uv": [0, 0, 4, 2], "rotation": 270, "texture": "#iron_block"}
			}
		},
		{
			"name": "wheel2",
			"from": [0.5, 2.55, -1.9],
			"to": [2.5, 2.682, 0.74],
			"rotation": {"angle": 0, "axis": "y", "origin": [-1, -2.334, -3.22]},
			"faces": {
				"north": {"uv": [0, 0, 4, 2], "rotation": 270, "texture": "#iron_block"},
				"east": {"uv": [0, 0, 4, 2], "rotation": 270, "texture": "#iron_block"},
				"south": {"uv": [0, 0, 4, 2], "rotation": 270, "texture": "#iron_block"},
				"west": {"uv": [0, 0, 4, 2], "rotation": 270, "texture": "#iron_block"},
				"up": {"uv": [0, 0, 4, 2], "rotation": 270, "texture": "#iron_block"},
				"down": {"uv": [0, 0, 4, 2], "rotation": 270, "texture": "#iron_block"}
			}
		},
		{
			"name": "wheel3",
			"from": [0.5, 2.31, -1.78],
			"to": [2.5, 2.55, -1.54],
			"rotation": {"angle": 0, "axis": "y", "origin": [-1, -2.334, -3.22]},
			"faces": {
				"north": {"uv": [0, 0, 4, 2], "rotation": 270, "texture": "#iron_block"},
				"east": {"uv": [0, 0, 4, 2], "rotation": 270, "texture": "#iron_block"},
				"south": {"uv": [0, 0, 4, 2], "rotation": 270, "texture": "#iron_block"},
				"west": {"uv": [0, 0, 4, 2], "rotation": 270, "texture": "#iron_block"},
				"up": {"uv": [0, 0, 4, 2], "rotation": 270, "texture": "#iron_block"},
				"down": {"uv": [0, 0, 4, 2], "rotation": 270, "texture": "#iron_block"}
			}
		},
		{
			"name": "wheel4",
			"from": [0.5, 2.31, 0.5],
			"to": [2.5, 2.55, 0.74],
			"rotation": {"angle": 0, "axis": "y", "origin": [-1, -2.334, -3.22]},
			"faces": {
				"north": {"uv": [0, 0, 4, 2], "rotation": 270, "texture": "#iron_block"},
				"east": {"uv": [0, 0, 4, 2], "rotation": 270, "texture": "#iron_block"},
				"south": {"uv": [0, 0, 4, 2], "rotation": 270, "texture": "#iron_block"},
				"west": {"uv": [0, 0, 4, 2], "rotation": 270, "texture": "#iron_block"},
				"up": {"uv": [0, 0, 4, 2], "rotation": 270, "texture": "#iron_block"},
				"down": {"uv": [0, 0, 4, 2], "rotation": 270, "texture": "#iron_block"}
			}
		},
		{
			"name": "wheel4",
			"from": [0.5, -0.354, 0.74],
			"to": [2.5, 3.342, 1.796],
			"rotation": {"angle": 0, "axis": "y", "origin": [-1, -2.07, -3.22]},
			"faces": {
				"north": {"uv": [0, 0, 14, 5], "texture": "#gray_wool"},
				"east": {"uv": [0, 0, 14, 5], "texture": "#gray_wool"},
				"south": {"uv": [0, 0, 14, 5], "texture": "#gray_wool"},
				"west": {"uv": [0, 0, 4, 5], "texture": "#gray_wool"},
				"up": {"uv": [0, 0, 14, 5], "texture": "#gray_wool"},
				"down": {"uv": [0, 0, 16, 1], "rotation": 270, "texture": "#gray_wool"}
			}
		},
		{
			"name": "wheel3",
			"from": [0.5, -0.354, -2.956],
			"to": [2.5, 3.342, -1.9],
			"rotation": {"angle": 0, "axis": "y", "origin": [-1, -2.07, -3.22]},
			"faces": {
				"north": {"uv": [0, 0, 14, 5], "texture": "#gray_wool"},
				"east": {"uv": [0, 0, 14, 5], "texture": "#gray_wool"},
				"south": {"uv": [0, 0, 14, 5], "texture": "#gray_wool"},
				"west": {"uv": [0, 0, 4, 5], "texture": "#gray_wool"},
				"up": {"uv": [0, 0, 14, 5], "texture": "#gray_wool"},
				"down": {"uv": [0, 0, 16, 1], "rotation": 270, "texture": "#gray_wool"}
			}
		},
		{
			"name": "wheel2",
			"from": [0.5, 2.682, -2.56],
			"to": [2.5, 3.738, 1.4],
			"rotation": {"angle": 0, "axis": "y", "origin": [-1, -2.07, -3.22]},
			"faces": {
				"north": {"uv": [0, 0, 14, 5], "texture": "#gray_wool"},
				"east": {"uv": [0, 0, 14, 5], "texture": "#gray_wool"},
				"south": {"uv": [0, 0, 14, 5], "texture": "#gray_wool"},
				"west": {"uv": [0, 0, 14, 5], "texture": "#gray_wool"},
				"up": {"uv": [0, 0, 14, 5], "texture": "#gray_wool"},
				"down": {"uv": [0, 0, 16, 1], "rotation": 270, "texture": "#gray_wool"}
			}
		},
		{
			"name": "wheel1",
			"from": [0.5, -1.014, -2.56],
			"to": [2.5, 0.042, 1.4],
			"rotation": {"angle": 0, "axis": "y", "origin": [-1, -2.07, -3.22]},
			"faces": {
				"north": {"uv": [0, 0, 14, 5], "texture": "#gray_wool"},
				"east": {"uv": [0, 0, 14, 5], "texture": "#gray_wool"},
				"south": {"uv": [0, 0, 14, 5], "texture": "#gray_wool"},
				"west": {"uv": [0, 0, 14, 5], "texture": "#gray_wool"},
				"up": {"uv": [0, 0, 14, 5], "texture": "#gray_wool"},
				"down": {"uv": [0, 0, 16, 1], "rotation": 270, "texture": "#gray_wool"}
			}
		},
		{
			"name": "wheel5",
			"from": [0.5, -0.4, 24.35],
			"to": [2.5, 3.3, 25.35],
			"rotation": {"angle": 0, "axis": "y", "origin": [-1, -2, 20.7]},
			"faces": {
				"north": {"uv": [0, 0, 14, 5], "texture": "#gray_wool"},
				"east": {"uv": [0, 0, 14, 5], "texture": "#gray_wool"},
				"south": {"uv": [0, 0, 14, 5], "texture": "#gray_wool"},
				"west": {"uv": [0, 0, 4, 5], "texture": "#gray_wool"},
				"up": {"uv": [0, 0, 14, 5], "texture": "#gray_wool"},
				"down": {"uv": [0, 0, 16, 1], "rotation": 270, "texture": "#gray_wool"}
			}
		},
		{
			"name": "wheel3",
			"from": [0.5, 2.7, 21.05],
			"to": [2.5, 3.7, 24.85],
			"rotation": {"angle": 0, "axis": "y", "origin": [-1, -2, 20.68]},
			"faces": {
				"north": {"uv": [0, 0, 14, 5], "texture": "#gray_wool"},
				"east": {"uv": [0, 0, 14, 5], "texture": "#gray_wool"},
				"south": {"uv": [0, 0, 14, 5], "texture": "#gray_wool"},
				"west": {"uv": [0, 0, 14, 5], "texture": "#gray_wool"},
				"up": {"uv": [0, 0, 14, 5], "texture": "#gray_wool"},
				"down": {"uv": [0, 0, 16, 1], "rotation": 270, "texture": "#gray_wool"}
			}
		},
		{
			"name": "wheel4",
			"from": [0.5, 2.3, 21.75],
			"to": [2.5, 2.6, 22.05],
			"rotation": {"angle": 0, "axis": "y", "origin": [-1, -23, 20.7]},
			"faces": {
				"north": {"uv": [0, 0, 4, 2], "rotation": 270, "texture": "#iron_block"},
				"east": {"uv": [0, 0, 4, 2], "rotation": 270, "texture": "#iron_block"},
				"south": {"uv": [0, 0, 4, 2], "rotation": 270, "texture": "#iron_block"},
				"west": {"uv": [1, 1, 8, 6], "rotation": 270, "texture": "#iron_block"},
				"up": {"uv": [0, 0, 4, 2], "rotation": 270, "texture": "#iron_block"},
				"down": {"uv": [0, 0, 4, 2], "rotation": 270, "texture": "#iron_block"}
			}
		},
		{
			"name": "wheel4",
			"from": [0.5, 0.174, 21.65],
			"to": [2.5, 2.55, 21.782],
			"rotation": {"angle": 0, "axis": "y", "origin": [-1, -2.334, 20.68]},
			"faces": {
				"north": {"uv": [0, 0, 4, 2], "rotation": 270, "texture": "#iron_block"},
				"east": {"uv": [0, 0, 4, 2], "rotation": 270, "texture": "#iron_block"},
				"south": {"uv": [0, 0, 4, 2], "rotation": 270, "texture": "#iron_block"},
				"west": {"uv": [0, 0, 4, 2], "rotation": 270, "texture": "#iron_block"},
				"up": {"uv": [0, 0, 4, 2], "rotation": 270, "texture": "#iron_block"},
				"down": {"uv": [0, 0, 4, 2], "rotation": 270, "texture": "#iron_block"}
			}
		},
		{
			"name": "wheel5",
			"from": [0.5, 0.174, 24.15],
			"to": [2.5, 2.55, 24.282],
			"rotation": {"angle": 0, "axis": "y", "origin": [-1, -2.334, 20.68]},
			"faces": {
				"north": {"uv": [0, 0, 4, 2], "rotation": 270, "texture": "#iron_block"},
				"east": {"uv": [0, 0, 4, 2], "rotation": 270, "texture": "#iron_block"},
				"south": {"uv": [0, 0, 4, 2], "rotation": 270, "texture": "#iron_block"},
				"west": {"uv": [0, 0, 4, 2], "rotation": 270, "texture": "#iron_block"},
				"up": {"uv": [0, 0, 4, 2], "rotation": 270, "texture": "#iron_block"},
				"down": {"uv": [0, 0, 4, 2], "rotation": 270, "texture": "#iron_block"}
			}
		},
		{
			"name": "wheel3",
			"from": [0.5, 2.55, 21.75],
			"to": [2.5, 2.682, 24.19],
			"rotation": {"angle": 0, "axis": "y", "origin": [-1, -2.334, 20.68]},
			"faces": {
				"north": {"uv": [0, 0, 4, 2], "rotation": 270, "texture": "#iron_block"},
				"east": {"uv": [0, 0, 4, 2], "rotation": 270, "texture": "#iron_block"},
				"south": {"uv": [0, 0, 4, 2], "rotation": 270, "texture": "#iron_block"},
				"west": {"uv": [0, 0, 4, 2], "rotation": 270, "texture": "#iron_block"},
				"up": {"uv": [0, 0, 4, 2], "rotation": 270, "texture": "#iron_block"},
				"down": {"uv": [0, 0, 4, 2], "rotation": 270, "texture": "#iron_block"}
			}
		},
		{
			"name": "wheel6",
			"from": [0.5, 0.6, 22.15],
			"to": [1.5, 2.2, 23.75],
			"rotation": {"angle": 0, "axis": "y", "origin": [-1, -2.334, 20.68]},
			"faces": {
				"north": {"uv": [0, 0, 4, 2], "rotation": 270, "texture": "#iron_block"},
				"east": {"uv": [0, 0, 4, 2], "rotation": 270, "texture": "#iron_block"},
				"south": {"uv": [0, 0, 4, 2], "rotation": 270, "texture": "#iron_block"},
				"west": {"uv": [2, 2, 6, 5], "rotation": 270, "texture": "#iron_block"},
				"up": {"uv": [0, 0, 4, 2], "rotation": 270, "texture": "#iron_block"},
				"down": {"uv": [0, 0, 4, 2], "rotation": 270, "texture": "#iron_block"}
			}
		},
		{
			"name": "wheel7",
			"from": [0.75, 0.15, 21.65],
			"to": [1.75, 2.55, 24.15],
			"rotation": {"angle": 0, "axis": "x", "origin": [-1, -2.3, 20.68]},
			"faces": {
				"north": {"uv": [0, 0, 4, 2], "rotation": 90, "texture": "#iron_block"},
				"east": {"uv": [0, 0, 4, 2], "rotation": 180, "texture": "#iron_block"},
				"south": {"uv": [0, 0, 4, 2], "rotation": 270, "texture": "#iron_block"},
				"west": {"uv": [0, 0, 1, 1], "texture": "#iron_block"},
				"up": {"uv": [0, 0, 4, 2], "rotation": 90, "texture": "#iron_block"},
				"down": {"uv": [0, 0, 4, 2], "rotation": 270, "texture": "#iron_block"}
			}
		},
		{
			"name": "wheel7",
			"from": [0.4, 0.9, 22.45],
			"to": [1.4, 1.9, 23.45],
			"rotation": {"angle": 0, "axis": "y", "origin": [-1, -2.334, 20.68]},
			"faces": {
				"north": {"uv": [0, 0, 4, 2], "rotation": 270, "texture": "#light_gray_concrete"},
				"east": {"uv": [0, 0, 4, 2], "rotation": 270, "texture": "#light_gray_concrete"},
				"south": {"uv": [0, 0, 4, 2], "rotation": 270, "texture": "#light_gray_concrete"},
				"west": {"uv": [0, 0, 4, 2], "rotation": 270, "texture": "#light_gray_concrete"},
				"up": {"uv": [0, 0, 4, 2], "rotation": 270, "texture": "#light_gray_concrete"},
				"down": {"uv": [0, 0, 4, 2], "rotation": 270, "texture": "#light_gray_concrete"}
			}
		},
		{
			"name": "wheel4",
			"from": [0.5, 0.042, 21.75],
			"to": [2.5, 0.174, 24.19],
			"rotation": {"angle": 0, "axis": "y", "origin": [-1, -2.334, 20.68]},
			"faces": {
				"north": {"uv": [0, 0, 4, 2], "rotation": 270, "texture": "#iron_block"},
				"east": {"uv": [0, 0, 4, 2], "rotation": 270, "texture": "#iron_block"},
				"south": {"uv": [0, 0, 4, 2], "rotation": 270, "texture": "#iron_block"},
				"west": {"uv": [0, 0, 4, 2], "rotation": 270, "texture": "#iron_block"},
				"up": {"uv": [0, 0, 4, 2], "rotation": 270, "texture": "#iron_block"},
				"down": {"uv": [0, 0, 4, 2], "rotation": 270, "texture": "#iron_block"}
			}
		},
		{
			"name": "wheel2",
			"from": [0.5, -1, 21.05],
			"to": [2.5, 0, 24.85],
			"rotation": {"angle": 0, "axis": "y", "origin": [-1, -2, 20.68]},
			"faces": {
				"north": {"uv": [0, 0, 14, 5], "texture": "#gray_wool"},
				"east": {"uv": [0, 0, 14, 5], "texture": "#gray_wool"},
				"south": {"uv": [0, 0, 14, 5], "texture": "#gray_wool"},
				"west": {"uv": [0, 0, 14, 5], "texture": "#gray_wool"},
				"up": {"uv": [0, 0, 14, 5], "texture": "#gray_wool"},
				"down": {"uv": [0, 0, 16, 1], "rotation": 270, "texture": "#gray_wool"}
			}
		},
		{
			"name": "wheel5",
			"from": [0.5, 2.3, 23.85],
			"to": [2.5, 2.6, 24.15],
			"rotation": {"angle": 0, "axis": "y", "origin": [-1, -23, 20.7]},
			"faces": {
				"north": {"uv": [0, 0, 4, 2], "rotation": 270, "texture": "#iron_block"},
				"east": {"uv": [0, 0, 4, 2], "rotation": 270, "texture": "#iron_block"},
				"south": {"uv": [0, 0, 4, 2], "rotation": 270, "texture": "#iron_block"},
				"west": {"uv": [1, 1, 8, 6], "rotation": 270, "texture": "#iron_block"},
				"up": {"uv": [0, 0, 4, 2], "rotation": 270, "texture": "#iron_block"},
				"down": {"uv": [0, 0, 4, 2], "rotation": 270, "texture": "#iron_block"}
			}
		},
		{
			"name": "wheel6",
			"from": [0.5, 0.2, 23.85],
			"to": [2.5, 0.5, 24.15],
			"rotation": {"angle": 0, "axis": "y", "origin": [-1, -2.3, 20.7]},
			"faces": {
				"north": {"uv": [0, 0, 4, 2], "rotation": 270, "texture": "#iron_block"},
				"east": {"uv": [0, 0, 4, 2], "rotation": 270, "texture": "#iron_block"},
				"south": {"uv": [0, 0, 4, 2], "rotation": 270, "texture": "#iron_block"},
				"west": {"uv": [1, 1, 8, 6], "rotation": 270, "texture": "#iron_block"},
				"up": {"uv": [0, 0, 4, 2], "rotation": 270, "texture": "#iron_block"},
				"down": {"uv": [0, 0, 4, 2], "rotation": 270, "texture": "#iron_block"}
			}
		},
		{
			"name": "wheel5",
			"from": [0.5, 0.2, 21.75],
			"to": [2.5, 0.5, 22.05],
			"rotation": {"angle": 0, "axis": "y", "origin": [-1, -2.3, 20.7]},
			"faces": {
				"north": {"uv": [0, 0, 4, 2], "rotation": 270, "texture": "#iron_block"},
				"east": {"uv": [0, 0, 4, 2], "rotation": 270, "texture": "#iron_block"},
				"south": {"uv": [0, 0, 4, 2], "rotation": 270, "texture": "#iron_block"},
				"west": {"uv": [1, 1, 8, 6], "rotation": 270, "texture": "#iron_block"},
				"up": {"uv": [0, 0, 4, 2], "rotation": 270, "texture": "#iron_block"},
				"down": {"uv": [0, 0, 4, 2], "rotation": 270, "texture": "#iron_block"}
			}
		},
		{
			"name": "wheel4",
			"from": [0.5, -0.4, 20.55],
			"to": [2.5, 3.3, 21.55],
			"rotation": {"angle": 0, "axis": "y", "origin": [-1, -2, 20.7]},
			"faces": {
				"north": {"uv": [0, 0, 14, 5], "texture": "#gray_wool"},
				"east": {"uv": [0, 0, 14, 5], "texture": "#gray_wool"},
				"south": {"uv": [0, 0, 14, 5], "texture": "#gray_wool"},
				"west": {"uv": [0, 0, 4, 5], "texture": "#gray_wool"},
				"up": {"uv": [0, 0, 14, 5], "texture": "#gray_wool"},
				"down": {"uv": [0, 0, 16, 1], "rotation": 270, "texture": "#gray_wool"}
			}
		},
		{
			"name": "wheel3",
			"from": [13.5, 2.682, -2.56],
			"to": [15.5, 3.738, 1.4],
			"rotation": {"angle": 0, "axis": "y", "origin": [17, -2.07, -3.22]},
			"faces": {
				"north": {"uv": [14, 0, 0, 5], "texture": "#gray_wool"},
				"east": {"uv": [14, 0, 0, 5], "texture": "#gray_wool"},
				"south": {"uv": [14, 0, 0, 5], "texture": "#gray_wool"},
				"west": {"uv": [14, 0, 0, 5], "texture": "#gray_wool"},
				"up": {"uv": [14, 0, 0, 5], "texture": "#gray_wool"},
				"down": {"uv": [0, 1, 16, 0], "rotation": 270, "texture": "#gray_wool"}
			}
		},
		{
			"name": "wheel5",
			"from": [13.5, -0.354, 0.74],
			"to": [15.5, 3.342, 1.796],
			"rotation": {"angle": 0, "axis": "y", "origin": [17, -2.07, -3.22]},
			"faces": {
				"north": {"uv": [14, 0, 0, 5], "texture": "#gray_wool"},
				"east": {"uv": [4, 0, 0, 5], "texture": "#gray_wool"},
				"south": {"uv": [14, 0, 0, 5], "texture": "#gray_wool"},
				"west": {"uv": [14, 0, 0, 5], "texture": "#gray_wool"},
				"up": {"uv": [14, 0, 0, 5], "texture": "#gray_wool"},
				"down": {"uv": [0, 1, 16, 0], "rotation": 270, "texture": "#gray_wool"}
			}
		},
		{
			"name": "wheel5",
			"from": [13.5, 2.31, 0.5],
			"to": [15.5, 2.55, 0.74],
			"rotation": {"angle": 0, "axis": "y", "origin": [17, -2.334, -3.22]},
			"faces": {
				"north": {"uv": [0, 2, 4, 0], "rotation": 270, "texture": "#iron_block"},
				"east": {"uv": [0, 2, 4, 0], "rotation": 270, "texture": "#iron_block"},
				"south": {"uv": [0, 2, 4, 0], "rotation": 270, "texture": "#iron_block"},
				"west": {"uv": [0, 2, 4, 0], "rotation": 270, "texture": "#iron_block"},
				"up": {"uv": [0, 2, 4, 0], "rotation": 270, "texture": "#iron_block"},
				"down": {"uv": [0, 2, 4, 0], "rotation": 270, "texture": "#iron_block"}
			}
		},
		{
			"name": "wheel3",
			"from": [13.5, 2.55, -1.9],
			"to": [15.5, 2.682, 0.74],
			"rotation": {"angle": 0, "axis": "y", "origin": [17, -2.334, -3.22]},
			"faces": {
				"north": {"uv": [0, 2, 4, 0], "rotation": 270, "texture": "#iron_block"},
				"east": {"uv": [0, 2, 4, 0], "rotation": 270, "texture": "#iron_block"},
				"south": {"uv": [0, 2, 4, 0], "rotation": 270, "texture": "#iron_block"},
				"west": {"uv": [0, 2, 4, 0], "rotation": 270, "texture": "#iron_block"},
				"up": {"uv": [0, 2, 4, 0], "rotation": 270, "texture": "#iron_block"},
				"down": {"uv": [0, 2, 4, 0], "rotation": 270, "texture": "#iron_block"}
			}
		},
		{
			"name": "wheel6",
			"from": [15, 1.494, -0.844],
			"to": [15.5, 2.55, -0.448],
			"rotation": {"angle": 0, "axis": "y", "origin": [17, -2.334, -3.22]},
			"faces": {
				"north": {"uv": [0, 2, 4, 0], "rotation": 270, "texture": "#iron_block"},
				"east": {"uv": [0, 2, 4, 0], "rotation": 270, "texture": "#iron_block"},
				"south": {"uv": [0, 2, 4, 0], "rotation": 270, "texture": "#iron_block"},
				"west": {"uv": [0, 2, 4, 0], "rotation": 270, "texture": "#iron_block"},
				"up": {"uv": [0, 2, 4, 0], "rotation": 270, "texture": "#iron_block"},
				"down": {"uv": [0, 2, 4, 0], "rotation": 270, "texture": "#iron_block"}
			}
		},
		{
			"name": "wheel7",
			"from": [15, 1.89, -3.484],
			"to": [15.5, 2.286, -2.56],
			"rotation": {"angle": 22.5, "axis": "x", "origin": [17, -2.334, -3.22]},
			"faces": {
				"north": {"uv": [0, 2, 4, 0], "rotation": 270, "texture": "#iron_block"},
				"east": {"uv": [0, 2, 4, 0], "rotation": 270, "texture": "#iron_block"},
				"south": {"uv": [0, 2, 4, 0], "rotation": 270, "texture": "#iron_block"},
				"west": {"uv": [0, 2, 4, 0], "rotation": 270, "texture": "#iron_block"},
				"up": {"uv": [0, 2, 4, 0], "rotation": 270, "texture": "#iron_block"},
				"down": {"uv": [0, 2, 4, 0], "rotation": 270, "texture": "#iron_block"}
			}
		},
		{
			"name": "wheel6",
			"from": [14.5, 1.098, -0.976],
			"to": [15.5, 1.758, -0.316],
			"rotation": {"angle": 0, "axis": "y", "origin": [17, -2.334, -3.22]},
			"faces": {
				"north": {"uv": [0, 2, 4, 0], "rotation": 270, "texture": "#iron_block"},
				"east": {"uv": [0, 2, 4, 0], "rotation": 270, "texture": "#iron_block"},
				"south": {"uv": [0, 2, 4, 0], "rotation": 270, "texture": "#iron_block"},
				"west": {"uv": [0, 2, 4, 0], "rotation": 270, "texture": "#iron_block"},
				"up": {"uv": [0, 2, 4, 0], "rotation": 270, "texture": "#iron_block"},
				"down": {"uv": [0, 2, 4, 0], "rotation": 270, "texture": "#iron_block"}
			}
		},
		{
			"name": "wheel7",
			"from": [15, -0.156, 0.608],
			"to": [15.5, 0.24, 1.928],
			"rotation": {"angle": -22.5, "axis": "x", "origin": [17, -2.334, -3.22]},
			"faces": {
				"north": {"uv": [0, 2, 4, 0], "rotation": 90, "texture": "#iron_block"},
				"east": {"uv": [4, 0, 0, 2], "texture": "#iron_block"},
				"south": {"uv": [0, 2, 4, 0], "rotation": 270, "texture": "#iron_block"},
				"west": {"uv": [4, 0, 0, 2], "rotation": 180, "texture": "#iron_block"},
				"up": {"uv": [0, 2, 4, 0], "rotation": 90, "texture": "#iron_block"},
				"down": {"uv": [0, 2, 4, 0], "rotation": 270, "texture": "#iron_block"}
			}
		},
		{
			"name": "wheel7",
			"from": [15, -3.258, 1.004],
			"to": [15.5, -1.674, 1.4],
			"rotation": {"angle": -45, "axis": "x", "origin": [17, -2.334, -3.22]},
			"faces": {
				"north": {"uv": [0, 2, 4, 0], "rotation": 270, "texture": "#iron_block"},
				"east": {"uv": [0, 2, 4, 0], "rotation": 270, "texture": "#iron_block"},
				"south": {"uv": [0, 2, 4, 0], "rotation": 270, "texture": "#iron_block"},
				"west": {"uv": [0, 2, 4, 0], "rotation": 270, "texture": "#iron_block"},
				"up": {"uv": [0, 2, 4, 0], "rotation": 270, "texture": "#iron_block"},
				"down": {"uv": [0, 2, 4, 0], "rotation": 270, "texture": "#iron_block"}
			}
		},
		{
			"name": "wheel8",
			"from": [15, 0.438, -4.144],
			"to": [15.5, 2.022, -3.748],
			"rotation": {"angle": 45, "axis": "x", "origin": [17, -2.334, -3.22]},
			"faces": {
				"north": {"uv": [0, 2, 4, 0], "rotation": 270, "texture": "#iron_block"},
				"east": {"uv": [0, 2, 4, 0], "rotation": 270, "texture": "#iron_block"},
				"south": {"uv": [0, 2, 4, 0], "rotation": 270, "texture": "#iron_block"},
				"west": {"uv": [0, 2, 4, 0], "rotation": 270, "texture": "#iron_block"},
				"up": {"uv": [0, 2, 4, 0], "rotation": 270, "texture": "#iron_block"},
				"down": {"uv": [0, 2, 4, 0], "rotation": 270, "texture": "#iron_block"}
			}
		},
		{
			"name": "wheel4",
			"from": [13.5, 0.042, -1.9],
			"to": [15.5, 0.174, 0.74],
			"rotation": {"angle": 0, "axis": "y", "origin": [17, -2.334, -3.22]},
			"faces": {
				"north": {"uv": [0, 2, 4, 0], "rotation": 270, "texture": "#iron_block"},
				"east": {"uv": [0, 2, 4, 0], "rotation": 270, "texture": "#iron_block"},
				"south": {"uv": [0, 2, 4, 0], "rotation": 270, "texture": "#iron_block"},
				"west": {"uv": [0, 2, 4, 0], "rotation": 270, "texture": "#iron_block"},
				"up": {"uv": [0, 2, 4, 0], "rotation": 270, "texture": "#iron_block"},
				"down": {"uv": [0, 2, 4, 0], "rotation": 270, "texture": "#iron_block"}
			}
		},
		{
			"name": "wheel5",
			"from": [13.5, 0.174, 0.608],
			"to": [15.5, 2.55, 0.74],
			"rotation": {"angle": 0, "axis": "y", "origin": [17, -2.334, -3.22]},
			"faces": {
				"north": {"uv": [0, 2, 4, 0], "rotation": 270, "texture": "#iron_block"},
				"east": {"uv": [0, 2, 4, 0], "rotation": 270, "texture": "#iron_block"},
				"south": {"uv": [0, 2, 4, 0], "rotation": 270, "texture": "#iron_block"},
				"west": {"uv": [0, 2, 4, 0], "rotation": 270, "texture": "#iron_block"},
				"up": {"uv": [0, 2, 4, 0], "rotation": 270, "texture": "#iron_block"},
				"down": {"uv": [0, 2, 4, 0], "rotation": 270, "texture": "#iron_block"}
			}
		},
		{
			"name": "wheel4",
			"from": [13.5, 0.174, -1.9],
			"to": [15.5, 2.55, -1.768],
			"rotation": {"angle": 0, "axis": "y", "origin": [17, -2.334, -3.22]},
			"faces": {
				"north": {"uv": [0, 2, 4, 0], "rotation": 270, "texture": "#iron_block"},
				"east": {"uv": [0, 2, 4, 0], "rotation": 270, "texture": "#iron_block"},
				"south": {"uv": [0, 2, 4, 0], "rotation": 270, "texture": "#iron_block"},
				"west": {"uv": [0, 2, 4, 0], "rotation": 270, "texture": "#iron_block"},
				"up": {"uv": [0, 2, 4, 0], "rotation": 270, "texture": "#iron_block"},
				"down": {"uv": [0, 2, 4, 0], "rotation": 270, "texture": "#iron_block"}
			}
		},
		{
			"name": "wheel4",
			"from": [13.5, -0.354, -2.956],
			"to": [15.5, 3.342, -1.9],
			"rotation": {"angle": 0, "axis": "y", "origin": [17, -2.07, -3.22]},
			"faces": {
				"north": {"uv": [14, 0, 0, 5], "texture": "#gray_wool"},
				"east": {"uv": [4, 0, 0, 5], "texture": "#gray_wool"},
				"south": {"uv": [14, 0, 0, 5], "texture": "#gray_wool"},
				"west": {"uv": [14, 0, 0, 5], "texture": "#gray_wool"},
				"up": {"uv": [14, 0, 0, 5], "texture": "#gray_wool"},
				"down": {"uv": [0, 1, 16, 0], "rotation": 270, "texture": "#gray_wool"}
			}
		},
		{
			"name": "wheel2",
			"from": [13.5, -1.014, -2.56],
			"to": [15.5, 0.042, 1.4],
			"rotation": {"angle": 0, "axis": "y", "origin": [17, -2.07, -3.22]},
			"faces": {
				"north": {"uv": [14, 0, 0, 5], "texture": "#gray_wool"},
				"east": {"uv": [14, 0, 0, 5], "texture": "#gray_wool"},
				"south": {"uv": [14, 0, 0, 5], "texture": "#gray_wool"},
				"west": {"uv": [14, 0, 0, 5], "texture": "#gray_wool"},
				"up": {"uv": [14, 0, 0, 5], "texture": "#gray_wool"},
				"down": {"uv": [0, 1, 16, 0], "rotation": 270, "texture": "#gray_wool"}
			}
		},
		{
			"name": "wheel6",
			"from": [13.5, -0.4, 24.35],
			"to": [15.5, 3.3, 25.35],
			"rotation": {"angle": 0, "axis": "y", "origin": [17, -2, 20.7]},
			"faces": {
				"north": {"uv": [14, 0, 0, 5], "texture": "#gray_wool"},
				"east": {"uv": [4, 0, 0, 5], "texture": "#gray_wool"},
				"south": {"uv": [14, 0, 0, 5], "texture": "#gray_wool"},
				"west": {"uv": [14, 0, 0, 5], "texture": "#gray_wool"},
				"up": {"uv": [14, 0, 0, 5], "texture": "#gray_wool"},
				"down": {"uv": [0, 1, 16, 0], "rotation": 270, "texture": "#gray_wool"}
			}
		},
		{
			"name": "wheel4",
			"from": [13.5, 2.7, 21.05],
			"to": [15.5, 3.7, 24.85],
			"rotation": {"angle": 0, "axis": "y", "origin": [17, -2, 20.68]},
			"faces": {
				"north": {"uv": [14, 0, 0, 5], "texture": "#gray_wool"},
				"east": {"uv": [14, 0, 0, 5], "texture": "#gray_wool"},
				"south": {"uv": [14, 0, 0, 5], "texture": "#gray_wool"},
				"west": {"uv": [14, 0, 0, 5], "texture": "#gray_wool"},
				"up": {"uv": [14, 0, 0, 5], "texture": "#gray_wool"},
				"down": {"uv": [0, 1, 16, 0], "rotation": 270, "texture": "#gray_wool"}
			}
		},
		{
			"name": "wheel5",
			"from": [13.5, -0.4, 20.55],
			"to": [15.5, 3.3, 21.55],
			"rotation": {"angle": 0, "axis": "y", "origin": [17, -2, 20.7]},
			"faces": {
				"north": {"uv": [14, 0, 0, 5], "texture": "#gray_wool"},
				"east": {"uv": [4, 0, 0, 5], "texture": "#gray_wool"},
				"south": {"uv": [14, 0, 0, 5], "texture": "#gray_wool"},
				"west": {"uv": [14, 0, 0, 5], "texture": "#gray_wool"},
				"up": {"uv": [14, 0, 0, 5], "texture": "#gray_wool"},
				"down": {"uv": [0, 1, 16, 0], "rotation": 270, "texture": "#gray_wool"}
			}
		},
		{
			"name": "wheel5",
			"from": [13.5, 2.3, 21.75],
			"to": [15.5, 2.6, 22.05],
			"rotation": {"angle": 0, "axis": "y", "origin": [17, -23, 20.7]},
			"faces": {
				"north": {"uv": [0, 2, 4, 0], "rotation": 270, "texture": "#iron_block"},
				"east": {"uv": [1, 6, 8, 1], "rotation": 270, "texture": "#iron_block"},
				"south": {"uv": [0, 2, 4, 0], "rotation": 270, "texture": "#iron_block"},
				"west": {"uv": [0, 2, 4, 0], "rotation": 270, "texture": "#iron_block"},
				"up": {"uv": [0, 2, 4, 0], "rotation": 270, "texture": "#iron_block"},
				"down": {"uv": [0, 2, 4, 0], "rotation": 270, "texture": "#iron_block"}
			}
		},
		{
			"name": "wheel6",
			"from": [13.5, 2.3, 23.85],
			"to": [15.5, 2.6, 24.15],
			"rotation": {"angle": 0, "axis": "y", "origin": [17, -23, 20.7]},
			"faces": {
				"north": {"uv": [0, 2, 4, 0], "rotation": 270, "texture": "#iron_block"},
				"east": {"uv": [1, 6, 8, 1], "rotation": 270, "texture": "#iron_block"},
				"south": {"uv": [0, 2, 4, 0], "rotation": 270, "texture": "#iron_block"},
				"west": {"uv": [0, 2, 4, 0], "rotation": 270, "texture": "#iron_block"},
				"up": {"uv": [0, 2, 4, 0], "rotation": 270, "texture": "#iron_block"},
				"down": {"uv": [0, 2, 4, 0], "rotation": 270, "texture": "#iron_block"}
			}
		},
		{
			"name": "wheel8",
			"from": [14.6, 0.9, 22.45],
			"to": [15.6, 1.9, 23.45],
			"rotation": {"angle": 0, "axis": "y", "origin": [17, -2.334, 20.68]},
			"faces": {
				"north": {"uv": [0, 2, 4, 0], "rotation": 270, "texture": "#light_gray_concrete"},
				"east": {"uv": [0, 2, 4, 0], "rotation": 270, "texture": "#light_gray_concrete"},
				"south": {"uv": [0, 2, 4, 0], "rotation": 270, "texture": "#light_gray_concrete"},
				"west": {"uv": [0, 2, 4, 0], "rotation": 270, "texture": "#light_gray_concrete"},
				"up": {"uv": [0, 2, 4, 0], "rotation": 270, "texture": "#light_gray_concrete"},
				"down": {"uv": [0, 2, 4, 0], "rotation": 270, "texture": "#light_gray_concrete"}
			}
		},
		{
			"name": "wheel7",
			"from": [14.5, 0.6, 22.15],
			"to": [15.5, 2.2, 23.75],
			"rotation": {"angle": 0, "axis": "y", "origin": [17, -2.334, 20.68]},
			"faces": {
				"north": {"uv": [0, 2, 4, 0], "rotation": 270, "texture": "#iron_block"},
				"east": {"uv": [2, 5, 6, 2], "rotation": 270, "texture": "#iron_block"},
				"south": {"uv": [0, 2, 4, 0], "rotation": 270, "texture": "#iron_block"},
				"west": {"uv": [0, 2, 4, 0], "rotation": 270, "texture": "#iron_block"},
				"up": {"uv": [0, 2, 4, 0], "rotation": 270, "texture": "#iron_block"},
				"down": {"uv": [0, 2, 4, 0], "rotation": 270, "texture": "#iron_block"}
			}
		},
		{
			"name": "wheel8",
			"from": [14.25, 0.15, 21.65],
			"to": [15.25, 2.55, 24.15],
			"rotation": {"angle": 0, "axis": "x", "origin": [17, -2.3, 20.68]},
			"faces": {
				"north": {"uv": [0, 2, 4, 0], "rotation": 90, "texture": "#iron_block"},
				"east": {"uv": [1, 0, 0, 1], "texture": "#iron_block"},
				"south": {"uv": [0, 2, 4, 0], "rotation": 270, "texture": "#iron_block"},
				"west": {"uv": [4, 0, 0, 2], "rotation": 180, "texture": "#iron_block"},
				"up": {"uv": [0, 2, 4, 0], "rotation": 90, "texture": "#iron_block"},
				"down": {"uv": [0, 2, 4, 0], "rotation": 270, "texture": "#iron_block"}
			}
		},
		{
			"name": "wheel3",
			"from": [13.5, -1, 21.05],
			"to": [15.5, 0, 24.85],
			"rotation": {"angle": 0, "axis": "y", "origin": [17, -2, 20.68]},
			"faces": {
				"north": {"uv": [14, 0, 0, 5], "texture": "#gray_wool"},
				"east": {"uv": [14, 0, 0, 5], "texture": "#gray_wool"},
				"south": {"uv": [14, 0, 0, 5], "texture": "#gray_wool"},
				"west": {"uv": [14, 0, 0, 5], "texture": "#gray_wool"},
				"up": {"uv": [14, 0, 0, 5], "texture": "#gray_wool"},
				"down": {"uv": [0, 1, 16, 0], "rotation": 270, "texture": "#gray_wool"}
			}
		},
		{
			"name": "wheel7",
			"from": [13.5, 0.2, 23.85],
			"to": [15.5, 0.5, 24.15],
			"rotation": {"angle": 0, "axis": "y", "origin": [17, -2.3, 20.7]},
			"faces": {
				"north": {"uv": [0, 2, 4, 0], "rotation": 270, "texture": "#iron_block"},
				"east": {"uv": [1, 6, 8, 1], "rotation": 270, "texture": "#iron_block"},
				"south": {"uv": [0, 2, 4, 0], "rotation": 270, "texture": "#iron_block"},
				"west": {"uv": [0, 2, 4, 0], "rotation": 270, "texture": "#iron_block"},
				"up": {"uv": [0, 2, 4, 0], "rotation": 270, "texture": "#iron_block"},
				"down": {"uv": [0, 2, 4, 0], "rotation": 270, "texture": "#iron_block"}
			}
		},
		{
			"name": "wheel6",
			"from": [13.5, 0.2, 21.75],
			"to": [15.5, 0.5, 22.05],
			"rotation": {"angle": 0, "axis": "y", "origin": [17, -2.3, 20.7]},
			"faces": {
				"north": {"uv": [0, 2, 4, 0], "rotation": 270, "texture": "#iron_block"},
				"east": {"uv": [1, 6, 8, 1], "rotation": 270, "texture": "#iron_block"},
				"south": {"uv": [0, 2, 4, 0], "rotation": 270, "texture": "#iron_block"},
				"west": {"uv": [0, 2, 4, 0], "rotation": 270, "texture": "#iron_block"},
				"up": {"uv": [0, 2, 4, 0], "rotation": 270, "texture": "#iron_block"},
				"down": {"uv": [0, 2, 4, 0], "rotation": 270, "texture": "#iron_block"}
			}
		},
		{
			"name": "Cube1",
			"from": [0.5, 1, -6],
			"to": [1, 7, -3],
			"faces": {
				"north": {"uv": [0, 0, 0.5, 8], "texture": "#white_concrete"},
				"east": {"uv": [0, 0, 16, 5], "texture": "#white_concrete"},
				"south": {"uv": [0, 0, 0.5, 8], "texture": "#white_concrete"},
				"west": {"uv": [0, 0, 16, 5], "texture": "#white_concrete"},
				"up": {"uv": [0, 0, 16, 1], "rotation": 270, "texture": "#white_concrete"},
				"down": {"uv": [0, 0, 16, 1], "rotation": 270, "texture": "#white_concrete"}
			}
		},
		{
			"name": "Cube1",
			"from": [0.5, 7, 3],
			"to": [1, 18, 6],
			"rotation": {"angle": 0, "axis": "y", "origin": [0, -1, 0]},
			"faces": {
				"north": {"uv": [0, 0, 0.5, 10], "texture": "#gray_wool"},
				"east": {"uv": [0, 0, 16, 5], "texture": "#white_concrete"},
				"south": {"uv": [0, 0, 0.5, 10], "texture": "#white_concrete"},
				"west": {"uv": [0, 0, 16, 5], "texture": "#white_concrete"},
				"up": {"uv": [0, 0, 16, 1], "rotation": 270, "texture": "#white_concrete"},
				"down": {"uv": [0, 0, 16, 1], "rotation": 270, "texture": "#white_concrete"}
			}
		},
		{
			"name": "Cube1",
			"from": [0.5, 7, -6],
			"to": [1, 11, -5],
			"rotation": {"angle": 0, "axis": "y", "origin": [0, -1, 0]},
			"faces": {
				"north": {"uv": [0, 0, 0.5, 3], "texture": "#white_concrete"},
				"east": {"uv": [0, 0, 16, 5], "texture": "#white_concrete"},
				"south": {"uv": [0, 0, 0.5, 3], "texture": "#white_concrete"},
				"west": {"uv": [0, 0, 16, 5], "texture": "#white_concrete"},
				"up": {"uv": [0, 0, 16, 1], "rotation": 270, "texture": "#gray_wool"},
				"down": {"uv": [0, 0, 16, 1], "rotation": 270, "texture": "#white_concrete"}
			}
		},
		{
			"name": "Cube1",
			"from": [0.5, 5, -6.5],
			"to": [1, 14, -5.5],
			"rotation": {"angle": 22.5, "axis": "x", "origin": [8, 7, 8]},
			"faces": {
				"north": {"uv": [0, 0, 0.5, 9], "texture": "#white_concrete"},
				"east": {"uv": [0, 0, 16, 5], "texture": "#white_concrete"},
				"south": {"uv": [0, 0, 0.5, 9], "texture": "#gray_wool"},
				"west": {"uv": [0, 0, 16, 5], "texture": "#white_concrete"},
				"up": {"uv": [0, 0, 16, 1], "rotation": 270, "texture": "#white_concrete"},
				"down": {"uv": [0, 0, 16, 1], "rotation": 270, "texture": "#white_concrete"}
			}
		},
		{
			"name": "Cube1",
			"from": [0.5, 18, -3],
			"to": [1, 19, 6],
			"rotation": {"angle": 0, "axis": "y", "origin": [0, -1, 0]},
			"faces": {
				"north": {"uv": [0, 0, 0.5, 1], "texture": "#white_concrete"},
				"east": {"uv": [0, 0, 16, 5], "texture": "#white_concrete"},
				"south": {"uv": [0, 0, 0.5, 1], "texture": "#white_concrete"},
				"west": {"uv": [0, 0, 16, 5], "texture": "#white_concrete"},
				"up": {"uv": [0, 0, 16, 1], "rotation": 270, "texture": "#white_concrete"},
				"down": {"uv": [0, 0, 16, 1], "rotation": 270, "texture": "#gray_wool"}
			}
		},
		{
			"name": "Cube2",
			"from": [1, 19, 2],
			"to": [15, 20.5, 5],
			"rotation": {"angle": 0, "axis": "y", "origin": [0, -1, 0]},
			"faces": {
				"north": {"uv": [0, 0, 0.5, 1], "texture": "#white_concrete"},
				"east": {"uv": [0, 0, 16, 5], "texture": "#white_concrete"},
				"south": {"uv": [0, 0, 0.5, 1], "texture": "#white_concrete"},
				"west": {"uv": [0, 0, 16, 5], "texture": "#white_concrete"},
				"up": {"uv": [0, 0, 16, 1], "rotation": 270, "texture": "#white_concrete"},
				"down": {"uv": [0, 0, 16, 1], "rotation": 270, "texture": "#gray_wool"}
			}
		},
		{
			"name": "Cube1",
			"from": [0.6, 7, -5],
			"to": [1, 11, 3],
			"rotation": {"angle": 0, "axis": "y", "origin": [0, -1, 0]},
			"faces": {
				"north": {"uv": [0, 0, 0.4, 3], "texture": "#white_concrete"},
				"east": {"uv": [0, 0, 16, 5], "texture": "#white_concrete"},
				"south": {"uv": [0, 0, 0.4, 3], "texture": "#white_concrete"},
				"west": {"uv": [0, 0, 16, 5], "texture": "#white_concrete"},
				"up": {"uv": [0, 0, 16, 1], "rotation": 270, "texture": "#gray_wool"},
				"down": {"uv": [0, 0, 16, 1], "rotation": 270, "texture": "#white_concrete"}
			}
		},
		{
			"name": "gals1",
			"from": [0.6, 11, -4.8],
			"to": [1, 14, 3.2],
			"rotation": {"angle": 0, "axis": "y", "origin": [0, -1, 0]},
			"faces": {
				"north": {"uv": [0, 0, 0.4, 3], "texture": "#glass"},
				"east": {"uv": [0, 2, 16, 7], "texture": "#glass"},
				"south": {"uv": [0, 0, 0.4, 3], "texture": "#glass"},
				"west": {"uv": [1, 1, 13, 8], "texture": "#glass"},
				"up": {"uv": [4, 9, 12, 10], "rotation": 270, "texture": "#glass"},
				"down": {"uv": [3, 7, 13, 8], "rotation": 270, "texture": "#glass"}
			}
		},
		{
			"name": "Cube1",
			"from": [0.5, 4, 7],
			"to": [1, 20, 28],
			"faces": {
				"north": {"uv": [0, 0, 0.5, 16], "texture": "#gray_wool"},
				"east": {"uv": [0, 0, 16, 5], "texture": "#white_concrete"},
				"south": {"uv": [0, 0, 0.5, 16], "texture": "#white_concrete"},
				"west": {"uv": [0, 0, 16, 5], "texture": "#white_concrete"},
				"up": {"uv": [0, 0, 16, 1], "rotation": 270, "texture": "#white_concrete"},
				"down": {"uv": [0, 0, 16, 1], "rotation": 270, "texture": "#white_concrete"}
			}
		},
		{
			"name": "Cube1",
			"from": [0.5, 4, 6.5],
			"to": [1, 20, 7],
			"faces": {
				"north": {"uv": [0, 0, 0.5, 16], "texture": "#light_gray_concrete"},
				"east": {"uv": [0, 0, 16, 5], "texture": "#light_gray_concrete"},
				"south": {"uv": [0, 0, 0.5, 16], "texture": "#light_gray_concrete"},
				"west": {"uv": [0, 0, 16, 5], "texture": "#light_gray_concrete"},
				"up": {"uv": [0, 0, 16, 1], "rotation": 270, "texture": "#light_gray_concrete"},
				"down": {"uv": [0, 0, 16, 1], "rotation": 270, "texture": "#light_gray_concrete"}
			}
		},
		{
			"name": "Cube1",
			"from": [0.5, 4, 28],
			"to": [1, 20, 28.5],
			"faces": {
				"north": {"uv": [0, 0, 0.5, 16], "texture": "#light_gray_concrete"},
				"east": {"uv": [0, 0, 16, 5], "texture": "#light_gray_concrete"},
				"south": {"uv": [0, 0, 0.5, 16], "texture": "#light_gray_concrete"},
				"west": {"uv": [0, 0, 16, 5], "texture": "#light_gray_concrete"},
				"up": {"uv": [0, 0, 16, 1], "rotation": 270, "texture": "#light_gray_concrete"},
				"down": {"uv": [0, 0, 16, 1], "rotation": 270, "texture": "#light_gray_concrete"}
			}
		},
		{
			"name": "Cube1",
			"from": [0.5, 3.5, 6.5],
			"to": [1, 4, 28.5],
			"faces": {
				"north": {"uv": [0, 0, 0.5, 0.5], "texture": "#light_gray_concrete"},
				"east": {"uv": [0, 0, 16, 5], "texture": "#light_gray_concrete"},
				"south": {"uv": [0, 0, 0.5, 0.5], "texture": "#light_gray_concrete"},
				"west": {"uv": [0, 0, 16, 5], "texture": "#light_gray_concrete"},
				"up": {"uv": [0, 0, 16, 1], "rotation": 270, "texture": "#light_gray_concrete"},
				"down": {"uv": [0, 0, 16, 1], "rotation": 270, "texture": "#light_gray_concrete"}
			}
		},
		{
			"name": "Cube1",
			"from": [0.5, 20, 6.5],
			"to": [1, 20.5, 28.5],
			"faces": {
				"north": {"uv": [0, 0, 0.5, 0.5], "texture": "#light_gray_concrete"},
				"east": {"uv": [0, 0, 16, 5], "texture": "#light_gray_concrete"},
				"south": {"uv": [0, 0, 0.5, 0.5], "texture": "#light_gray_concrete"},
				"west": {"uv": [0, 0, 16, 5], "texture": "#light_gray_concrete"},
				"up": {"uv": [0, 0, 16, 1], "rotation": 270, "texture": "#light_gray_concrete"},
				"down": {"uv": [0, 0, 16, 1], "rotation": 270, "texture": "#light_gray_concrete"}
			}
		},
		{
			"name": "Cube1",
			"from": [0.5, 1.5, 6],
			"to": [1, 2.5, 20],
			"faces": {
				"north": {"uv": [0, 0, 0.5, 1], "texture": "#iron_block"},
				"east": {"uv": [0, 0, 16, 5], "texture": "#iron_block"},
				"south": {"uv": [0, 0, 0.5, 1], "texture": "#iron_block"},
				"west": {"uv": [0, 0, 16, 5], "texture": "#iron_block"},
				"up": {"uv": [0, 0, 16, 1], "rotation": 270, "texture": "#iron_block"},
				"down": {"uv": [0, 0, 16, 1], "rotation": 270, "texture": "#iron_block"}
			}
		},
		{
			"name": "Cube1",
			"from": [0.8, 1.5, 7],
			"to": [2.8, 3.5, 22],
			"faces": {
				"north": {"uv": [0, 0, 2, 2], "texture": "#light_gray_concrete"},
				"east": {"uv": [0, 0, 16, 5], "texture": "#light_gray_concrete"},
				"south": {"uv": [0, 0, 2, 2], "texture": "#light_gray_concrete"},
				"west": {"uv": [0, 0, 16, 5], "texture": "#light_gray_concrete"},
				"up": {"uv": [0, 0, 16, 1], "rotation": 270, "texture": "#light_gray_concrete"},
				"down": {"uv": [0, 0, 16, 1], "rotation": 270, "texture": "#light_gray_concrete"}
			}
		},
		{
			"name": "Cube1",
			"from": [0.3, 1.5, 19.4],
			"to": [0.8, 4.5, 20.4],
			"faces": {
				"north": {"uv": [0, 0, 0.5, 3], "texture": "#cyan_terracotta"},
				"east": {"uv": [0, 0, 16, 5], "texture": "#cyan_terracotta"},
				"south": {"uv": [0, 0, 0.5, 3], "texture": "#cyan_terracotta"},
				"west": {"uv": [0, 0, 16, 5], "texture": "#cyan_terracotta"},
				"up": {"uv": [0, 0, 16, 1], "rotation": 270, "texture": "#cyan_terracotta"},
				"down": {"uv": [0, 0, 16, 1], "rotation": 270, "texture": "#cyan_terracotta"}
			}
		},
		{
			"name": "Cube1",
			"from": [0.3, 1.5, 25.5],
			"to": [0.8, 4, 26.5],
			"faces": {
				"north": {"uv": [0, 0, 0.5, 2.5], "texture": "#cyan_terracotta"},
				"east": {"uv": [0, 0, 16, 5], "texture": "#cyan_terracotta"},
				"south": {"uv": [0, 0, 0.5, 2.5], "texture": "#cyan_terracotta"},
				"west": {"uv": [0, 0, 16, 5], "texture": "#cyan_terracotta"},
				"up": {"uv": [0, 0, 16, 1], "rotation": 270, "texture": "#cyan_terracotta"},
				"down": {"uv": [0, 0, 16, 1], "rotation": 270, "texture": "#cyan_terracotta"}
			}
		},
		{
			"name": "Cube1",
			"from": [0.3, 4, 20],
			"to": [0.8, 4.5, 26],
			"faces": {
				"north": {"uv": [0, 0, 0.5, 0.5], "texture": "#cyan_terracotta"},
				"east": {"uv": [0, 0, 16, 5], "texture": "#cyan_terracotta"},
				"south": {"uv": [0, 0, 0.5, 0.5], "texture": "#cyan_terracotta"},
				"west": {"uv": [0, 0, 16, 5], "texture": "#cyan_terracotta"},
				"up": {"uv": [0, 0, 16, 1], "rotation": 270, "texture": "#cyan_terracotta"},
				"down": {"uv": [0, 0, 16, 1], "rotation": 270, "texture": "#cyan_terracotta"}
			}
		},
		{
			"name": "Cube1",
			"from": [0.5, 2.5, 8],
			"to": [1, 3.5, 9],
			"faces": {
				"north": {"uv": [0, 0, 0.5, 1], "texture": "#iron_block"},
				"east": {"uv": [0, 0, 16, 5], "texture": "#iron_block"},
				"south": {"uv": [0, 0, 0.5, 1], "texture": "#iron_block"},
				"west": {"uv": [0, 0, 16, 5], "texture": "#iron_block"},
				"up": {"uv": [0, 0, 16, 1], "rotation": 270, "texture": "#iron_block"},
				"down": {"uv": [0, 0, 16, 1], "rotation": 270, "texture": "#iron_block"}
			}
		},
		{
			"name": "Cube1",
			"from": [0.5, 2.5, 17],
			"to": [1, 3.5, 18],
			"faces": {
				"north": {"uv": [0, 0, 0.5, 1], "texture": "#iron_block"},
				"east": {"uv": [0, 0, 16, 5], "texture": "#iron_block"},
				"south": {"uv": [0, 0, 0.5, 1], "texture": "#iron_block"},
				"west": {"uv": [0, 0, 16, 5], "texture": "#iron_block"},
				"up": {"uv": [0, 0, 16, 1], "rotation": 270, "texture": "#iron_block"},
				"down": {"uv": [0, 0, 16, 1], "rotation": 270, "texture": "#iron_block"}
			}
		},
		{
			"name": "Cube2",
			"from": [0.5, 2.5, 26],
			"to": [1, 3.5, 28],
			"faces": {
				"north": {"uv": [0, 0, 0.5, 1], "texture": "#iron_block"},
				"east": {"uv": [0, 0, 16, 5], "texture": "#iron_block"},
				"south": {"uv": [0, 0, 0.5, 1], "texture": "#iron_block"},
				"west": {"uv": [0, 0, 16, 5], "texture": "#iron_block"},
				"up": {"uv": [0, 0, 16, 1], "rotation": 270, "texture": "#iron_block"},
				"down": {"uv": [0, 0, 16, 1], "rotation": 270, "texture": "#iron_block"}
			}
		},
		{
			"name": "Cube1",
			"from": [0.5, 9.5, 1],
			"to": [1, 10.5, 2.5],
			"faces": {
				"north": {"uv": [0, 0, 0.5, 1], "texture": "#cyan_terracotta"},
				"east": {"uv": [0, 0, 16, 5], "texture": "#cyan_terracotta"},
				"south": {"uv": [0, 0, 0.5, 1], "texture": "#cyan_terracotta"},
				"west": {"uv": [0, 0, 16, 5], "texture": "#cyan_terracotta"},
				"up": {"uv": [0, 0, 16, 1], "rotation": 270, "texture": "#cyan_terracotta"},
				"down": {"uv": [0, 0, 16, 1], "rotation": 270, "texture": "#cyan_terracotta"}
			}
		},
		{
			"name": "Cube2",
			"from": [15, 1, 2],
			"to": [15.5, 7, 6],
			"faces": {
				"north": {"uv": [0, 0, 0.5, 8], "texture": "#white_concrete"},
				"east": {"uv": [0, 0, 16, 5], "texture": "#white_concrete"},
				"south": {"uv": [0, 0, 0.5, 8], "texture": "#white_concrete"},
				"west": {"uv": [0, 0, 16, 5], "texture": "#white_concrete"},
				"up": {"uv": [0, 0, 16, 1], "rotation": 270, "texture": "#white_concrete"},
				"down": {"uv": [0, 0, 16, 1], "rotation": 270, "texture": "#white_concrete"}
			}
		},
		{
			"name": "Cube2",
			"from": [15, 4, -3],
			"to": [15.5, 7, 2],
			"faces": {
				"north": {"uv": [0, 0, 0.5, 5], "texture": "#white_concrete"},
				"east": {"uv": [0, 0, 16, 5], "texture": "#white_concrete"},
				"south": {"uv": [0, 0, 0.5, 5], "texture": "#white_concrete"},
				"west": {"uv": [0, 0, 16, 5], "texture": "#white_concrete"},
				"up": {"uv": [0, 0, 16, 1], "rotation": 270, "texture": "#white_concrete"},
				"down": {"uv": [0, 0, 16, 1], "rotation": 270, "texture": "#white_concrete"}
			}
		},
		{
			"name": "Cube1",
			"from": [15, 1, -6],
			"to": [15.5, 7, -3],
			"faces": {
				"north": {"uv": [0, 0, 0.5, 8], "texture": "#white_concrete"},
				"east": {"uv": [0, 0, 16, 5], "texture": "#white_concrete"},
				"south": {"uv": [0, 0, 0.5, 8], "texture": "#white_concrete"},
				"west": {"uv": [0, 0, 16, 5], "texture": "#white_concrete"},
				"up": {"uv": [0, 0, 16, 1], "rotation": 270, "texture": "#white_concrete"},
				"down": {"uv": [0, 0, 16, 1], "rotation": 270, "texture": "#white_concrete"}
			}
		},
		{
			"name": "Cube1",
			"from": [15, 7, 3],
			"to": [15.5, 18, 6],
			"rotation": {"angle": 0, "axis": "y", "origin": [0, -1, 0]},
			"faces": {
				"north": {"uv": [0, 0, 0.5, 10], "texture": "#gray_wool"},
				"east": {"uv": [0, 0, 16, 5], "texture": "#white_concrete"},
				"south": {"uv": [0, 0, 0.5, 10], "texture": "#white_concrete"},
				"west": {"uv": [0, 0, 16, 5], "texture": "#white_concrete"},
				"up": {"uv": [0, 0, 16, 1], "rotation": 270, "texture": "#white_concrete"},
				"down": {"uv": [0, 0, 16, 1], "rotation": 270, "texture": "#white_concrete"}
			}
		},
		{
			"name": "Cube1",
			"from": [15, 7, -6],
			"to": [15.5, 11, -5],
			"rotation": {"angle": 0, "axis": "y", "origin": [0, -1, 0]},
			"faces": {
				"north": {"uv": [0, 0, 0.5, 3], "texture": "#white_concrete"},
				"east": {"uv": [0, 0, 16, 5], "texture": "#white_concrete"},
				"south": {"uv": [0, 0, 0.5, 3], "texture": "#white_concrete"},
				"west": {"uv": [0, 0, 16, 5], "texture": "#white_concrete"},
				"up": {"uv": [0, 0, 16, 1], "rotation": 270, "texture": "#gray_wool"},
				"down": {"uv": [0, 0, 16, 1], "rotation": 270, "texture": "#white_concrete"}
			}
		},
		{
			"name": "Cube1",
			"from": [14.95, 5, -6.5],
			"to": [15.45, 14, -5.5],
			"rotation": {"angle": 22.5, "axis": "x", "origin": [8, 7, 8]},
			"faces": {
				"north": {"uv": [0, 0, 0.5, 9], "texture": "#white_concrete"},
				"east": {"uv": [0, 0, 16, 5], "texture": "#white_concrete"},
				"south": {"uv": [0, 0, 0.5, 9], "texture": "#gray_wool"},
				"west": {"uv": [0, 0, 16, 5], "texture": "#white_concrete"},
				"up": {"uv": [0, 0, 16, 1], "rotation": 270, "texture": "#white_concrete"},
				"down": {"uv": [0, 0, 16, 1], "rotation": 270, "texture": "#white_concrete"}
			}
		},
		{
			"name": "Cube1",
			"from": [15, 18, -3],
			"to": [15.5, 19, 6],
			"rotation": {"angle": 0, "axis": "y", "origin": [0, -1, 0]},
			"faces": {
				"north": {"uv": [0, 0, 0.5, 1], "texture": "#white_concrete"},
				"east": {"uv": [0, 0, 16, 5], "texture": "#white_concrete"},
				"south": {"uv": [0, 0, 0.5, 1], "texture": "#white_concrete"},
				"west": {"uv": [0, 0, 16, 5], "texture": "#white_concrete"},
				"up": {"uv": [0, 0, 16, 1], "rotation": 270, "texture": "#white_concrete"},
				"down": {"uv": [0, 0, 16, 1], "rotation": 270, "texture": "#gray_wool"}
			}
		},
		{
			"name": "Cube1",
			"from": [15, 7, -5],
			"to": [15.4, 11, 3],
			"rotation": {"angle": 0, "axis": "y", "origin": [0, -1, 0]},
			"faces": {
				"north": {"uv": [0, 0, 0.4, 3], "texture": "#white_concrete"},
				"east": {"uv": [0, 0, 16, 5], "texture": "#white_concrete"},
				"south": {"uv": [0, 0, 0.4, 3], "texture": "#white_concrete"},
				"west": {"uv": [0, 0, 16, 5], "texture": "#white_concrete"},
				"up": {"uv": [0, 0, 16, 1], "rotation": 270, "texture": "#gray_wool"},
				"down": {"uv": [0, 0, 16, 1], "rotation": 270, "texture": "#white_concrete"}
			}
		},
		{
			"name": "glas2",
			"from": [14.9, 11, -4.8],
			"to": [15.3, 14, 3.2],
			"rotation": {"angle": 0, "axis": "y", "origin": [0, -1, 0]},
			"faces": {
				"north": {"uv": [0, 0, 0.4, 3], "texture": "#glass"},
				"east": {"uv": [0, 2, 16, 7], "texture": "#glass"},
				"south": {"uv": [0, 0, 0.4, 3], "texture": "#glass"},
				"west": {"uv": [2, 1, 13, 8], "texture": "#glass"},
				"up": {"uv": [4, 9, 12, 10], "rotation": 270, "texture": "#glass"},
				"down": {"uv": [3, 7, 13, 8], "rotation": 270, "texture": "#glass"}
			}
		},
		{
			"name": "Cube1",
			"from": [14.95, 4, 7],
			"to": [15.45, 20, 28],
			"faces": {
				"north": {"uv": [0, 0, 0.5, 16], "texture": "#gray_wool"},
				"east": {"uv": [0, 0, 16, 5], "texture": "#white_concrete"},
				"south": {"uv": [0, 0, 0.5, 16], "texture": "#white_concrete"},
				"west": {"uv": [0, 0, 16, 5], "texture": "#white_concrete"},
				"up": {"uv": [0, 0, 16, 1], "rotation": 270, "texture": "#white_concrete"},
				"down": {"uv": [0, 0, 16, 1], "rotation": 270, "texture": "#white_concrete"}
			}
		},
		{
			"name": "Cube1",
			"from": [15, 4, 6.5],
			"to": [15.5, 20, 7],
			"faces": {
				"north": {"uv": [0, 0, 0.5, 16], "texture": "#light_gray_concrete"},
				"east": {"uv": [0, 0, 16, 5], "texture": "#light_gray_concrete"},
				"south": {"uv": [0, 0, 0.5, 16], "texture": "#light_gray_concrete"},
				"west": {"uv": [0, 0, 16, 5], "texture": "#light_gray_concrete"},
				"up": {"uv": [0, 0, 16, 1], "rotation": 270, "texture": "#light_gray_concrete"},
				"down": {"uv": [0, 0, 16, 1], "rotation": 270, "texture": "#light_gray_concrete"}
			}
		},
		{
			"name": "Cube1",
			"from": [15, 4, 28],
			"to": [15.5, 20, 28.5],
			"faces": {
				"north": {"uv": [0, 0, 0.5, 16], "texture": "#light_gray_concrete"},
				"east": {"uv": [0, 0, 16, 5], "texture": "#light_gray_concrete"},
				"south": {"uv": [0, 0, 0.5, 16], "texture": "#light_gray_concrete"},
				"west": {"uv": [0, 0, 16, 5], "texture": "#light_gray_concrete"},
				"up": {"uv": [0, 0, 16, 1], "rotation": 270, "texture": "#light_gray_concrete"},
				"down": {"uv": [0, 0, 16, 1], "rotation": 270, "texture": "#light_gray_concrete"}
			}
		},
		{
			"name": "Cube1",
			"from": [15, 3.5, 6.5],
			"to": [15.5, 4, 28.5],
			"faces": {
				"north": {"uv": [0, 0, 0.5, 0.5], "texture": "#light_gray_concrete"},
				"east": {"uv": [0, 0, 16, 5], "texture": "#light_gray_concrete"},
				"south": {"uv": [0, 0, 0.5, 0.5], "texture": "#light_gray_concrete"},
				"west": {"uv": [0, 0, 16, 5], "texture": "#light_gray_concrete"},
				"up": {"uv": [0, 0, 16, 1], "rotation": 270, "texture": "#light_gray_concrete"},
				"down": {"uv": [0, 0, 16, 1], "rotation": 270, "texture": "#light_gray_concrete"}
			}
		},
		{
			"name": "Cube1",
			"from": [15, 20, 6.5],
			"to": [15.5, 20.5, 27.5],
			"faces": {
				"north": {"uv": [0, 0, 0.5, 0.5], "texture": "#light_gray_concrete"},
				"east": {"uv": [0, 0, 16, 5], "texture": "#light_gray_concrete"},
				"south": {"uv": [0, 0, 0.5, 0.5], "texture": "#light_gray_concrete"},
				"west": {"uv": [0, 0, 16, 5], "texture": "#light_gray_concrete"},
				"up": {"uv": [0, 0, 16, 1], "rotation": 270, "texture": "#light_gray_concrete"},
				"down": {"uv": [0, 0, 16, 1], "rotation": 270, "texture": "#light_gray_concrete"}
			}
		},
		{
			"name": "Cube1",
			"from": [15, 1.5, 6],
			"to": [15.5, 2.5, 20],
			"faces": {
				"north": {"uv": [0, 0, 0.5, 1], "texture": "#iron_block"},
				"east": {"uv": [0, 0, 16, 5], "texture": "#iron_block"},
				"south": {"uv": [0, 0, 0.5, 1], "texture": "#iron_block"},
				"west": {"uv": [0, 0, 16, 5], "texture": "#iron_block"},
				"up": {"uv": [0, 0, 16, 1], "rotation": 270, "texture": "#iron_block"},
				"down": {"uv": [0, 0, 16, 1], "rotation": 270, "texture": "#iron_block"}
			}
		},
		{
			"name": "Cube1",
			"from": [13.1, 1.5, 7],
			"to": [15.1, 3.5, 22],
			"faces": {
				"north": {"uv": [0, 0, 2, 2], "texture": "#light_gray_concrete"},
				"east": {"uv": [0, 0, 16, 5], "texture": "#light_gray_concrete"},
				"south": {"uv": [0, 0, 2, 2], "texture": "#light_gray_concrete"},
				"west": {"uv": [0, 0, 16, 5], "texture": "#light_gray_concrete"},
				"up": {"uv": [0, 0, 16, 1], "rotation": 270, "texture": "#light_gray_concrete"},
				"down": {"uv": [0, 0, 16, 1], "rotation": 270, "texture": "#light_gray_concrete"}
			}
		},
		{
			"name": "Cube1",
			"from": [15.3, 1.5, 20],
			"to": [15.8, 4.5, 21],
			"faces": {
				"north": {"uv": [0, 0, 0.5, 3], "texture": "#cyan_terracotta"},
				"east": {"uv": [0, 0, 16, 5], "texture": "#cyan_terracotta"},
				"south": {"uv": [0, 0, 0.5, 3], "texture": "#cyan_terracotta"},
				"west": {"uv": [0, 0, 16, 5], "texture": "#cyan_terracotta"},
				"up": {"uv": [0, 0, 16, 1], "rotation": 270, "texture": "#cyan_terracotta"},
				"down": {"uv": [0, 0, 16, 1], "rotation": 270, "texture": "#cyan_terracotta"}
			}
		},
		{
			"name": "Cube1",
			"from": [15.3, 1.5, 25],
			"to": [15.8, 4, 26],
			"faces": {
				"north": {"uv": [0, 0, 0.5, 2.5], "texture": "#cyan_terracotta"},
				"east": {"uv": [0, 0, 16, 5], "texture": "#cyan_terracotta"},
				"south": {"uv": [0, 0, 0.5, 2.5], "texture": "#cyan_terracotta"},
				"west": {"uv": [0, 0, 16, 5], "texture": "#cyan_terracotta"},
				"up": {"uv": [0, 0, 16, 1], "rotation": 270, "texture": "#cyan_terracotta"},
				"down": {"uv": [0, 0, 16, 1], "rotation": 270, "texture": "#cyan_terracotta"}
			}
		},
		{
			"name": "Cube1",
			"from": [15.3, 4, 20],
			"to": [15.8, 4.5, 26],
			"faces": {
				"north": {"uv": [0, 0, 0.5, 0.5], "texture": "#cyan_terracotta"},
				"east": {"uv": [0, 0, 16, 5], "texture": "#cyan_terracotta"},
				"south": {"uv": [0, 0, 0.5, 0.5], "texture": "#cyan_terracotta"},
				"west": {"uv": [0, 0, 16, 5], "texture": "#cyan_terracotta"},
				"up": {"uv": [0, 0, 16, 1], "rotation": 270, "texture": "#cyan_terracotta"},
				"down": {"uv": [0, 0, 16, 1], "rotation": 270, "texture": "#cyan_terracotta"}
			}
		},
		{
			"name": "Cube1",
			"from": [15, 2.5, 8],
			"to": [15.5, 3.5, 9],
			"faces": {
				"north": {"uv": [0, 0, 0.5, 1], "texture": "#iron_block"},
				"east": {"uv": [0, 0, 16, 5], "texture": "#iron_block"},
				"south": {"uv": [0, 0, 0.5, 1], "texture": "#iron_block"},
				"west": {"uv": [0, 0, 16, 5], "texture": "#iron_block"},
				"up": {"uv": [0, 0, 16, 1], "rotation": 270, "texture": "#iron_block"},
				"down": {"uv": [0, 0, 16, 1], "rotation": 270, "texture": "#iron_block"}
			}
		},
		{
			"name": "Cube1",
			"from": [15, 2.5, 16],
			"to": [15.5, 3.5, 17],
			"faces": {
				"north": {"uv": [0, 0, 0.5, 1], "texture": "#iron_block"},
				"east": {"uv": [0, 0, 16, 5], "texture": "#iron_block"},
				"south": {"uv": [0, 0, 0.5, 1], "texture": "#iron_block"},
				"west": {"uv": [0, 0, 16, 5], "texture": "#iron_block"},
				"up": {"uv": [0, 0, 16, 1], "rotation": 270, "texture": "#iron_block"},
				"down": {"uv": [0, 0, 16, 1], "rotation": 270, "texture": "#iron_block"}
			}
		},
		{
			"name": "front",
			"from": [1, 1, -6.5],
			"to": [15, 8, -6],
			"faces": {
				"north": {"uv": [0, 0, 14, 8], "texture": "#white_concrete"},
				"east": {"uv": [0, 0, 16, 5], "texture": "#white_concrete"},
				"south": {"uv": [0, 0, 14, 8], "texture": "#white_concrete"},
				"west": {"uv": [0, 0, 16, 5], "texture": "#white_concrete"},
				"up": {"uv": [0, 0, 16, 1], "rotation": 270, "texture": "#white_concrete"},
				"down": {"uv": [0, 0, 16, 1], "rotation": 270, "texture": "#white_concrete"}
			}
		},
		{
			"name": "front",
			"from": [0.9, 1, -6.6],
			"to": [15.4, 3, -5.6],
			"faces": {
				"north": {"uv": [0, 0, 14.5, 2], "texture": "#gray_concrete"},
				"east": {"uv": [0, 0, 16, 1], "texture": "#gray_concrete"},
				"south": {"uv": [0, 0, 14.5, 2], "texture": "#gray_concrete"},
				"west": {"uv": [0, 0, 16, 1], "texture": "#gray_concrete"},
				"up": {"uv": [0, 0, 16, 8], "rotation": 270, "texture": "#cyan_terracotta"},
				"down": {"uv": [0, 0, 16, 8], "rotation": 270, "texture": "#cyan_terracotta"}
			}
		},
		{
			"name": "front",
			"from": [1, 2.4, -5.9],
			"to": [15, 5.4, -5.4],
			"rotation": {"angle": 22.5, "axis": "x", "origin": [8, 7, 8]},
			"faces": {
				"north": {"uv": [0, 0, 14, 3], "texture": "#white_concrete"},
				"east": {"uv": [0, 0, 16, 5], "texture": "#white_concrete"},
				"south": {"uv": [0, 0, 14, 3], "texture": "#white_concrete"},
				"west": {"uv": [0, 0, 16, 5], "texture": "#white_concrete"},
				"up": {"uv": [0, 0, 16, 1], "rotation": 270, "texture": "#gray_wool"},
				"down": {"uv": [0, 0, 16, 1], "rotation": 270, "texture": "#white_concrete"}
			}
		},
		{
			"name": "frontg",
			"from": [1, 5.5, -6],
			"to": [15, 12.5, -5.5],
			"rotation": {"angle": 22.5, "axis": "x", "origin": [8, 7, 8]},
			"faces": {
				"north": {"uv": [1, 1, 15, 8], "texture": "#glass"},
				"east": {"uv": [0, 1, 16, 6], "texture": "#gray_wool"},
				"south": {"uv": [1, 4, 15, 11], "texture": "#glass"},
				"west": {"uv": [0, 1, 16, 6], "texture": "#gray_wool"},
				"up": {"uv": [0, 0, 16, 1], "rotation": 270, "texture": "#glass"},
				"down": {"uv": [0, 0, 16, 1], "rotation": 270, "texture": "#glass"}
			}
		},
		{
			"name": "roof",
			"from": [1, 17.8, -3],
			"to": [15, 18.8, 5.5],
			"rotation": {"angle": 0, "axis": "y", "origin": [0, -1, 0]},
			"faces": {
				"north": {"uv": [0, 0, 14, 1], "texture": "#gray_concrete"},
				"east": {"uv": [0, 0, 16, 5], "texture": "#white_concrete"},
				"south": {"uv": [0, 0, 14, 1], "texture": "#white_concrete"},
				"west": {"uv": [0, 0, 16, 5], "texture": "#white_concrete"},
				"up": {"uv": [0, 0, 16, 1], "rotation": 270, "texture": "#white_concrete"},
				"down": {"uv": [0, 0, 16, 1], "rotation": 270, "texture": "#gray_wool"}
			}
		},
		{
			"name": "roof",
			"from": [1, 16.8, 7.5],
			"to": [15, 17.8, 12.5],
			"rotation": {"angle": -22.5, "axis": "x", "origin": [0, -1, 0]},
			"faces": {
				"north": {"uv": [0, 0, 14, 1], "texture": "#white_concrete"},
				"east": {"uv": [0, 0, 16, 5], "texture": "#white_concrete"},
				"south": {"uv": [0, 0, 14, 1], "texture": "#white_concrete"},
				"west": {"uv": [0, 0, 16, 5], "texture": "#white_concrete"},
				"up": {"uv": [0, 0, 16, 1], "rotation": 270, "texture": "#white_concrete"},
				"down": {"uv": [0, 0, 16, 1], "rotation": 270, "texture": "#white_concrete"}
			}
		},
		{
			"name": "front",
			"from": [5, 4, -6.6],
			"to": [11, 7, -5.6],
			"faces": {
				"north": {"uv": [0, 0, 6, 3], "texture": "#gray_wool"},
				"east": {"uv": [0, 0, 16, 1], "texture": "#gray_wool"},
				"south": {"uv": [0, 0, 6, 3], "texture": "#gray_wool"},
				"west": {"uv": [0, 0, 16, 1], "texture": "#gray_wool"},
				"up": {"uv": [0, 0, 16, 8], "rotation": 270, "texture": "#gray_wool"},
				"down": {"uv": [0, 0, 16, 8], "rotation": 270, "texture": "#gray_wool"}
			}
		},
		{
			"name": "front",
			"from": [5.5, 1, -6.85],
			"to": [10.5, 3, -5.85],
			"faces": {
				"north": {"uv": [0, 4, 14.5, 8.5], "texture": "#11"},
				"east": {"uv": [0, 0, 16, 1], "texture": "#gray_wool"},
				"south": {"uv": [0, 0, 6, 3], "texture": "#gray_wool"},
				"west": {"uv": [0, 0, 16, 1], "texture": "#gray_wool"},
				"up": {"uv": [0, 0, 16, 8], "rotation": 270, "texture": "#gray_wool"},
				"down": {"uv": [0, 0, 16, 8], "rotation": 270, "texture": "#gray_wool"}
			}
		},
		{
			"name": "front",
			"from": [11, 4, -6.6],
			"to": [11.5, 7, -5.6],
			"faces": {
				"north": {"uv": [0, 0, 0.5, 3], "texture": "#cyan_terracotta"},
				"east": {"uv": [0, 0, 16, 1], "texture": "#cyan_terracotta"},
				"south": {"uv": [0, 0, 0.5, 3], "texture": "#cyan_terracotta"},
				"west": {"uv": [0, 0, 16, 1], "texture": "#cyan_terracotta"},
				"up": {"uv": [0, 0, 16, 8], "rotation": 270, "texture": "#cyan_terracotta"},
				"down": {"uv": [0, 0, 16, 8], "rotation": 270, "texture": "#cyan_terracotta"}
			}
		},
		{
			"name": "front",
			"from": [4.5, 4, -6.6],
			"to": [5, 7, -5.6],
			"faces": {
				"north": {"uv": [0, 0, 0.5, 3], "texture": "#cyan_terracotta"},
				"east": {"uv": [0, 0, 16, 1], "texture": "#cyan_terracotta"},
				"south": {"uv": [0, 0, 0.5, 3], "texture": "#cyan_terracotta"},
				"west": {"uv": [0, 0, 16, 1], "texture": "#cyan_terracotta"},
				"up": {"uv": [0, 0, 16, 8], "rotation": 270, "texture": "#cyan_terracotta"},
				"down": {"uv": [0, 0, 16, 8], "rotation": 270, "texture": "#cyan_terracotta"}
			}
		},
		{
			"name": "front",
			"from": [4.5, 3.5, -6.6],
			"to": [11.5, 4, -5.6],
			"faces": {
				"north": {"uv": [0, 0, 7, 0.5], "texture": "#cyan_terracotta"},
				"east": {"uv": [0, 0, 16, 1], "texture": "#cyan_terracotta"},
				"south": {"uv": [0, 0, 7, 0.5], "texture": "#cyan_terracotta"},
				"west": {"uv": [0, 0, 16, 1], "texture": "#cyan_terracotta"},
				"up": {"uv": [0, 0, 16, 8], "rotation": 270, "texture": "#cyan_terracotta"},
				"down": {"uv": [0, 0, 16, 8], "rotation": 270, "texture": "#cyan_terracotta"}
			}
		},
		{
			"name": "front",
			"from": [4.5, 7, -6.6],
			"to": [11.5, 7.5, -5.6],
			"faces": {
				"north": {"uv": [0, 0, 7, 0.5], "texture": "#cyan_terracotta"},
				"east": {"uv": [0, 0, 16, 1], "texture": "#cyan_terracotta"},
				"south": {"uv": [0, 0, 7, 0.5], "texture": "#cyan_terracotta"},
				"west": {"uv": [0, 0, 16, 1], "texture": "#cyan_terracotta"},
				"up": {"uv": [0, 0, 16, 8], "rotation": 270, "texture": "#cyan_terracotta"},
				"down": {"uv": [0, 0, 16, 8], "rotation": 270, "texture": "#cyan_terracotta"}
			}
		},
		{
			"name": "front",
			"from": [5, 6.25, -6.7],
			"to": [11, 6.5, -5.7],
			"faces": {
				"north": {"uv": [0, 0, 7, 0.5], "texture": "#cyan_terracotta"},
				"east": {"uv": [0, 0, 16, 1], "texture": "#cyan_terracotta"},
				"south": {"uv": [0, 0, 7, 0.5], "texture": "#cyan_terracotta"},
				"west": {"uv": [0, 0, 16, 1], "texture": "#cyan_terracotta"},
				"up": {"uv": [0, 0, 16, 8], "rotation": 270, "texture": "#cyan_terracotta"},
				"down": {"uv": [0, 0, 16, 8], "rotation": 270, "texture": "#cyan_terracotta"}
			}
		},
		{
			"name": "front",
			"from": [5, 5.75, -6.7],
			"to": [11, 6, -5.7],
			"faces": {
				"north": {"uv": [0, 0, 7, 0.5], "texture": "#cyan_terracotta"},
				"east": {"uv": [0, 0, 16, 1], "texture": "#cyan_terracotta"},
				"south": {"uv": [0, 0, 7, 0.5], "texture": "#cyan_terracotta"},
				"west": {"uv": [0, 0, 16, 1], "texture": "#cyan_terracotta"},
				"up": {"uv": [0, 0, 16, 8], "rotation": 270, "texture": "#cyan_terracotta"},
				"down": {"uv": [0, 0, 16, 8], "rotation": 270, "texture": "#cyan_terracotta"}
			}
		},
		{
			"name": "front",
			"from": [5, 5.25, -6.7],
			"to": [11, 5.5, -5.7],
			"faces": {
				"north": {"uv": [0, 0, 7, 0.5], "texture": "#cyan_terracotta"},
				"east": {"uv": [0, 0, 16, 1], "texture": "#cyan_terracotta"},
				"south": {"uv": [0, 0, 7, 0.5], "texture": "#cyan_terracotta"},
				"west": {"uv": [0, 0, 16, 1], "texture": "#cyan_terracotta"},
				"up": {"uv": [0, 0, 16, 8], "rotation": 270, "texture": "#cyan_terracotta"},
				"down": {"uv": [0, 0, 16, 8], "rotation": 270, "texture": "#cyan_terracotta"}
			}
		},
		{
			"name": "front",
			"from": [5, 4.75, -6.7],
			"to": [11, 5, -5.7],
			"faces": {
				"north": {"uv": [0, 0, 7, 0.5], "texture": "#cyan_terracotta"},
				"east": {"uv": [0, 0, 16, 1], "texture": "#cyan_terracotta"},
				"south": {"uv": [0, 0, 7, 0.5], "texture": "#cyan_terracotta"},
				"west": {"uv": [0, 0, 16, 1], "texture": "#cyan_terracotta"},
				"up": {"uv": [0, 0, 16, 8], "rotation": 270, "texture": "#cyan_terracotta"},
				"down": {"uv": [0, 0, 16, 8], "rotation": 270, "texture": "#cyan_terracotta"}
			}
		},
		{
			"name": "front",
			"from": [5, 4.25, -6.7],
			"to": [11, 4.5, -5.7],
			"faces": {
				"north": {"uv": [0, 0, 7, 0.5], "texture": "#cyan_terracotta"},
				"east": {"uv": [0, 0, 16, 1], "texture": "#cyan_terracotta"},
				"south": {"uv": [0, 0, 7, 0.5], "texture": "#cyan_terracotta"},
				"west": {"uv": [0, 0, 16, 1], "texture": "#cyan_terracotta"},
				"up": {"uv": [0, 0, 16, 8], "rotation": 270, "texture": "#cyan_terracotta"},
				"down": {"uv": [0, 0, 16, 8], "rotation": 270, "texture": "#cyan_terracotta"}
			}
		},
		{
			"name": "frontlight",
			"from": [12.4, 5, -6.6],
			"to": [14.9, 6.5, -5.6],
			"faces": {
				"north": {"uv": [0, 0, 16, 15.5], "texture": "#yellow_wool"},
				"east": {"uv": [0, 0, 16, 1], "texture": "#yellow_wool"},
				"south": {"uv": [0, 0, 2.5, 1.5], "texture": "#yellow_wool"},
				"west": {"uv": [0, 0, 16, 1], "texture": "#yellow_wool"},
				"up": {"uv": [0, 0, 16, 8], "rotation": 270, "texture": "#yellow_wool"},
				"down": {"uv": [0, 0, 16, 8], "rotation": 270, "texture": "#yellow_wool"}
			}
		},
		{
			"name": "frontlight",
			"from": [1.1, 5, -6.6],
			"to": [3.6, 6.5, -5.6],
			"faces": {
				"north": {"uv": [0, 0, 16, 15.5], "texture": "#yellow_wool"},
				"east": {"uv": [0, 0, 16, 1], "texture": "#yellow_wool"},
				"south": {"uv": [0, 0, 2.5, 1.5], "texture": "#yellow_wool"},
				"west": {"uv": [0, 0, 16, 1], "texture": "#yellow_wool"},
				"up": {"uv": [0, 0, 16, 8], "rotation": 270, "texture": "#yellow_wool"},
				"down": {"uv": [0, 0, 16, 8], "rotation": 270, "texture": "#yellow_wool"}
			}
		},
		{
			"name": "innen",
			"from": [0.9, 3, 4],
			"to": [15.4, 19, 5],
			"faces": {
				"north": {"uv": [0, 0, 14.5, 16], "texture": "#white_concrete"},
				"east": {"uv": [0, 0, 16, 1], "texture": "#white_concrete"},
				"south": {"uv": [0, 0, 14.5, 16], "texture": "#white_concrete"},
				"west": {"uv": [0, 0, 16, 1], "texture": "#white_concrete"},
				"up": {"uv": [0, 0, 16, 8], "rotation": 270, "texture": "#white_concrete"},
				"down": {"uv": [0, 0, 16, 8], "rotation": 270, "texture": "#white_concrete"}
			}
		},
		{
			"name": "innen",
			"from": [0.9, 3, 6.5],
			"to": [15.4, 20, 7.5],
			"faces": {
				"north": {"uv": [0, 0, 14.5, 16], "texture": "#white_concrete"},
				"east": {"uv": [0, 0, 16, 1], "texture": "#white_concrete"},
				"south": {"uv": [0, 0, 14.5, 16], "texture": "#white_concrete"},
				"west": {"uv": [0, 0, 16, 1], "texture": "#white_concrete"},
				"up": {"uv": [0, 0, 16, 8], "rotation": 270, "texture": "#white_concrete"},
				"down": {"uv": [0, 0, 16, 8], "rotation": 270, "texture": "#white_concrete"}
			}
		},
		{
			"name": "innen",
			"from": [0.9, 4, -6],
			"to": [14.9, 9.5, -2],
			"faces": {
				"north": {"uv": [0, 0, 14.5, 6], "texture": "#cyan_terracotta"},
				"east": {"uv": [0, 0, 16, 1], "texture": "#cyan_terracotta"},
				"south": {"uv": [0, 0, 14.5, 6], "texture": "#cyan_terracotta"},
				"west": {"uv": [0, 0, 16, 1], "texture": "#cyan_terracotta"},
				"up": {"uv": [0, 0, 16, 8], "rotation": 270, "texture": "#cyan_terracotta"},
				"down": {"uv": [0, 0, 16, 8], "rotation": 270, "texture": "#cyan_terracotta"}
			}
		},
		{
			"name": "seat",
			"from": [2, 6, -1],
			"to": [7, 7, 2],
			"faces": {
				"north": {"uv": [0, 0, 5, 1], "texture": "#gray_wool"},
				"east": {"uv": [0, 0, 16, 1], "texture": "#gray_wool"},
				"south": {"uv": [0, 0, 5, 1], "texture": "#gray_wool"},
				"west": {"uv": [0, 0, 16, 1], "texture": "#gray_wool"},
				"up": {"uv": [0, 0, 16, 8], "rotation": 270, "texture": "#gray_wool"},
				"down": {"uv": [0, 0, 16, 8], "rotation": 270, "texture": "#gray_wool"}
			}
		},
		{
			"name": "seat",
			"from": [2, 6, 2],
			"to": [7, 14, 3],
			"faces": {
				"north": {"uv": [0, 0, 5, 8], "texture": "#gray_wool"},
				"east": {"uv": [0, 0, 16, 1], "texture": "#gray_wool"},
				"south": {"uv": [0, 0, 5, 8], "texture": "#gray_wool"},
				"west": {"uv": [0, 0, 16, 1], "texture": "#gray_wool"},
				"up": {"uv": [0, 0, 16, 8], "rotation": 270, "texture": "#gray_wool"},
				"down": {"uv": [0, 0, 16, 8], "rotation": 270, "texture": "#gray_wool"}
			}
		},
		{
			"name": "seat",
			"from": [9, 6, 2],
			"to": [14, 14, 3],
			"faces": {
				"north": {"uv": [0, 0, 5, 8], "texture": "#gray_wool"},
				"east": {"uv": [0, 0, 16, 1], "texture": "#gray_wool"},
				"south": {"uv": [0, 0, 5, 8], "texture": "#gray_wool"},
				"west": {"uv": [0, 0, 16, 1], "texture": "#gray_wool"},
				"up": {"uv": [0, 0, 16, 8], "rotation": 270, "texture": "#gray_wool"},
				"down": {"uv": [0, 0, 16, 8], "rotation": 270, "texture": "#gray_wool"}
			}
		},
		{
			"name": "seat",
			"from": [9, 6, -1],
			"to": [14, 7, 2],
			"faces": {
				"north": {"uv": [0, 0, 5, 1], "texture": "#gray_wool"},
				"east": {"uv": [0, 0, 16, 1], "texture": "#gray_wool"},
				"south": {"uv": [0, 0, 5, 1], "texture": "#gray_wool"},
				"west": {"uv": [0, 0, 16, 1], "texture": "#gray_wool"},
				"up": {"uv": [0, 0, 16, 8], "rotation": 270, "texture": "#gray_wool"},
				"down": {"uv": [0, 0, 16, 8], "rotation": 270, "texture": "#gray_wool"}
			}
		},
		{
			"name": "Cube1",
			"from": [15.1, 9.5, 1],
			"to": [15.6, 10.5, 2.5],
			"rotation": {"angle": 0, "axis": "y", "origin": [0, -1, 0]},
			"faces": {
				"north": {"uv": [0, 0, 0.5, 1], "texture": "#cyan_terracotta"},
				"east": {"uv": [0, 0, 16, 5], "texture": "#cyan_terracotta"},
				"south": {"uv": [0, 0, 0.5, 1], "texture": "#cyan_terracotta"},
				"west": {"uv": [0, 0, 16, 5], "texture": "#cyan_terracotta"},
				"up": {"uv": [0, 0, 16, 1], "rotation": 270, "texture": "#cyan_terracotta"},
				"down": {"uv": [0, 0, 16, 1], "rotation": 270, "texture": "#cyan_terracotta"}
			}
		},
		{
			"name": "roof",
			"from": [1, 20, 7],
			"to": [15, 21, 28],
			"faces": {
				"north": {"uv": [0, 0, 14, 1], "texture": "#white_concrete"},
				"east": {"uv": [0, 0, 16, 5], "texture": "#white_concrete"},
				"south": {"uv": [0, 0, 14, 1], "texture": "#white_concrete"},
				"west": {"uv": [0, 0, 16, 5], "texture": "#white_concrete"},
				"up": {"uv": [0, 0, 16, 1], "rotation": 270, "texture": "#white_concrete"},
				"down": {"uv": [0, 0, 16, 1], "rotation": 270, "texture": "#gray_wool"}
			}
		},
		{
			"name": "back",
			"from": [1, 3, 28],
			"to": [7.8, 20, 28.5],
			"faces": {
				"north": {"uv": [0, 0, 6.8, 16], "texture": "#white_concrete"},
				"east": {"uv": [0, 0, 16, 5], "texture": "#white_concrete"},
				"south": {"uv": [0, 0, 6.8, 16], "texture": "#white_concrete"},
				"west": {"uv": [0, 0, 16, 5], "texture": "#white_concrete"},
				"up": {"uv": [0, 0, 16, 1], "rotation": 270, "texture": "#white_concrete"},
				"down": {"uv": [0, 0, 16, 1], "rotation": 270, "texture": "#white_concrete"}
			}
		},
		{
			"name": "back",
			"from": [8, 3, 28],
			"to": [15, 20, 28.5],
			"faces": {
				"north": {"uv": [0, 0, 7, 16], "texture": "#white_concrete"},
				"east": {"uv": [0, 0, 16, 5], "texture": "#white_concrete"},
				"south": {"uv": [0, 0, 7, 16], "texture": "#white_concrete"},
				"west": {"uv": [0, 0, 16, 5], "texture": "#white_concrete"},
				"up": {"uv": [0, 0, 16, 1], "rotation": 270, "texture": "#white_concrete"},
				"down": {"uv": [0, 0, 16, 1], "rotation": 270, "texture": "#white_concrete"}
			}
		},
		{
			"name": "bcak",
			"from": [7.8, 3, 28],
			"to": [8, 20, 28.5],
			"faces": {
				"north": {"uv": [0, 0, 0.2, 16], "texture": "#light_gray_concrete"},
				"east": {"uv": [0, 0, 16, 5], "texture": "#light_gray_concrete"},
				"south": {"uv": [0, 0, 0.2, 16], "texture": "#light_gray_concrete"},
				"west": {"uv": [0, 0, 16, 5], "texture": "#light_gray_concrete"},
				"up": {"uv": [0, 0, 16, 1], "rotation": 270, "texture": "#light_gray_concrete"},
				"down": {"uv": [0, 0, 16, 1], "rotation": 270, "texture": "#light_gray_concrete"}
			}
		},
		{
			"name": "back",
			"from": [1, 20, 28],
			"to": [15, 20.5, 28.5],
			"faces": {
				"north": {"uv": [0, 0, 14, 0.5], "texture": "#light_gray_concrete"},
				"east": {"uv": [0, 0, 16, 5], "texture": "#light_gray_concrete"},
				"south": {"uv": [0, 0, 14, 0.5], "texture": "#light_gray_concrete"},
				"west": {"uv": [0, 0, 16, 5], "texture": "#light_gray_concrete"},
				"up": {"uv": [0, 0, 16, 1], "rotation": 270, "texture": "#light_gray_concrete"},
				"down": {"uv": [0, 0, 16, 1], "rotation": 270, "texture": "#light_gray_concrete"}
			}
		},
		{
			"name": "backlight",
			"from": [1.6, 2, 28.5],
			"to": [2.6, 3, 29],
			"faces": {
				"north": {"uv": [0, 0, 1, 1], "texture": "#red_terracotta"},
				"east": {"uv": [0, 0, 16, 5], "texture": "#red_terracotta"},
				"south": {"uv": [0, 0, 1, 1], "texture": "#red_terracotta"},
				"west": {"uv": [0, 0, 16, 5], "texture": "#red_terracotta"},
				"up": {"uv": [0, 0, 16, 1], "rotation": 270, "texture": "#red_terracotta"},
				"down": {"uv": [0, 0, 16, 1], "rotation": 270, "texture": "#red_terracotta"}
			}
		},
		{
			"name": "backlight",
			"from": [0.8, 2, 28.5],
			"to": [1.6, 3, 29],
			"faces": {
				"north": {"uv": [4, 3, 4.8, 4], "texture": "#white_stained_glass"},
				"east": {"uv": [0, 2, 16, 7], "texture": "#white_stained_glass"},
				"south": {"uv": [3, 3, 3.8, 4], "texture": "#white_stained_glass"},
				"west": {"uv": [0, 8, 16, 13], "texture": "#white_stained_glass"},
				"up": {"uv": [0, 0, 16, 1], "rotation": 270, "texture": "#white_stained_glass"},
				"down": {"uv": [0, 0, 16, 1], "rotation": 270, "texture": "#white_stained_glass"}
			}
		},
		{
			"name": "backlight",
			"from": [13.4, 2, 28.5],
			"to": [14.4, 3, 29],
			"faces": {
				"north": {"uv": [0, 0, 1, 1], "texture": "#red_terracotta"},
				"east": {"uv": [0, 0, 16, 5], "texture": "#red_terracotta"},
				"south": {"uv": [0, 0, 1, 1], "texture": "#red_terracotta"},
				"west": {"uv": [0, 0, 16, 5], "texture": "#red_terracotta"},
				"up": {"uv": [0, 0, 16, 1], "rotation": 270, "texture": "#red_terracotta"},
				"down": {"uv": [0, 0, 16, 1], "rotation": 270, "texture": "#red_terracotta"}
			}
		},
		{
			"name": "backlight",
			"from": [14.4, 2, 28.5],
			"to": [15.2, 3, 29],
			"faces": {
				"north": {"uv": [4, 3, 4.8, 4], "texture": "#white_stained_glass"},
				"east": {"uv": [0, 2, 16, 7], "texture": "#white_stained_glass"},
				"south": {"uv": [3, 3, 3.8, 4], "texture": "#white_stained_glass"},
				"west": {"uv": [0, 8, 16, 13], "texture": "#white_stained_glass"},
				"up": {"uv": [0, 0, 16, 1], "rotation": 270, "texture": "#white_stained_glass"},
				"down": {"uv": [0, 0, 16, 1], "rotation": 270, "texture": "#white_stained_glass"}
			}
		},
		{
			"name": "backlight",
			"from": [5, 1, 28.4],
			"to": [11, 3, 28.9],
			"faces": {
				"north": {"uv": [0, 0, 6, 2], "texture": "#light_gray_concrete"},
				"east": {"uv": [0, 0, 16, 5], "texture": "#light_gray_concrete"},
				"south": {"uv": [0, 0, 6, 2], "texture": "#light_gray_concrete"},
				"west": {"uv": [0, 0, 16, 5], "texture": "#light_gray_concrete"},
				"up": {"uv": [0, 0, 16, 1], "rotation": 270, "texture": "#light_gray_concrete"},
				"down": {"uv": [0, 0, 16, 1], "rotation": 270, "texture": "#light_gray_concrete"}
			}
		},
		{
			"name": "backlight",
			"from": [5.45, 1.2, 28.5],
			"to": [10.45, 3.2, 29],
			"faces": {
				"north": {"uv": [0, 0, 5.5, 1.5], "texture": "#white_concrete"},
				"east": {"uv": [0, 0, 16, 5], "texture": "#white_concrete"},
				"south": {"uv": [0.25, 3.75, 14.5, 8.25], "texture": "#11"},
				"west": {"uv": [0, 0, 16, 5], "texture": "#white_concrete"},
				"up": {"uv": [0, 0, 16, 1], "rotation": 270, "texture": "#white_concrete"},
				"down": {"uv": [0, 0, 16, 1], "rotation": 270, "texture": "#white_concrete"}
			}
		},
		{
			"name": "txt",
			"from": [0.3, 10, 14],
			"to": [0.8, 16, 21],
			"faces": {
				"north": {"uv": [0, 0, 0.5, 6], "texture": "#oak_planks"},
				"east": {"uv": [0, 6, 16, 11], "texture": "#oak_planks"},
				"south": {"uv": [0, 0, 0.5, 6], "texture": "#oak_planks"},
				"west": {"uv": [1, 3, 6, 8], "texture": "#oak_planks"},
				"up": {"uv": [0, 0, 16, 1], "rotation": 270, "texture": "#oak_planks"},
				"down": {"uv": [0, 0, 16, 1], "rotation": 270, "texture": "#oak_planks"}
			}
		},
		{
			"name": "txt",
			"from": [15.3, 10, 14],
			"to": [15.8, 16, 21],
			"faces": {
				"north": {"uv": [0, 0, 0.5, 6], "texture": "#oak_planks"},
				"east": {"uv": [1, 3, 6, 8], "texture": "#oak_planks"},
				"south": {"uv": [0, 0, 0.5, 6], "texture": "#oak_planks"},
				"west": {"uv": [0, 0, 16, 14], "texture": "#oak_planks"},
				"up": {"uv": [0, 0, 16, 1], "rotation": 270, "texture": "#oak_planks"},
				"down": {"uv": [0, 0, 16, 1], "rotation": 270, "texture": "#oak_planks"}
			}
		}
	],
	"display": {
		"thirdperson_righthand": {
			"rotation": [75, 315, 0],
			"translation": [0, 2.5, 0],
			"scale": [0.375, 0.375, 0.375]
		},
		"firstperson_righthand": {
			"rotation": [0, 315, 0],
			"translation": [0, 2.5, 0],
			"scale": [0.4, 0.4, 0.4]
		},
		"ground": {
			"translation": [0, 3, 0],
			"scale": [0.25, 0.25, 0.25]
		},
		"gui": {
			"rotation": [30, 45, 0],
			"scale": [0.625, 0.625, 0.625]
		},
		"head": {
			"translation": [0, 8, 0],
			"scale": [6, 6, 6]
		},
		"fixed": {
			"rotation": [0, 180, 0]
		}
	}
}