{
	"credit": "Made with Blockbench",
	"textures": {
		"0": "block/white_wool",
		"3": "custom/dsign1",
		"particle": "block/white_wool"
	},
	"elements": [
		{
			"from": [-6.5, 4, 0.5],
			"to": [19.5, 14, 1.5],
			"faces": {
				"north": {"uv": [1, 0, 16, 16], "texture": "#3"},
				"east": {"uv": [0, 0, 2, 7], "texture": "#0"},
				"south": {"uv": [0, 0, 10, 7], "texture": "#0"},
				"west": {"uv": [0, 0, 2, 7], "texture": "#0"},
				"up": {"uv": [0, 0, 10, 2], "texture": "#0"},
				"down": {"uv": [0, 0, 10, 2], "texture": "#0"}
			}
		}
	],
	"display": {
		"thirdperson_righthand": {
			"rotation": [74, 0, 0],
			"translation": [0, -7, 0],
			"scale": [2, 2, 2]
		},
		"thirdperson_lefthand": {
			"rotation": [0, -15, 0]
		},
		"gui": {
			"scale": [1.5, 1.5, 1.5]
		},
		"head": {
			"translation": [0, 3, 0],
			"scale": [2, 2, 2]
		},
		"fixed": {
			"rotation": [-91, 0, 0],
			"translation": [0, 0, -4],
			"scale": [2, 2, 2]
		}
	}
}