{
	"credit": "Made with Blockbench",
	"textures": {
		"0": "block/white_wool",
		"2": "block/stripped_oak_log",
		"3": "custom/dsign2",
		"particle": "block/white_wool"
	},
	"elements": [
		{
			"from": [-0.5, 15, 7.5],
			"to": [15.5, 28, 9.5],
			"faces": {
				"north": {"uv": [0, 0, 14, 6], "texture": "#0"},
				"east": {"uv": [0, 0, 2, 7], "texture": "#0"},
				"south": {"uv": [0, 0, 10, 7], "texture": "#0"},
				"west": {"uv": [0, 0, 2, 7], "texture": "#0"},
				"up": {"uv": [0, 0, 10, 2], "texture": "#0"},
				"down": {"uv": [0, 0, 10, 2], "texture": "#0"}
			}
		},
		{
			"from": [0.5, 15, 7.25],
			"to": [14.5, 28, 7.5],
			"faces": {
				"north": {"uv": [0, 0, 16, 16], "texture": "#3"},
				"east": {"uv": [0, 0, 2, 7], "texture": "#3"},
				"south": {"uv": [0, 0, 10, 7], "texture": "#3"},
				"west": {"uv": [0, 0, 2, 7], "texture": "#3"},
				"up": {"uv": [0, 0, 10, 2], "texture": "#3"},
				"down": {"uv": [0, 0, 10, 2], "texture": "#3"}
			}
		},
		{
			"from": [6.5, 5, 7.5],
			"to": [8.5, 15, 9.5],
			"faces": {
				"north": {"uv": [0, 0, 2, 8], "texture": "#2"},
				"east": {"uv": [0, 0, 2, 8], "texture": "#2"},
				"south": {"uv": [0, 0, 2, 8], "texture": "#2"},
				"west": {"uv": [0, 0, 2, 8], "texture": "#2"},
				"up": {"uv": [0, 0, 2, 2], "texture": "#2"},
				"down": {"uv": [0, 0, 2, 2], "texture": "#2"}
			}
		}
	],
	"display": {
		"thirdperson_righthand": {
			"rotation": [0, -8, 0]
		},
		"thirdperson_lefthand": {
			"rotation": [0, -15, 0]
		},
		"gui": {
			"scale": [1.5, 1.5, 1.5]
		},
		"head": {
			"translation": [0, 3, 0],
			"scale": [2, 2, 2]
		},
		"fixed": {
			"rotation": [-91, 0, 0],
			"translation": [0, 0, -4],
			"scale": [2, 2, 2]
		}
	}
}