{
	"credit": "Made with Blockbench",
	"textures": {
		"0": "block/stripped_oak_log",
		"1": "block/light_gray_wool",
		"2": "block/cyan_terracotta",
		"3": "block/red_terracotta",
		"4": "block/lime_wool",
		"5": "block/blue_terracotta",
		"6": "block/black_terracotta",
		"7": "block/yellow_terracotta",
		"8": "block/white_wool",
		"9": "custom/screen",
		"10": "block/yellow_stained_glass",
		"particle": "block/stripped_oak_log"
	},
	"elements": [
		{
			"from": [3, 0, -1],
			"to": [16, 17, 1],
			"faces": {
				"north": {"uv": [0, 0, 2, 11], "texture": "#0"},
				"east": {"uv": [0, 0, 2, 11], "texture": "#0"},
				"south": {"uv": [0, 0, 2, 11], "texture": "#0"},
				"west": {"uv": [0, 0, 2, 11], "texture": "#0"},
				"up": {"uv": [0, 0, 2, 2], "texture": "#0"},
				"down": {"uv": [0, 0, 2, 2], "texture": "#0"}
			}
		},
		{
			"from": [-1, 17, -4],
			"to": [16, 19, 20],
			"faces": {
				"north": {"uv": [0, 0, 16, 1], "texture": "#0"},
				"east": {"uv": [0, 0, 16, 1], "texture": "#0"},
				"south": {"uv": [0, 0, 16, 1], "texture": "#0"},
				"west": {"uv": [0, 0, 16, 1], "texture": "#0"},
				"up": {"uv": [0, 0, 1, 2], "texture": "#1"},
				"down": {"uv": [0, 0, 16, 16], "texture": "#0"}
			}
		},
		{
			"from": [3.7, 19.82, 7.64],
			"to": [4, 20.02, 7.74],
			"rotation": {"angle": 22.5, "axis": "x", "origin": [6.08, 0.8, 9.92]},
			"faces": {
				"north": {"uv": [6, 3, 3, 6], "texture": "#missing"},
				"east": {"uv": [5, 0, 0, 4], "texture": "#missing"},
				"south": {"uv": [6, 2, 3, 5], "texture": "#missing"},
				"west": {"uv": [6, 3, 3, 5], "texture": "#missing"},
				"up": {"uv": [0, 5, 5, 0], "rotation": 90, "texture": "#missing"},
				"down": {"uv": [0, 5, 5, 0], "rotation": 270, "texture": "#missing"}
			}
		},
		{
			"from": [3.7, 20.02, 7.64],
			"to": [4, 20.42, 7.74],
			"rotation": {"angle": 22.5, "axis": "x", "origin": [6.08, 0.8, 9.92]},
			"faces": {
				"north": {"uv": [6, 3, 3, 6], "texture": "#missing"},
				"east": {"uv": [5, 0, 0, 4], "texture": "#missing"},
				"south": {"uv": [6, 2, 3, 5], "texture": "#missing"},
				"west": {"uv": [6, 3, 3, 5], "texture": "#missing"},
				"up": {"uv": [0, 5, 5, 0], "rotation": 90, "texture": "#missing"},
				"down": {"uv": [0, 5, 5, 0], "rotation": 270, "texture": "#missing"}
			}
		},
		{
			"from": [3.7, 20.02, 7.54],
			"to": [3.8, 20.42, 7.84],
			"rotation": {"angle": 22.5, "axis": "x", "origin": [6.08, 0.8, 9.92]},
			"faces": {
				"north": {"uv": [6, 3, 3, 6], "texture": "#missing"},
				"east": {"uv": [5, 0, 0, 4], "texture": "#missing"},
				"south": {"uv": [6, 2, 3, 5], "texture": "#missing"},
				"west": {"uv": [6, 3, 3, 5], "texture": "#missing"},
				"up": {"uv": [0, 5, 5, 0], "rotation": 90, "texture": "#missing"},
				"down": {"uv": [0, 5, 5, 0], "rotation": 270, "texture": "#missing"}
			}
		},
		{
			"from": [3.7, 20.34, 7.6],
			"to": [4.1, 20.74, 7.8],
			"rotation": {"angle": 22.5, "axis": "x", "origin": [6.08, 0.8, 9.92]},
			"faces": {
				"north": {"uv": [6, 3, 3, 6], "texture": "#missing"},
				"east": {"uv": [5, 0, 0, 4], "texture": "#missing"},
				"south": {"uv": [6, 2, 3, 5], "texture": "#missing"},
				"west": {"uv": [6, 3, 3, 5], "texture": "#missing"},
				"up": {"uv": [0, 5, 5, 0], "rotation": 90, "texture": "#missing"},
				"down": {"uv": [0, 5, 5, 0], "rotation": 270, "texture": "#missing"}
			}
		},
		{
			"from": [3.8, 20.34, 7.5],
			"to": [4, 20.74, 7.9],
			"rotation": {"angle": 22.5, "axis": "x", "origin": [6.08, 0.8, 9.92]},
			"faces": {
				"north": {"uv": [6, 3, 3, 6], "texture": "#missing"},
				"east": {"uv": [5, 0, 0, 4], "texture": "#missing"},
				"south": {"uv": [6, 2, 3, 5], "texture": "#missing"},
				"west": {"uv": [6, 3, 3, 5], "texture": "#missing"},
				"up": {"uv": [0, 5, 5, 0], "rotation": 90, "texture": "#missing"},
				"down": {"uv": [0, 5, 5, 0], "rotation": 270, "texture": "#missing"}
			}
		},
		{
			"from": [3.6, 20.64, 7.5],
			"to": [4.2, 21.04, 7.9],
			"rotation": {"angle": 22.5, "axis": "x", "origin": [6.08, 0.8, 9.92]},
			"faces": {
				"north": {"uv": [6, 3, 3, 6], "texture": "#missing"},
				"east": {"uv": [5, 0, 0, 4], "texture": "#missing"},
				"south": {"uv": [6, 2, 3, 5], "texture": "#missing"},
				"west": {"uv": [6, 3, 3, 5], "texture": "#missing"},
				"up": {"uv": [0, 5, 5, 0], "rotation": 90, "texture": "#missing"},
				"down": {"uv": [0, 5, 5, 0], "rotation": 270, "texture": "#missing"}
			}
		},
		{
			"from": [3.7, 20.64, 7.4],
			"to": [4.1, 21.04, 8],
			"rotation": {"angle": 22.5, "axis": "x", "origin": [6.08, 0.8, 9.92]},
			"faces": {
				"north": {"uv": [6, 3, 3, 6], "texture": "#missing"},
				"east": {"uv": [5, 0, 0, 4], "texture": "#missing"},
				"south": {"uv": [6, 2, 3, 5], "texture": "#missing"},
				"west": {"uv": [6, 3, 3, 5], "texture": "#missing"},
				"up": {"uv": [0, 5, 5, 0], "rotation": 90, "texture": "#missing"},
				"down": {"uv": [0, 5, 5, 0], "rotation": 270, "texture": "#missing"}
			}
		},
		{
			"from": [3.68, 24.7, 7.4],
			"to": [4.08, 24.74, 7.96],
			"rotation": {"angle": 22.5, "axis": "x", "origin": [6.08, 0.8, 9.92]},
			"faces": {
				"north": {"uv": [5, 0, 0, 4], "texture": "#1"},
				"east": {"uv": [5, 0, 0, 4], "texture": "#1"},
				"south": {"uv": [5, 0, 0, 4], "texture": "#1"},
				"west": {"uv": [5, 0, 0, 4], "texture": "#1"},
				"up": {"uv": [0, 2, 2, 0], "rotation": 90, "texture": "#1"},
				"down": {"uv": [0, 5, 5, 0], "rotation": 270, "texture": "#1"}
			}
		},
		{
			"from": [3.7, 24.8, 7.5],
			"to": [4.1, 25, 7.9],
			"rotation": {"angle": 22.5, "axis": "x", "origin": [6.08, 0.8, 9.92]},
			"faces": {
				"north": {"uv": [5, 0, 0, 4], "texture": "#3"},
				"east": {"uv": [5, 0, 0, 4], "texture": "#3"},
				"south": {"uv": [5, 0, 0, 4], "texture": "#3"},
				"west": {"uv": [5, 0, 0, 4], "texture": "#3"},
				"up": {"uv": [0, 2, 2, 0], "rotation": 90, "texture": "#3"},
				"down": {"uv": [0, 5, 5, 0], "rotation": 270, "texture": "#3"}
			}
		},
		{
			"from": [3.8, 24.72, 7.6],
			"to": [4.04, 24.8, 7.84],
			"rotation": {"angle": 22.5, "axis": "x", "origin": [6.08, 0.8, 9.92]},
			"faces": {
				"north": {"uv": [5, 0, 0, 4], "texture": "#missing"},
				"east": {"uv": [5, 0, 0, 4], "texture": "#missing"},
				"south": {"uv": [5, 0, 0, 4], "texture": "#missing"},
				"west": {"uv": [5, 0, 0, 4], "texture": "#missing"},
				"up": {"uv": [0, 2, 2, 0], "rotation": 90, "texture": "#missing"},
				"down": {"uv": [0, 5, 5, 0], "rotation": 270, "texture": "#missing"}
			}
		},
		{
			"from": [3.7, 24.6, 7.5],
			"to": [4.1, 24.8, 7.9],
			"rotation": {"angle": 22.5, "axis": "x", "origin": [6.08, 0.8, 9.92]},
			"faces": {
				"north": {"uv": [5, 0, 0, 4], "texture": "#1"},
				"east": {"uv": [5, 0, 0, 4], "texture": "#1"},
				"south": {"uv": [5, 0, 0, 4], "texture": "#1"},
				"west": {"uv": [5, 0, 0, 4], "texture": "#1"},
				"up": {"uv": [0, 2, 2, 0], "rotation": 90, "texture": "#1"},
				"down": {"uv": [0, 5, 5, 0], "rotation": 270, "texture": "#1"}
			}
		},
		{
			"from": [4.06, 20.8, 7.66],
			"to": [4.26, 24.8, 7.74],
			"rotation": {"angle": 22.5, "axis": "x", "origin": [6.08, 0.8, 9.92]},
			"faces": {
				"north": {"uv": [5, 0, 0, 4], "texture": "#6"},
				"east": {"uv": [5, 0, 0, 4], "texture": "#6"},
				"south": {"uv": [5, 0, 0, 4], "texture": "#6"},
				"west": {"uv": [5, 0, 0, 4], "texture": "#6"},
				"up": {"uv": [0, 5, 5, 0], "rotation": 90, "texture": "#6"},
				"down": {"uv": [0, 5, 5, 0], "rotation": 270, "texture": "#6"}
			}
		},
		{
			"from": [3.56, 20.8, 7.66],
			"to": [3.76, 24.8, 7.74],
			"rotation": {"angle": 22.5, "axis": "x", "origin": [6.08, 0.8, 9.92]},
			"faces": {
				"north": {"uv": [5, 0, 0, 4], "texture": "#6"},
				"east": {"uv": [5, 0, 0, 4], "texture": "#6"},
				"south": {"uv": [5, 0, 0, 4], "texture": "#6"},
				"west": {"uv": [5, 0, 0, 4], "texture": "#6"},
				"up": {"uv": [0, 5, 5, 0], "rotation": 90, "texture": "#6"},
				"down": {"uv": [0, 5, 5, 0], "rotation": 270, "texture": "#6"}
			}
		},
		{
			"from": [4, 20.8, 7.6],
			"to": [4.2, 24.8, 7.8],
			"rotation": {"angle": 22.5, "axis": "x", "origin": [6.08, 0.8, 9.92]},
			"faces": {
				"north": {"uv": [5, 0, 0, 4], "texture": "#7"},
				"east": {"uv": [5, 0, 0, 4], "texture": "#7"},
				"south": {"uv": [5, 0, 0, 4], "texture": "#7"},
				"west": {"uv": [5, 0, 0, 4], "texture": "#7"},
				"up": {"uv": [0, 5, 5, 0], "rotation": 90, "texture": "#7"},
				"down": {"uv": [0, 5, 5, 0], "rotation": 270, "texture": "#7"}
			}
		},
		{
			"from": [3.8, 20.8, 7.8],
			"to": [4, 24.8, 8],
			"rotation": {"angle": 22.5, "axis": "x", "origin": [6.08, 0.8, 9.92]},
			"faces": {
				"north": {"uv": [5, 0, 0, 4], "texture": "#6"},
				"east": {"uv": [5, 0, 0, 4], "texture": "#6"},
				"south": {"uv": [5, 0, 0, 4], "texture": "#6"},
				"west": {"uv": [5, 0, 0, 4], "texture": "#6"},
				"up": {"uv": [0, 5, 5, 0], "rotation": 90, "texture": "#6"},
				"down": {"uv": [0, 5, 5, 0], "rotation": 270, "texture": "#6"}
			}
		},
		{
			"from": [3.8, 20.8, 7.4],
			"to": [4, 24.8, 7.6],
			"rotation": {"angle": 22.5, "axis": "x", "origin": [6.08, 0.8, 9.92]},
			"faces": {
				"north": {"uv": [5, 0, 0, 4], "texture": "#6"},
				"east": {"uv": [5, 0, 0, 4], "texture": "#6"},
				"south": {"uv": [5, 0, 0, 4], "texture": "#6"},
				"west": {"uv": [5, 0, 0, 4], "texture": "#6"},
				"up": {"uv": [0, 5, 5, 0], "rotation": 90, "texture": "#6"},
				"down": {"uv": [0, 5, 5, 0], "rotation": 270, "texture": "#6"}
			}
		},
		{
			"from": [3.6, 20.8, 7.6],
			"to": [3.8, 24.8, 7.8],
			"rotation": {"angle": 22.5, "axis": "x", "origin": [6.08, 0.8, 9.92]},
			"faces": {
				"north": {"uv": [5, 0, 0, 4], "texture": "#7"},
				"east": {"uv": [5, 0, 0, 4], "texture": "#7"},
				"south": {"uv": [5, 0, 0, 4], "texture": "#7"},
				"west": {"uv": [5, 0, 0, 4], "texture": "#7"},
				"up": {"uv": [0, 5, 5, 0], "rotation": 90, "texture": "#7"},
				"down": {"uv": [0, 5, 5, 0], "rotation": 270, "texture": "#7"}
			}
		},
		{
			"from": [3, 19, 15],
			"to": [6, 21, 18],
			"faces": {
				"north": {"uv": [0, 0, 16, 1], "texture": "#2"},
				"east": {"uv": [0, 0, 16, 1], "texture": "#2"},
				"south": {"uv": [0, 0, 16, 1], "texture": "#2"},
				"west": {"uv": [0, 0, 16, 1], "texture": "#2"},
				"up": {"uv": [0, 0, 1, 2], "texture": "#2"},
				"down": {"uv": [0, 0, 16, 16], "texture": "#2"}
			}
		},
		{
			"from": [13, 19, 8],
			"to": [14, 19.5, 9],
			"faces": {
				"north": {"uv": [0, 0, 16, 1], "texture": "#5"},
				"east": {"uv": [0, 0, 16, 1], "texture": "#5"},
				"south": {"uv": [0, 0, 16, 1], "texture": "#5"},
				"west": {"uv": [0, 0, 16, 1], "texture": "#5"},
				"up": {"uv": [0, 0, 1, 2], "texture": "#5"},
				"down": {"uv": [0, 0, 16, 16], "texture": "#5"}
			}
		},
		{
			"from": [13, 19, 9],
			"to": [14, 19.5, 10.25],
			"faces": {
				"north": {"uv": [0, 0, 16, 1], "texture": "#3"},
				"east": {"uv": [0, 0, 16, 1], "texture": "#3"},
				"south": {"uv": [0, 0, 16, 1], "texture": "#3"},
				"west": {"uv": [0, 0, 16, 1], "texture": "#3"},
				"up": {"uv": [0, 0, 1, 2], "texture": "#3"},
				"down": {"uv": [0, 0, 16, 16], "texture": "#3"}
			}
		},
		{
			"from": [5, 19, 18],
			"to": [7, 20, 20],
			"rotation": {"angle": 22.5, "axis": "y", "origin": [0, 0, 0]},
			"faces": {
				"north": {"uv": [7, 3, 5, 4], "texture": "#10"},
				"east": {"uv": [7, 3, 5, 4], "texture": "#10"},
				"south": {"uv": [7, 3, 5, 4], "texture": "#10"},
				"west": {"uv": [7, 3, 5, 4], "texture": "#10"},
				"up": {"uv": [7, 3, 5, 4], "texture": "#10"},
				"down": {"uv": [2, 4, 9, 10], "texture": "#10"}
			}
		},
		{
			"from": [5.5, 19.1, 18.5],
			"to": [6.5, 20.1, 19.5],
			"rotation": {"angle": 22.5, "axis": "y", "origin": [0, 0, 0]},
			"faces": {
				"north": {"uv": [7, 3, 5, 4], "texture": "#8"},
				"east": {"uv": [7, 3, 5, 4], "texture": "#8"},
				"south": {"uv": [7, 3, 5, 4], "texture": "#8"},
				"west": {"uv": [7, 3, 5, 4], "texture": "#8"},
				"up": {"uv": [7, 3, 5, 4], "texture": "#8"},
				"down": {"uv": [2, 4, 9, 10], "texture": "#8"}
			}
		},
		{
			"from": [3, 19, -3],
			"to": [11, 20, 3],
			"faces": {
				"north": {"uv": [0, 0, 16, 1], "texture": "#3"},
				"east": {"uv": [0, 0, 16, 1], "texture": "#3"},
				"south": {"uv": [0, 0, 16, 1], "texture": "#3"},
				"west": {"uv": [0, 0, 16, 1], "texture": "#3"},
				"up": {"uv": [0, 0, 1, 2], "texture": "#3"},
				"down": {"uv": [0, 0, 16, 16], "texture": "#3"}
			}
		},
		{
			"from": [3, 20, -2.5],
			"to": [11, 21.25, 2.5],
			"faces": {
				"north": {"uv": [0, 0, 16, 1], "texture": "#8"},
				"east": {"uv": [0, 0, 16, 1], "texture": "#8"},
				"south": {"uv": [0, 0, 16, 1], "texture": "#8"},
				"west": {"uv": [0, 0, 2, 12], "texture": "#8"},
				"up": {"uv": [0, 0, 1, 2], "texture": "#8"},
				"down": {"uv": [0, 0, 16, 16], "texture": "#8"}
			}
		},
		{
			"from": [7, 19, 6.5],
			"to": [15, 19.1, 11.5],
			"rotation": {"angle": -22.5, "axis": "y", "origin": [0, 0, 0]},
			"faces": {
				"north": {"uv": [0, 0, 16, 1], "texture": "#8"},
				"east": {"uv": [0, 0, 16, 1], "texture": "#8"},
				"south": {"uv": [0, 0, 16, 1], "texture": "#8"},
				"west": {"uv": [0, 0, 2, 12], "texture": "#8"},
				"up": {"uv": [5, 4.5, 10, 7.5], "rotation": 90, "texture": "#9"},
				"down": {"uv": [0, 0, 16, 16], "texture": "#8"}
			}
		},
		{
			"from": [5, 20, -3],
			"to": [11, 21.5, -2.5],
			"faces": {
				"north": {"uv": [0, 0, 16, 1], "texture": "#3"},
				"east": {"uv": [0, 0, 16, 1], "texture": "#3"},
				"south": {"uv": [0, 0, 16, 1], "texture": "#3"},
				"west": {"uv": [0, 0, 16, 1], "texture": "#3"},
				"up": {"uv": [0, 0, 1, 2], "texture": "#3"},
				"down": {"uv": [0, 0, 16, 16], "texture": "#3"}
			}
		},
		{
			"from": [5, 20, 2.5],
			"to": [11, 21.5, 3],
			"faces": {
				"north": {"uv": [0, 0, 16, 1], "texture": "#3"},
				"east": {"uv": [0, 0, 16, 1], "texture": "#3"},
				"south": {"uv": [0, 0, 16, 1], "texture": "#3"},
				"west": {"uv": [0, 0, 16, 1], "texture": "#3"},
				"up": {"uv": [0, 0, 1, 2], "texture": "#3"},
				"down": {"uv": [0, 0, 16, 16], "texture": "#3"}
			}
		},
		{
			"from": [10.5, 16.4, 2.5],
			"to": [13.3, 17.9, 3],
			"rotation": {"angle": 22.5, "axis": "z", "origin": [0, 0, 0]},
			"faces": {
				"north": {"uv": [0, 0, 16, 1], "texture": "#3"},
				"east": {"uv": [0, 0, 16, 1], "texture": "#3"},
				"south": {"uv": [0, 0, 16, 1], "texture": "#3"},
				"west": {"uv": [0, 0, 16, 1], "texture": "#3"},
				"up": {"uv": [0, 0, 1, 2], "texture": "#3"},
				"down": {"uv": [0, 0, 16, 16], "texture": "#3"}
			}
		},
		{
			"from": [10.5, 16.4, -3],
			"to": [13.3, 17.9, -2.5],
			"rotation": {"angle": 22.5, "axis": "z", "origin": [0, 0, 0]},
			"faces": {
				"north": {"uv": [0, 0, 16, 1], "texture": "#3"},
				"east": {"uv": [0, 0, 16, 1], "texture": "#3"},
				"south": {"uv": [0, 0, 16, 1], "texture": "#3"},
				"west": {"uv": [0, 0, 16, 1], "texture": "#3"},
				"up": {"uv": [0, 0, 1, 2], "texture": "#3"},
				"down": {"uv": [0, 0, 16, 16], "texture": "#3"}
			}
		},
		{
			"from": [5, 21, 17],
			"to": [5.5, 23, 17.5],
			"faces": {
				"north": {"uv": [0, 0, 16, 1], "texture": "#3"},
				"east": {"uv": [0, 0, 16, 1], "texture": "#3"},
				"south": {"uv": [0, 0, 16, 1], "texture": "#3"},
				"west": {"uv": [0, 0, 16, 1], "texture": "#3"},
				"up": {"uv": [0, 0, 1, 2], "texture": "#3"},
				"down": {"uv": [0, 0, 16, 16], "texture": "#3"}
			}
		},
		{
			"from": [3.75, 21, 16.75],
			"to": [4.25, 22, 17.75],
			"faces": {
				"north": {"uv": [0, 0, 16, 1], "texture": "#4"},
				"east": {"uv": [0, 0, 16, 1], "texture": "#4"},
				"south": {"uv": [0, 0, 16, 1], "texture": "#4"},
				"west": {"uv": [0, 0, 16, 1], "texture": "#4"},
				"up": {"uv": [0, 0, 1, 2], "texture": "#4"},
				"down": {"uv": [0, 0, 16, 16], "texture": "#4"}
			}
		},
		{
			"from": [3.75, 22, 16.75],
			"to": [4.25, 22.2, 17.75],
			"faces": {
				"north": {"uv": [0, 0, 16, 1], "texture": "#6"},
				"east": {"uv": [0, 0, 16, 1], "texture": "#6"},
				"south": {"uv": [0, 0, 16, 1], "texture": "#6"},
				"west": {"uv": [0, 0, 16, 1], "texture": "#6"},
				"up": {"uv": [0, 0, 1, 2], "texture": "#6"},
				"down": {"uv": [0, 0, 16, 16], "texture": "#6"}
			}
		},
		{
			"from": [4, 26, 8],
			"to": [4.5, 28, 8.5],
			"rotation": {"angle": 22.5, "axis": "x", "origin": [0, 0, 0]},
			"faces": {
				"north": {"uv": [0, 0, 16, 1], "texture": "#5"},
				"east": {"uv": [0, 0, 16, 1], "texture": "#5"},
				"south": {"uv": [0, 0, 16, 1], "texture": "#5"},
				"west": {"uv": [0, 0, 16, 1], "texture": "#5"},
				"up": {"uv": [0, 0, 1, 2], "texture": "#5"},
				"down": {"uv": [0, 0, 16, 16], "texture": "#5"}
			}
		},
		{
			"from": [5, 21, 16.25],
			"to": [5.5, 22.5, 16.75],
			"faces": {
				"north": {"uv": [0, 0, 16, 1], "texture": "#0"},
				"east": {"uv": [0, 0, 16, 1], "texture": "#0"},
				"south": {"uv": [0, 0, 16, 1], "texture": "#0"},
				"west": {"uv": [0, 0, 16, 1], "texture": "#0"},
				"up": {"uv": [0, 0, 1, 2], "texture": "#0"},
				"down": {"uv": [0, 0, 16, 16], "texture": "#0"}
			}
		},
		{
			"from": [-0.5, 15, 2],
			"to": [5.5, 17, 14],
			"faces": {
				"north": {"uv": [0, 0, 16, 1], "texture": "#0"},
				"east": {"uv": [0, 0, 16, 1], "texture": "#0"},
				"south": {"uv": [0, 0, 16, 1], "texture": "#0"},
				"west": {"uv": [0, 0, 4, 4], "texture": "#0"},
				"up": {"uv": [0, 0, 1, 2], "texture": "#1"},
				"down": {"uv": [0, 0, 16, 16], "texture": "#0"}
			}
		},
		{
			"from": [-0.75, 16, 3],
			"to": [0.25, 16.5, 5],
			"faces": {
				"north": {"uv": [0, 0, 16, 1], "texture": "#1"},
				"east": {"uv": [0, 0, 16, 1], "texture": "#1"},
				"south": {"uv": [0, 0, 16, 1], "texture": "#1"},
				"west": {"uv": [0, 0, 4, 4], "texture": "#1"},
				"up": {"uv": [0, 0, 1, 2], "texture": "#1"},
				"down": {"uv": [0, 0, 16, 16], "texture": "#1"}
			}
		},
		{
			"from": [-0.75, 16, 11],
			"to": [0.25, 16.5, 13],
			"faces": {
				"north": {"uv": [0, 0, 16, 1], "texture": "#1"},
				"east": {"uv": [0, 0, 16, 1], "texture": "#1"},
				"south": {"uv": [0, 0, 16, 1], "texture": "#1"},
				"west": {"uv": [0, 0, 4, 4], "texture": "#1"},
				"up": {"uv": [0, 0, 1, 2], "texture": "#1"},
				"down": {"uv": [0, 0, 16, 16], "texture": "#1"}
			}
		},
		{
			"from": [15, 1, 0],
			"to": [16, 17, 16],
			"faces": {
				"north": {"uv": [0, 0, 16, 1], "texture": "#0"},
				"east": {"uv": [0, 0, 16, 1], "texture": "#0"},
				"south": {"uv": [0, 0, 16, 1], "texture": "#0"},
				"west": {"uv": [0, 0, 16, 1], "texture": "#0"},
				"up": {"uv": [0, 0, 1, 2], "texture": "#1"},
				"down": {"uv": [0, 0, 16, 16], "texture": "#0"}
			}
		},
		{
			"from": [15.5, 19, -3],
			"to": [16, 21, 19],
			"faces": {
				"north": {"uv": [0, 0, 16, 1], "texture": "#0"},
				"east": {"uv": [0, 0, 16, 1], "texture": "#0"},
				"south": {"uv": [0, 0, 16, 1], "texture": "#0"},
				"west": {"uv": [0, 0, 16, 1], "texture": "#0"},
				"up": {"uv": [0, 0, 1, 2], "texture": "#1"},
				"down": {"uv": [0, 0, 16, 16], "texture": "#0"}
			}
		},
		{
			"from": [3, 0, 15],
			"to": [16, 17, 17],
			"faces": {
				"north": {"uv": [0, 0, 2, 11], "texture": "#0"},
				"east": {"uv": [0, 0, 2, 11], "texture": "#0"},
				"south": {"uv": [0, 0, 2, 11], "texture": "#0"},
				"west": {"uv": [0, 0, 2, 11], "texture": "#0"},
				"up": {"uv": [0, 0, 2, 2], "texture": "#0"},
				"down": {"uv": [0, 0, 2, 2], "texture": "#0"}
			}
		}
	],
	"display": {
		"fixed": {
			"rotation": [-90, 0, 0],
			"translation": [0, 0, -14],
			"scale": [2, 2, 2]
		}
	}
}