{
	"credit": "Made with Blockbench",
	"textures": {
		"2": "block/quartz_block_side",
		"3": "block/light_gray_wool",
		"particle": "block/quartz_block_side"
	},
	"elements": [
		{
			"from": [0.5, 1, 5.5],
			"to": [1, 2, 10],
			"faces": {
				"north": {"uv": [1, 1, 16, 2], "rotation": 90, "texture": "#2"},
				"east": {"uv": [0, 0, 2, 2], "rotation": 270, "texture": "#2"},
				"south": {"uv": [0, 0, 16, 4], "rotation": 270, "texture": "#2"},
				"west": {"uv": [0, 0, 16, 6], "rotation": 270, "texture": "#2"},
				"up": {"uv": [0, 0, 4, 3], "rotation": 270, "texture": "#2"},
				"down": {"uv": [0, 0, 4, 3], "rotation": 270, "texture": "#2"}
			}
		},
		{
			"from": [5.5, 1, 5.5],
			"to": [6, 2, 10],
			"faces": {
				"north": {"uv": [1, 1, 16, 2], "rotation": 90, "texture": "#2"},
				"east": {"uv": [0, 0, 2, 2], "rotation": 270, "texture": "#2"},
				"south": {"uv": [0, 0, 16, 4], "rotation": 270, "texture": "#2"},
				"west": {"uv": [0, 0, 16, 6], "rotation": 270, "texture": "#2"},
				"up": {"uv": [0, 0, 4, 3], "rotation": 270, "texture": "#2"},
				"down": {"uv": [0, 0, 4, 3], "rotation": 270, "texture": "#2"}
			}
		},
		{
			"from": [1, 1, 5],
			"to": [5.5, 2, 5.5],
			"faces": {
				"north": {"uv": [1, 1, 16, 2], "rotation": 90, "texture": "#2"},
				"east": {"uv": [0, 0, 2, 2], "rotation": 270, "texture": "#2"},
				"south": {"uv": [0, 0, 16, 4], "rotation": 270, "texture": "#2"},
				"west": {"uv": [0, 0, 16, 6], "rotation": 270, "texture": "#2"},
				"up": {"uv": [0, 0, 4, 3], "rotation": 270, "texture": "#2"},
				"down": {"uv": [0, 0, 4, 3], "rotation": 270, "texture": "#2"}
			}
		},
		{
			"from": [1, 1, 6.5],
			"to": [4.5, 1.3, 10],
			"faces": {
				"north": {"uv": [1, 1, 16, 2], "rotation": 90, "texture": "#2"},
				"east": {"uv": [0, 0, 2, 2], "rotation": 270, "texture": "#2"},
				"south": {"uv": [0, 0, 16, 4], "rotation": 270, "texture": "#2"},
				"west": {"uv": [0, 0, 16, 6], "rotation": 270, "texture": "#2"},
				"up": {"uv": [0, 0, 4, 3], "rotation": 270, "texture": "#2"},
				"down": {"uv": [0, 0, 4, 3], "rotation": 270, "texture": "#2"}
			}
		},
		{
			"from": [1, 1, 5.5],
			"to": [2, 1.5, 10],
			"faces": {
				"north": {"uv": [1, 1, 16, 2], "rotation": 90, "texture": "#2"},
				"east": {"uv": [0, 0, 2, 2], "rotation": 270, "texture": "#2"},
				"south": {"uv": [0, 0, 16, 4], "rotation": 270, "texture": "#2"},
				"west": {"uv": [0, 0, 16, 6], "rotation": 270, "texture": "#2"},
				"up": {"uv": [0, 0, 4, 3], "rotation": 270, "texture": "#2"},
				"down": {"uv": [0, 0, 4, 3], "rotation": 270, "texture": "#2"}
			}
		},
		{
			"from": [4.5, 1, 5.5],
			"to": [5.5, 1.5, 10],
			"faces": {
				"north": {"uv": [1, 1, 16, 2], "rotation": 90, "texture": "#2"},
				"east": {"uv": [0, 0, 2, 2], "rotation": 270, "texture": "#2"},
				"south": {"uv": [0, 0, 16, 4], "rotation": 270, "texture": "#2"},
				"west": {"uv": [0, 0, 16, 6], "rotation": 270, "texture": "#2"},
				"up": {"uv": [0, 0, 4, 3], "rotation": 270, "texture": "#2"},
				"down": {"uv": [0, 0, 4, 3], "rotation": 270, "texture": "#2"}
			}
		},
		{
			"from": [5, 1, 5.5],
			"to": [5.5, 2, 6],
			"faces": {
				"north": {"uv": [1, 1, 16, 2], "rotation": 90, "texture": "#2"},
				"east": {"uv": [0, 0, 2, 2], "rotation": 270, "texture": "#2"},
				"south": {"uv": [0, 0, 16, 4], "rotation": 270, "texture": "#2"},
				"west": {"uv": [0, 0, 16, 6], "rotation": 270, "texture": "#2"},
				"up": {"uv": [0, 0, 4, 3], "rotation": 270, "texture": "#2"},
				"down": {"uv": [0, 0, 4, 3], "rotation": 270, "texture": "#2"}
			}
		},
		{
			"from": [5, 1, 9.5],
			"to": [5.5, 2, 10],
			"faces": {
				"north": {"uv": [1, 1, 16, 2], "rotation": 90, "texture": "#2"},
				"east": {"uv": [0, 0, 2, 2], "rotation": 270, "texture": "#2"},
				"south": {"uv": [0, 0, 16, 4], "rotation": 270, "texture": "#2"},
				"west": {"uv": [0, 0, 16, 6], "rotation": 270, "texture": "#2"},
				"up": {"uv": [0, 0, 4, 3], "rotation": 270, "texture": "#2"},
				"down": {"uv": [0, 0, 4, 3], "rotation": 270, "texture": "#2"}
			}
		},
		{
			"from": [1, 1, 9.5],
			"to": [1.5, 2, 10],
			"faces": {
				"north": {"uv": [1, 1, 16, 2], "rotation": 90, "texture": "#2"},
				"east": {"uv": [0, 0, 2, 2], "rotation": 270, "texture": "#2"},
				"south": {"uv": [0, 0, 16, 4], "rotation": 270, "texture": "#2"},
				"west": {"uv": [0, 0, 16, 6], "rotation": 270, "texture": "#2"},
				"up": {"uv": [0, 0, 4, 3], "rotation": 270, "texture": "#2"},
				"down": {"uv": [0, 0, 4, 3], "rotation": 270, "texture": "#2"}
			}
		},
		{
			"from": [1, 1, 5.5],
			"to": [1.5, 2, 6],
			"faces": {
				"north": {"uv": [1, 1, 16, 2], "rotation": 90, "texture": "#2"},
				"east": {"uv": [0, 0, 2, 2], "rotation": 270, "texture": "#2"},
				"south": {"uv": [0, 0, 16, 4], "rotation": 270, "texture": "#2"},
				"west": {"uv": [0, 0, 16, 6], "rotation": 270, "texture": "#2"},
				"up": {"uv": [0, 0, 4, 3], "rotation": 270, "texture": "#2"},
				"down": {"uv": [0, 0, 4, 3], "rotation": 270, "texture": "#2"}
			}
		},
		{
			"from": [2, 1, 5.5],
			"to": [4.5, 1.5, 6.5],
			"faces": {
				"north": {"uv": [1, 1, 16, 2], "rotation": 90, "texture": "#2"},
				"east": {"uv": [0, 0, 2, 2], "rotation": 270, "texture": "#2"},
				"south": {"uv": [0, 0, 16, 4], "rotation": 270, "texture": "#2"},
				"west": {"uv": [0, 0, 16, 6], "rotation": 270, "texture": "#2"},
				"up": {"uv": [0, 0, 4, 3], "rotation": 270, "texture": "#2"},
				"down": {"uv": [0, 0, 4, 3], "rotation": 270, "texture": "#2"}
			}
		},
		{
			"from": [2, 1, 9],
			"to": [4.5, 1.5, 10],
			"faces": {
				"north": {"uv": [1, 1, 16, 2], "rotation": 90, "texture": "#2"},
				"east": {"uv": [0, 0, 2, 2], "rotation": 270, "texture": "#2"},
				"south": {"uv": [0, 0, 16, 4], "rotation": 270, "texture": "#2"},
				"west": {"uv": [0, 0, 16, 6], "rotation": 270, "texture": "#2"},
				"up": {"uv": [0, 0, 4, 3], "rotation": 270, "texture": "#2"},
				"down": {"uv": [0, 0, 4, 3], "rotation": 270, "texture": "#2"}
			}
		},
		{
			"from": [1, 1, 10],
			"to": [5.5, 2, 10.5],
			"faces": {
				"north": {"uv": [1, 1, 16, 2], "rotation": 90, "texture": "#2"},
				"east": {"uv": [0, 0, 2, 2], "rotation": 270, "texture": "#2"},
				"south": {"uv": [0, 0, 16, 4], "rotation": 270, "texture": "#2"},
				"west": {"uv": [0, 0, 16, 6], "rotation": 270, "texture": "#2"},
				"up": {"uv": [0, 0, 4, 3], "rotation": 270, "texture": "#2"},
				"down": {"uv": [0, 0, 4, 3], "rotation": 270, "texture": "#2"}
			}
		},
		{
			"from": [1, 1, 11],
			"to": [4, 1.4, 11.4],
			"faces": {
				"north": {"uv": [6, 10, 8, 12], "rotation": 270, "texture": "#3"},
				"east": {"uv": [6, 10, 8, 12], "rotation": 270, "texture": "#3"},
				"south": {"uv": [6, 10, 8, 12], "rotation": 270, "texture": "#3"},
				"west": {"uv": [6, 10, 8, 12], "rotation": 270, "texture": "#3"},
				"up": {"uv": [6, 10, 8, 12], "rotation": 270, "texture": "#3"},
				"down": {"uv": [0, 0, 4, 3], "rotation": 270, "texture": "#3"}
			}
		},
		{
			"from": [1, 1, 12.2],
			"to": [3.5, 1.4, 12.6],
			"faces": {
				"north": {"uv": [6, 10, 8, 12], "rotation": 270, "texture": "#3"},
				"east": {"uv": [6, 10, 8, 12], "rotation": 270, "texture": "#3"},
				"south": {"uv": [6, 10, 8, 12], "rotation": 270, "texture": "#3"},
				"west": {"uv": [6, 10, 8, 12], "rotation": 270, "texture": "#3"},
				"up": {"uv": [6, 10, 8, 12], "rotation": 270, "texture": "#3"},
				"down": {"uv": [0, 0, 4, 3], "rotation": 270, "texture": "#3"}
			}
		},
		{
			"from": [3.5, 1, 12.1],
			"to": [4.2, 1.4, 12.8],
			"faces": {
				"north": {"uv": [6, 10, 8, 12], "rotation": 270, "texture": "#3"},
				"east": {"uv": [6, 10, 8, 12], "rotation": 270, "texture": "#3"},
				"south": {"uv": [6, 10, 8, 12], "rotation": 270, "texture": "#3"},
				"west": {"uv": [6, 10, 8, 12], "rotation": 270, "texture": "#3"},
				"up": {"uv": [6, 10, 8, 12], "rotation": 270, "texture": "#3"},
				"down": {"uv": [0, 0, 4, 3], "rotation": 270, "texture": "#3"}
			}
		},
		{
			"from": [4.2, 1, 12.1],
			"to": [4.9, 1.3, 12.2],
			"faces": {
				"north": {"uv": [6, 10, 8, 12], "rotation": 270, "texture": "#3"},
				"east": {"uv": [6, 10, 8, 12], "rotation": 270, "texture": "#3"},
				"south": {"uv": [6, 10, 8, 12], "rotation": 270, "texture": "#3"},
				"west": {"uv": [6, 10, 8, 12], "rotation": 270, "texture": "#3"},
				"up": {"uv": [6, 10, 8, 12], "rotation": 270, "texture": "#3"},
				"down": {"uv": [0, 0, 4, 3], "rotation": 270, "texture": "#3"}
			}
		},
		{
			"from": [4.2, 1, 12.3],
			"to": [4.9, 1.3, 12.4],
			"faces": {
				"north": {"uv": [6, 10, 8, 12], "rotation": 270, "texture": "#3"},
				"east": {"uv": [6, 10, 8, 12], "rotation": 270, "texture": "#3"},
				"south": {"uv": [6, 10, 8, 12], "rotation": 270, "texture": "#3"},
				"west": {"uv": [6, 10, 8, 12], "rotation": 270, "texture": "#3"},
				"up": {"uv": [6, 10, 8, 12], "rotation": 270, "texture": "#3"},
				"down": {"uv": [0, 0, 4, 3], "rotation": 270, "texture": "#3"}
			}
		},
		{
			"from": [4.2, 1, 12.5],
			"to": [4.9, 1.3, 12.6],
			"faces": {
				"north": {"uv": [6, 10, 8, 12], "rotation": 270, "texture": "#3"},
				"east": {"uv": [6, 10, 8, 12], "rotation": 270, "texture": "#3"},
				"south": {"uv": [6, 10, 8, 12], "rotation": 270, "texture": "#3"},
				"west": {"uv": [6, 10, 8, 12], "rotation": 270, "texture": "#3"},
				"up": {"uv": [6, 10, 8, 12], "rotation": 270, "texture": "#3"},
				"down": {"uv": [0, 0, 4, 3], "rotation": 270, "texture": "#3"}
			}
		},
		{
			"from": [4.2, 1, 12.7],
			"to": [4.9, 1.3, 12.8],
			"faces": {
				"north": {"uv": [6, 10, 8, 12], "rotation": 270, "texture": "#3"},
				"east": {"uv": [6, 10, 8, 12], "rotation": 270, "texture": "#3"},
				"south": {"uv": [6, 10, 8, 12], "rotation": 270, "texture": "#3"},
				"west": {"uv": [6, 10, 8, 12], "rotation": 270, "texture": "#3"},
				"up": {"uv": [6, 10, 8, 12], "rotation": 270, "texture": "#3"},
				"down": {"uv": [0, 0, 4, 3], "rotation": 270, "texture": "#3"}
			}
		},
		{
			"from": [4, 1, 10.7],
			"to": [4.6, 1.4, 11.6],
			"faces": {
				"north": {"uv": [6, 10, 8, 12], "rotation": 270, "texture": "#3"},
				"east": {"uv": [6, 10, 8, 12], "rotation": 270, "texture": "#3"},
				"south": {"uv": [6, 10, 8, 12], "rotation": 270, "texture": "#3"},
				"west": {"uv": [6, 10, 8, 12], "rotation": 270, "texture": "#3"},
				"up": {"uv": [6, 10, 8, 12], "rotation": 270, "texture": "#3"},
				"down": {"uv": [0, 0, 4, 3], "rotation": 270, "texture": "#3"}
			}
		},
		{
			"from": [4.6, 1, 10.8],
			"to": [4.8, 1.4, 11.5],
			"faces": {
				"north": {"uv": [6, 10, 8, 12], "rotation": 270, "texture": "#3"},
				"east": {"uv": [6, 10, 8, 12], "rotation": 270, "texture": "#3"},
				"south": {"uv": [6, 10, 8, 12], "rotation": 270, "texture": "#3"},
				"west": {"uv": [6, 10, 8, 12], "rotation": 270, "texture": "#3"},
				"up": {"uv": [6, 10, 8, 12], "rotation": 270, "texture": "#3"},
				"down": {"uv": [0, 0, 4, 3], "rotation": 270, "texture": "#3"}
			}
		},
		{
			"from": [4.8, 1, 10.9],
			"to": [4.9, 1.4, 11.4],
			"faces": {
				"north": {"uv": [6, 10, 8, 12], "rotation": 270, "texture": "#3"},
				"east": {"uv": [6, 10, 8, 12], "rotation": 270, "texture": "#3"},
				"south": {"uv": [6, 10, 8, 12], "rotation": 270, "texture": "#3"},
				"west": {"uv": [6, 10, 8, 12], "rotation": 270, "texture": "#3"},
				"up": {"uv": [6, 10, 8, 12], "rotation": 270, "texture": "#3"},
				"down": {"uv": [0, 0, 4, 3], "rotation": 270, "texture": "#3"}
			}
		},
		{
			"from": [15, 1, 7],
			"to": [15.5, 2, 11.5],
			"rotation": {"angle": 0, "axis": "y", "origin": [16, 0, 16]},
			"faces": {
				"north": {"uv": [0, 0, 16, 4], "rotation": 270, "texture": "#2"},
				"east": {"uv": [0, 0, 16, 6], "rotation": 270, "texture": "#2"},
				"south": {"uv": [1, 1, 16, 2], "rotation": 90, "texture": "#2"},
				"west": {"uv": [0, 0, 2, 2], "rotation": 270, "texture": "#2"},
				"up": {"uv": [4, 3, 0, 0], "rotation": 270, "texture": "#2"},
				"down": {"uv": [4, 3, 0, 0], "rotation": 270, "texture": "#2"}
			}
		},
		{
			"from": [10, 1, 7],
			"to": [10.5, 2, 11.5],
			"rotation": {"angle": 0, "axis": "y", "origin": [16, 0, 16]},
			"faces": {
				"north": {"uv": [0, 0, 16, 4], "rotation": 270, "texture": "#2"},
				"east": {"uv": [0, 0, 16, 6], "rotation": 270, "texture": "#2"},
				"south": {"uv": [1, 1, 16, 2], "rotation": 90, "texture": "#2"},
				"west": {"uv": [0, 0, 2, 2], "rotation": 270, "texture": "#2"},
				"up": {"uv": [4, 3, 0, 0], "rotation": 270, "texture": "#2"},
				"down": {"uv": [4, 3, 0, 0], "rotation": 270, "texture": "#2"}
			}
		},
		{
			"from": [10.5, 1, 11.5],
			"to": [15, 2, 12],
			"rotation": {"angle": 0, "axis": "y", "origin": [16, 0, 16]},
			"faces": {
				"north": {"uv": [0, 0, 16, 4], "rotation": 270, "texture": "#2"},
				"east": {"uv": [0, 0, 16, 6], "rotation": 270, "texture": "#2"},
				"south": {"uv": [1, 1, 16, 2], "rotation": 90, "texture": "#2"},
				"west": {"uv": [0, 0, 2, 2], "rotation": 270, "texture": "#2"},
				"up": {"uv": [4, 3, 0, 0], "rotation": 270, "texture": "#2"},
				"down": {"uv": [4, 3, 0, 0], "rotation": 270, "texture": "#2"}
			}
		},
		{
			"from": [10.5, 1, 6.5],
			"to": [15, 2, 7],
			"rotation": {"angle": 0, "axis": "y", "origin": [16, 0, 16]},
			"faces": {
				"north": {"uv": [0, 0, 16, 4], "rotation": 270, "texture": "#2"},
				"east": {"uv": [0, 0, 16, 6], "rotation": 270, "texture": "#2"},
				"south": {"uv": [1, 1, 16, 2], "rotation": 90, "texture": "#2"},
				"west": {"uv": [0, 0, 2, 2], "rotation": 270, "texture": "#2"},
				"up": {"uv": [4, 3, 0, 0], "rotation": 270, "texture": "#2"},
				"down": {"uv": [4, 3, 0, 0], "rotation": 270, "texture": "#2"}
			}
		},
		{
			"from": [11.5, 1, 7],
			"to": [15, 1.3, 10.5],
			"rotation": {"angle": 0, "axis": "y", "origin": [16, 0, 16]},
			"faces": {
				"north": {"uv": [0, 0, 16, 4], "rotation": 270, "texture": "#2"},
				"east": {"uv": [0, 0, 16, 6], "rotation": 270, "texture": "#2"},
				"south": {"uv": [1, 1, 16, 2], "rotation": 90, "texture": "#2"},
				"west": {"uv": [0, 0, 2, 2], "rotation": 270, "texture": "#2"},
				"up": {"uv": [4, 3, 0, 0], "rotation": 270, "texture": "#2"},
				"down": {"uv": [4, 3, 0, 0], "rotation": 270, "texture": "#2"}
			}
		},
		{
			"from": [14, 1, 7],
			"to": [15, 1.5, 11.5],
			"rotation": {"angle": 0, "axis": "y", "origin": [16, 0, 16]},
			"faces": {
				"north": {"uv": [0, 0, 16, 4], "rotation": 270, "texture": "#2"},
				"east": {"uv": [0, 0, 16, 6], "rotation": 270, "texture": "#2"},
				"south": {"uv": [1, 1, 16, 2], "rotation": 90, "texture": "#2"},
				"west": {"uv": [0, 0, 2, 2], "rotation": 270, "texture": "#2"},
				"up": {"uv": [4, 3, 0, 0], "rotation": 270, "texture": "#2"},
				"down": {"uv": [4, 3, 0, 0], "rotation": 270, "texture": "#2"}
			}
		},
		{
			"from": [10.5, 1, 7],
			"to": [11.5, 1.5, 11.5],
			"rotation": {"angle": 0, "axis": "y", "origin": [16, 0, 16]},
			"faces": {
				"north": {"uv": [0, 0, 16, 4], "rotation": 270, "texture": "#2"},
				"east": {"uv": [0, 0, 16, 6], "rotation": 270, "texture": "#2"},
				"south": {"uv": [1, 1, 16, 2], "rotation": 90, "texture": "#2"},
				"west": {"uv": [0, 0, 2, 2], "rotation": 270, "texture": "#2"},
				"up": {"uv": [4, 3, 0, 0], "rotation": 270, "texture": "#2"},
				"down": {"uv": [4, 3, 0, 0], "rotation": 270, "texture": "#2"}
			}
		},
		{
			"from": [11.5, 1, 10.5],
			"to": [14, 1.5, 11.5],
			"rotation": {"angle": 0, "axis": "y", "origin": [16, 0, 16]},
			"faces": {
				"north": {"uv": [0, 0, 16, 4], "rotation": 270, "texture": "#2"},
				"east": {"uv": [0, 0, 16, 6], "rotation": 270, "texture": "#2"},
				"south": {"uv": [1, 1, 16, 2], "rotation": 90, "texture": "#2"},
				"west": {"uv": [0, 0, 2, 2], "rotation": 270, "texture": "#2"},
				"up": {"uv": [4, 3, 0, 0], "rotation": 270, "texture": "#2"},
				"down": {"uv": [4, 3, 0, 0], "rotation": 270, "texture": "#2"}
			}
		},
		{
			"from": [11.5, 1, 7],
			"to": [14, 1.5, 8],
			"rotation": {"angle": 0, "axis": "y", "origin": [16, 0, 16]},
			"faces": {
				"north": {"uv": [0, 0, 16, 4], "rotation": 270, "texture": "#2"},
				"east": {"uv": [0, 0, 16, 6], "rotation": 270, "texture": "#2"},
				"south": {"uv": [1, 1, 16, 2], "rotation": 90, "texture": "#2"},
				"west": {"uv": [0, 0, 2, 2], "rotation": 270, "texture": "#2"},
				"up": {"uv": [4, 3, 0, 0], "rotation": 270, "texture": "#2"},
				"down": {"uv": [4, 3, 0, 0], "rotation": 270, "texture": "#2"}
			}
		},
		{
			"from": [10.5, 1, 11],
			"to": [11, 2, 11.5],
			"rotation": {"angle": 0, "axis": "y", "origin": [16, 0, 16]},
			"faces": {
				"north": {"uv": [0, 0, 16, 4], "rotation": 270, "texture": "#2"},
				"east": {"uv": [0, 0, 16, 6], "rotation": 270, "texture": "#2"},
				"south": {"uv": [1, 1, 16, 2], "rotation": 90, "texture": "#2"},
				"west": {"uv": [0, 0, 2, 2], "rotation": 270, "texture": "#2"},
				"up": {"uv": [4, 3, 0, 0], "rotation": 270, "texture": "#2"},
				"down": {"uv": [4, 3, 0, 0], "rotation": 270, "texture": "#2"}
			}
		},
		{
			"from": [10.5, 1, 7],
			"to": [11, 2, 7.5],
			"rotation": {"angle": 0, "axis": "y", "origin": [16, 0, 16]},
			"faces": {
				"north": {"uv": [0, 0, 16, 4], "rotation": 270, "texture": "#2"},
				"east": {"uv": [0, 0, 16, 6], "rotation": 270, "texture": "#2"},
				"south": {"uv": [1, 1, 16, 2], "rotation": 90, "texture": "#2"},
				"west": {"uv": [0, 0, 2, 2], "rotation": 270, "texture": "#2"},
				"up": {"uv": [4, 3, 0, 0], "rotation": 270, "texture": "#2"},
				"down": {"uv": [4, 3, 0, 0], "rotation": 270, "texture": "#2"}
			}
		},
		{
			"from": [14.5, 1, 11],
			"to": [15, 2, 11.5],
			"rotation": {"angle": 0, "axis": "y", "origin": [16, 0, 16]},
			"faces": {
				"north": {"uv": [0, 0, 16, 4], "rotation": 270, "texture": "#2"},
				"east": {"uv": [0, 0, 16, 6], "rotation": 270, "texture": "#2"},
				"south": {"uv": [1, 1, 16, 2], "rotation": 90, "texture": "#2"},
				"west": {"uv": [0, 0, 2, 2], "rotation": 270, "texture": "#2"},
				"up": {"uv": [4, 3, 0, 0], "rotation": 270, "texture": "#2"},
				"down": {"uv": [4, 3, 0, 0], "rotation": 270, "texture": "#2"}
			}
		},
		{
			"from": [14.5, 1, 7],
			"to": [15, 2, 7.5],
			"rotation": {"angle": 0, "axis": "y", "origin": [16, 0, 16]},
			"faces": {
				"north": {"uv": [0, 0, 16, 4], "rotation": 270, "texture": "#2"},
				"east": {"uv": [0, 0, 16, 6], "rotation": 270, "texture": "#2"},
				"south": {"uv": [1, 1, 16, 2], "rotation": 90, "texture": "#2"},
				"west": {"uv": [0, 0, 2, 2], "rotation": 270, "texture": "#2"},
				"up": {"uv": [4, 3, 0, 0], "rotation": 270, "texture": "#2"},
				"down": {"uv": [4, 3, 0, 0], "rotation": 270, "texture": "#2"}
			}
		},
		{
			"from": [12, 1, 5.6],
			"to": [15, 1.4, 6],
			"rotation": {"angle": 0, "axis": "y", "origin": [16, 0, 16]},
			"faces": {
				"north": {"uv": [6, 10, 8, 12], "rotation": 270, "texture": "#3"},
				"east": {"uv": [6, 10, 8, 12], "rotation": 270, "texture": "#3"},
				"south": {"uv": [6, 10, 8, 12], "rotation": 270, "texture": "#3"},
				"west": {"uv": [6, 10, 8, 12], "rotation": 270, "texture": "#3"},
				"up": {"uv": [8, 12, 6, 10], "rotation": 270, "texture": "#3"},
				"down": {"uv": [4, 3, 0, 0], "rotation": 270, "texture": "#3"}
			}
		},
		{
			"from": [11.4, 1, 5.4],
			"to": [12, 1.4, 6.3],
			"rotation": {"angle": 0, "axis": "y", "origin": [16, 0, 16]},
			"faces": {
				"north": {"uv": [6, 10, 8, 12], "rotation": 270, "texture": "#3"},
				"east": {"uv": [6, 10, 8, 12], "rotation": 270, "texture": "#3"},
				"south": {"uv": [6, 10, 8, 12], "rotation": 270, "texture": "#3"},
				"west": {"uv": [6, 10, 8, 12], "rotation": 270, "texture": "#3"},
				"up": {"uv": [8, 12, 6, 10], "rotation": 270, "texture": "#3"},
				"down": {"uv": [4, 3, 0, 0], "rotation": 270, "texture": "#3"}
			}
		},
		{
			"from": [11.2, 1, 5.5],
			"to": [11.4, 1.4, 6.2],
			"rotation": {"angle": 0, "axis": "y", "origin": [16, 0, 16]},
			"faces": {
				"north": {"uv": [6, 10, 8, 12], "rotation": 270, "texture": "#3"},
				"east": {"uv": [6, 10, 8, 12], "rotation": 270, "texture": "#3"},
				"south": {"uv": [6, 10, 8, 12], "rotation": 270, "texture": "#3"},
				"west": {"uv": [6, 10, 8, 12], "rotation": 270, "texture": "#3"},
				"up": {"uv": [8, 12, 6, 10], "rotation": 270, "texture": "#3"},
				"down": {"uv": [4, 3, 0, 0], "rotation": 270, "texture": "#3"}
			}
		},
		{
			"from": [11.1, 1, 5.6],
			"to": [11.2, 1.4, 6.1],
			"rotation": {"angle": 0, "axis": "y", "origin": [16, 0, 16]},
			"faces": {
				"north": {"uv": [6, 10, 8, 12], "rotation": 270, "texture": "#3"},
				"east": {"uv": [6, 10, 8, 12], "rotation": 270, "texture": "#3"},
				"south": {"uv": [6, 10, 8, 12], "rotation": 270, "texture": "#3"},
				"west": {"uv": [6, 10, 8, 12], "rotation": 270, "texture": "#3"},
				"up": {"uv": [8, 12, 6, 10], "rotation": 270, "texture": "#3"},
				"down": {"uv": [4, 3, 0, 0], "rotation": 270, "texture": "#3"}
			}
		},
		{
			"from": [12.5, 1, 4.4],
			"to": [15, 1.4, 4.8],
			"rotation": {"angle": 0, "axis": "y", "origin": [16, 0, 16]},
			"faces": {
				"north": {"uv": [6, 10, 8, 12], "rotation": 270, "texture": "#3"},
				"east": {"uv": [6, 10, 8, 12], "rotation": 270, "texture": "#3"},
				"south": {"uv": [6, 10, 8, 12], "rotation": 270, "texture": "#3"},
				"west": {"uv": [6, 10, 8, 12], "rotation": 270, "texture": "#3"},
				"up": {"uv": [8, 12, 6, 10], "rotation": 270, "texture": "#3"},
				"down": {"uv": [4, 3, 0, 0], "rotation": 270, "texture": "#3"}
			}
		},
		{
			"from": [11.8, 1, 4.2],
			"to": [12.5, 1.4, 4.9],
			"rotation": {"angle": 0, "axis": "y", "origin": [16, 0, 16]},
			"faces": {
				"north": {"uv": [6, 10, 8, 12], "rotation": 270, "texture": "#3"},
				"east": {"uv": [6, 10, 8, 12], "rotation": 270, "texture": "#3"},
				"south": {"uv": [6, 10, 8, 12], "rotation": 270, "texture": "#3"},
				"west": {"uv": [6, 10, 8, 12], "rotation": 270, "texture": "#3"},
				"up": {"uv": [8, 12, 6, 10], "rotation": 270, "texture": "#3"},
				"down": {"uv": [4, 3, 0, 0], "rotation": 270, "texture": "#3"}
			}
		},
		{
			"from": [11.1, 1, 4.8],
			"to": [11.8, 1.3, 4.9],
			"rotation": {"angle": 0, "axis": "y", "origin": [16, 0, 16]},
			"faces": {
				"north": {"uv": [6, 10, 8, 12], "rotation": 270, "texture": "#3"},
				"east": {"uv": [6, 10, 8, 12], "rotation": 270, "texture": "#3"},
				"south": {"uv": [6, 10, 8, 12], "rotation": 270, "texture": "#3"},
				"west": {"uv": [6, 10, 8, 12], "rotation": 270, "texture": "#3"},
				"up": {"uv": [8, 12, 6, 10], "rotation": 270, "texture": "#3"},
				"down": {"uv": [4, 3, 0, 0], "rotation": 270, "texture": "#3"}
			}
		},
		{
			"from": [11.1, 1, 4.6],
			"to": [11.8, 1.3, 4.7],
			"rotation": {"angle": 0, "axis": "y", "origin": [16, 0, 16]},
			"faces": {
				"north": {"uv": [6, 10, 8, 12], "rotation": 270, "texture": "#3"},
				"east": {"uv": [6, 10, 8, 12], "rotation": 270, "texture": "#3"},
				"south": {"uv": [6, 10, 8, 12], "rotation": 270, "texture": "#3"},
				"west": {"uv": [6, 10, 8, 12], "rotation": 270, "texture": "#3"},
				"up": {"uv": [8, 12, 6, 10], "rotation": 270, "texture": "#3"},
				"down": {"uv": [4, 3, 0, 0], "rotation": 270, "texture": "#3"}
			}
		},
		{
			"from": [11.1, 1, 4.4],
			"to": [11.8, 1.3, 4.5],
			"rotation": {"angle": 0, "axis": "y", "origin": [16, 0, 16]},
			"faces": {
				"north": {"uv": [6, 10, 8, 12], "rotation": 270, "texture": "#3"},
				"east": {"uv": [6, 10, 8, 12], "rotation": 270, "texture": "#3"},
				"south": {"uv": [6, 10, 8, 12], "rotation": 270, "texture": "#3"},
				"west": {"uv": [6, 10, 8, 12], "rotation": 270, "texture": "#3"},
				"up": {"uv": [8, 12, 6, 10], "rotation": 270, "texture": "#3"},
				"down": {"uv": [4, 3, 0, 0], "rotation": 270, "texture": "#3"}
			}
		},
		{
			"from": [11.1, 1, 4.2],
			"to": [11.8, 1.3, 4.3],
			"rotation": {"angle": 0, "axis": "y", "origin": [16, 0, 16]},
			"faces": {
				"north": {"uv": [6, 10, 8, 12], "rotation": 270, "texture": "#3"},
				"east": {"uv": [6, 10, 8, 12], "rotation": 270, "texture": "#3"},
				"south": {"uv": [6, 10, 8, 12], "rotation": 270, "texture": "#3"},
				"west": {"uv": [6, 10, 8, 12], "rotation": 270, "texture": "#3"},
				"up": {"uv": [8, 12, 6, 10], "rotation": 270, "texture": "#3"},
				"down": {"uv": [4, 3, 0, 0], "rotation": 270, "texture": "#3"}
			}
		}
	],
	"display": {
		"fixed": {
			"rotation": [-90, 0, 0],
			"translation": [0, 0, -17],
			"scale": [2, 2, 2]
		}
	}
}