{
	"credit": "Made with Blockbench",
	"textures": {
		"0": "block/oak_planks",
		"1": "block/white_wool",
		"2": "block/gray_wool",
		"5": "block/green_concrete_powder",
		"6": "block/netherrack",
		"7": "block/gold_block",
		"particle": "block/oak_planks"
	},
	"elements": [
		{
			"from": [5, 4.4, 3.2],
			"to": [10.6, 12, 8],
			"rotation": {"angle": 0, "axis": "y", "origin": [3.2, 0.8, 4]},
			"faces": {
				"north": {"uv": [1, 0, 6, 3], "texture": "#2"},
				"east": {"uv": [0, 0, 3, 5], "texture": "#2"},
				"south": {"uv": [0, 0, 3, 5], "texture": "#2"},
				"west": {"uv": [0, 0, 3, 5], "texture": "#2"},
				"up": {"uv": [13, 8, 14, 9], "texture": "#2"},
				"down": {"uv": [11, 5, 13, 6], "texture": "#2"}
			}
		},
		{
			"from": [5.8, 12, 3.6],
			"to": [9.8, 12.8, 7.6],
			"rotation": {"angle": 0, "axis": "y", "origin": [3.2, 0.8, 4]},
			"faces": {
				"north": {"uv": [1, 0, 6, 3], "texture": "#2"},
				"east": {"uv": [0, 0, 3, 5], "texture": "#2"},
				"south": {"uv": [0, 0, 3, 5], "texture": "#2"},
				"west": {"uv": [0, 0, 3, 5], "texture": "#2"},
				"up": {"uv": [13, 8, 14, 9], "texture": "#2"},
				"down": {"uv": [11, 5, 13, 6], "texture": "#2"}
			}
		},
		{
			"from": [7.4, 12.4, 0],
			"to": [8.2, 19.6, 0.8],
			"rotation": {"angle": 22.5, "axis": "x", "origin": [3.2, 0.8, 4]},
			"faces": {
				"north": {"uv": [1, 0, 6, 3], "texture": "#6"},
				"east": {"uv": [0, 0, 3, 5], "texture": "#6"},
				"south": {"uv": [0, 0, 3, 5], "texture": "#6"},
				"west": {"uv": [0, 0, 3, 5], "texture": "#6"},
				"up": {"uv": [13, 8, 14, 9], "texture": "#6"},
				"down": {"uv": [11, 5, 13, 6], "texture": "#6"}
			}
		},
		{
			"from": [4.2, 11.2, 0],
			"to": [5, 14.4, 0.8],
			"rotation": {"angle": 22.5, "axis": "x", "origin": [3.2, 0.8, 4]},
			"faces": {
				"north": {"uv": [1, 0, 6, 3], "texture": "#6"},
				"east": {"uv": [0, 0, 3, 5], "texture": "#6"},
				"south": {"uv": [0, 0, 3, 5], "texture": "#6"},
				"west": {"uv": [0, 0, 3, 5], "texture": "#6"},
				"up": {"uv": [13, 8, 14, 9], "texture": "#6"},
				"down": {"uv": [11, 5, 13, 6], "texture": "#6"}
			}
		},
		{
			"from": [3.8, 14.4, 0],
			"to": [4.6, 17.6, 0.8],
			"rotation": {"angle": 22.5, "axis": "x", "origin": [3.2, 0.8, 4]},
			"faces": {
				"north": {"uv": [1, 0, 6, 3], "texture": "#6"},
				"east": {"uv": [0, 0, 3, 5], "texture": "#6"},
				"south": {"uv": [0, 0, 3, 5], "texture": "#6"},
				"west": {"uv": [0, 0, 3, 5], "texture": "#6"},
				"up": {"uv": [13, 8, 14, 9], "texture": "#6"},
				"down": {"uv": [11, 5, 13, 6], "texture": "#6"}
			}
		},
		{
			"from": [2.6, 20.8, 0],
			"to": [3.4, 23.2, 0.8],
			"rotation": {"angle": 22.5, "axis": "x", "origin": [3.2, 0.8, 4]},
			"faces": {
				"north": {"uv": [1, 0, 6, 3], "texture": "#6"},
				"east": {"uv": [0, 0, 3, 5], "texture": "#6"},
				"south": {"uv": [0, 0, 3, 5], "texture": "#6"},
				"west": {"uv": [0, 0, 3, 5], "texture": "#6"},
				"up": {"uv": [13, 8, 14, 9], "texture": "#6"},
				"down": {"uv": [11, 5, 13, 6], "texture": "#6"}
			}
		},
		{
			"from": [2.2, 23.2, 0],
			"to": [3, 25.6, 0.8],
			"rotation": {"angle": 22.5, "axis": "x", "origin": [3.2, 0.8, 4]},
			"faces": {
				"north": {"uv": [1, 0, 6, 3], "texture": "#6"},
				"east": {"uv": [0, 0, 3, 5], "texture": "#6"},
				"south": {"uv": [0, 0, 3, 5], "texture": "#6"},
				"west": {"uv": [0, 0, 3, 5], "texture": "#6"},
				"up": {"uv": [13, 8, 14, 9], "texture": "#6"},
				"down": {"uv": [11, 5, 13, 6], "texture": "#6"}
			}
		},
		{
			"from": [1.8, 25.6, -0.2],
			"to": [3, 27.2, 1],
			"rotation": {"angle": 22.5, "axis": "x", "origin": [3.2, 0.8, 4]},
			"faces": {
				"north": {"uv": [1, 0, 6, 3], "texture": "#0"},
				"east": {"uv": [0, 0, 3, 5], "texture": "#0"},
				"south": {"uv": [0, 0, 3, 5], "texture": "#0"},
				"west": {"uv": [0, 0, 3, 5], "texture": "#0"},
				"up": {"uv": [13, 8, 14, 9], "texture": "#0"},
				"down": {"uv": [11, 5, 13, 6], "texture": "#0"}
			}
		},
		{
			"from": [3.4, 17.6, 0],
			"to": [4.2, 18.4, 0.8],
			"rotation": {"angle": 22.5, "axis": "x", "origin": [3.2, 0.8, 4]},
			"faces": {
				"north": {"uv": [1, 0, 6, 3], "texture": "#1"},
				"east": {"uv": [0, 0, 3, 5], "texture": "#1"},
				"south": {"uv": [0, 0, 3, 5], "texture": "#1"},
				"west": {"uv": [0, 0, 3, 5], "texture": "#1"},
				"up": {"uv": [13, 8, 14, 9], "texture": "#1"},
				"down": {"uv": [11, 5, 13, 6], "texture": "#1"}
			}
		},
		{
			"from": [3, 18.4, 0],
			"to": [3.8, 20.8, 0.8],
			"rotation": {"angle": 22.5, "axis": "x", "origin": [3.2, 0.8, 4]},
			"faces": {
				"north": {"uv": [1, 0, 6, 3], "texture": "#1"},
				"east": {"uv": [0, 0, 3, 5], "texture": "#1"},
				"south": {"uv": [0, 0, 3, 5], "texture": "#1"},
				"west": {"uv": [0, 0, 3, 5], "texture": "#1"},
				"up": {"uv": [13, 8, 14, 9], "texture": "#1"},
				"down": {"uv": [11, 5, 13, 6], "texture": "#1"}
			}
		},
		{
			"from": [5.4, 4.8, 2.4],
			"to": [10.2, 11.2, 3.2],
			"rotation": {"angle": 0, "axis": "y", "origin": [3.2, 0.8, 4]},
			"faces": {
				"north": {"uv": [1, 0, 6, 3], "texture": "#2"},
				"east": {"uv": [0, 0, 3, 5], "texture": "#2"},
				"south": {"uv": [0, 0, 3, 5], "texture": "#2"},
				"west": {"uv": [0, 0, 3, 5], "texture": "#2"},
				"up": {"uv": [13, 8, 14, 9], "texture": "#2"},
				"down": {"uv": [11, 5, 13, 6], "texture": "#2"}
			}
		},
		{
			"from": [6.2, 5.6, 1.6],
			"to": [9.4, 10.4, 2.4],
			"rotation": {"angle": 0, "axis": "y", "origin": [3.2, 0.8, 4]},
			"faces": {
				"north": {"uv": [1, 0, 8, 6], "texture": "#5"},
				"east": {"uv": [0, 0, 3, 5], "texture": "#5"},
				"south": {"uv": [0, 0, 3, 5], "texture": "#5"},
				"west": {"uv": [0, 0, 3, 5], "texture": "#5"},
				"up": {"uv": [13, 8, 14, 9], "texture": "#5"},
				"down": {"uv": [11, 5, 13, 6], "texture": "#5"}
			}
		},
		{
			"from": [8.8, 10.8, 2],
			"to": [9.2, 11.2, 2.8],
			"rotation": {"angle": 0, "axis": "y", "origin": [3.2, 0.8, 4]},
			"faces": {
				"north": {"uv": [1, 0, 8, 6], "texture": "#7"},
				"east": {"uv": [0, 0, 3, 5], "texture": "#7"},
				"south": {"uv": [0, 0, 3, 5], "texture": "#7"},
				"west": {"uv": [0, 0, 3, 5], "texture": "#7"},
				"up": {"uv": [13, 8, 14, 9], "texture": "#7"},
				"down": {"uv": [11, 5, 13, 6], "texture": "#7"}
			}
		},
		{
			"from": [8, 11, 2],
			"to": [8.4, 11.4, 2.8],
			"rotation": {"angle": 0, "axis": "y", "origin": [3.2, 0.8, 4]},
			"faces": {
				"north": {"uv": [1, 0, 8, 6], "texture": "#7"},
				"east": {"uv": [0, 0, 3, 5], "texture": "#7"},
				"south": {"uv": [0, 0, 3, 5], "texture": "#7"},
				"west": {"uv": [0, 0, 3, 5], "texture": "#7"},
				"up": {"uv": [13, 8, 14, 9], "texture": "#7"},
				"down": {"uv": [11, 5, 13, 6], "texture": "#7"}
			}
		},
		{
			"from": [7.2, 11, 2],
			"to": [7.6, 11.4, 2.8],
			"rotation": {"angle": 0, "axis": "y", "origin": [3.2, 0.8, 4]},
			"faces": {
				"north": {"uv": [1, 0, 8, 6], "texture": "#7"},
				"east": {"uv": [0, 0, 3, 5], "texture": "#7"},
				"south": {"uv": [0, 0, 3, 5], "texture": "#7"},
				"west": {"uv": [0, 0, 3, 5], "texture": "#7"},
				"up": {"uv": [13, 8, 14, 9], "texture": "#7"},
				"down": {"uv": [11, 5, 13, 6], "texture": "#7"}
			}
		},
		{
			"from": [6.2, 11.2, 2],
			"to": [6.8, 11.6, 2.8],
			"rotation": {"angle": 0, "axis": "y", "origin": [3.2, 0.8, 4]},
			"faces": {
				"north": {"uv": [1, 0, 8, 6], "texture": "#7"},
				"east": {"uv": [0, 0, 3, 5], "texture": "#7"},
				"south": {"uv": [0, 0, 3, 5], "texture": "#7"},
				"west": {"uv": [0, 0, 3, 5], "texture": "#7"},
				"up": {"uv": [13, 8, 14, 9], "texture": "#7"},
				"down": {"uv": [11, 5, 13, 6], "texture": "#7"}
			}
		},
		{
			"from": [10.2, 5.4, 3],
			"to": [11, 12, 7.8],
			"rotation": {"angle": 0, "axis": "y", "origin": [3.2, 0.8, 4]},
			"faces": {
				"north": {"uv": [1, 0, 6, 3], "texture": "#2"},
				"east": {"uv": [0, 0, 3, 5], "texture": "#2"},
				"south": {"uv": [0, 0, 3, 5], "texture": "#2"},
				"west": {"uv": [0, 0, 3, 5], "texture": "#2"},
				"up": {"uv": [13, 8, 14, 9], "texture": "#2"},
				"down": {"uv": [11, 5, 13, 6], "texture": "#2"}
			}
		},
		{
			"from": [11, 5.4, 2.8],
			"to": [12.6, 10.4, 7.6],
			"rotation": {"angle": 0, "axis": "y", "origin": [3.2, 0.8, 4]},
			"faces": {
				"north": {"uv": [1, 0, 6, 3], "texture": "#2"},
				"east": {"uv": [0, 0, 3, 5], "texture": "#2"},
				"south": {"uv": [0, 0, 3, 5], "texture": "#2"},
				"west": {"uv": [0, 0, 3, 5], "texture": "#2"},
				"up": {"uv": [13, 8, 14, 9], "texture": "#2"},
				"down": {"uv": [11, 5, 13, 6], "texture": "#2"}
			}
		},
		{
			"from": [13.4, 6.2, 3.2],
			"to": [15, 7.8, 8],
			"rotation": {"angle": 22.5, "axis": "z", "origin": [3.2, 0.8, 4]},
			"faces": {
				"north": {"uv": [1, 0, 6, 3], "texture": "#2"},
				"east": {"uv": [0, 0, 3, 5], "texture": "#2"},
				"south": {"uv": [0, 0, 3, 5], "texture": "#2"},
				"west": {"uv": [0, 0, 3, 5], "texture": "#2"},
				"up": {"uv": [13, 8, 14, 9], "texture": "#2"},
				"down": {"uv": [11, 5, 13, 6], "texture": "#2"}
			}
		}
	],
	"display": {
		"thirdperson_righthand": {
			"rotation": [90, 0, 0],
			"translation": [-7, 2, 1]
		},
		"thirdperson_lefthand": {
			"rotation": [90, 0, 8],
			"translation": [-3, 0, 0],
			"scale": [0.9, 0.9, 0.9]
		}
	}
}