{
	"credit": "Made with Blockbench",
	"textures": {
		"1": "block/lime_terracotta",
		"2": "custom/em5",
		"particle": "custom/em1"
	},
	"elements": [
		{
			"from": [1, 6, 7],
			"to": [15, 14, 7.5],
			"faces": {
				"north": {"uv": [6, 1, 7, 2], "texture": "#2"},
				"east": {"uv": [0, 0, 1, 6], "texture": "#1"},
				"south": {"uv": [0, 0, 16, 16], "texture": "#2"},
				"west": {"uv": [0, 0, 1, 6], "texture": "#1"},
				"up": {"uv": [0, 0, 10, 1], "texture": "#1"},
				"down": {"uv": [0, 0, 10, 1], "texture": "#missing"}
			}
		}
	],
	"display": {
		"thirdperson_righthand": {
			"rotation": [0, -90, 0],
			"scale": [0.5, 0.5, 0.5]
		},
		"thirdperson_lefthand": {
			"rotation": [0, -86, 0],
			"scale": [0.5, 0.5, 0.5]
		},
		"firstperson_righthand": {
			"rotation": [0, -75, 0],
			"translation": [0, 3, 0],
			"scale": [0.75, 0.75, 0.75]
		},
		"firstperson_lefthand": {
			"rotation": [0, -75, 0],
			"translation": [0, 3, 0],
			"scale": [0.75, 0.75, 0.75]
		},
		"ground": {
			"rotation": [-85, 0, 0],
			"translation": [0, -3, 0],
			"scale": [0.8, 0.8, 0.8]
		},
		"gui": {
			"translation": [0, -2, 0],
			"scale": [1.4, 1.4, 1.4]
		},
		"head": {
			"rotation": [0, 180, 0]
		},
		"fixed": {
			"rotation": [0, 180, 0],
			"translation": [0, 0, -2],
			"scale": [2, 2, 2]
		}
	}
}