{
    "parent": "item/handheld",
    "textures": {
        "layer0": "item/emerald"
    },
        "overrides": [
						{ "predicate": { "custom_model_data": 1}, "model": "item/em1"},
						{ "predicate": { "custom_model_data": 2}, "model": "item/em2"},
						{ "predicate": { "custom_model_data": 3}, "model": "item/em3"},
						{ "predicate": { "custom_model_data": 4}, "model": "item/em4"},
						{ "predicate": { "custom_model_data": 5}, "model": "item/em5"},
						{ "predicate": { "custom_model_data": 6}, "model": "item/em6"}
        ]
}