{
	"credit": "Made with Blockbench",
	"textures": {
		"1": "block/yellow_terracotta",
		"2": "block/glass",
		"3": "block/gray_wool",
		"4": "block/cyan_terracotta",
		"5": "block/andesite",
		"6": "block/red_concrete_powder",
		"7": "block/light_gray_concrete",
		"particle": "block/quartz_block_bottom"
	},
	"elements": [
		{
			"from": [1, 6, 2],
			"to": [14, 7, 21],
			"rotation": {"angle": 0, "axis": "y", "origin": [0, 1, 2]},
			"faces": {
				"north": {"uv": [0, 0, 13, 1], "texture": "#4"},
				"east": {"uv": [0, 0, 16, 1], "texture": "#4"},
				"south": {"uv": [0, 0, 13, 1], "texture": "#4"},
				"west": {"uv": [0, 0, 16, 1], "texture": "#4"},
				"up": {"uv": [0, 0, 13, 16], "texture": "#4"},
				"down": {"uv": [0, 0, 13, 16], "texture": "#4"}
			}
		},
		{
			"from": [3, 5, 5],
			"to": [12, 6, 14],
			"rotation": {"angle": 0, "axis": "y", "origin": [0, 1, 2]},
			"faces": {
				"north": {"uv": [0, 0, 9, 1], "texture": "#5"},
				"east": {"uv": [0, 0, 9, 1], "texture": "#5"},
				"south": {"uv": [0, 0, 9, 1], "texture": "#5"},
				"west": {"uv": [0, 0, 9, 1], "texture": "#5"},
				"up": {"uv": [0, 0, 9, 9], "texture": "#5"},
				"down": {"uv": [0, 0, 9, 9], "texture": "#5"}
			}
		},
		{
			"from": [0, 3, 3],
			"to": [15, 5, 16],
			"rotation": {"angle": 0, "axis": "y", "origin": [0, 0, 2]},
			"faces": {
				"north": {"uv": [0, 0, 15, 2], "texture": "#7"},
				"east": {"uv": [0, 0, 13, 2], "texture": "#7"},
				"south": {"uv": [0, 0, 15, 2], "texture": "#7"},
				"west": {"uv": [0, 0, 13, 2], "texture": "#7"},
				"up": {"uv": [0, 0, 15, 13], "texture": "#7"},
				"down": {"uv": [0, 0, 15, 13], "texture": "#7"}
			}
		},
		{
			"from": [0, 1.5, 3],
			"to": [1, 3.5, 16],
			"rotation": {"angle": 0, "axis": "y", "origin": [0, 0, 2]},
			"faces": {
				"north": {"uv": [0, 0, 1, 2], "texture": "#7"},
				"east": {"uv": [0, 0, 13, 2], "texture": "#7"},
				"south": {"uv": [0, 0, 1, 2], "texture": "#7"},
				"west": {"uv": [0, 0, 13, 2], "texture": "#7"},
				"up": {"uv": [0, 0, 1, 13], "texture": "#7"},
				"down": {"uv": [0, 0, 1, 13], "texture": "#7"}
			}
		},
		{
			"from": [14, 1.5, 3],
			"to": [15, 3.5, 16],
			"rotation": {"angle": 0, "axis": "y", "origin": [0, 0, 2]},
			"faces": {
				"north": {"uv": [0, 0, 1, 2], "texture": "#7"},
				"east": {"uv": [0, 0, 13, 2], "texture": "#7"},
				"south": {"uv": [0, 0, 1, 2], "texture": "#7"},
				"west": {"uv": [0, 0, 13, 2], "texture": "#7"},
				"up": {"uv": [0, 0, 1, 13], "texture": "#7"},
				"down": {"uv": [0, 0, 1, 13], "texture": "#7"}
			}
		},
		{
			"from": [-2, 1, -2.5],
			"to": [0, 3, 23.5],
			"rotation": {"angle": 0, "axis": "y", "origin": [0, 0, 2]},
			"faces": {
				"north": {"uv": [0, 0, 2, 2], "texture": "#5"},
				"east": {"uv": [0, 0, 16, 2], "texture": "#5"},
				"south": {"uv": [0, 0, 2, 2], "texture": "#5"},
				"west": {"uv": [0, 0, 16, 2], "texture": "#5"},
				"up": {"uv": [0, 0, 2, 16], "texture": "#5"},
				"down": {"uv": [0, 0, 2, 16], "texture": "#5"}
			}
		},
		{
			"from": [-2.5, 4.5, -2],
			"to": [0.5, 5, 23],
			"rotation": {"angle": 0, "axis": "y", "origin": [0, 0, 2]},
			"faces": {
				"north": {"uv": [0, 0, 3, 0.5], "texture": "#5"},
				"east": {"uv": [0, 0, 16, 0.5], "texture": "#5"},
				"south": {"uv": [0, 0, 3, 0.5], "texture": "#5"},
				"west": {"uv": [0, 0, 16, 0.5], "texture": "#5"},
				"up": {"uv": [0, 0, 1, 16], "texture": "#5"},
				"down": {"uv": [0, 0, 3, 16], "texture": "#5"}
			}
		},
		{
			"from": [-2.5, 0, -2.5],
			"to": [0.5, 1, -2],
			"rotation": {"angle": 0, "axis": "y", "origin": [0, 0, 2]},
			"faces": {
				"north": {"uv": [0, 0, 3, 0.5], "texture": "#5"},
				"east": {"uv": [0, 0, 16, 0.5], "texture": "#5"},
				"south": {"uv": [0, 0, 3, 0.5], "texture": "#5"},
				"west": {"uv": [0, 0, 16, 0.5], "texture": "#5"},
				"up": {"uv": [0, 0, 1, 16], "texture": "#5"},
				"down": {"uv": [0, 0, 3, 16], "texture": "#5"}
			}
		},
		{
			"from": [-2.5, 3.5, -2.5],
			"to": [0.5, 4.5, -2],
			"rotation": {"angle": 0, "axis": "y", "origin": [0, 0, 2]},
			"faces": {
				"north": {"uv": [0, 0, 3, 0.5], "texture": "#5"},
				"east": {"uv": [0, 0, 16, 0.5], "texture": "#5"},
				"south": {"uv": [0, 0, 3, 0.5], "texture": "#5"},
				"west": {"uv": [0, 0, 16, 0.5], "texture": "#5"},
				"up": {"uv": [0, 0, 1, 16], "texture": "#5"},
				"down": {"uv": [0, 0, 3, 16], "texture": "#5"}
			}
		},
		{
			"from": [-2.5, 1, -3],
			"to": [0.5, 3.5, -2.5],
			"rotation": {"angle": 0, "axis": "y", "origin": [0, 0, 2]},
			"faces": {
				"north": {"uv": [0, 0, 3, 0.5], "texture": "#5"},
				"east": {"uv": [0, 0, 16, 0.5], "texture": "#5"},
				"south": {"uv": [0, 0, 3, 0.5], "texture": "#5"},
				"west": {"uv": [0, 0, 16, 0.5], "texture": "#5"},
				"up": {"uv": [0, 0, 1, 16], "texture": "#5"},
				"down": {"uv": [0, 0, 3, 16], "texture": "#5"}
			}
		},
		{
			"from": [-2.5, 3.5, 23],
			"to": [0.5, 4.5, 23.5],
			"rotation": {"angle": 0, "axis": "y", "origin": [0, 0, 2]},
			"faces": {
				"north": {"uv": [0, 0, 3, 0.5], "texture": "#5"},
				"east": {"uv": [0, 0, 16, 0.5], "texture": "#5"},
				"south": {"uv": [0, 0, 3, 0.5], "texture": "#5"},
				"west": {"uv": [0, 0, 16, 0.5], "texture": "#5"},
				"up": {"uv": [0, 0, 1, 16], "texture": "#5"},
				"down": {"uv": [0, 0, 3, 16], "texture": "#5"}
			}
		},
		{
			"from": [-2.5, 1, 23.5],
			"to": [0.5, 3.5, 24],
			"rotation": {"angle": 0, "axis": "y", "origin": [0, 0, 2]},
			"faces": {
				"north": {"uv": [0, 0, 3, 0.5], "texture": "#5"},
				"east": {"uv": [0, 0, 16, 0.5], "texture": "#5"},
				"south": {"uv": [0, 0, 3, 0.5], "texture": "#5"},
				"west": {"uv": [0, 0, 16, 0.5], "texture": "#5"},
				"up": {"uv": [0, 0, 1, 16], "texture": "#5"},
				"down": {"uv": [0, 0, 3, 16], "texture": "#5"}
			}
		},
		{
			"from": [-2.5, 0, 23],
			"to": [0.5, 1, 23.5],
			"rotation": {"angle": 0, "axis": "y", "origin": [0, 0, 2]},
			"faces": {
				"north": {"uv": [0, 0, 3, 0.5], "texture": "#5"},
				"east": {"uv": [0, 0, 16, 0.5], "texture": "#5"},
				"south": {"uv": [0, 0, 3, 0.5], "texture": "#5"},
				"west": {"uv": [0, 0, 16, 0.5], "texture": "#5"},
				"up": {"uv": [0, 0, 1, 16], "texture": "#5"},
				"down": {"uv": [0, 0, 3, 16], "texture": "#5"}
			}
		},
		{
			"from": [14.5, 3.5, 23],
			"to": [17.5, 4.5, 23.5],
			"rotation": {"angle": 0, "axis": "y", "origin": [0, 0, 2]},
			"faces": {
				"north": {"uv": [0, 0, 3, 0.5], "texture": "#5"},
				"east": {"uv": [0, 0, 16, 0.5], "texture": "#5"},
				"south": {"uv": [0, 0, 3, 0.5], "texture": "#5"},
				"west": {"uv": [0, 0, 16, 0.5], "texture": "#5"},
				"up": {"uv": [0, 0, 1, 16], "texture": "#5"},
				"down": {"uv": [0, 0, 3, 16], "texture": "#5"}
			}
		},
		{
			"from": [14.5, 1, 23.5],
			"to": [17.5, 3.5, 24],
			"rotation": {"angle": 0, "axis": "y", "origin": [0, 0, 2]},
			"faces": {
				"north": {"uv": [0, 0, 3, 0.5], "texture": "#5"},
				"east": {"uv": [0, 0, 16, 0.5], "texture": "#5"},
				"south": {"uv": [0, 0, 3, 0.5], "texture": "#5"},
				"west": {"uv": [0, 0, 16, 0.5], "texture": "#5"},
				"up": {"uv": [0, 0, 1, 16], "texture": "#5"},
				"down": {"uv": [0, 0, 3, 16], "texture": "#5"}
			}
		},
		{
			"from": [14.5, 0, 23],
			"to": [17.5, 1, 23.5],
			"rotation": {"angle": 0, "axis": "y", "origin": [0, 0, 2]},
			"faces": {
				"north": {"uv": [0, 0, 3, 0.5], "texture": "#5"},
				"east": {"uv": [0, 0, 16, 0.5], "texture": "#5"},
				"south": {"uv": [0, 0, 3, 0.5], "texture": "#5"},
				"west": {"uv": [0, 0, 16, 0.5], "texture": "#5"},
				"up": {"uv": [0, 0, 1, 16], "texture": "#5"},
				"down": {"uv": [0, 0, 3, 16], "texture": "#5"}
			}
		},
		{
			"from": [-2.5, -0.5, -2],
			"to": [0.5, 0, 23],
			"rotation": {"angle": 0, "axis": "y", "origin": [0, 0, 2]},
			"faces": {
				"north": {"uv": [0, 0, 3, 0.5], "texture": "#5"},
				"east": {"uv": [0, 0, 16, 0.5], "texture": "#5"},
				"south": {"uv": [0, 0, 3, 0.5], "texture": "#5"},
				"west": {"uv": [0, 0, 16, 0.5], "texture": "#5"},
				"up": {"uv": [0, 0, 1, 16], "texture": "#5"},
				"down": {"uv": [0, 0, 3, 16], "texture": "#5"}
			}
		},
		{
			"from": [-1.5, -0.5, -2],
			"to": [-0.5, 4.5, 3],
			"rotation": {"angle": 0, "axis": "y", "origin": [0, 0, 2]},
			"faces": {
				"north": {"uv": [0, 0, 1, 5], "texture": "#7"},
				"east": {"uv": [0, 0, 5, 5], "texture": "#7"},
				"south": {"uv": [0, 0, 1, 5], "texture": "#7"},
				"west": {"uv": [0, 0, 5, 5], "texture": "#7"},
				"up": {"uv": [0, 0, 1, 5], "texture": "#7"},
				"down": {"uv": [0, 0, 1, 5], "texture": "#7"}
			}
		},
		{
			"from": [-1.5, -0.5, 18],
			"to": [-0.5, 4.5, 23],
			"rotation": {"angle": 0, "axis": "y", "origin": [0, 0, 2]},
			"faces": {
				"north": {"uv": [0, 0, 1, 5], "texture": "#7"},
				"east": {"uv": [0, 0, 5, 5], "texture": "#7"},
				"south": {"uv": [0, 0, 1, 5], "texture": "#7"},
				"west": {"uv": [0, 0, 5, 5], "texture": "#7"},
				"up": {"uv": [0, 0, 1, 5], "texture": "#7"},
				"down": {"uv": [0, 0, 1, 5], "texture": "#7"}
			}
		},
		{
			"from": [-1.5, 0, 13.5],
			"to": [-0.5, 1, 15.5],
			"rotation": {"angle": 0, "axis": "y", "origin": [0, 0, 2]},
			"faces": {
				"north": {"uv": [0, 0, 1, 1], "texture": "#7"},
				"east": {"uv": [0, 0, 2, 1], "texture": "#7"},
				"south": {"uv": [0, 0, 1, 1], "texture": "#7"},
				"west": {"uv": [0, 0, 2, 1], "texture": "#7"},
				"up": {"uv": [0, 0, 1, 2], "texture": "#7"},
				"down": {"uv": [0, 0, 1, 2], "texture": "#7"}
			}
		},
		{
			"from": [-1.5, 0, 10.5],
			"to": [-0.5, 1, 12.5],
			"rotation": {"angle": 0, "axis": "y", "origin": [0, 0, 2]},
			"faces": {
				"north": {"uv": [0, 0, 1, 1], "texture": "#7"},
				"east": {"uv": [0, 0, 2, 1], "texture": "#7"},
				"south": {"uv": [0, 0, 1, 1], "texture": "#7"},
				"west": {"uv": [0, 0, 2, 1], "texture": "#7"},
				"up": {"uv": [0, 0, 1, 2], "texture": "#7"},
				"down": {"uv": [0, 0, 1, 2], "texture": "#7"}
			}
		},
		{
			"from": [-1.5, 0, 7.5],
			"to": [-0.5, 1, 9.5],
			"rotation": {"angle": 0, "axis": "y", "origin": [0, 0, 2]},
			"faces": {
				"north": {"uv": [0, 0, 1, 1], "texture": "#7"},
				"east": {"uv": [0, 0, 2, 1], "texture": "#7"},
				"south": {"uv": [0, 0, 1, 1], "texture": "#7"},
				"west": {"uv": [0, 0, 2, 1], "texture": "#7"},
				"up": {"uv": [0, 0, 1, 2], "texture": "#7"},
				"down": {"uv": [0, 0, 1, 2], "texture": "#7"}
			}
		},
		{
			"from": [-1.5, 0, 4.5],
			"to": [-0.5, 1, 6.5],
			"rotation": {"angle": 0, "axis": "y", "origin": [0, 0, 2]},
			"faces": {
				"north": {"uv": [0, 0, 1, 1], "texture": "#7"},
				"east": {"uv": [0, 0, 2, 1], "texture": "#7"},
				"south": {"uv": [0, 0, 1, 1], "texture": "#7"},
				"west": {"uv": [0, 0, 2, 1], "texture": "#7"},
				"up": {"uv": [0, 0, 1, 2], "texture": "#7"},
				"down": {"uv": [0, 0, 1, 2], "texture": "#7"}
			}
		},
		{
			"from": [-1.5, 3, 13.5],
			"to": [-0.5, 4.5, 15.5],
			"rotation": {"angle": 0, "axis": "y", "origin": [0, 0, 2]},
			"faces": {
				"north": {"uv": [0, 0, 1, 1.5], "texture": "#7"},
				"east": {"uv": [0, 0, 2, 1.5], "texture": "#7"},
				"south": {"uv": [0, 0, 1, 1.5], "texture": "#7"},
				"west": {"uv": [0, 0, 2, 1.5], "texture": "#7"},
				"up": {"uv": [0, 0, 1, 2], "texture": "#7"},
				"down": {"uv": [0, 0, 1, 2], "texture": "#7"}
			}
		},
		{
			"from": [-1.5, 3, 10.5],
			"to": [-0.5, 4.5, 12.5],
			"rotation": {"angle": 0, "axis": "y", "origin": [0, 0, 2]},
			"faces": {
				"north": {"uv": [0, 0, 1, 1.5], "texture": "#7"},
				"east": {"uv": [0, 0, 2, 1.5], "texture": "#7"},
				"south": {"uv": [0, 0, 1, 1.5], "texture": "#7"},
				"west": {"uv": [0, 0, 2, 1.5], "texture": "#7"},
				"up": {"uv": [0, 0, 1, 2], "texture": "#7"},
				"down": {"uv": [0, 0, 1, 2], "texture": "#7"}
			}
		},
		{
			"from": [-1.5, 3, 7.5],
			"to": [-0.5, 4.5, 9.5],
			"rotation": {"angle": 0, "axis": "y", "origin": [0, 0, 2]},
			"faces": {
				"north": {"uv": [0, 0, 1, 1.5], "texture": "#7"},
				"east": {"uv": [0, 0, 2, 1.5], "texture": "#7"},
				"south": {"uv": [0, 0, 1, 1.5], "texture": "#7"},
				"west": {"uv": [0, 0, 2, 1.5], "texture": "#7"},
				"up": {"uv": [0, 0, 1, 2], "texture": "#7"},
				"down": {"uv": [0, 0, 1, 2], "texture": "#7"}
			}
		},
		{
			"from": [-1.5, 3, 4.5],
			"to": [-0.5, 4.5, 6.5],
			"rotation": {"angle": 0, "axis": "y", "origin": [0, 0, 2]},
			"faces": {
				"north": {"uv": [0, 0, 1, 1.5], "texture": "#5"},
				"east": {"uv": [0, 0, 2, 1.5], "texture": "#5"},
				"south": {"uv": [0, 0, 1, 1.5], "texture": "#5"},
				"west": {"uv": [0, 0, 2, 1.5], "texture": "#5"},
				"up": {"uv": [0, 0, 5, 4], "texture": "#5"},
				"down": {"uv": [0, 0, 1, 2], "texture": "#5"}
			}
		},
		{
			"from": [14.5, 4.5, -2],
			"to": [17.5, 5, 23],
			"rotation": {"angle": 0, "axis": "y", "origin": [0, 0, 2]},
			"faces": {
				"north": {"uv": [0, 0, 3, 0.5], "texture": "#5"},
				"east": {"uv": [0, 0, 16, 0.5], "texture": "#5"},
				"south": {"uv": [0, 0, 3, 0.5], "texture": "#5"},
				"west": {"uv": [0, 0, 16, 0.5], "texture": "#5"},
				"up": {"uv": [0, 0, 1, 16], "texture": "#5"},
				"down": {"uv": [0, 0, 3, 16], "texture": "#5"}
			}
		},
		{
			"from": [15.5, -0.5, 18],
			"to": [16.5, 4.5, 23],
			"rotation": {"angle": 0, "axis": "y", "origin": [0, 0, 2]},
			"faces": {
				"north": {"uv": [0, 0, 1, 5], "texture": "#7"},
				"east": {"uv": [0, 0, 5, 5], "texture": "#7"},
				"south": {"uv": [0, 0, 1, 5], "texture": "#7"},
				"west": {"uv": [0, 0, 5, 5], "texture": "#7"},
				"up": {"uv": [0, 0, 1, 5], "texture": "#7"},
				"down": {"uv": [0, 0, 1, 5], "texture": "#7"}
			}
		},
		{
			"from": [15.5, 3, 13.5],
			"to": [16.5, 4.5, 15.5],
			"rotation": {"angle": 0, "axis": "y", "origin": [0, 0, 2]},
			"faces": {
				"north": {"uv": [0, 0, 1, 1.5], "texture": "#7"},
				"east": {"uv": [0, 0, 2, 1.5], "texture": "#7"},
				"south": {"uv": [0, 0, 1, 1.5], "texture": "#7"},
				"west": {"uv": [0, 0, 2, 1.5], "texture": "#7"},
				"up": {"uv": [0, 0, 1, 2], "texture": "#7"},
				"down": {"uv": [0, 0, 1, 2], "texture": "#7"}
			}
		},
		{
			"from": [15.5, 3, 10.5],
			"to": [16.5, 4.5, 12.5],
			"rotation": {"angle": 0, "axis": "y", "origin": [0, 0, 2]},
			"faces": {
				"north": {"uv": [0, 0, 1, 1.5], "texture": "#7"},
				"east": {"uv": [0, 0, 2, 1.5], "texture": "#7"},
				"south": {"uv": [0, 0, 1, 1.5], "texture": "#7"},
				"west": {"uv": [0, 0, 2, 1.5], "texture": "#7"},
				"up": {"uv": [0, 0, 1, 2], "texture": "#7"},
				"down": {"uv": [0, 0, 1, 2], "texture": "#7"}
			}
		},
		{
			"from": [15.5, 3, 7.5],
			"to": [16.5, 4.5, 9.5],
			"rotation": {"angle": 0, "axis": "y", "origin": [0, 0, 2]},
			"faces": {
				"north": {"uv": [0, 0, 1, 1.5], "texture": "#7"},
				"east": {"uv": [0, 0, 2, 1.5], "texture": "#7"},
				"south": {"uv": [0, 0, 1, 1.5], "texture": "#7"},
				"west": {"uv": [0, 0, 2, 1.5], "texture": "#7"},
				"up": {"uv": [0, 0, 1, 2], "texture": "#7"},
				"down": {"uv": [0, 0, 1, 2], "texture": "#7"}
			}
		},
		{
			"from": [15.5, 3, 4.5],
			"to": [16.5, 4.5, 6.5],
			"rotation": {"angle": 0, "axis": "y", "origin": [0, 0, 2]},
			"faces": {
				"north": {"uv": [0, 0, 1, 1.5], "texture": "#5"},
				"east": {"uv": [0, 0, 2, 1.5], "texture": "#5"},
				"south": {"uv": [0, 0, 1, 1.5], "texture": "#5"},
				"west": {"uv": [0, 0, 2, 1.5], "texture": "#5"},
				"up": {"uv": [0, 0, 5, 4], "texture": "#5"},
				"down": {"uv": [0, 0, 1, 2], "texture": "#5"}
			}
		},
		{
			"from": [14.5, 3.5, -2.5],
			"to": [17.5, 4.5, -2],
			"rotation": {"angle": 0, "axis": "y", "origin": [0, 0, 2]},
			"faces": {
				"north": {"uv": [0, 0, 3, 0.5], "texture": "#5"},
				"east": {"uv": [0, 0, 16, 0.5], "texture": "#5"},
				"south": {"uv": [0, 0, 3, 0.5], "texture": "#5"},
				"west": {"uv": [0, 0, 16, 0.5], "texture": "#5"},
				"up": {"uv": [0, 0, 1, 16], "texture": "#5"},
				"down": {"uv": [0, 0, 3, 16], "texture": "#5"}
			}
		},
		{
			"from": [14.5, 0, -2.5],
			"to": [17.5, 1, -2],
			"rotation": {"angle": 0, "axis": "y", "origin": [0, 0, 2]},
			"faces": {
				"north": {"uv": [0, 0, 3, 0.5], "texture": "#5"},
				"east": {"uv": [0, 0, 16, 0.5], "texture": "#5"},
				"south": {"uv": [0, 0, 3, 0.5], "texture": "#5"},
				"west": {"uv": [0, 0, 16, 0.5], "texture": "#5"},
				"up": {"uv": [0, 0, 1, 16], "texture": "#5"},
				"down": {"uv": [0, 0, 3, 16], "texture": "#5"}
			}
		},
		{
			"from": [14.5, 1, -3],
			"to": [17.5, 3.5, -2.5],
			"rotation": {"angle": 0, "axis": "y", "origin": [0, 0, 2]},
			"faces": {
				"north": {"uv": [0, 0, 3, 0.5], "texture": "#5"},
				"east": {"uv": [0, 0, 16, 0.5], "texture": "#5"},
				"south": {"uv": [0, 0, 3, 0.5], "texture": "#5"},
				"west": {"uv": [0, 0, 16, 0.5], "texture": "#5"},
				"up": {"uv": [0, 0, 1, 16], "texture": "#5"},
				"down": {"uv": [0, 0, 3, 16], "texture": "#5"}
			}
		},
		{
			"from": [15, 1, -2.5],
			"to": [17, 3, 23.5],
			"rotation": {"angle": 0, "axis": "y", "origin": [0, 0, 2]},
			"faces": {
				"north": {"uv": [0, 0, 2, 2], "texture": "#5"},
				"east": {"uv": [0, 0, 16, 2], "texture": "#5"},
				"south": {"uv": [0, 0, 2, 2], "texture": "#5"},
				"west": {"uv": [0, 0, 16, 2], "texture": "#5"},
				"up": {"uv": [0, 0, 2, 16], "texture": "#5"},
				"down": {"uv": [0, 0, 2, 16], "texture": "#5"}
			}
		},
		{
			"from": [14.5, -0.5, -2],
			"to": [17.5, 0, 23],
			"rotation": {"angle": 0, "axis": "y", "origin": [0, 0, 2]},
			"faces": {
				"north": {"uv": [0, 0, 3, 0.5], "texture": "#5"},
				"east": {"uv": [0, 0, 16, 0.5], "texture": "#5"},
				"south": {"uv": [0, 0, 3, 0.5], "texture": "#5"},
				"west": {"uv": [0, 0, 16, 0.5], "texture": "#5"},
				"up": {"uv": [0, 0, 1, 16], "texture": "#5"},
				"down": {"uv": [0, 0, 3, 16], "texture": "#5"}
			}
		},
		{
			"from": [15.5, 0, 4.5],
			"to": [16.5, 1, 6.5],
			"rotation": {"angle": 0, "axis": "y", "origin": [0, 0, 2]},
			"faces": {
				"north": {"uv": [0, 0, 1, 1], "texture": "#7"},
				"east": {"uv": [0, 0, 2, 1], "texture": "#7"},
				"south": {"uv": [0, 0, 1, 1], "texture": "#7"},
				"west": {"uv": [0, 0, 2, 1], "texture": "#7"},
				"up": {"uv": [0, 0, 1, 2], "texture": "#7"},
				"down": {"uv": [0, 0, 1, 2], "texture": "#7"}
			}
		},
		{
			"from": [15.5, 0, 7.5],
			"to": [16.5, 1, 9.5],
			"rotation": {"angle": 0, "axis": "y", "origin": [0, 0, 2]},
			"faces": {
				"north": {"uv": [0, 0, 1, 1], "texture": "#7"},
				"east": {"uv": [0, 0, 2, 1], "texture": "#7"},
				"south": {"uv": [0, 0, 1, 1], "texture": "#7"},
				"west": {"uv": [0, 0, 2, 1], "texture": "#7"},
				"up": {"uv": [0, 0, 1, 2], "texture": "#7"},
				"down": {"uv": [0, 0, 1, 2], "texture": "#7"}
			}
		},
		{
			"from": [15.5, -0.5, -2],
			"to": [16.5, 4.5, 3],
			"rotation": {"angle": 0, "axis": "y", "origin": [0, 0, 2]},
			"faces": {
				"north": {"uv": [0, 0, 1, 5], "texture": "#7"},
				"east": {"uv": [0, 0, 5, 5], "texture": "#7"},
				"south": {"uv": [0, 0, 1, 5], "texture": "#7"},
				"west": {"uv": [0, 0, 5, 5], "texture": "#7"},
				"up": {"uv": [0, 0, 1, 5], "texture": "#7"},
				"down": {"uv": [0, 0, 1, 5], "texture": "#7"}
			}
		},
		{
			"from": [15.5, 0, 10.5],
			"to": [16.5, 1, 12.5],
			"rotation": {"angle": 0, "axis": "y", "origin": [0, 0, 2]},
			"faces": {
				"north": {"uv": [0, 0, 1, 1], "texture": "#7"},
				"east": {"uv": [0, 0, 2, 1], "texture": "#7"},
				"south": {"uv": [0, 0, 1, 1], "texture": "#7"},
				"west": {"uv": [0, 0, 2, 1], "texture": "#7"},
				"up": {"uv": [0, 0, 1, 2], "texture": "#7"},
				"down": {"uv": [0, 0, 1, 2], "texture": "#7"}
			}
		},
		{
			"from": [15.5, 0, 13.5],
			"to": [16.5, 1, 15.5],
			"rotation": {"angle": 0, "axis": "y", "origin": [0, 0, 2]},
			"faces": {
				"north": {"uv": [0, 0, 1, 1], "texture": "#7"},
				"east": {"uv": [0, 0, 2, 1], "texture": "#7"},
				"south": {"uv": [0, 0, 1, 1], "texture": "#7"},
				"west": {"uv": [0, 0, 2, 1], "texture": "#7"},
				"up": {"uv": [0, 0, 1, 2], "texture": "#7"},
				"down": {"uv": [0, 0, 1, 2], "texture": "#7"}
			}
		},
		{
			"from": [0.75, 7, 2],
			"to": [1.25, 10, 18],
			"rotation": {"angle": 0, "axis": "z", "origin": [0, 1, 2]},
			"faces": {
				"north": {"uv": [0, 0, 0.5, 3], "texture": "#1"},
				"east": {"uv": [0, 0, 16, 3], "texture": "#1"},
				"south": {"uv": [0, 0, 0.5, 3], "texture": "#1"},
				"west": {"uv": [0, 0, 16, 3], "texture": "#1"},
				"up": {"uv": [0, 0, 0.5, 16], "texture": "#1"},
				"down": {"uv": [0, 0, 0.5, 16], "texture": "#1"}
			}
		},
		{
			"from": [0.75, 7, 1.5],
			"to": [1.25, 14, 2],
			"rotation": {"angle": 0, "axis": "z", "origin": [0, 1, 2]},
			"faces": {
				"north": {"uv": [0, 0, 0.5, 7], "texture": "#3"},
				"east": {"uv": [0, 0, 0.5, 7], "texture": "#3"},
				"south": {"uv": [0, 0, 0.5, 7], "texture": "#3"},
				"west": {"uv": [0, 0, 0.5, 7], "texture": "#3"},
				"up": {"uv": [0, 0, 0.5, 0.5], "texture": "#3"},
				"down": {"uv": [0, 0, 0.5, 0.5], "texture": "#3"}
			}
		},
		{
			"from": [0.75, 10, 9.5],
			"to": [1.25, 19.5, 10],
			"rotation": {"angle": 0, "axis": "z", "origin": [0, 1, 2]},
			"faces": {
				"north": {"uv": [0, 0, 0.5, 9.5], "texture": "#3"},
				"east": {"uv": [0, 0, 0.5, 9.5], "texture": "#3"},
				"south": {"uv": [0, 0, 0.5, 9.5], "texture": "#3"},
				"west": {"uv": [0, 0, 0.5, 9.5], "texture": "#3"},
				"up": {"uv": [0, 0, 0.5, 0.5], "texture": "#3"},
				"down": {"uv": [0, 0, 0.5, 0.5], "texture": "#3"}
			}
		},
		{
			"from": [0.75, 13, 16.5],
			"to": [1.25, 13.75, 16.75],
			"rotation": {"angle": 0, "axis": "z", "origin": [0, 1, 2]},
			"faces": {
				"north": {"uv": [0, 0, 0.5, 2.5], "texture": "#3"},
				"east": {"uv": [0, 0, 0.5, 2.5], "texture": "#3"},
				"south": {"uv": [0, 0, 0.5, 2.5], "texture": "#3"},
				"west": {"uv": [0, 0, 0.5, 1.5], "texture": "#3"},
				"up": {"uv": [0, 0, 0.5, 0.5], "texture": "#3"},
				"down": {"uv": [0, 0, 0.5, 0.5], "texture": "#3"}
			}
		},
		{
			"from": [0.75, 13, 17],
			"to": [1.25, 13.75, 17.25],
			"rotation": {"angle": 0, "axis": "z", "origin": [0, 1, 2]},
			"faces": {
				"north": {"uv": [0, 0, 0.5, 2.5], "texture": "#3"},
				"east": {"uv": [0, 0, 0.5, 2.5], "texture": "#3"},
				"south": {"uv": [0, 0, 0.5, 2.5], "texture": "#3"},
				"west": {"uv": [0, 0, 0.5, 1.5], "texture": "#3"},
				"up": {"uv": [0, 0, 0.5, 0.5], "texture": "#3"},
				"down": {"uv": [0, 0, 0.5, 0.5], "texture": "#3"}
			}
		},
		{
			"from": [0.75, 13, 17.5],
			"to": [1.25, 13.75, 17.75],
			"rotation": {"angle": 0, "axis": "z", "origin": [0, 1, 2]},
			"faces": {
				"north": {"uv": [0, 0, 0.5, 2.5], "texture": "#3"},
				"east": {"uv": [0, 0, 0.5, 2.5], "texture": "#3"},
				"south": {"uv": [0, 0, 0.5, 2.5], "texture": "#3"},
				"west": {"uv": [0, 0, 0.5, 1.5], "texture": "#3"},
				"up": {"uv": [0, 0, 0.5, 0.5], "texture": "#3"},
				"down": {"uv": [0, 0, 0.5, 0.5], "texture": "#3"}
			}
		},
		{
			"from": [0.75, 13, 18],
			"to": [1.25, 13.75, 18.25],
			"rotation": {"angle": 0, "axis": "z", "origin": [0, 1, 2]},
			"faces": {
				"north": {"uv": [0, 0, 0.5, 2.5], "texture": "#3"},
				"east": {"uv": [0, 0, 0.5, 2.5], "texture": "#3"},
				"south": {"uv": [0, 0, 0.5, 2.5], "texture": "#3"},
				"west": {"uv": [0, 0, 0.5, 1.5], "texture": "#3"},
				"up": {"uv": [0, 0, 0.5, 0.5], "texture": "#3"},
				"down": {"uv": [0, 0, 0.5, 0.5], "texture": "#3"}
			}
		},
		{
			"from": [0.75, 13, 18.5],
			"to": [1.25, 13.75, 18.75],
			"rotation": {"angle": 0, "axis": "z", "origin": [0, 1, 2]},
			"faces": {
				"north": {"uv": [0, 0, 0.5, 2.5], "texture": "#3"},
				"east": {"uv": [0, 0, 0.5, 2.5], "texture": "#3"},
				"south": {"uv": [0, 0, 0.5, 2.5], "texture": "#3"},
				"west": {"uv": [0, 0, 0.5, 1.5], "texture": "#3"},
				"up": {"uv": [0, 0, 0.5, 0.5], "texture": "#3"},
				"down": {"uv": [0, 0, 0.5, 0.5], "texture": "#3"}
			}
		},
		{
			"from": [0.75, 13, 19],
			"to": [1.25, 13.75, 19.25],
			"rotation": {"angle": 0, "axis": "z", "origin": [0, 1, 2]},
			"faces": {
				"north": {"uv": [0, 0, 0.5, 2.5], "texture": "#3"},
				"east": {"uv": [0, 0, 0.5, 2.5], "texture": "#3"},
				"south": {"uv": [0, 0, 0.5, 2.5], "texture": "#3"},
				"west": {"uv": [0, 0, 0.5, 1.5], "texture": "#3"},
				"up": {"uv": [0, 0, 0.5, 0.5], "texture": "#3"},
				"down": {"uv": [0, 0, 0.5, 0.5], "texture": "#3"}
			}
		},
		{
			"from": [0.75, 12, 19],
			"to": [1.25, 12.75, 19.25],
			"rotation": {"angle": 0, "axis": "z", "origin": [0, 1, 2]},
			"faces": {
				"north": {"uv": [0, 0, 0.5, 2.5], "texture": "#3"},
				"east": {"uv": [0, 0, 0.5, 2.5], "texture": "#3"},
				"south": {"uv": [0, 0, 0.5, 2.5], "texture": "#3"},
				"west": {"uv": [0, 0, 0.5, 1.5], "texture": "#3"},
				"up": {"uv": [0, 0, 0.5, 0.5], "texture": "#3"},
				"down": {"uv": [0, 0, 0.5, 0.5], "texture": "#3"}
			}
		},
		{
			"from": [0.75, 12, 18],
			"to": [1.25, 12.75, 18.25],
			"rotation": {"angle": 0, "axis": "z", "origin": [0, 1, 2]},
			"faces": {
				"north": {"uv": [0, 0, 0.5, 2.5], "texture": "#3"},
				"east": {"uv": [0, 0, 0.5, 2.5], "texture": "#3"},
				"south": {"uv": [0, 0, 0.5, 2.5], "texture": "#3"},
				"west": {"uv": [0, 0, 0.5, 1.5], "texture": "#3"},
				"up": {"uv": [0, 0, 0.5, 0.5], "texture": "#3"},
				"down": {"uv": [0, 0, 0.5, 0.5], "texture": "#3"}
			}
		},
		{
			"from": [0.75, 12, 17],
			"to": [1.25, 12.75, 17.25],
			"rotation": {"angle": 0, "axis": "z", "origin": [0, 1, 2]},
			"faces": {
				"north": {"uv": [0, 0, 0.5, 2.5], "texture": "#3"},
				"east": {"uv": [0, 0, 0.5, 2.5], "texture": "#3"},
				"south": {"uv": [0, 0, 0.5, 2.5], "texture": "#3"},
				"west": {"uv": [0, 0, 0.5, 1.5], "texture": "#3"},
				"up": {"uv": [0, 0, 0.5, 0.5], "texture": "#3"},
				"down": {"uv": [0, 0, 0.5, 0.5], "texture": "#3"}
			}
		},
		{
			"from": [0.75, 12, 16.5],
			"to": [1.25, 12.75, 16.75],
			"rotation": {"angle": 0, "axis": "z", "origin": [0, 1, 2]},
			"faces": {
				"north": {"uv": [0, 0, 0.5, 2.5], "texture": "#3"},
				"east": {"uv": [0, 0, 0.5, 2.5], "texture": "#3"},
				"south": {"uv": [0, 0, 0.5, 2.5], "texture": "#3"},
				"west": {"uv": [0, 0, 0.5, 1.5], "texture": "#3"},
				"up": {"uv": [0, 0, 0.5, 0.5], "texture": "#3"},
				"down": {"uv": [0, 0, 0.5, 0.5], "texture": "#3"}
			}
		},
		{
			"from": [0.75, 12, 17.5],
			"to": [1.25, 12.75, 17.75],
			"rotation": {"angle": 0, "axis": "z", "origin": [0, 1, 2]},
			"faces": {
				"north": {"uv": [0, 0, 0.5, 2.5], "texture": "#3"},
				"east": {"uv": [0, 0, 0.5, 2.5], "texture": "#3"},
				"south": {"uv": [0, 0, 0.5, 2.5], "texture": "#3"},
				"west": {"uv": [0, 0, 0.5, 1.5], "texture": "#3"},
				"up": {"uv": [0, 0, 0.5, 0.5], "texture": "#3"},
				"down": {"uv": [0, 0, 0.5, 0.5], "texture": "#3"}
			}
		},
		{
			"from": [0.75, 12, 18.5],
			"to": [1.25, 12.75, 18.75],
			"rotation": {"angle": 0, "axis": "z", "origin": [0, 1, 2]},
			"faces": {
				"north": {"uv": [0, 0, 0.5, 2.5], "texture": "#3"},
				"east": {"uv": [0, 0, 0.5, 2.5], "texture": "#3"},
				"south": {"uv": [0, 0, 0.5, 2.5], "texture": "#3"},
				"west": {"uv": [0, 0, 0.5, 1.5], "texture": "#3"},
				"up": {"uv": [0, 0, 0.5, 0.5], "texture": "#3"},
				"down": {"uv": [0, 0, 0.5, 0.5], "texture": "#3"}
			}
		},
		{
			"from": [13.75, 13, 19],
			"to": [14.25, 13.75, 19.25],
			"rotation": {"angle": 0, "axis": "z", "origin": [0, 1, 2]},
			"faces": {
				"north": {"uv": [0, 0, 0.5, 2.5], "texture": "#3"},
				"east": {"uv": [0, 0, 0.5, 2.5], "texture": "#3"},
				"south": {"uv": [0, 0, 0.5, 2.5], "texture": "#3"},
				"west": {"uv": [0, 0, 0.5, 1.5], "texture": "#3"},
				"up": {"uv": [0, 0, 0.5, 0.5], "texture": "#3"},
				"down": {"uv": [0, 0, 0.5, 0.5], "texture": "#3"}
			}
		},
		{
			"from": [13.75, 12, 19],
			"to": [14.25, 12.75, 19.25],
			"rotation": {"angle": 0, "axis": "z", "origin": [0, 1, 2]},
			"faces": {
				"north": {"uv": [0, 0, 0.5, 2.5], "texture": "#3"},
				"east": {"uv": [0, 0, 0.5, 2.5], "texture": "#3"},
				"south": {"uv": [0, 0, 0.5, 2.5], "texture": "#3"},
				"west": {"uv": [0, 0, 0.5, 1.5], "texture": "#3"},
				"up": {"uv": [0, 0, 0.5, 0.5], "texture": "#3"},
				"down": {"uv": [0, 0, 0.5, 0.5], "texture": "#3"}
			}
		},
		{
			"from": [13.75, 12, 18.5],
			"to": [14.25, 12.75, 18.75],
			"rotation": {"angle": 0, "axis": "z", "origin": [0, 1, 2]},
			"faces": {
				"north": {"uv": [0, 0, 0.5, 2.5], "texture": "#3"},
				"east": {"uv": [0, 0, 0.5, 2.5], "texture": "#3"},
				"south": {"uv": [0, 0, 0.5, 2.5], "texture": "#3"},
				"west": {"uv": [0, 0, 0.5, 1.5], "texture": "#3"},
				"up": {"uv": [0, 0, 0.5, 0.5], "texture": "#3"},
				"down": {"uv": [0, 0, 0.5, 0.5], "texture": "#3"}
			}
		},
		{
			"from": [13.75, 13, 18.5],
			"to": [14.25, 13.75, 18.75],
			"rotation": {"angle": 0, "axis": "z", "origin": [0, 1, 2]},
			"faces": {
				"north": {"uv": [0, 0, 0.5, 2.5], "texture": "#3"},
				"east": {"uv": [0, 0, 0.5, 2.5], "texture": "#3"},
				"south": {"uv": [0, 0, 0.5, 2.5], "texture": "#3"},
				"west": {"uv": [0, 0, 0.5, 1.5], "texture": "#3"},
				"up": {"uv": [0, 0, 0.5, 0.5], "texture": "#3"},
				"down": {"uv": [0, 0, 0.5, 0.5], "texture": "#3"}
			}
		},
		{
			"from": [13.75, 13, 18],
			"to": [14.25, 13.75, 18.25],
			"rotation": {"angle": 0, "axis": "z", "origin": [0, 1, 2]},
			"faces": {
				"north": {"uv": [0, 0, 0.5, 2.5], "texture": "#3"},
				"east": {"uv": [0, 0, 0.5, 2.5], "texture": "#3"},
				"south": {"uv": [0, 0, 0.5, 2.5], "texture": "#3"},
				"west": {"uv": [0, 0, 0.5, 1.5], "texture": "#3"},
				"up": {"uv": [0, 0, 0.5, 0.5], "texture": "#3"},
				"down": {"uv": [0, 0, 0.5, 0.5], "texture": "#3"}
			}
		},
		{
			"from": [13.75, 13, 17.5],
			"to": [14.25, 13.75, 17.75],
			"rotation": {"angle": 0, "axis": "z", "origin": [0, 1, 2]},
			"faces": {
				"north": {"uv": [0, 0, 0.5, 2.5], "texture": "#3"},
				"east": {"uv": [0, 0, 0.5, 2.5], "texture": "#3"},
				"south": {"uv": [0, 0, 0.5, 2.5], "texture": "#3"},
				"west": {"uv": [0, 0, 0.5, 1.5], "texture": "#3"},
				"up": {"uv": [0, 0, 0.5, 0.5], "texture": "#3"},
				"down": {"uv": [0, 0, 0.5, 0.5], "texture": "#3"}
			}
		},
		{
			"from": [13.75, 13, 17],
			"to": [14.25, 13.75, 17.25],
			"rotation": {"angle": 0, "axis": "z", "origin": [0, 1, 2]},
			"faces": {
				"north": {"uv": [0, 0, 0.5, 2.5], "texture": "#3"},
				"east": {"uv": [0, 0, 0.5, 2.5], "texture": "#3"},
				"south": {"uv": [0, 0, 0.5, 2.5], "texture": "#3"},
				"west": {"uv": [0, 0, 0.5, 1.5], "texture": "#3"},
				"up": {"uv": [0, 0, 0.5, 0.5], "texture": "#3"},
				"down": {"uv": [0, 0, 0.5, 0.5], "texture": "#3"}
			}
		},
		{
			"from": [13.75, 13, 16.5],
			"to": [14.25, 13.75, 16.75],
			"rotation": {"angle": 0, "axis": "z", "origin": [0, 1, 2]},
			"faces": {
				"north": {"uv": [0, 0, 0.5, 2.5], "texture": "#3"},
				"east": {"uv": [0, 0, 0.5, 2.5], "texture": "#3"},
				"south": {"uv": [0, 0, 0.5, 2.5], "texture": "#3"},
				"west": {"uv": [0, 0, 0.5, 1.5], "texture": "#3"},
				"up": {"uv": [0, 0, 0.5, 0.5], "texture": "#3"},
				"down": {"uv": [0, 0, 0.5, 0.5], "texture": "#3"}
			}
		},
		{
			"from": [13.75, 12, 16.5],
			"to": [14.25, 12.75, 16.75],
			"rotation": {"angle": 0, "axis": "z", "origin": [0, 1, 2]},
			"faces": {
				"north": {"uv": [0, 0, 0.5, 2.5], "texture": "#3"},
				"east": {"uv": [0, 0, 0.5, 2.5], "texture": "#3"},
				"south": {"uv": [0, 0, 0.5, 2.5], "texture": "#3"},
				"west": {"uv": [0, 0, 0.5, 1.5], "texture": "#3"},
				"up": {"uv": [0, 0, 0.5, 0.5], "texture": "#3"},
				"down": {"uv": [0, 0, 0.5, 0.5], "texture": "#3"}
			}
		},
		{
			"from": [13.75, 12, 17],
			"to": [14.25, 12.75, 17.25],
			"rotation": {"angle": 0, "axis": "z", "origin": [0, 1, 2]},
			"faces": {
				"north": {"uv": [0, 0, 0.5, 2.5], "texture": "#3"},
				"east": {"uv": [0, 0, 0.5, 2.5], "texture": "#3"},
				"south": {"uv": [0, 0, 0.5, 2.5], "texture": "#3"},
				"west": {"uv": [0, 0, 0.5, 1.5], "texture": "#3"},
				"up": {"uv": [0, 0, 0.5, 0.5], "texture": "#3"},
				"down": {"uv": [0, 0, 0.5, 0.5], "texture": "#3"}
			}
		},
		{
			"from": [13.75, 12, 17.5],
			"to": [14.25, 12.75, 17.75],
			"rotation": {"angle": 0, "axis": "z", "origin": [0, 1, 2]},
			"faces": {
				"north": {"uv": [0, 0, 0.5, 2.5], "texture": "#3"},
				"east": {"uv": [0, 0, 0.5, 2.5], "texture": "#3"},
				"south": {"uv": [0, 0, 0.5, 2.5], "texture": "#3"},
				"west": {"uv": [0, 0, 0.5, 1.5], "texture": "#3"},
				"up": {"uv": [0, 0, 0.5, 0.5], "texture": "#3"},
				"down": {"uv": [0, 0, 0.5, 0.5], "texture": "#3"}
			}
		},
		{
			"from": [13.75, 12, 18],
			"to": [14.25, 12.75, 18.25],
			"rotation": {"angle": 0, "axis": "z", "origin": [0, 1, 2]},
			"faces": {
				"north": {"uv": [0, 0, 0.5, 2.5], "texture": "#3"},
				"east": {"uv": [0, 0, 0.5, 2.5], "texture": "#3"},
				"south": {"uv": [0, 0, 0.5, 2.5], "texture": "#3"},
				"west": {"uv": [0, 0, 0.5, 1.5], "texture": "#3"},
				"up": {"uv": [0, 0, 0.5, 0.5], "texture": "#3"},
				"down": {"uv": [0, 0, 0.5, 0.5], "texture": "#3"}
			}
		},
		{
			"from": [0.75, 10, 10],
			"to": [14.25, 15.5, 15.5],
			"rotation": {"angle": 0, "axis": "z", "origin": [0, 1, 2]},
			"faces": {
				"north": {"uv": [0, 0, 13, 5.5], "texture": "#4"},
				"east": {"uv": [12, 11, 12.5, 11.5], "texture": "#3"},
				"south": {"uv": [12, 11, 12.5, 11.5], "texture": "#3"},
				"west": {"uv": [12, 11, 12.5, 11.5], "texture": "#3"},
				"up": {"uv": [12, 11, 12.5, 11.5], "texture": "#3"},
				"down": {"uv": [0, 0, 13, 5.5], "texture": "#3"}
			}
		},
		{
			"from": [1.25, 15.5, 10],
			"to": [13.75, 17, 15.5],
			"rotation": {"angle": 0, "axis": "z", "origin": [0, 1, 2]},
			"faces": {
				"north": {"uv": [0, 0, 13, 5.5], "texture": "#4"},
				"east": {"uv": [12, 11, 12.5, 11.5], "texture": "#3"},
				"south": {"uv": [12, 11, 12.5, 11.5], "texture": "#3"},
				"west": {"uv": [12, 11, 12.5, 11.5], "texture": "#3"},
				"up": {"uv": [12, 11, 12.5, 11.5], "texture": "#3"},
				"down": {"uv": [0, 0, 13, 5.5], "texture": "#3"}
			}
		},
		{
			"from": [1, 7, 15],
			"to": [14, 14.5, 22],
			"rotation": {"angle": 0, "axis": "z", "origin": [0, 1, 2]},
			"faces": {
				"north": {"uv": [0, 0, 13, 5.5], "texture": "#1"},
				"east": {"uv": [12, 11, 12.5, 11.5], "texture": "#1"},
				"south": {"uv": [12, 11, 12.5, 11.5], "texture": "#1"},
				"west": {"uv": [12, 11, 12.5, 11.5], "texture": "#1"},
				"up": {"uv": [12, 11, 12.5, 11.5], "texture": "#1"},
				"down": {"uv": [0, 0, 13, 5.5], "texture": "#1"}
			}
		},
		{
			"from": [1.5, 7, 21.75],
			"to": [2.5, 8.5, 22.25],
			"rotation": {"angle": 0, "axis": "z", "origin": [0, 1, 2]},
			"faces": {
				"north": {"uv": [0, 0, 13, 5.5], "texture": "#6"},
				"east": {"uv": [12, 11, 12.5, 11.5], "texture": "#6"},
				"south": {"uv": [12, 11, 12.5, 11.5], "texture": "#6"},
				"west": {"uv": [12, 11, 12.5, 11.5], "texture": "#6"},
				"up": {"uv": [12, 11, 12.5, 11.5], "texture": "#6"},
				"down": {"uv": [0, 0, 13, 5.5], "texture": "#6"}
			}
		},
		{
			"from": [2, 10, 21.75],
			"to": [13, 13, 22.25],
			"rotation": {"angle": 0, "axis": "z", "origin": [0, 1, 2]},
			"faces": {
				"north": {"uv": [0, 0, 13, 5.5], "texture": "#4"},
				"east": {"uv": [12, 11, 12.5, 11.5], "texture": "#4"},
				"south": {"uv": [12, 11, 12.5, 11.5], "texture": "#4"},
				"west": {"uv": [12, 11, 12.5, 11.5], "texture": "#4"},
				"up": {"uv": [12, 11, 12.5, 11.5], "texture": "#4"},
				"down": {"uv": [0, 0, 13, 5.5], "texture": "#4"}
			}
		},
		{
			"from": [12.5, 7, 21.75],
			"to": [13.5, 8.5, 22.25],
			"rotation": {"angle": 0, "axis": "z", "origin": [0, 1, 2]},
			"faces": {
				"north": {"uv": [0, 0, 13, 5.5], "texture": "#6"},
				"east": {"uv": [12, 11, 12.5, 11.5], "texture": "#6"},
				"south": {"uv": [12, 11, 12.5, 11.5], "texture": "#6"},
				"west": {"uv": [12, 11, 12.5, 11.5], "texture": "#6"},
				"up": {"uv": [12, 11, 12.5, 11.5], "texture": "#6"},
				"down": {"uv": [0, 0, 13, 5.5], "texture": "#6"}
			}
		},
		{
			"from": [3, 14.5, 16.5],
			"to": [12, 15.5, 19.5],
			"rotation": {"angle": 0, "axis": "z", "origin": [0, 1, 2]},
			"faces": {
				"north": {"uv": [0, 0, 13, 5.5], "texture": "#5"},
				"east": {"uv": [12, 11, 12.5, 11.5], "texture": "#5"},
				"south": {"uv": [12, 11, 12.5, 11.5], "texture": "#5"},
				"west": {"uv": [12, 11, 12.5, 11.5], "texture": "#5"},
				"up": {"uv": [12, 11, 12.5, 11.5], "texture": "#5"},
				"down": {"uv": [0, 0, 13, 5.5], "texture": "#5"}
			}
		},
		{
			"from": [0.65, 14, 10],
			"to": [1.65, 15.5, 11],
			"rotation": {"angle": 22.5, "axis": "x", "origin": [0, 1, 2]},
			"faces": {
				"north": {"uv": [0, 0, 13, 5.5], "texture": "#6"},
				"east": {"uv": [12, 11, 12.5, 11.5], "texture": "#6"},
				"south": {"uv": [12, 11, 12.5, 11.5], "texture": "#6"},
				"west": {"uv": [12, 11, 12.5, 11.5], "texture": "#6"},
				"up": {"uv": [12, 11, 12.5, 11.5], "texture": "#6"},
				"down": {"uv": [0, 0, 13, 5.5], "texture": "#6"}
			}
		},
		{
			"from": [13.25, 14, 10],
			"to": [14.25, 15.5, 11],
			"rotation": {"angle": 22.5, "axis": "x", "origin": [0, 1, 2]},
			"faces": {
				"north": {"uv": [0, 0, 13, 5.5], "texture": "#6"},
				"east": {"uv": [12, 11, 12.5, 11.5], "texture": "#6"},
				"south": {"uv": [12, 11, 12.5, 11.5], "texture": "#6"},
				"west": {"uv": [12, 11, 12.5, 11.5], "texture": "#6"},
				"up": {"uv": [12, 11, 12.5, 11.5], "texture": "#6"},
				"down": {"uv": [0, 0, 13, 5.5], "texture": "#6"}
			}
		},
		{
			"from": [0.85, 10, 2],
			"to": [1.25, 14, 2.5],
			"rotation": {"angle": 0, "axis": "z", "origin": [0, 1, 2]},
			"faces": {
				"north": {"uv": [0, 0, 0.4, 4], "texture": "#3"},
				"east": {"uv": [0, 0, 0.5, 4], "texture": "#3"},
				"south": {"uv": [0, 0, 0.4, 4], "texture": "#3"},
				"west": {"uv": [0, 0, 0.5, 4], "texture": "#3"},
				"up": {"uv": [0, 0, 0.4, 0.5], "texture": "#3"},
				"down": {"uv": [0, 0, 0.4, 0.5], "texture": "#3"}
			}
		},
		{
			"from": [0.85, 10, 3],
			"to": [1.25, 19, 9.5],
			"rotation": {"angle": 0, "axis": "z", "origin": [0, 1, 2]},
			"faces": {
				"north": {"uv": [3, 2, 4.4, 11], "texture": "#2"},
				"east": {"uv": [8, 6, 14.5, 15], "texture": "#2"},
				"south": {"uv": [0, 0, 0.4, 9], "texture": "#2"},
				"west": {"uv": [1, 1, 14.5, 15], "texture": "#2"},
				"up": {"uv": [0, 0, 0.4, 6.5], "texture": "#2"},
				"down": {"uv": [0, 0, 0.4, 6.5], "texture": "#2"}
			}
		},
		{
			"from": [7.85, 10, 3],
			"to": [8.25, 19, 6],
			"rotation": {"angle": 0, "axis": "z", "origin": [0, 1, 2]},
			"faces": {
				"north": {"uv": [3, 2, 4.4, 11], "texture": "#2"},
				"east": {"uv": [7, 4, 13.5, 13], "texture": "#2"},
				"south": {"uv": [0, 0, 0.4, 9], "texture": "#2"},
				"west": {"uv": [1, 1, 14.5, 15], "texture": "#2"},
				"up": {"uv": [0, 0, 0.4, 6.5], "texture": "#2"},
				"down": {"uv": [0, 0, 0.4, 6.5], "texture": "#2"}
			}
		},
		{
			"from": [0.85, 14, 2.5],
			"to": [1.25, 18, 3],
			"rotation": {"angle": 0, "axis": "z", "origin": [0, 1, 2]},
			"faces": {
				"north": {"uv": [0, 0, 0.4, 4], "texture": "#3"},
				"east": {"uv": [0, 0, 0.5, 4], "texture": "#3"},
				"south": {"uv": [0, 0, 0.4, 4], "texture": "#3"},
				"west": {"uv": [0, 0, 0.5, 4], "texture": "#3"},
				"up": {"uv": [0, 0, 0.4, 0.5], "texture": "#3"},
				"down": {"uv": [0, 0, 0.4, 0.5], "texture": "#3"}
			}
		},
		{
			"from": [0.75, 10, 2],
			"to": [1.25, 10.5, 9.5],
			"rotation": {"angle": 0, "axis": "z", "origin": [0, 1, 2]},
			"faces": {
				"north": {"uv": [0, 0, 0.5, 0.5], "texture": "#3"},
				"east": {"uv": [0, 0, 7.5, 0.5], "texture": "#3"},
				"south": {"uv": [0, 0, 0.5, 0.5], "texture": "#3"},
				"west": {"uv": [0, 0, 7.5, 0.5], "texture": "#3"},
				"up": {"uv": [0, 0, 0.5, 7.5], "texture": "#3"},
				"down": {"uv": [0, 0, 0.5, 7.5], "texture": "#3"}
			}
		},
		{
			"from": [0.75, 19, 3],
			"to": [7.75, 19.5, 9.5],
			"rotation": {"angle": 0, "axis": "z", "origin": [0, 1, 2]},
			"faces": {
				"north": {"uv": [0, 0, 7, 0.5], "texture": "#3"},
				"east": {"uv": [0, 0, 6.5, 0.5], "texture": "#3"},
				"south": {"uv": [0, 0, 7, 0.5], "texture": "#3"},
				"west": {"uv": [0, 0, 6.5, 0.5], "texture": "#3"},
				"up": {"uv": [0, 0, 7, 6.5], "texture": "#3"},
				"down": {"uv": [0, 0, 7, 6.5], "texture": "#4"}
			}
		},
		{
			"from": [7.75, 10, 6],
			"to": [8.25, 19.5, 10],
			"rotation": {"angle": 0, "axis": "z", "origin": [0, 1, 2]},
			"faces": {
				"north": {"uv": [0, 0, 0.5, 9.5], "texture": "#3"},
				"east": {"uv": [6, 3, 8, 4.5], "texture": "#3"},
				"south": {"uv": [0, 0, 0.5, 9.5], "texture": "#3"},
				"west": {"uv": [5, 6, 8, 8.5], "texture": "#3"},
				"up": {"uv": [0, 0, 0.5, 4], "texture": "#3"},
				"down": {"uv": [0, 0, 0.5, 4], "texture": "#3"}
			}
		},
		{
			"from": [7.75, 7, 2],
			"to": [8.25, 10, 10],
			"rotation": {"angle": 0, "axis": "z", "origin": [0, 1, 2]},
			"faces": {
				"north": {"uv": [0, 0, 0.5, 9.5], "texture": "#3"},
				"east": {"uv": [6, 3, 8, 4.5], "texture": "#3"},
				"south": {"uv": [0, 0, 0.5, 9.5], "texture": "#3"},
				"west": {"uv": [5, 6, 8, 8.5], "texture": "#3"},
				"up": {"uv": [0, 0, 0.5, 4], "texture": "#3"},
				"down": {"uv": [0, 0, 0.5, 4], "texture": "#3"}
			}
		},
		{
			"from": [7.75, 19, 3],
			"to": [8.25, 19.5, 9.5],
			"rotation": {"angle": 0, "axis": "z", "origin": [0, 1, 2]},
			"faces": {
				"north": {"uv": [0, 0, 0.5, 0.5], "texture": "#3"},
				"east": {"uv": [0, 0, 6.5, 0.5], "texture": "#3"},
				"south": {"uv": [0, 0, 0.5, 0.5], "texture": "#3"},
				"west": {"uv": [0, 0, 6.5, 0.5], "texture": "#3"},
				"up": {"uv": [0, 0, 0.5, 6.5], "texture": "#3"},
				"down": {"uv": [0, 0, 0.5, 6.5], "texture": "#3"}
			}
		},
		{
			"from": [1.25, 7, 1],
			"to": [7.75, 10, 2],
			"rotation": {"angle": 0, "axis": "z", "origin": [0, 1, 2]},
			"faces": {
				"north": {"uv": [0, 0, 6.5, 3], "texture": "#3"},
				"east": {"uv": [0, 0, 1, 3], "texture": "#3"},
				"south": {"uv": [0, 0, 6.5, 3], "texture": "#3"},
				"west": {"uv": [0, 0, 1, 3], "texture": "#3"},
				"up": {"uv": [0, 0, 6.5, 1], "texture": "#3"},
				"down": {"uv": [0, 0, 6.5, 1], "texture": "#3"}
			}
		},
		{
			"from": [2.25, 8, 5.5],
			"to": [6.25, 9, 8.5],
			"rotation": {"angle": 0, "axis": "z", "origin": [0, 1, 2]},
			"faces": {
				"north": {"uv": [0, 0, 4, 1], "texture": "#3"},
				"east": {"uv": [0, 0, 3, 1], "texture": "#3"},
				"south": {"uv": [0, 0, 4, 1], "texture": "#3"},
				"west": {"uv": [0, 0, 3, 1], "texture": "#3"},
				"up": {"uv": [0, 0, 4, 3], "texture": "#3"},
				"down": {"uv": [0, 0, 4, 3], "texture": "#3"}
			}
		},
		{
			"from": [2.25, 8, 8.5],
			"to": [6.25, 14, 9.5],
			"rotation": {"angle": 0, "axis": "z", "origin": [0, 1, 2]},
			"faces": {
				"north": {"uv": [0, 0, 4, 6], "texture": "#3"},
				"east": {"uv": [0, 0, 1, 6], "texture": "#3"},
				"south": {"uv": [0, 0, 4, 6], "texture": "#3"},
				"west": {"uv": [0, 0, 1, 6], "texture": "#3"},
				"up": {"uv": [0, 0, 4, 1], "texture": "#3"},
				"down": {"uv": [0, 0, 4, 1], "texture": "#3"}
			}
		},
		{
			"from": [1.25, 10, 1.5],
			"to": [7.75, 14, 2],
			"rotation": {"angle": 0, "axis": "z", "origin": [0, 1, 2]},
			"faces": {
				"north": {"uv": [1, 1, 7.5, 5], "texture": "#2"},
				"east": {"uv": [0, 0, 0.5, 4], "texture": "#2"},
				"south": {"uv": [6, 10, 12.5, 14], "texture": "#2"},
				"west": {"uv": [0, 0, 0.5, 4], "texture": "#2"},
				"up": {"uv": [2, 4, 8.5, 4.5], "texture": "#2"},
				"down": {"uv": [3, 4, 9.5, 4.5], "texture": "#2"}
			}
		},
		{
			"from": [1.25, 14, 2],
			"to": [7.75, 18, 2.5],
			"rotation": {"angle": 0, "axis": "z", "origin": [0, 1, 2]},
			"faces": {
				"north": {"uv": [4, 4, 10.5, 8], "texture": "#2"},
				"east": {"uv": [0, 0, 0.5, 4], "texture": "#2"},
				"south": {"uv": [7, 9, 13.5, 13], "texture": "#2"},
				"west": {"uv": [0, 0, 0.5, 4], "texture": "#2"},
				"up": {"uv": [2, 4, 8.5, 4.5], "texture": "#2"},
				"down": {"uv": [3, 4, 9.5, 4.5], "texture": "#2"}
			}
		},
		{
			"from": [1.25, 18, 2.5],
			"to": [7.75, 19.5, 3],
			"rotation": {"angle": 0, "axis": "z", "origin": [0, 1, 2]},
			"faces": {
				"north": {"uv": [4, 4, 10.5, 8], "texture": "#3"},
				"east": {"uv": [0, 0, 0.5, 4], "texture": "#3"},
				"south": {"uv": [7, 9, 13.5, 13], "texture": "#3"},
				"west": {"uv": [0, 0, 0.5, 4], "texture": "#3"},
				"up": {"uv": [2, 4, 8.5, 4.5], "texture": "#3"},
				"down": {"uv": [3, 4, 9.5, 4.5], "texture": "#3"}
			}
		},
		{
			"from": [7.75, 7, 1.5],
			"to": [8.25, 14, 2],
			"rotation": {"angle": 0, "axis": "z", "origin": [0, 1, 2]},
			"faces": {
				"north": {"uv": [0, 0, 0.5, 7], "texture": "#3"},
				"east": {"uv": [0, 0, 0.5, 7], "texture": "#3"},
				"south": {"uv": [0, 0, 0.5, 7], "texture": "#3"},
				"west": {"uv": [0, 0, 0.5, 7], "texture": "#3"},
				"up": {"uv": [0, 0, 0.5, 0.5], "texture": "#3"},
				"down": {"uv": [0, 0, 0.5, 0.5], "texture": "#3"}
			}
		},
		{
			"from": [10.75, 9, 5.5],
			"to": [12.75, 13, 7.5],
			"rotation": {"angle": -22.5, "axis": "x", "origin": [0, 1, 2]},
			"faces": {
				"north": {"uv": [0, 0, 2, 4], "texture": "#3"},
				"east": {"uv": [0, 0, 2, 4], "texture": "#3"},
				"south": {"uv": [0, 0, 2, 4], "texture": "#3"},
				"west": {"uv": [0, 0, 2, 4], "texture": "#3"},
				"up": {"uv": [0, 0, 2, 2], "texture": "#3"},
				"down": {"uv": [0, 0, 2, 2], "texture": "#3"}
			}
		},
		{
			"from": [11.25, 13, 6],
			"to": [12.25, 20, 7],
			"rotation": {"angle": -22.5, "axis": "x", "origin": [0, 1, 2]},
			"faces": {
				"north": {"uv": [0, 0, 1, 7], "texture": "#5"},
				"east": {"uv": [0, 0, 1, 7], "texture": "#5"},
				"south": {"uv": [0, 0, 1, 7], "texture": "#5"},
				"west": {"uv": [0, 0, 1, 7], "texture": "#5"},
				"up": {"uv": [0, 0, 1, 1], "texture": "#5"},
				"down": {"uv": [0, 0, 1, 1], "texture": "#5"}
			}
		},
		{
			"from": [0.75, 14, 2],
			"to": [1.25, 18, 2.5],
			"rotation": {"angle": 0, "axis": "z", "origin": [0, 1, 2]},
			"faces": {
				"north": {"uv": [0, 0, 0.5, 4], "texture": "#3"},
				"east": {"uv": [0, 0, 0.5, 4], "texture": "#3"},
				"south": {"uv": [0, 0, 0.5, 4], "texture": "#3"},
				"west": {"uv": [0, 0, 0.5, 4], "texture": "#3"},
				"up": {"uv": [0, 0, 0.5, 0.5], "texture": "#3"},
				"down": {"uv": [0, 0, 0.5, 0.5], "texture": "#3"}
			}
		},
		{
			"from": [7.75, 14, 2],
			"to": [8.25, 18, 2.5],
			"rotation": {"angle": 0, "axis": "z", "origin": [0, 1, 2]},
			"faces": {
				"north": {"uv": [0, 0, 0.5, 4], "texture": "#3"},
				"east": {"uv": [0, 0, 0.5, 4], "texture": "#3"},
				"south": {"uv": [0, 0, 0.5, 4], "texture": "#3"},
				"west": {"uv": [0, 0, 0.5, 4], "texture": "#3"},
				"up": {"uv": [0, 0, 0.5, 0.5], "texture": "#3"},
				"down": {"uv": [0, 0, 0.5, 0.5], "texture": "#3"}
			}
		},
		{
			"from": [0.75, 18, 2.5],
			"to": [1.25, 20, 3],
			"rotation": {"angle": 0, "axis": "z", "origin": [0, 1, 2]},
			"faces": {
				"north": {"uv": [0, 0, 0.5, 2], "texture": "#3"},
				"east": {"uv": [0, 0, 0.5, 2], "texture": "#3"},
				"south": {"uv": [0, 0, 0.5, 2], "texture": "#3"},
				"west": {"uv": [0, 0, 0.5, 2], "texture": "#3"},
				"up": {"uv": [0, 0, 0.5, 0.5], "texture": "#3"},
				"down": {"uv": [0, 0, 0.5, 0.5], "texture": "#3"}
			}
		},
		{
			"from": [7.75, 18, 2.5],
			"to": [8.25, 20, 3],
			"rotation": {"angle": 0, "axis": "z", "origin": [0, 1, 2]},
			"faces": {
				"north": {"uv": [0, 0, 0.5, 2], "texture": "#3"},
				"east": {"uv": [0, 0, 0.5, 2], "texture": "#3"},
				"south": {"uv": [0, 0, 0.5, 2], "texture": "#3"},
				"west": {"uv": [0, 0, 0.5, 2], "texture": "#3"},
				"up": {"uv": [0, 0, 0.5, 0.5], "texture": "#3"},
				"down": {"uv": [0, 0, 0.5, 0.5], "texture": "#3"}
			}
		},
		{
			"from": [8.75, 7, 2],
			"to": [14.25, 10, 18],
			"rotation": {"angle": 0, "axis": "z", "origin": [0, 1, 2]},
			"faces": {
				"north": {"uv": [0, 0, 5.5, 3], "texture": "#1"},
				"east": {"uv": [0, 0, 16, 3], "texture": "#1"},
				"south": {"uv": [0, 0, 5.5, 3], "texture": "#1"},
				"west": {"uv": [0, 0, 16, 3], "texture": "#1"},
				"up": {"uv": [0, 0, 5.5, 16], "texture": "#1"},
				"down": {"uv": [0, 0, 5.5, 16], "texture": "#1"}
			}
		},
		{
			"from": [8.75, 6, 6],
			"to": [14.25, 9, 13],
			"rotation": {"angle": -22.5, "axis": "x", "origin": [0, 1, 2]},
			"faces": {
				"north": {"uv": [0, 0, 5.5, 3], "texture": "#1"},
				"east": {"uv": [0, 0, 7, 3], "texture": "#1"},
				"south": {"uv": [0, 0, 5.5, 3], "texture": "#1"},
				"west": {"uv": [0, 0, 7, 3], "texture": "#1"},
				"up": {"uv": [0, 0, 5.5, 7], "texture": "#1"},
				"down": {"uv": [0, 0, 5.5, 7], "texture": "#1"}
			}
		},
		{
			"from": [8.75, 10, 9],
			"to": [14.25, 13, 10],
			"rotation": {"angle": 0, "axis": "x", "origin": [0, 1, 2]},
			"faces": {
				"north": {"uv": [0, 0, 5.5, 3], "texture": "#1"},
				"east": {"uv": [0, 0, 1, 3], "texture": "#1"},
				"south": {"uv": [0, 0, 5.5, 3], "texture": "#1"},
				"west": {"uv": [0, 0, 1, 3], "texture": "#1"},
				"up": {"uv": [0, 0, 5.5, 1], "texture": "#1"},
				"down": {"uv": [0, 0, 5.5, 1], "texture": "#1"}
			}
		}
	],
	"display": {
		"head": {
			"translation": [0, 2, 5],
			"scale": [4, 4, 4]
		}
	}
}