{
	"credit": "Made with Blockbench",
	"textures": {
		"1": "block/yellow_terracotta",
		"3": "block/gray_wool",
		"4": "block/cyan_terracotta",
		"5": "block/andesite",
		"7": "block/light_gray_concrete",
		"particle": "block/quartz_block_bottom"
	},
	"elements": [
		{
			"from": [7.25, 3, 17],
			"to": [10.25, 12, 20],
			"rotation": {"angle": -22.5, "axis": "x", "origin": [-3, -5, 11]},
			"faces": {
				"north": {"uv": [0, 0, 3, 9], "texture": "#1"},
				"east": {"uv": [0, 0, 3, 9], "texture": "#1"},
				"south": {"uv": [0, 0, 3, 9], "texture": "#1"},
				"west": {"uv": [0, 0, 3, 9], "texture": "#1"},
				"up": {"uv": [0, 0, 3, 3], "texture": "#1"},
				"down": {"uv": [0, 0, 3, 3], "texture": "#1"}
			}
		},
		{
			"from": [7.75, 7, -15],
			"to": [9.75, 15, -12],
			"rotation": {"angle": 22.5, "axis": "x", "origin": [-3, -5, 11]},
			"faces": {
				"north": {"uv": [0, 0, 2, 8], "texture": "#1"},
				"east": {"uv": [0, 0, 3, 8], "texture": "#1"},
				"south": {"uv": [0, 0, 2, 8], "texture": "#1"},
				"west": {"uv": [0, 0, 3, 8], "texture": "#1"},
				"up": {"uv": [0, 0, 2, 3], "texture": "#1"},
				"down": {"uv": [0, 0, 2, 3], "texture": "#1"}
			}
		},
		{
			"from": [7.75, 1.5, -8.5],
			"to": [9.75, 16.5, -5.5],
			"rotation": {"angle": 0, "axis": "x", "origin": [-3, -5, 11]},
			"faces": {
				"north": {"uv": [0, 0, 2, 15], "texture": "#1"},
				"east": {"uv": [0, 0, 3, 15], "texture": "#1"},
				"south": {"uv": [0, 0, 2, 15], "texture": "#1"},
				"west": {"uv": [0, 0, 3, 15], "texture": "#1"},
				"up": {"uv": [0, 0, 2, 3], "texture": "#1"},
				"down": {"uv": [0, 0, 2, 3], "texture": "#1"}
			}
		},
		{
			"from": [7.25, 1.5, -9.5],
			"to": [10.25, 3.5, -8.5],
			"rotation": {"angle": 0, "axis": "x", "origin": [-3, -5, 11]},
			"faces": {
				"north": {"uv": [0, 0, 3, 2], "texture": "#4"},
				"east": {"uv": [0, 0, 1, 2], "texture": "#4"},
				"south": {"uv": [0, 0, 3, 2], "texture": "#4"},
				"west": {"uv": [0, 0, 1, 2], "texture": "#4"},
				"up": {"uv": [0, 0, 3, 1], "texture": "#4"},
				"down": {"uv": [0, 0, 3, 1], "texture": "#4"}
			}
		},
		{
			"from": [8.25, 3.5, -15.5],
			"to": [9.25, 10.5, -14.5],
			"rotation": {"angle": 22.5, "axis": "x", "origin": [-3, -5, 11]},
			"faces": {
				"north": {"uv": [0, 0, 1, 7], "texture": "#3"},
				"east": {"uv": [0, 0, 1, 7], "texture": "#3"},
				"south": {"uv": [0, 0, 1, 7], "texture": "#3"},
				"west": {"uv": [0, 0, 1, 7], "texture": "#3"},
				"up": {"uv": [0, 0, 1, 1], "texture": "#3"},
				"down": {"uv": [0, 0, 1, 1], "texture": "#3"}
			}
		},
		{
			"from": [8.25, -3.5, -15.5],
			"to": [9.25, 3.5, -14.5],
			"rotation": {"angle": 22.5, "axis": "x", "origin": [-3, -5, 11]},
			"faces": {
				"north": {"uv": [0, 0, 1, 7], "texture": "#5"},
				"east": {"uv": [0, 0, 1, 7], "texture": "#5"},
				"south": {"uv": [0, 0, 1, 7], "texture": "#5"},
				"west": {"uv": [0, 0, 1, 7], "texture": "#5"},
				"up": {"uv": [0, 0, 1, 1], "texture": "#5"},
				"down": {"uv": [0, 0, 1, 1], "texture": "#5"}
			}
		},
		{
			"from": [2.75, 16.5, -8.5],
			"to": [12.75, 17.5, -2.5],
			"rotation": {"angle": -45, "axis": "x", "origin": [-4, 4, 12]},
			"faces": {
				"north": {"uv": [0, 0, 10, 1], "texture": "#7"},
				"east": {"uv": [0, 0, 6, 1], "texture": "#7"},
				"south": {"uv": [0, 0, 10, 1], "texture": "#7"},
				"west": {"uv": [0, 0, 6, 1], "texture": "#7"},
				"up": {"uv": [0, 0, 10, 6], "texture": "#7"},
				"down": {"uv": [0, 0, 10, 6], "texture": "#7"}
			}
		},
		{
			"from": [2.75, 10.5, -9.5],
			"to": [12.75, 16.5, -8.5],
			"rotation": {"angle": -45, "axis": "x", "origin": [-4, 4, 12]},
			"faces": {
				"north": {"uv": [0, 0, 10, 6], "texture": "#7"},
				"east": {"uv": [0, 0, 1, 6], "texture": "#7"},
				"south": {"uv": [0, 0, 10, 6], "texture": "#7"},
				"west": {"uv": [0, 0, 1, 6], "texture": "#7"},
				"up": {"uv": [0, 0, 10, 1], "texture": "#7"},
				"down": {"uv": [0, 0, 10, 1], "texture": "#7"}
			}
		},
		{
			"from": [2.75, 1.5, -9.5],
			"to": [12.75, 2.5, -6.5],
			"rotation": {"angle": -22.5, "axis": "x", "origin": [-4, 4, 12]},
			"faces": {
				"north": {"uv": [0, 0, 10, 1], "texture": "#7"},
				"east": {"uv": [0, 0, 3, 1], "texture": "#7"},
				"south": {"uv": [0, 0, 10, 1], "texture": "#7"},
				"west": {"uv": [0, 0, 3, 1], "texture": "#7"},
				"up": {"uv": [0, 0, 10, 3], "texture": "#7"},
				"down": {"uv": [0, 0, 10, 3], "texture": "#7"}
			}
		},
		{
			"from": [2.75, 2, -6.5],
			"to": [12.75, 3, -4.5],
			"rotation": {"angle": -22.5, "axis": "x", "origin": [-4, 4, 12]},
			"faces": {
				"north": {"uv": [0, 0, 10, 1], "texture": "#7"},
				"east": {"uv": [0, 0, 2, 1], "texture": "#7"},
				"south": {"uv": [0, 0, 10, 1], "texture": "#7"},
				"west": {"uv": [0, 0, 2, 1], "texture": "#7"},
				"up": {"uv": [0, 0, 10, 2], "texture": "#7"},
				"down": {"uv": [0, 0, 10, 2], "texture": "#7"}
			}
		},
		{
			"from": [3.25, 2.5, -4.5],
			"to": [4.25, 3, -2.5],
			"rotation": {"angle": -22.5, "axis": "x", "origin": [-3, 4, 12]},
			"faces": {
				"north": {"uv": [0, 0, 1, 0.5], "texture": "#7"},
				"east": {"uv": [0, 0, 2, 0.5], "texture": "#7"},
				"south": {"uv": [0, 0, 1, 0.5], "texture": "#7"},
				"west": {"uv": [0, 0, 2, 0.5], "texture": "#7"},
				"up": {"uv": [0, 0, 1, 2], "texture": "#7"},
				"down": {"uv": [0, 0, 1, 2], "texture": "#7"}
			}
		},
		{
			"from": [5.25, 2.5, -4.5],
			"to": [6.25, 3, -2.5],
			"rotation": {"angle": -22.5, "axis": "x", "origin": [-3, 4, 12]},
			"faces": {
				"north": {"uv": [0, 0, 1, 0.5], "texture": "#7"},
				"east": {"uv": [0, 0, 2, 0.5], "texture": "#7"},
				"south": {"uv": [0, 0, 1, 0.5], "texture": "#7"},
				"west": {"uv": [0, 0, 2, 0.5], "texture": "#7"},
				"up": {"uv": [0, 0, 1, 2], "texture": "#7"},
				"down": {"uv": [0, 0, 1, 2], "texture": "#7"}
			}
		},
		{
			"from": [7.25, 2.5, -4.5],
			"to": [8.25, 3, -2.5],
			"rotation": {"angle": -22.5, "axis": "x", "origin": [-3, 4, 12]},
			"faces": {
				"north": {"uv": [0, 0, 1, 0.5], "texture": "#7"},
				"east": {"uv": [0, 0, 2, 0.5], "texture": "#7"},
				"south": {"uv": [0, 0, 1, 0.5], "texture": "#7"},
				"west": {"uv": [0, 0, 2, 0.5], "texture": "#7"},
				"up": {"uv": [0, 0, 1, 2], "texture": "#7"},
				"down": {"uv": [0, 0, 1, 2], "texture": "#7"}
			}
		},
		{
			"from": [9.25, 2.5, -4.5],
			"to": [10.25, 3, -2.5],
			"rotation": {"angle": -22.5, "axis": "x", "origin": [-3, 4, 12]},
			"faces": {
				"north": {"uv": [0, 0, 1, 0.5], "texture": "#7"},
				"east": {"uv": [0, 0, 2, 0.5], "texture": "#7"},
				"south": {"uv": [0, 0, 1, 0.5], "texture": "#7"},
				"west": {"uv": [0, 0, 2, 0.5], "texture": "#7"},
				"up": {"uv": [0, 0, 1, 2], "texture": "#7"},
				"down": {"uv": [0, 0, 1, 2], "texture": "#7"}
			}
		},
		{
			"from": [11.25, 2.5, -4.5],
			"to": [12.25, 3, -2.5],
			"rotation": {"angle": -22.5, "axis": "x", "origin": [-3, 4, 12]},
			"faces": {
				"north": {"uv": [0, 0, 1, 0.5], "texture": "#7"},
				"east": {"uv": [0, 0, 2, 0.5], "texture": "#7"},
				"south": {"uv": [0, 0, 1, 0.5], "texture": "#7"},
				"west": {"uv": [0, 0, 2, 0.5], "texture": "#7"},
				"up": {"uv": [0, 0, 1, 2], "texture": "#7"},
				"down": {"uv": [0, 0, 1, 2], "texture": "#7"}
			}
		},
		{
			"from": [3.25, 2.5, -9.5],
			"to": [3.75, 10, -6.5],
			"rotation": {"angle": -22.5, "axis": "x", "origin": [-4, 4, 12]},
			"faces": {
				"north": {"uv": [0, 0, 0.5, 7.5], "texture": "#7"},
				"east": {"uv": [0, 0, 3, 7.5], "texture": "#7"},
				"south": {"uv": [0, 0, 0.5, 7.5], "texture": "#7"},
				"west": {"uv": [0, 0, 3, 7.5], "texture": "#7"},
				"up": {"uv": [0, 0, 0.5, 3], "texture": "#5"},
				"down": {"uv": [0, 0, 0.5, 3], "texture": "#7"}
			}
		},
		{
			"from": [3.25, 10.5, -8.5],
			"to": [3.75, 16.5, -5.5],
			"rotation": {"angle": -45, "axis": "x", "origin": [-4, 4, 12]},
			"faces": {
				"north": {"uv": [0, 0, 0.5, 6], "texture": "#7"},
				"east": {"uv": [0, 0, 3, 6], "texture": "#7"},
				"south": {"uv": [0, 0, 0.5, 6], "texture": "#7"},
				"west": {"uv": [0, 0, 3, 6], "texture": "#7"},
				"up": {"uv": [0, 0, 0.5, 3], "texture": "#7"},
				"down": {"uv": [0, 0, 0.5, 3], "texture": "#7"}
			}
		},
		{
			"from": [3.25, 9, -7],
			"to": [3.75, 13, -4],
			"rotation": {"angle": -45, "axis": "x", "origin": [-4, 4, 12]},
			"faces": {
				"north": {"uv": [0, 0, 0.5, 4], "texture": "#7"},
				"east": {"uv": [0, 0, 3, 4], "texture": "#7"},
				"south": {"uv": [0, 0, 0.5, 4], "texture": "#7"},
				"west": {"uv": [0, 0, 3, 4], "texture": "#7"},
				"up": {"uv": [0, 0, 0.5, 3], "texture": "#7"},
				"down": {"uv": [0, 0, 0.5, 3], "texture": "#7"}
			}
		},
		{
			"from": [11.75, 9, -7],
			"to": [12.25, 13, -4],
			"rotation": {"angle": -45, "axis": "x", "origin": [4.5, 4, 12]},
			"faces": {
				"north": {"uv": [0, 0, 0.5, 4], "texture": "#7"},
				"east": {"uv": [0, 0, 3, 4], "texture": "#7"},
				"south": {"uv": [0, 0, 0.5, 4], "texture": "#7"},
				"west": {"uv": [0, 0, 3, 4], "texture": "#7"},
				"up": {"uv": [0, 0, 0.5, 3], "texture": "#7"},
				"down": {"uv": [0, 0, 0.5, 3], "texture": "#7"}
			}
		},
		{
			"from": [11.75, 2.5, -9.5],
			"to": [12.25, 10, -6.5],
			"rotation": {"angle": -22.5, "axis": "x", "origin": [4.5, 4, 12]},
			"faces": {
				"north": {"uv": [0, 0, 0.5, 7.5], "texture": "#7"},
				"east": {"uv": [0, 0, 3, 7.5], "texture": "#7"},
				"south": {"uv": [0, 0, 0.5, 7.5], "texture": "#7"},
				"west": {"uv": [0, 0, 3, 7.5], "texture": "#7"},
				"up": {"uv": [0, 0, 0.5, 3], "texture": "#5"},
				"down": {"uv": [0, 0, 0.5, 3], "texture": "#7"}
			}
		},
		{
			"from": [11.75, 10.5, -8.5],
			"to": [12.25, 16.5, -5.5],
			"rotation": {"angle": -45, "axis": "x", "origin": [4.5, 4, 12]},
			"faces": {
				"north": {"uv": [0, 0, 0.5, 6], "texture": "#7"},
				"east": {"uv": [0, 0, 3, 6], "texture": "#7"},
				"south": {"uv": [0, 0, 0.5, 6], "texture": "#7"},
				"west": {"uv": [0, 0, 3, 6], "texture": "#7"},
				"up": {"uv": [0, 0, 0.5, 3], "texture": "#7"},
				"down": {"uv": [0, 0, 0.5, 3], "texture": "#7"}
			}
		},
		{
			"from": [7.25, 10.5, -14],
			"to": [10.25, 13.5, 5],
			"rotation": {"angle": 22.5, "axis": "x", "origin": [-3, -5, 11]},
			"faces": {
				"north": {"uv": [0, 0, 3, 3], "texture": "#1"},
				"east": {"uv": [0, 0, 16, 3], "texture": "#1"},
				"south": {"uv": [0, 0, 3, 3], "texture": "#1"},
				"west": {"uv": [0, 0, 16, 3], "texture": "#1"},
				"up": {"uv": [0, 0, 3, 16], "texture": "#1"},
				"down": {"uv": [0, 0, 3, 16], "texture": "#1"}
			}
		},
		{
			"from": [7.75, -3.5, -15.75],
			"to": [9.75, -2.5, -10.75],
			"rotation": {"angle": 22.5, "axis": "x", "origin": [-3, -5, 11]},
			"faces": {
				"north": {"uv": [0, 0, 2, 1], "texture": "#1"},
				"east": {"uv": [0, 0, 5, 1], "texture": "#1"},
				"south": {"uv": [0, 0, 2, 1], "texture": "#1"},
				"west": {"uv": [0, 0, 5, 1], "texture": "#1"},
				"up": {"uv": [0, 0, 2, 5], "texture": "#1"},
				"down": {"uv": [0, 0, 2, 5], "texture": "#1"}
			}
		},
		{
			"from": [8.25, 13.5, 0],
			"to": [9.25, 14.5, 3],
			"rotation": {"angle": 22.5, "axis": "x", "origin": [-3, -5, 11]},
			"faces": {
				"north": {"uv": [0, 0, 1, 1], "texture": "#3"},
				"east": {"uv": [0, 0, 3, 1], "texture": "#3"},
				"south": {"uv": [0, 0, 1, 1], "texture": "#3"},
				"west": {"uv": [0, 0, 3, 1], "texture": "#3"},
				"up": {"uv": [0, 0, 1, 3], "texture": "#3"},
				"down": {"uv": [0, 0, 1, 3], "texture": "#3"}
			}
		},
		{
			"from": [8.25, 14, -2],
			"to": [9.25, 15, 0],
			"rotation": {"angle": 22.5, "axis": "x", "origin": [-3, -5, 11]},
			"faces": {
				"north": {"uv": [0, 0, 1, 1], "texture": "#3"},
				"east": {"uv": [0, 0, 2, 1], "texture": "#3"},
				"south": {"uv": [0, 0, 1, 1], "texture": "#3"},
				"west": {"uv": [0, 0, 2, 1], "texture": "#3"},
				"up": {"uv": [0, 0, 1, 2], "texture": "#3"},
				"down": {"uv": [0, 0, 1, 2], "texture": "#3"}
			}
		},
		{
			"from": [8.25, 14.5, -4],
			"to": [9.25, 15.5, -2],
			"rotation": {"angle": 22.5, "axis": "x", "origin": [-3, -5, 11]},
			"faces": {
				"north": {"uv": [0, 0, 1, 1], "texture": "#3"},
				"east": {"uv": [0, 0, 2, 1], "texture": "#3"},
				"south": {"uv": [0, 0, 1, 1], "texture": "#3"},
				"west": {"uv": [0, 0, 2, 1], "texture": "#3"},
				"up": {"uv": [0, 0, 1, 2], "texture": "#3"},
				"down": {"uv": [0, 0, 1, 2], "texture": "#3"}
			}
		},
		{
			"from": [8.25, 14.5, -14],
			"to": [9.25, 15.5, -4],
			"rotation": {"angle": 22.5, "axis": "x", "origin": [-3, -5, 11]},
			"faces": {
				"north": {"uv": [0, 0, 1, 1], "texture": "#5"},
				"east": {"uv": [0, 0, 10, 1], "texture": "#5"},
				"south": {"uv": [0, 0, 1, 1], "texture": "#5"},
				"west": {"uv": [0, 0, 10, 1], "texture": "#5"},
				"up": {"uv": [0, 0, 1, 10], "texture": "#5"},
				"down": {"uv": [0, 0, 1, 10], "texture": "#5"}
			}
		}
	],
	"display": {
		"head": {
			"translation": [0, 3, -22],
			"scale": [4, 4, 4]
		}
	}
}