{
	"credit": "Made with Blockbench",
	"textures": {
		"0": "block/white_wool",
		"1": "block/light_gray_wool",
		"particle": "block/white_wool"
	},
	"elements": [
		{
			"from": [6, 8, 2],
			"to": [10, 11, 4],
			"rotation": {"angle": 0, "axis": "y", "origin": [10, 0, 13]},
			"faces": {
				"north": {"uv": [4, 0, 8, 3], "texture": "#1"},
				"east": {"uv": [2, 0, 4, 3], "texture": "#1"},
				"south": {"uv": [4, 0, 8, 3], "texture": "#1"},
				"west": {"uv": [2, 0, 4, 3], "texture": "#1"},
				"up": {"uv": [2, 0, 4, 4], "rotation": 90, "texture": "#1"},
				"down": {"uv": [2, 0, 4, 4], "rotation": 270, "texture": "#1"}
			}
		},
		{
			"from": [7, 8.5, 4],
			"to": [9, 10.5, 7],
			"rotation": {"angle": 0, "axis": "y", "origin": [10, 0, 13]},
			"faces": {
				"north": {"uv": [2, 0, 4, 2], "texture": "#0"},
				"east": {"uv": [3, 0, 6, 2], "texture": "#0"},
				"south": {"uv": [2, 0, 4, 2], "texture": "#0"},
				"west": {"uv": [3, 0, 6, 2], "texture": "#0"},
				"up": {"uv": [3, 0, 6, 2], "rotation": 90, "texture": "#0"},
				"down": {"uv": [3, 0, 6, 2], "rotation": 270, "texture": "#0"}
			}
		},
		{
			"from": [7.5, 3.5, 8],
			"to": [9.5, 5.5, 19],
			"rotation": {"angle": 22.5, "axis": "x", "origin": [10, 0, 13]},
			"faces": {
				"north": {"uv": [2, 0, 4, 2], "texture": "#0"},
				"east": {"uv": [3, 0, 14, 2], "texture": "#0"},
				"south": {"uv": [2, 0, 4, 2], "texture": "#0"},
				"west": {"uv": [3, 0, 14, 2], "texture": "#0"},
				"up": {"uv": [3, 0, 14, 2], "rotation": 90, "texture": "#0"},
				"down": {"uv": [3, 0, 14, 2], "rotation": 270, "texture": "#0"}
			}
		},
		{
			"from": [7.25, 1.5, 1.5],
			"to": [9.25, 3.5, 7],
			"rotation": {"angle": 45, "axis": "x", "origin": [10, 0, 13]},
			"faces": {
				"north": {"uv": [2, 0, 4, 2], "texture": "#0"},
				"east": {"uv": [5.5, 0, 11, 2], "texture": "#0"},
				"south": {"uv": [2, 0, 4, 2], "texture": "#0"},
				"west": {"uv": [5.5, 0, 11, 2], "texture": "#0"},
				"up": {"uv": [5.5, 0, 11, 2], "rotation": 90, "texture": "#0"},
				"down": {"uv": [5.5, 0, 11, 2], "rotation": 270, "texture": "#0"}
			}
		},
		{
			"from": [7, 8.2, -1],
			"to": [9, 10.2, 2],
			"rotation": {"angle": 0, "axis": "y", "origin": [10, 0, 13]},
			"faces": {
				"north": {"uv": [2, 0, 4, 2], "texture": "#1"},
				"east": {"uv": [3, 0, 6, 2], "texture": "#1"},
				"south": {"uv": [2, 0, 4, 2], "texture": "#1"},
				"west": {"uv": [3, 0, 6, 2], "texture": "#1"},
				"up": {"uv": [3, 0, 6, 2], "rotation": 90, "texture": "#1"},
				"down": {"uv": [3, 0, 6, 2], "rotation": 270, "texture": "#1"}
			}
		}
	],
	"display": {
		"thirdperson_righthand": {
			"rotation": [35, 0, 0]
		},
		"thirdperson_lefthand": {
			"rotation": [35, 0, 0]
		}
	}
}