{
	"credit": "Made with Blockbench",
	"textures": {
		"1": "block/blue_concrete",
		"3": "block/white_wool",
		"6": "custom/fish2",
		"particle": "block/red_terracotta"
	},
	"elements": [
		{
			"from": [3, 4, 6],
			"to": [13, 5.5, 12],
			"rotation": {"angle": 0, "axis": "y", "origin": [16, 3, 0]},
			"faces": {
				"north": {"uv": [3, 0, 0, 4], "texture": "#1"},
				"east": {"uv": [3, 0, 0, 4], "texture": "#3"},
				"south": {"uv": [3, 0, 0, 4], "texture": "#1"},
				"west": {"uv": [4, 0, 0, 11], "texture": "#3"},
				"up": {"uv": [11, 2, 9, 4], "texture": "#1"},
				"down": {"uv": [8, 0, 0, 4], "texture": "#1"}
			}
		},
		{
			"from": [3, 5.5, 6],
			"to": [13, 6.5, 12],
			"rotation": {"angle": 0, "axis": "y", "origin": [16, 3, 0]},
			"faces": {
				"north": {"uv": [3, 0, 0, 4], "texture": "#3"},
				"east": {"uv": [3, 0, 0, 4], "texture": "#3"},
				"south": {"uv": [3, 0, 0, 4], "texture": "#3"},
				"west": {"uv": [4, 0, 0, 11], "texture": "#3"},
				"up": {"uv": [0, 0, 16, 16], "rotation": 180, "texture": "#6"},
				"down": {"uv": [8, 0, 0, 4], "texture": "#3"}
			}
		}
	],
	"display": {
		"firstperson_righthand": {
			"translation": [0, 0, -6]
		},
		"firstperson_lefthand": {
			"translation": [0, 0, -6]
		},
		"ground": {
			"scale": [1.2, 1.2, 1.2]
		},
		"gui": {
			"rotation": [80, 178, 0],
			"scale": [2, 2, 2]
		},
		"head": {
			"scale": [1.5, 1.5, 1.5]
		},
		"fixed": {
			"rotation": [-91, 0, 0],
			"translation": [0, 0, -4],
			"scale": [2, 2, 2]
		}
	}
}