{
	"credit": "Model generated using MrCrayfish's Model Creator (https://mrcrayfish.com/tools?id=mc)",
	"textures": {
		"gray_wool": "block/gray_wool",
		"cyan_terracotta": "block/cyan_terracotta",
		"yellow_terracotta": "block/yellow_terracotta"
	},
	"elements": [
		{
			"name": "Cube1",
			"from": [11, 3, 0],
			"to": [13, 9, 3],
			"rotation": {"angle": 0, "axis": "y", "origin": [-1, 0, 0]},
			"faces": {
				"north": {"uv": [0, 0, 2, 6], "texture": "#yellow_terracotta"},
				"east": {"uv": [0, 0, 10, 6], "texture": "#yellow_terracotta"},
				"south": {"uv": [0, 0, 2, 6], "texture": "#yellow_terracotta"},
				"west": {"uv": [0, 0, 10, 6], "texture": "#yellow_terracotta"},
				"up": {"uv": [0, 0, 10, 2], "rotation": 270, "texture": "#yellow_terracotta"},
				"down": {"uv": [0, 0, 10, 2], "rotation": 270, "texture": "#yellow_terracotta"}
			}
		},
		{
			"name": "Cube2",
			"from": [11, 3, 3],
			"to": [13, 6, 9],
			"rotation": {"angle": 0, "axis": "y", "origin": [-1, 0, 0]},
			"faces": {
				"north": {"uv": [0, 0, 2, 6], "texture": "#yellow_terracotta"},
				"east": {"uv": [0, 0, 10, 6], "texture": "#yellow_terracotta"},
				"south": {"uv": [0, 0, 2, 6], "texture": "#yellow_terracotta"},
				"west": {"uv": [0, 0, 10, 6], "texture": "#yellow_terracotta"},
				"up": {"uv": [0, 0, 10, 2], "rotation": 270, "texture": "#yellow_terracotta"},
				"down": {"uv": [0, 0, 10, 2], "rotation": 270, "texture": "#yellow_terracotta"}
			}
		},
		{
			"name": "Cube3",
			"from": [11, 6.5, -4.25],
			"to": [13, 8.5, -0.25],
			"rotation": {"angle": 45, "axis": "x", "origin": [-1, 0, 0]},
			"faces": {
				"north": {"uv": [0, 0, 2, 6], "texture": "#yellow_terracotta"},
				"east": {"uv": [0, 0, 10, 6], "texture": "#yellow_terracotta"},
				"south": {"uv": [0, 0, 2, 6], "texture": "#yellow_terracotta"},
				"west": {"uv": [0, 0, 10, 6], "texture": "#yellow_terracotta"},
				"up": {"uv": [0, 0, 10, 2], "rotation": 270, "texture": "#yellow_terracotta"},
				"down": {"uv": [0, 0, 10, 2], "rotation": 270, "texture": "#yellow_terracotta"}
			}
		},
		{
			"name": "Cube2",
			"from": [13, 4, 1],
			"to": [13.2, 6.3, 5],
			"rotation": {"angle": 0, "axis": "y", "origin": [-1, -1, 0]},
			"faces": {
				"north": {"uv": [0, 0, 2, 6], "texture": "#cyan_terracotta"},
				"east": {"uv": [0, 0, 10, 6], "texture": "#cyan_terracotta"},
				"south": {"uv": [0, 0, 2, 6], "texture": "#cyan_terracotta"},
				"west": {"uv": [0, 0, 10, 6], "texture": "#cyan_terracotta"},
				"up": {"uv": [0, 0, 10, 2], "rotation": 270, "texture": "#cyan_terracotta"},
				"down": {"uv": [0, 0, 10, 2], "rotation": 270, "texture": "#cyan_terracotta"}
			}
		},
		{
			"name": "Cube3",
			"from": [13, 4, 4],
			"to": [13.2, 5, 8],
			"rotation": {"angle": 0, "axis": "y", "origin": [-1, -1, 0]},
			"faces": {
				"north": {"uv": [0, 0, 2, 6], "texture": "#cyan_terracotta"},
				"east": {"uv": [0, 0, 10, 6], "texture": "#cyan_terracotta"},
				"south": {"uv": [0, 0, 2, 6], "texture": "#cyan_terracotta"},
				"west": {"uv": [0, 0, 10, 6], "texture": "#cyan_terracotta"},
				"up": {"uv": [0, 0, 10, 2], "rotation": 270, "texture": "#cyan_terracotta"},
				"down": {"uv": [0, 0, 10, 2], "rotation": 270, "texture": "#cyan_terracotta"}
			}
		},
		{
			"name": "Cube4",
			"from": [13, 6.5, 1.25],
			"to": [13.2, 7.5, 5.25],
			"rotation": {"angle": 22.5, "axis": "x", "origin": [-1, -1, 0]},
			"faces": {
				"north": {"uv": [0, 0, 2, 6], "texture": "#cyan_terracotta"},
				"east": {"uv": [0, 0, 10, 6], "texture": "#cyan_terracotta"},
				"south": {"uv": [0, 0, 2, 6], "texture": "#cyan_terracotta"},
				"west": {"uv": [0, 0, 10, 6], "texture": "#cyan_terracotta"},
				"up": {"uv": [0, 0, 10, 2], "rotation": 270, "texture": "#cyan_terracotta"},
				"down": {"uv": [0, 0, 10, 2], "rotation": 270, "texture": "#cyan_terracotta"}
			}
		},
		{
			"name": "Cube2",
			"from": [3, 3, 0],
			"to": [5, 9, 3],
			"rotation": {"angle": 0, "axis": "y", "origin": [17, 0, 0]},
			"faces": {
				"north": {"uv": [2, 0, 0, 6], "texture": "#yellow_terracotta"},
				"east": {"uv": [10, 0, 0, 6], "texture": "#yellow_terracotta"},
				"south": {"uv": [2, 0, 0, 6], "texture": "#yellow_terracotta"},
				"west": {"uv": [10, 0, 0, 6], "texture": "#yellow_terracotta"},
				"up": {"uv": [0, 2, 10, 0], "rotation": 270, "texture": "#yellow_terracotta"},
				"down": {"uv": [0, 2, 10, 0], "rotation": 270, "texture": "#yellow_terracotta"}
			}
		},
		{
			"name": "Cube4",
			"from": [3, 6.5, -4.25],
			"to": [5, 8.5, -0.25],
			"rotation": {"angle": 45, "axis": "x", "origin": [17, 0, 0]},
			"faces": {
				"north": {"uv": [2, 0, 0, 6], "texture": "#yellow_terracotta"},
				"east": {"uv": [10, 0, 0, 6], "texture": "#yellow_terracotta"},
				"south": {"uv": [2, 0, 0, 6], "texture": "#yellow_terracotta"},
				"west": {"uv": [10, 0, 0, 6], "texture": "#yellow_terracotta"},
				"up": {"uv": [0, 2, 10, 0], "rotation": 270, "texture": "#yellow_terracotta"},
				"down": {"uv": [0, 2, 10, 0], "rotation": 270, "texture": "#yellow_terracotta"}
			}
		},
		{
			"name": "Cube3",
			"from": [2.8, 4, 1],
			"to": [3, 6.3, 5],
			"rotation": {"angle": 0, "axis": "y", "origin": [17, -1, 0]},
			"faces": {
				"north": {"uv": [2, 0, 0, 6], "texture": "#cyan_terracotta"},
				"east": {"uv": [10, 0, 0, 6], "texture": "#cyan_terracotta"},
				"south": {"uv": [2, 0, 0, 6], "texture": "#cyan_terracotta"},
				"west": {"uv": [10, 0, 0, 6], "texture": "#cyan_terracotta"},
				"up": {"uv": [0, 2, 10, 0], "rotation": 270, "texture": "#cyan_terracotta"},
				"down": {"uv": [0, 2, 10, 0], "rotation": 270, "texture": "#cyan_terracotta"}
			}
		},
		{
			"name": "Cube4",
			"from": [2.8, 4, 4],
			"to": [3, 5, 8],
			"rotation": {"angle": 0, "axis": "y", "origin": [17, -1, 0]},
			"faces": {
				"north": {"uv": [2, 0, 0, 6], "texture": "#cyan_terracotta"},
				"east": {"uv": [10, 0, 0, 6], "texture": "#cyan_terracotta"},
				"south": {"uv": [2, 0, 0, 6], "texture": "#cyan_terracotta"},
				"west": {"uv": [10, 0, 0, 6], "texture": "#cyan_terracotta"},
				"up": {"uv": [0, 2, 10, 0], "rotation": 270, "texture": "#cyan_terracotta"},
				"down": {"uv": [0, 2, 10, 0], "rotation": 270, "texture": "#cyan_terracotta"}
			}
		},
		{
			"name": "Cube3",
			"from": [3, 3, 3],
			"to": [5, 6, 9],
			"rotation": {"angle": 0, "axis": "y", "origin": [17, 0, 0]},
			"faces": {
				"north": {"uv": [2, 0, 0, 6], "texture": "#yellow_terracotta"},
				"east": {"uv": [10, 0, 0, 6], "texture": "#yellow_terracotta"},
				"south": {"uv": [2, 0, 0, 6], "texture": "#yellow_terracotta"},
				"west": {"uv": [10, 0, 0, 6], "texture": "#yellow_terracotta"},
				"up": {"uv": [0, 2, 10, 0], "rotation": 270, "texture": "#yellow_terracotta"},
				"down": {"uv": [0, 2, 10, 0], "rotation": 270, "texture": "#yellow_terracotta"}
			}
		},
		{
			"name": "Cube5",
			"from": [2.8, 6.5, 1.25],
			"to": [3, 7.5, 5.25],
			"rotation": {"angle": 22.5, "axis": "x", "origin": [17, -1, 0]},
			"faces": {
				"north": {"uv": [2, 0, 0, 6], "texture": "#cyan_terracotta"},
				"east": {"uv": [10, 0, 0, 6], "texture": "#cyan_terracotta"},
				"south": {"uv": [2, 0, 0, 6], "texture": "#cyan_terracotta"},
				"west": {"uv": [10, 0, 0, 6], "texture": "#cyan_terracotta"},
				"up": {"uv": [0, 2, 10, 0], "rotation": 270, "texture": "#cyan_terracotta"},
				"down": {"uv": [0, 2, 10, 0], "rotation": 270, "texture": "#cyan_terracotta"}
			}
		},
		{
			"name": "base",
			"from": [4, 3, 0],
			"to": [12, 4, 10],
			"faces": {
				"north": {"uv": [0, 0, 8, 1], "texture": "#gray_wool"},
				"east": {"uv": [0, 0, 10, 1], "texture": "#gray_wool"},
				"south": {"uv": [0, 0, 8, 1], "texture": "#gray_wool"},
				"west": {"uv": [0, 0, 10, 1], "texture": "#gray_wool"},
				"up": {"uv": [0, 0, 8, 10], "rotation": 270, "texture": "#gray_wool"},
				"down": {"uv": [0, 0, 8, 10], "rotation": 270, "texture": "#gray_wool"}
			}
		},
		{
			"name": "heck",
			"from": [4, 3, -1],
			"to": [12, 9, 0],
			"faces": {
				"north": {"uv": [0, 0, 10, 6], "texture": "#yellow_terracotta"},
				"east": {"uv": [0, 0, 1, 6], "texture": "#yellow_terracotta"},
				"south": {"uv": [0, 0, 10, 6], "texture": "#yellow_terracotta"},
				"west": {"uv": [0, 0, 1, 6], "texture": "#yellow_terracotta"},
				"up": {"uv": [0, 0, 1, 10], "rotation": 270, "texture": "#yellow_terracotta"},
				"down": {"uv": [0, 0, 1, 10], "rotation": 270, "texture": "#yellow_terracotta"}
			}
		},
		{
			"name": "heck",
			"from": [5, 5, -1.1],
			"to": [11, 8, -0.1],
			"faces": {
				"north": {"uv": [12, 0, 16, 15], "texture": "#gray_wool"},
				"east": {"uv": [0, 0, 1, 6], "texture": "#gray_wool"},
				"south": {"uv": [0, 0, 10, 6], "texture": "#gray_wool"},
				"west": {"uv": [0, 0, 1, 6], "texture": "#gray_wool"},
				"up": {"uv": [0, 0, 1, 10], "rotation": 270, "texture": "#gray_wool"},
				"down": {"uv": [0, 0, 1, 10], "rotation": 270, "texture": "#gray_wool"}
			}
		},
		{
			"name": "Cube1",
			"from": [11, 7, 9],
			"to": [11.75, 12, 9.75],
			"rotation": {"angle": 0, "axis": "y", "origin": [-1, 0, 0]},
			"faces": {
				"north": {"uv": [0, 0, 1, 7], "texture": "#cyan_terracotta"},
				"east": {"uv": [0, 0, 1, 7], "texture": "#cyan_terracotta"},
				"south": {"uv": [0, 0, 1, 7], "texture": "#cyan_terracotta"},
				"west": {"uv": [0, 0, 1, 7], "texture": "#cyan_terracotta"},
				"up": {"uv": [0, 0, 1, 1], "rotation": 270, "texture": "#cyan_terracotta"},
				"down": {"uv": [0, 0, 1, 1], "rotation": 270, "texture": "#cyan_terracotta"}
			}
		},
		{
			"name": "Cube2",
			"from": [11, 12, 8.75],
			"to": [11.75, 14, 9.5],
			"rotation": {"angle": 0, "axis": "y", "origin": [-1, 0, 0]},
			"faces": {
				"north": {"uv": [0, 0, 1, 7], "texture": "#cyan_terracotta"},
				"east": {"uv": [0, 0, 1, 7], "texture": "#cyan_terracotta"},
				"south": {"uv": [0, 0, 1, 7], "texture": "#cyan_terracotta"},
				"west": {"uv": [0, 0, 1, 7], "texture": "#cyan_terracotta"},
				"up": {"uv": [0, 0, 1, 1], "rotation": 270, "texture": "#cyan_terracotta"},
				"down": {"uv": [0, 0, 1, 1], "rotation": 270, "texture": "#cyan_terracotta"}
			}
		},
		{
			"name": "Cube3",
			"from": [11, 14, 8.5],
			"to": [11.75, 15, 9.25],
			"rotation": {"angle": 0, "axis": "y", "origin": [-1, 0, 0]},
			"faces": {
				"north": {"uv": [0, 0, 1, 7], "texture": "#cyan_terracotta"},
				"east": {"uv": [0, 0, 1, 7], "texture": "#cyan_terracotta"},
				"south": {"uv": [0, 0, 1, 7], "texture": "#cyan_terracotta"},
				"west": {"uv": [0, 0, 1, 7], "texture": "#cyan_terracotta"},
				"up": {"uv": [0, 0, 1, 1], "rotation": 270, "texture": "#cyan_terracotta"},
				"down": {"uv": [0, 0, 1, 1], "rotation": 270, "texture": "#cyan_terracotta"}
			}
		},
		{
			"name": "Cube4",
			"from": [11, 15, 8],
			"to": [11.75, 16, 8.75],
			"rotation": {"angle": 0, "axis": "y", "origin": [-1, 0, 0]},
			"faces": {
				"north": {"uv": [0, 0, 1, 7], "texture": "#cyan_terracotta"},
				"east": {"uv": [0, 0, 1, 7], "texture": "#cyan_terracotta"},
				"south": {"uv": [0, 0, 1, 7], "texture": "#cyan_terracotta"},
				"west": {"uv": [0, 0, 1, 7], "texture": "#cyan_terracotta"},
				"up": {"uv": [0, 0, 1, 1], "rotation": 270, "texture": "#cyan_terracotta"},
				"down": {"uv": [0, 0, 1, 1], "rotation": 270, "texture": "#cyan_terracotta"}
			}
		},
		{
			"name": "Cube1",
			"from": [11, 9, 0],
			"to": [11.75, 13, 0.75],
			"rotation": {"angle": 0, "axis": "y", "origin": [-1, 0, 0]},
			"faces": {
				"north": {"uv": [0, 0, 1, 7], "texture": "#cyan_terracotta"},
				"east": {"uv": [0, 0, 1, 7], "texture": "#cyan_terracotta"},
				"south": {"uv": [0, 0, 1, 7], "texture": "#cyan_terracotta"},
				"west": {"uv": [0, 0, 1, 7], "texture": "#cyan_terracotta"},
				"up": {"uv": [0, 0, 1, 1], "rotation": 270, "texture": "#cyan_terracotta"},
				"down": {"uv": [0, 0, 1, 1], "rotation": 270, "texture": "#cyan_terracotta"}
			}
		},
		{
			"name": "Cube2",
			"from": [11, 13, 0.25],
			"to": [11.75, 15, 1],
			"rotation": {"angle": 0, "axis": "y", "origin": [-1, 0, 0]},
			"faces": {
				"north": {"uv": [0, 0, 1, 7], "texture": "#cyan_terracotta"},
				"east": {"uv": [0, 0, 1, 7], "texture": "#cyan_terracotta"},
				"south": {"uv": [0, 0, 1, 7], "texture": "#cyan_terracotta"},
				"west": {"uv": [0, 0, 1, 7], "texture": "#cyan_terracotta"},
				"up": {"uv": [0, 0, 1, 1], "rotation": 270, "texture": "#cyan_terracotta"},
				"down": {"uv": [0, 0, 1, 1], "rotation": 270, "texture": "#cyan_terracotta"}
			}
		},
		{
			"name": "Cube3",
			"from": [11, 15, 0.75],
			"to": [11.75, 16, 1.5],
			"rotation": {"angle": 0, "axis": "y", "origin": [-1, 0, 0]},
			"faces": {
				"north": {"uv": [0, 0, 1, 7], "texture": "#cyan_terracotta"},
				"east": {"uv": [0, 0, 1, 7], "texture": "#cyan_terracotta"},
				"south": {"uv": [0, 0, 1, 7], "texture": "#cyan_terracotta"},
				"west": {"uv": [0, 0, 1, 7], "texture": "#cyan_terracotta"},
				"up": {"uv": [0, 0, 1, 1], "rotation": 270, "texture": "#cyan_terracotta"},
				"down": {"uv": [0, 0, 1, 1], "rotation": 270, "texture": "#cyan_terracotta"}
			}
		},
		{
			"name": "Cube4",
			"from": [4, 15, 0.75],
			"to": [4.75, 16, 1.5],
			"rotation": {"angle": 0, "axis": "y", "origin": [-1, 0, 0]},
			"faces": {
				"north": {"uv": [0, 0, 1, 7], "texture": "#cyan_terracotta"},
				"east": {"uv": [0, 0, 1, 7], "texture": "#cyan_terracotta"},
				"south": {"uv": [0, 0, 1, 7], "texture": "#cyan_terracotta"},
				"west": {"uv": [0, 0, 1, 7], "texture": "#cyan_terracotta"},
				"up": {"uv": [0, 0, 1, 1], "rotation": 270, "texture": "#cyan_terracotta"},
				"down": {"uv": [0, 0, 1, 1], "rotation": 270, "texture": "#cyan_terracotta"}
			}
		},
		{
			"name": "Cube3",
			"from": [4, 13, 0.25],
			"to": [4.75, 15, 1],
			"rotation": {"angle": 0, "axis": "y", "origin": [-1, 0, 0]},
			"faces": {
				"north": {"uv": [0, 0, 1, 7], "texture": "#cyan_terracotta"},
				"east": {"uv": [0, 0, 1, 7], "texture": "#cyan_terracotta"},
				"south": {"uv": [0, 0, 1, 7], "texture": "#cyan_terracotta"},
				"west": {"uv": [0, 0, 1, 7], "texture": "#cyan_terracotta"},
				"up": {"uv": [0, 0, 1, 1], "rotation": 270, "texture": "#cyan_terracotta"},
				"down": {"uv": [0, 0, 1, 1], "rotation": 270, "texture": "#cyan_terracotta"}
			}
		},
		{
			"name": "Cube2",
			"from": [4, 9, 0],
			"to": [4.75, 13, 0.75],
			"rotation": {"angle": 0, "axis": "y", "origin": [-1, 0, 0]},
			"faces": {
				"north": {"uv": [0, 0, 1, 7], "texture": "#cyan_terracotta"},
				"east": {"uv": [0, 0, 1, 7], "texture": "#cyan_terracotta"},
				"south": {"uv": [0, 0, 1, 7], "texture": "#cyan_terracotta"},
				"west": {"uv": [0, 0, 1, 7], "texture": "#cyan_terracotta"},
				"up": {"uv": [0, 0, 1, 1], "rotation": 270, "texture": "#cyan_terracotta"},
				"down": {"uv": [0, 0, 1, 1], "rotation": 270, "texture": "#cyan_terracotta"}
			}
		},
		{
			"name": "Cube2",
			"from": [4, 7, 9],
			"to": [4.75, 12, 9.75],
			"rotation": {"angle": 0, "axis": "y", "origin": [-1, 0, 0]},
			"faces": {
				"north": {"uv": [0, 0, 1, 7], "texture": "#cyan_terracotta"},
				"east": {"uv": [0, 0, 1, 7], "texture": "#cyan_terracotta"},
				"south": {"uv": [0, 0, 1, 7], "texture": "#cyan_terracotta"},
				"west": {"uv": [0, 0, 1, 7], "texture": "#cyan_terracotta"},
				"up": {"uv": [0, 0, 1, 1], "rotation": 270, "texture": "#cyan_terracotta"},
				"down": {"uv": [0, 0, 1, 1], "rotation": 270, "texture": "#cyan_terracotta"}
			}
		},
		{
			"name": "Cube3",
			"from": [4, 12, 8.75],
			"to": [4.75, 14, 9.5],
			"rotation": {"angle": 0, "axis": "y", "origin": [-1, 0, 0]},
			"faces": {
				"north": {"uv": [0, 0, 1, 7], "texture": "#cyan_terracotta"},
				"east": {"uv": [0, 0, 1, 7], "texture": "#cyan_terracotta"},
				"south": {"uv": [0, 0, 1, 7], "texture": "#cyan_terracotta"},
				"west": {"uv": [0, 0, 1, 7], "texture": "#cyan_terracotta"},
				"up": {"uv": [0, 0, 1, 1], "rotation": 270, "texture": "#cyan_terracotta"},
				"down": {"uv": [0, 0, 1, 1], "rotation": 270, "texture": "#cyan_terracotta"}
			}
		},
		{
			"name": "Cube4",
			"from": [4, 14, 8.5],
			"to": [4.75, 15, 9.25],
			"rotation": {"angle": 0, "axis": "y", "origin": [-1, 0, 0]},
			"faces": {
				"north": {"uv": [0, 0, 1, 7], "texture": "#cyan_terracotta"},
				"east": {"uv": [0, 0, 1, 7], "texture": "#cyan_terracotta"},
				"south": {"uv": [0, 0, 1, 7], "texture": "#cyan_terracotta"},
				"west": {"uv": [0, 0, 1, 7], "texture": "#cyan_terracotta"},
				"up": {"uv": [0, 0, 1, 1], "rotation": 270, "texture": "#cyan_terracotta"},
				"down": {"uv": [0, 0, 1, 1], "rotation": 270, "texture": "#cyan_terracotta"}
			}
		},
		{
			"name": "Cube5",
			"from": [4, 15, 8],
			"to": [4.75, 16, 8.75],
			"rotation": {"angle": 0, "axis": "y", "origin": [-1, 0, 0]},
			"faces": {
				"north": {"uv": [0, 0, 1, 7], "texture": "#cyan_terracotta"},
				"east": {"uv": [0, 0, 1, 7], "texture": "#cyan_terracotta"},
				"south": {"uv": [0, 0, 1, 7], "texture": "#cyan_terracotta"},
				"west": {"uv": [0, 0, 1, 7], "texture": "#cyan_terracotta"},
				"up": {"uv": [0, 0, 1, 1], "rotation": 270, "texture": "#cyan_terracotta"},
				"down": {"uv": [0, 0, 1, 1], "rotation": 270, "texture": "#cyan_terracotta"}
			}
		},
		{
			"name": "dach",
			"from": [3.5, 16, 1],
			"to": [12.5, 16.5, 8.5],
			"faces": {
				"north": {"uv": [5, 9, 6, 10], "texture": "#gray_wool"},
				"east": {"uv": [5, 9, 6, 10], "texture": "#gray_wool"},
				"south": {"uv": [5, 9, 6, 10], "texture": "#gray_wool"},
				"west": {"uv": [5, 9, 6, 10], "texture": "#gray_wool"},
				"up": {"uv": [5, 9, 6, 10], "texture": "#gray_wool"},
				"down": {"uv": [5, 9, 6, 10], "texture": "#gray_wool"}
			}
		},
		{
			"name": "Cube2",
			"from": [4, 2, 11],
			"to": [6, 18, 12],
			"faces": {
				"north": {"uv": [5, 9, 6, 10], "texture": "#gray_wool"},
				"east": {"uv": [5, 9, 6, 10], "texture": "#gray_wool"},
				"south": {"uv": [5, 9, 6, 10], "texture": "#gray_wool"},
				"west": {"uv": [5, 9, 6, 10], "texture": "#gray_wool"},
				"up": {"uv": [5, 9, 6, 10], "texture": "#gray_wool"},
				"down": {"uv": [5, 9, 6, 10], "texture": "#gray_wool"}
			}
		},
		{
			"name": "Cube1",
			"from": [10, 2, 11],
			"to": [12, 18, 12],
			"faces": {
				"north": {"uv": [5, 9, 6, 10], "texture": "#gray_wool"},
				"east": {"uv": [5, 9, 6, 10], "texture": "#gray_wool"},
				"south": {"uv": [5, 9, 6, 10], "texture": "#gray_wool"},
				"west": {"uv": [5, 9, 6, 10], "texture": "#gray_wool"},
				"up": {"uv": [5, 9, 6, 10], "texture": "#gray_wool"},
				"down": {"uv": [5, 9, 6, 10], "texture": "#gray_wool"}
			}
		},
		{
			"name": "front",
			"from": [6, 13, 11],
			"to": [10, 15, 12],
			"faces": {
				"north": {"uv": [5, 9, 6, 10], "texture": "#gray_wool"},
				"east": {"uv": [5, 9, 6, 10], "texture": "#gray_wool"},
				"south": {"uv": [5, 9, 6, 10], "texture": "#gray_wool"},
				"west": {"uv": [5, 9, 6, 10], "texture": "#gray_wool"},
				"up": {"uv": [5, 9, 6, 10], "texture": "#gray_wool"},
				"down": {"uv": [5, 9, 6, 10], "texture": "#gray_wool"}
			}
		},
		{
			"name": "gabel2",
			"from": [4, 2, 12],
			"to": [6, 3, 19],
			"faces": {
				"north": {"uv": [5, 9, 6, 10], "texture": "#gray_wool"},
				"east": {"uv": [5, 9, 6, 10], "texture": "#gray_wool"},
				"south": {"uv": [5, 9, 6, 10], "texture": "#gray_wool"},
				"west": {"uv": [5, 9, 6, 10], "texture": "#gray_wool"},
				"up": {"uv": [5, 9, 6, 10], "texture": "#gray_wool"},
				"down": {"uv": [5, 9, 6, 10], "texture": "#gray_wool"}
			}
		},
		{
			"name": "gabel1",
			"from": [10, 2, 12],
			"to": [12, 3, 19],
			"faces": {
				"north": {"uv": [5, 9, 6, 10], "texture": "#gray_wool"},
				"east": {"uv": [5, 9, 6, 10], "texture": "#gray_wool"},
				"south": {"uv": [5, 9, 6, 10], "texture": "#gray_wool"},
				"west": {"uv": [5, 9, 6, 10], "texture": "#gray_wool"},
				"up": {"uv": [5, 9, 6, 10], "texture": "#gray_wool"},
				"down": {"uv": [5, 9, 6, 10], "texture": "#gray_wool"}
			}
		},
		{
			"name": "gabel",
			"from": [6, 3, 11],
			"to": [10, 4, 12],
			"faces": {
				"north": {"uv": [5, 9, 6, 10], "texture": "#gray_wool"},
				"east": {"uv": [5, 9, 6, 10], "texture": "#gray_wool"},
				"south": {"uv": [5, 9, 6, 10], "texture": "#gray_wool"},
				"west": {"uv": [5, 9, 6, 10], "texture": "#gray_wool"},
				"up": {"uv": [5, 9, 6, 10], "texture": "#gray_wool"},
				"down": {"uv": [5, 9, 6, 10], "texture": "#gray_wool"}
			}
		},
		{
			"name": "gabel1",
			"from": [11, 3, 10],
			"to": [13, 4, 11],
			"faces": {
				"north": {"uv": [0, 0, 2, 1], "texture": "#cyan_terracotta"},
				"east": {"uv": [0, 0, 1, 1], "texture": "#cyan_terracotta"},
				"south": {"uv": [0, 0, 2, 1], "texture": "#cyan_terracotta"},
				"west": {"uv": [0, 0, 1, 1], "texture": "#cyan_terracotta"},
				"up": {"uv": [0, 0, 1, 2], "rotation": 270, "texture": "#cyan_terracotta"},
				"down": {"uv": [0, 0, 1, 2], "rotation": 270, "texture": "#cyan_terracotta"}
			}
		},
		{
			"name": "gabel1",
			"from": [3, 3, 10],
			"to": [5, 4, 11],
			"faces": {
				"north": {"uv": [0, 0, 2, 1], "texture": "#cyan_terracotta"},
				"east": {"uv": [0, 0, 1, 1], "texture": "#cyan_terracotta"},
				"south": {"uv": [0, 0, 2, 1], "texture": "#cyan_terracotta"},
				"west": {"uv": [0, 0, 1, 1], "texture": "#cyan_terracotta"},
				"up": {"uv": [0, 0, 2, 1], "rotation": 270, "texture": "#cyan_terracotta"},
				"down": {"uv": [0, 0, 2, 1], "rotation": 270, "texture": "#cyan_terracotta"}
			}
		},
		{
			"name": "wheel1",
			"from": [12, 1, 7],
			"to": [13, 3, 9],
			"faces": {
				"north": {"uv": [0, 0, 1, 2], "texture": "#gray_wool"},
				"east": {"uv": [0, 0, 3, 2], "texture": "#gray_wool"},
				"south": {"uv": [0, 0, 1, 2], "texture": "#gray_wool"},
				"west": {"uv": [0, 0, 3, 2], "texture": "#gray_wool"},
				"up": {"uv": [0, 0, 3, 1], "rotation": 270, "texture": "#gray_wool"},
				"down": {"uv": [0, 0, 3, 1], "rotation": 270, "texture": "#gray_wool"}
			}
		},
		{
			"name": "wheel2",
			"from": [3, 1, 7],
			"to": [4, 3, 9],
			"faces": {
				"north": {"uv": [0, 0, 1, 2], "texture": "#gray_wool"},
				"east": {"uv": [0, 0, 3, 2], "texture": "#gray_wool"},
				"south": {"uv": [0, 0, 1, 2], "texture": "#gray_wool"},
				"west": {"uv": [0, 0, 3, 2], "texture": "#gray_wool"},
				"up": {"uv": [0, 0, 1, 3], "rotation": 270, "texture": "#gray_wool"},
				"down": {"uv": [0, 0, 1, 3], "rotation": 270, "texture": "#gray_wool"}
			}
		},
		{
			"name": "wheel1",
			"from": [7, 1, 0],
			"to": [9, 3, 3],
			"faces": {
				"north": {"uv": [0, 0, 1, 2], "texture": "#gray_wool"},
				"east": {"uv": [0, 0, 3, 2], "texture": "#gray_wool"},
				"south": {"uv": [0, 0, 1, 2], "texture": "#gray_wool"},
				"west": {"uv": [0, 0, 3, 2], "texture": "#gray_wool"},
				"up": {"uv": [0, 0, 1, 3], "rotation": 270, "texture": "#gray_wool"},
				"down": {"uv": [0, 0, 1, 3], "rotation": 270, "texture": "#gray_wool"}
			}
		},
		{
			"name": "front",
			"from": [3, 3, 9],
			"to": [13, 7, 10],
			"faces": {
				"north": {"uv": [5, 9, 6, 10], "texture": "#gray_wool"},
				"east": {"uv": [5, 9, 6, 10], "texture": "#gray_wool"},
				"south": {"uv": [5, 9, 6, 10], "texture": "#gray_wool"},
				"west": {"uv": [5, 9, 6, 10], "texture": "#gray_wool"},
				"up": {"uv": [5, 9, 6, 10], "texture": "#gray_wool"},
				"down": {"uv": [5, 9, 6, 10], "texture": "#gray_wool"}
			}
		},
		{
			"name": "front",
			"from": [6, 1, 10],
			"to": [9, 4, 12],
			"rotation": {"angle": -22.5, "axis": "x", "origin": [0, 0, 0]},
			"faces": {
				"north": {"uv": [5, 9, 6, 10], "texture": "#gray_wool"},
				"east": {"uv": [5, 9, 6, 10], "texture": "#gray_wool"},
				"south": {"uv": [5, 9, 6, 10], "texture": "#gray_wool"},
				"west": {"uv": [5, 9, 6, 10], "texture": "#gray_wool"},
				"up": {"uv": [5, 9, 6, 10], "texture": "#gray_wool"},
				"down": {"uv": [5, 9, 6, 10], "texture": "#gray_wool"}
			}
		},
		{
			"name": "front",
			"from": [7.25, 4, 10.6],
			"to": [7.75, 4.5, 11.1],
			"rotation": {"angle": -22.5, "axis": "x", "origin": [0, 0, 0]},
			"faces": {
				"north": {"uv": [5, 9, 6, 10], "texture": "#gray_wool"},
				"east": {"uv": [5, 9, 6, 10], "texture": "#gray_wool"},
				"south": {"uv": [5, 9, 6, 10], "texture": "#gray_wool"},
				"west": {"uv": [5, 9, 6, 10], "texture": "#gray_wool"},
				"up": {"uv": [5, 9, 6, 10], "texture": "#gray_wool"},
				"down": {"uv": [5, 9, 6, 10], "texture": "#gray_wool"}
			}
		},
		{
			"name": "front",
			"from": [6.5, 4.5, 10],
			"to": [6.75, 4.75, 11.5],
			"rotation": {"angle": -22.5, "axis": "x", "origin": [0, 0, 0]},
			"faces": {
				"north": {"uv": [5, 9, 6, 10], "texture": "#gray_wool"},
				"east": {"uv": [5, 9, 6, 10], "texture": "#gray_wool"},
				"south": {"uv": [5, 9, 6, 10], "texture": "#gray_wool"},
				"west": {"uv": [5, 9, 6, 10], "texture": "#gray_wool"},
				"up": {"uv": [5, 9, 6, 10], "texture": "#gray_wool"},
				"down": {"uv": [5, 9, 6, 10], "texture": "#gray_wool"}
			}
		},
		{
			"name": "front",
			"from": [7.25, 4.5, 10],
			"to": [7.5, 4.75, 11.5],
			"rotation": {"angle": -22.5, "axis": "x", "origin": [0, 0, 0]},
			"faces": {
				"north": {"uv": [5, 9, 6, 10], "texture": "#gray_wool"},
				"east": {"uv": [5, 9, 6, 10], "texture": "#gray_wool"},
				"south": {"uv": [5, 9, 6, 10], "texture": "#gray_wool"},
				"west": {"uv": [5, 9, 6, 10], "texture": "#gray_wool"},
				"up": {"uv": [5, 9, 6, 10], "texture": "#gray_wool"},
				"down": {"uv": [5, 9, 6, 10], "texture": "#gray_wool"}
			}
		},
		{
			"name": "front",
			"from": [6.75, 4.5, 9.75],
			"to": [8, 4.75, 10],
			"rotation": {"angle": -22.5, "axis": "x", "origin": [0, 0, 0]},
			"faces": {
				"north": {"uv": [5, 9, 6, 10], "texture": "#gray_wool"},
				"east": {"uv": [5, 9, 6, 10], "texture": "#gray_wool"},
				"south": {"uv": [5, 9, 6, 10], "texture": "#gray_wool"},
				"west": {"uv": [5, 9, 6, 10], "texture": "#gray_wool"},
				"up": {"uv": [5, 9, 6, 10], "texture": "#gray_wool"},
				"down": {"uv": [5, 9, 6, 10], "texture": "#gray_wool"}
			}
		},
		{
			"name": "front",
			"from": [6.75, 4.5, 10.6],
			"to": [8, 4.75, 10.85],
			"rotation": {"angle": -22.5, "axis": "x", "origin": [0, 0, 0]},
			"faces": {
				"north": {"uv": [5, 9, 6, 10], "texture": "#gray_wool"},
				"east": {"uv": [5, 9, 6, 10], "texture": "#gray_wool"},
				"south": {"uv": [5, 9, 6, 10], "texture": "#gray_wool"},
				"west": {"uv": [5, 9, 6, 10], "texture": "#gray_wool"},
				"up": {"uv": [5, 9, 6, 10], "texture": "#gray_wool"},
				"down": {"uv": [5, 9, 6, 10], "texture": "#gray_wool"}
			}
		},
		{
			"name": "front",
			"from": [6.75, 4.5, 11.5],
			"to": [8, 4.75, 11.75],
			"rotation": {"angle": -22.5, "axis": "x", "origin": [0, 0, 0]},
			"faces": {
				"north": {"uv": [5, 9, 6, 10], "texture": "#gray_wool"},
				"east": {"uv": [5, 9, 6, 10], "texture": "#gray_wool"},
				"south": {"uv": [5, 9, 6, 10], "texture": "#gray_wool"},
				"west": {"uv": [5, 9, 6, 10], "texture": "#gray_wool"},
				"up": {"uv": [5, 9, 6, 10], "texture": "#gray_wool"},
				"down": {"uv": [5, 9, 6, 10], "texture": "#gray_wool"}
			}
		},
		{
			"name": "front",
			"from": [8, 4.5, 10],
			"to": [8.25, 4.75, 11.5],
			"rotation": {"angle": -22.5, "axis": "x", "origin": [0, 0, 0]},
			"faces": {
				"north": {"uv": [5, 9, 6, 10], "texture": "#gray_wool"},
				"east": {"uv": [5, 9, 6, 10], "texture": "#gray_wool"},
				"south": {"uv": [5, 9, 6, 10], "texture": "#gray_wool"},
				"west": {"uv": [5, 9, 6, 10], "texture": "#gray_wool"},
				"up": {"uv": [5, 9, 6, 10], "texture": "#gray_wool"},
				"down": {"uv": [5, 9, 6, 10], "texture": "#gray_wool"}
			}
		},
		{
			"name": "seat",
			"from": [6, 4, 3],
			"to": [10, 6, 7],
			"faces": {
				"north": {"uv": [0, 0, 4, 2], "texture": "#gray_wool"},
				"east": {"uv": [0, 0, 4, 2], "texture": "#gray_wool"},
				"south": {"uv": [0, 0, 4, 2], "texture": "#gray_wool"},
				"west": {"uv": [0, 0, 4, 2], "texture": "#gray_wool"},
				"up": {"uv": [0, 0, 4, 4], "rotation": 270, "texture": "#gray_wool"},
				"down": {"uv": [0, 0, 4, 4], "rotation": 270, "texture": "#gray_wool"}
			}
		},
		{
			"name": "seat",
			"from": [6, 5, 1],
			"to": [10, 11, 3],
			"faces": {
				"north": {"uv": [0, 0, 4, 6], "texture": "#gray_wool"},
				"east": {"uv": [0, 0, 2, 6], "texture": "#gray_wool"},
				"south": {"uv": [0, 0, 4, 6], "texture": "#gray_wool"},
				"west": {"uv": [0, 0, 2, 6], "texture": "#gray_wool"},
				"up": {"uv": [0, 0, 2, 4], "rotation": 270, "texture": "#gray_wool"},
				"down": {"uv": [0, 0, 2, 4], "rotation": 270, "texture": "#gray_wool"}
			}
		}
	],
	"display": {
		"thirdperson_righthand": {
			"rotation": [75, 315, 0],
			"translation": [0, 2.5, 0],
			"scale": [0.375, 0.375, 0.375]
		},
		"firstperson_righthand": {
			"rotation": [0, 315, 0],
			"translation": [0, 2.5, 0],
			"scale": [0.4, 0.4, 0.4]
		},
		"ground": {
			"translation": [0, 3, 0],
			"scale": [0.25, 0.25, 0.25]
		},
		"gui": {
			"rotation": [30, 45, 0],
			"scale": [0.625, 0.625, 0.625]
		},
		"head": {
			"rotation": [0, 180, 0],
			"scale": [5, 5, 5]
		},
		"fixed": {
			"rotation": [0, 180, 0]
		}
	}
}