{
	"credit": "Made with Blockbench",
	"textures": {
		"0": "block/red_concrete",
		"1": "block/red_concrete_powder",
		"particle": "block/red_concrete"
	},
	"elements": [
		{
			"from": [4, 0, 0],
			"to": [7, 15, 12],
			"faces": {
				"north": {"uv": [0, 0, 3, 15], "texture": "#0"},
				"east": {"uv": [0, 0, 12, 15], "texture": "#0"},
				"south": {"uv": [0, 0, 3, 15], "texture": "#0"},
				"west": {"uv": [0, 0, 12, 15], "texture": "#0"},
				"up": {"uv": [0, 0, 3, 12], "texture": "#0"},
				"down": {"uv": [0, 0, 3, 12], "texture": "#0"}
			}
		},
		{
			"from": [3.5, 0.3, -0.5],
			"to": [4.5, 16.3, 0.5],
			"rotation": {"angle": 45, "axis": "x", "origin": [0, 0, 0]},
			"faces": {
				"north": {"uv": [0, 0, 1, 16], "texture": "#1"},
				"east": {"uv": [0, 0, 1, 16], "texture": "#1"},
				"south": {"uv": [0, 0, 1, 16], "texture": "#1"},
				"west": {"uv": [0, 0, 1, 16], "texture": "#1"},
				"up": {"uv": [0, 0, 1, 1], "texture": "#1"},
				"down": {"uv": [0, 0, 1, 1], "texture": "#1"}
			}
		},
		{
			"from": [3.5, -8.1, 8.1],
			"to": [4.5, 7.9, 9.1],
			"rotation": {"angle": -45, "axis": "x", "origin": [0, 0, 0]},
			"faces": {
				"north": {"uv": [0, 0, 1, 16], "texture": "#1"},
				"east": {"uv": [0, 0, 1, 16], "texture": "#1"},
				"south": {"uv": [0, 0, 1, 16], "texture": "#1"},
				"west": {"uv": [0, 0, 1, 16], "texture": "#1"},
				"up": {"uv": [0, 0, 1, 1], "texture": "#1"},
				"down": {"uv": [0, 0, 1, 1], "texture": "#1"}
			}
		},
		{
			"from": [4, 15, 10],
			"to": [7, 19, 12],
			"faces": {
				"north": {"uv": [0, 0, 3, 4], "texture": "#0"},
				"east": {"uv": [0, 0, 2, 4], "texture": "#0"},
				"south": {"uv": [0, 0, 3, 4], "texture": "#0"},
				"west": {"uv": [0, 0, 2, 4], "texture": "#0"},
				"up": {"uv": [0, 0, 3, 2], "texture": "#0"},
				"down": {"uv": [0, 0, 3, 2], "texture": "#0"}
			}
		},
		{
			"from": [4, 14.6, -6.3],
			"to": [7, 20.6, -3.3],
			"rotation": {"angle": 45, "axis": "x", "origin": [0, 0, 0]},
			"faces": {
				"north": {"uv": [0, 0, 3, 6], "texture": "#0"},
				"east": {"uv": [0, 0, 3, 6], "texture": "#0"},
				"south": {"uv": [0, 0, 3, 6], "texture": "#0"},
				"west": {"uv": [0, 0, 3, 6], "texture": "#0"},
				"up": {"uv": [0, 0, 3, 3], "texture": "#0"},
				"down": {"uv": [0, 0, 3, 3], "texture": "#0"}
			}
		},
		{
			"from": [6, 12.6, 6.7],
			"to": [7, 15.1, 7.7],
			"rotation": {"angle": -22.5, "axis": "x", "origin": [0, 0, 0]},
			"faces": {
				"north": {"uv": [0, 0, 1, 2.5], "texture": "#0"},
				"east": {"uv": [0, 0, 1, 2.5], "texture": "#0"},
				"south": {"uv": [0, 0, 1, 2.5], "texture": "#0"},
				"west": {"uv": [0, 0, 1, 2.5], "texture": "#0"},
				"up": {"uv": [0, 0, 1, 1], "texture": "#0"},
				"down": {"uv": [0, 0, 1, 1], "texture": "#0"}
			}
		},
		{
			"from": [6, 13.6, 2.7],
			"to": [7, 18.6, 3.7],
			"faces": {
				"north": {"uv": [0, 0, 1, 5], "texture": "#0"},
				"east": {"uv": [0, 0, 1, 5], "texture": "#0"},
				"south": {"uv": [0, 0, 1, 5], "texture": "#0"},
				"west": {"uv": [0, 0, 1, 5], "texture": "#0"},
				"up": {"uv": [0, 0, 1, 1], "texture": "#0"},
				"down": {"uv": [0, 0, 1, 1], "texture": "#0"}
			}
		},
		{
			"from": [6, 18.25, 3.7],
			"to": [7, 18.75, 9.7],
			"faces": {
				"north": {"uv": [0, 0, 1, 0.5], "texture": "#0"},
				"east": {"uv": [0, 0, 6, 0.5], "texture": "#0"},
				"south": {"uv": [0, 0, 1, 0.5], "texture": "#0"},
				"west": {"uv": [0, 0, 6, 0.5], "texture": "#0"},
				"up": {"uv": [0, 0, 1, 6], "texture": "#0"},
				"down": {"uv": [0, 0, 1, 6], "texture": "#0"}
			}
		},
		{
			"from": [7.5, 0, 0],
			"to": [10.5, 15, 12],
			"rotation": {"angle": 0, "axis": "y", "origin": [14.5, 0, 0]},
			"faces": {
				"north": {"uv": [3, 0, 6, 15], "texture": "#0"},
				"east": {"uv": [4, 0, 16, 15], "texture": "#0"},
				"south": {"uv": [3, 0, 6, 15], "texture": "#0"},
				"west": {"uv": [4, 0, 16, 15], "texture": "#0"},
				"up": {"uv": [3, 0, 6, 12], "texture": "#0"},
				"down": {"uv": [3, 0, 6, 12], "texture": "#0"}
			}
		},
		{
			"from": [10, 0.3, -0.5],
			"to": [11, 16.3, 0.5],
			"rotation": {"angle": 45, "axis": "x", "origin": [14.5, 0, 0]},
			"faces": {
				"north": {"uv": [1, 0, 2, 16], "texture": "#1"},
				"east": {"uv": [1, 0, 2, 16], "texture": "#1"},
				"south": {"uv": [1, 0, 2, 16], "texture": "#1"},
				"west": {"uv": [1, 0, 2, 16], "texture": "#1"},
				"up": {"uv": [1, 0, 2, 1], "texture": "#1"},
				"down": {"uv": [1, 0, 2, 1], "texture": "#1"}
			}
		},
		{
			"from": [10, -8.1, 8.1],
			"to": [11, 7.9, 9.1],
			"rotation": {"angle": -45, "axis": "x", "origin": [14.5, 0, 0]},
			"faces": {
				"north": {"uv": [1, 0, 2, 16], "texture": "#1"},
				"east": {"uv": [1, 0, 2, 16], "texture": "#1"},
				"south": {"uv": [1, 0, 2, 16], "texture": "#1"},
				"west": {"uv": [1, 0, 2, 16], "texture": "#1"},
				"up": {"uv": [1, 0, 2, 1], "texture": "#1"},
				"down": {"uv": [1, 0, 2, 1], "texture": "#1"}
			}
		},
		{
			"from": [7.5, 15, 10],
			"to": [10.5, 19, 12],
			"rotation": {"angle": 0, "axis": "y", "origin": [14.5, 0, 0]},
			"faces": {
				"north": {"uv": [3, 0, 6, 4], "texture": "#0"},
				"east": {"uv": [2, 0, 4, 4], "texture": "#0"},
				"south": {"uv": [3, 0, 6, 4], "texture": "#0"},
				"west": {"uv": [2, 0, 4, 4], "texture": "#0"},
				"up": {"uv": [3, 0, 6, 2], "texture": "#0"},
				"down": {"uv": [3, 0, 6, 2], "texture": "#0"}
			}
		},
		{
			"from": [7.5, 14.6, -6.3],
			"to": [10.5, 20.6, -3.3],
			"rotation": {"angle": 45, "axis": "x", "origin": [14.5, 0, 0]},
			"faces": {
				"north": {"uv": [3, 0, 6, 6], "texture": "#0"},
				"east": {"uv": [3, 0, 6, 6], "texture": "#0"},
				"south": {"uv": [3, 0, 6, 6], "texture": "#0"},
				"west": {"uv": [3, 0, 6, 6], "texture": "#0"},
				"up": {"uv": [3, 0, 6, 3], "texture": "#0"},
				"down": {"uv": [3, 0, 6, 3], "texture": "#0"}
			}
		},
		{
			"from": [7.5, 12.6, 6.7],
			"to": [8.5, 15.1, 7.7],
			"rotation": {"angle": -22.5, "axis": "x", "origin": [14.5, 0, 0]},
			"faces": {
				"north": {"uv": [1, 0, 2, 2.5], "texture": "#0"},
				"east": {"uv": [1, 0, 2, 2.5], "texture": "#0"},
				"south": {"uv": [1, 0, 2, 2.5], "texture": "#0"},
				"west": {"uv": [1, 0, 2, 2.5], "texture": "#0"},
				"up": {"uv": [1, 0, 2, 1], "texture": "#0"},
				"down": {"uv": [1, 0, 2, 1], "texture": "#0"}
			}
		},
		{
			"from": [7.5, 13.6, 2.7],
			"to": [8.5, 18.6, 3.7],
			"rotation": {"angle": 0, "axis": "y", "origin": [14.5, 0, 0]},
			"faces": {
				"north": {"uv": [1, 0, 2, 5], "texture": "#0"},
				"east": {"uv": [1, 0, 2, 5], "texture": "#0"},
				"south": {"uv": [1, 0, 2, 5], "texture": "#0"},
				"west": {"uv": [1, 0, 2, 5], "texture": "#0"},
				"up": {"uv": [1, 0, 2, 1], "texture": "#0"},
				"down": {"uv": [1, 0, 2, 1], "texture": "#0"}
			}
		},
		{
			"from": [7.5, 18.25, 3.7],
			"to": [8.5, 18.75, 9.7],
			"rotation": {"angle": 0, "axis": "y", "origin": [14.5, 0, 0]},
			"faces": {
				"north": {"uv": [1, 0, 2, 0.5], "texture": "#0"},
				"east": {"uv": [6, 0, 12, 0.5], "texture": "#0"},
				"south": {"uv": [1, 0, 2, 0.5], "texture": "#0"},
				"west": {"uv": [6, 0, 12, 0.5], "texture": "#0"},
				"up": {"uv": [1, 0, 2, 6], "texture": "#0"},
				"down": {"uv": [1, 0, 2, 6], "texture": "#0"}
			}
		}
	],
	"display": {
		"thirdperson_righthand": {
			"scale": [0.5, 0.5, 0.5]
		},
		"firstperson_righthand": {
			"scale": [0.6, 0.6, 0.6]
		},
		"ground": {
			"scale": [0.6, 0.6, 0.6]
		},
		"gui": {
			"rotation": [0, 100, 0],
			"scale": [0.9, 0.9, 0.9]
		}
	}
}