{
	"credit": "Made with Blockbench",
	"textures": {
		"0": "block/cyan_terracotta",
		"1": "block/light_gray_wool",
		"2": "block/yellow_concrete_powder",
		"3": "block/gray_stained_glass",
		"4": "block/gray_wool",
		"5": "block/white_wool",
		"6": "block/brown_mushroom_block",
		"7": "block/glowstone",
		"8": "block/black_terracotta",
		"particle": "block/cyan_terracotta"
	},
	"elements": [
		{
			"from": [2, 0, -13],
			"to": [14, 1, 25],
			"rotation": {"angle": 22.5, "axis": "x", "origin": [0, 0, 16]},
			"faces": {
				"north": {"uv": [0, 0, 12, 1], "texture": "#0"},
				"east": {"uv": [0, 0, 16, 1], "texture": "#0"},
				"south": {"uv": [0, 0, 12, 1], "texture": "#0"},
				"west": {"uv": [0, 0, 16, 1], "texture": "#0"},
				"up": {"uv": [0, 0, 12, 16], "texture": "#0"},
				"down": {"uv": [0, 0, 12, 16], "texture": "#0"}
			}
		},
		{
			"from": [2, 8.5, -4],
			"to": [14, 10, -1],
			"rotation": {"angle": 0, "axis": "x", "origin": [0, 0, 16]},
			"faces": {
				"north": {"uv": [0, 0, 12, 1.5], "texture": "#0"},
				"east": {"uv": [0, 0, 3, 1.5], "texture": "#0"},
				"south": {"uv": [0, 0, 12, 1.5], "texture": "#0"},
				"west": {"uv": [0, 0, 3, 1.5], "texture": "#0"},
				"up": {"uv": [0, 0, 12, 3], "texture": "#0"},
				"down": {"uv": [0, 0, 12, 3], "texture": "#0"}
			}
		},
		{
			"from": [5, 1.5, -2.5],
			"to": [5.8, 17.5, -1.7],
			"rotation": {"angle": 22.5, "axis": "x", "origin": [0, 0, 16]},
			"faces": {
				"north": {"uv": [0, 13, 2, 15], "texture": "#1"},
				"east": {"uv": [0, 13, 2, 15], "texture": "#1"},
				"south": {"uv": [0, 13, 2, 15], "texture": "#1"},
				"west": {"uv": [0, 13, 2, 15], "texture": "#1"},
				"up": {"uv": [0, 0, 1, 1], "texture": "#1"},
				"down": {"uv": [0, 0, 1, 1], "texture": "#1"}
			}
		},
		{
			"from": [5, 1.5, 13.5],
			"to": [5.8, 17.5, 14.3],
			"rotation": {"angle": 22.5, "axis": "x", "origin": [0, 0, 16]},
			"faces": {
				"north": {"uv": [0, 13, 2, 15], "texture": "#1"},
				"east": {"uv": [0, 13, 2, 15], "texture": "#1"},
				"south": {"uv": [0, 13, 2, 15], "texture": "#1"},
				"west": {"uv": [0, 13, 2, 15], "texture": "#1"},
				"up": {"uv": [0, 0, 1, 1], "texture": "#1"},
				"down": {"uv": [0, 0, 1, 1], "texture": "#1"}
			}
		},
		{
			"from": [3, 9.5, -6],
			"to": [13, 12.5, -3],
			"rotation": {"angle": 0, "axis": "x", "origin": [0, 0, 16]},
			"faces": {
				"north": {"uv": [4, 6, 6, 8], "texture": "#1"},
				"east": {"uv": [4, 6, 6, 8], "texture": "#1"},
				"south": {"uv": [4, 6, 6, 8], "texture": "#1"},
				"west": {"uv": [4, 6, 6, 8], "texture": "#1"},
				"up": {"uv": [0, 2, 16, 16], "texture": "#6"},
				"down": {"uv": [0, 0, 10, 3], "texture": "#1"}
			}
		},
		{
			"from": [3, 5, 5],
			"to": [13, 9, 8],
			"rotation": {"angle": 0, "axis": "x", "origin": [0, 0, 16]},
			"faces": {
				"north": {"uv": [4, 6, 6, 8], "texture": "#1"},
				"east": {"uv": [4, 6, 6, 8], "texture": "#1"},
				"south": {"uv": [4, 6, 6, 8], "texture": "#1"},
				"west": {"uv": [4, 6, 6, 8], "texture": "#1"},
				"up": {"uv": [0, 2, 16, 16], "texture": "#6"},
				"down": {"uv": [0, 0, 10, 3], "texture": "#1"}
			}
		},
		{
			"from": [3, 12.5, -4.25],
			"to": [13, 13, -2.75],
			"rotation": {"angle": 0, "axis": "x", "origin": [0, 0, 16]},
			"faces": {
				"north": {"uv": [4, 6, 6, 8], "texture": "#6"},
				"east": {"uv": [5, 9, 6, 10], "texture": "#1"},
				"south": {"uv": [4, 6, 6, 8], "texture": "#6"},
				"west": {"uv": [5, 9, 6, 10], "texture": "#1"},
				"up": {"uv": [0, 2, 16, 16], "texture": "#6"},
				"down": {"uv": [0, 0, 10, 3], "texture": "#6"}
			}
		},
		{
			"from": [3, 12.5, -6.25],
			"to": [13, 13.5, -4.25],
			"rotation": {"angle": 0, "axis": "x", "origin": [0, 0, 16]},
			"faces": {
				"north": {"uv": [4, 6, 6, 8], "texture": "#6"},
				"east": {"uv": [5, 9, 6, 10], "texture": "#1"},
				"south": {"uv": [4, 6, 6, 8], "texture": "#6"},
				"west": {"uv": [5, 9, 6, 10], "texture": "#1"},
				"up": {"uv": [0, 2, 16, 16], "texture": "#6"},
				"down": {"uv": [0, 0, 10, 3], "texture": "#6"}
			}
		},
		{
			"from": [3, 13.5, -6.25],
			"to": [13, 14.5, -5.5],
			"rotation": {"angle": 0, "axis": "x", "origin": [0, 0, 16]},
			"faces": {
				"north": {"uv": [4, 6, 6, 8], "texture": "#6"},
				"east": {"uv": [5, 9, 6, 10], "texture": "#1"},
				"south": {"uv": [4, 6, 6, 8], "texture": "#6"},
				"west": {"uv": [5, 9, 6, 10], "texture": "#1"},
				"up": {"uv": [0, 2, 16, 16], "texture": "#6"},
				"down": {"uv": [0, 0, 10, 3], "texture": "#6"}
			}
		},
		{
			"from": [3, 14.5, -6.15],
			"to": [13, 15.5, -5.4],
			"rotation": {"angle": 0, "axis": "x", "origin": [0, 0, 16]},
			"faces": {
				"north": {"uv": [4, 6, 6, 8], "texture": "#6"},
				"east": {"uv": [5, 9, 6, 10], "texture": "#1"},
				"south": {"uv": [4, 6, 6, 8], "texture": "#6"},
				"west": {"uv": [5, 9, 6, 10], "texture": "#1"},
				"up": {"uv": [0, 2, 16, 16], "texture": "#6"},
				"down": {"uv": [0, 0, 10, 3], "texture": "#6"}
			}
		},
		{
			"from": [3, 15.5, -6.05],
			"to": [13, 16.5, -5.3],
			"rotation": {"angle": 0, "axis": "x", "origin": [0, 0, 16]},
			"faces": {
				"north": {"uv": [4, 6, 6, 8], "texture": "#6"},
				"east": {"uv": [5, 9, 6, 10], "texture": "#1"},
				"south": {"uv": [4, 6, 6, 8], "texture": "#6"},
				"west": {"uv": [5, 9, 6, 10], "texture": "#1"},
				"up": {"uv": [0, 2, 16, 16], "texture": "#6"},
				"down": {"uv": [0, 0, 10, 3], "texture": "#6"}
			}
		},
		{
			"from": [3, 16.5, -5.95],
			"to": [13, 17.5, -5.2],
			"rotation": {"angle": 0, "axis": "x", "origin": [0, 0, 16]},
			"faces": {
				"north": {"uv": [4, 6, 6, 8], "texture": "#6"},
				"east": {"uv": [5, 9, 6, 10], "texture": "#1"},
				"south": {"uv": [4, 6, 6, 8], "texture": "#6"},
				"west": {"uv": [5, 9, 6, 10], "texture": "#1"},
				"up": {"uv": [0, 2, 16, 16], "texture": "#6"},
				"down": {"uv": [0, 0, 10, 3], "texture": "#6"}
			}
		},
		{
			"from": [3, 17.5, -5.85],
			"to": [13, 18.5, -5.1],
			"rotation": {"angle": 0, "axis": "x", "origin": [0, 0, 16]},
			"faces": {
				"north": {"uv": [4, 6, 6, 8], "texture": "#6"},
				"east": {"uv": [5, 9, 6, 10], "texture": "#1"},
				"south": {"uv": [4, 6, 6, 8], "texture": "#6"},
				"west": {"uv": [5, 9, 6, 10], "texture": "#1"},
				"up": {"uv": [0, 2, 16, 16], "texture": "#6"},
				"down": {"uv": [0, 0, 10, 3], "texture": "#6"}
			}
		},
		{
			"from": [3, 9, 4.75],
			"to": [13, 9.5, 6.25],
			"faces": {
				"north": {"uv": [6, 6, 4, 8], "texture": "#6"},
				"east": {"uv": [6, 9, 5, 10], "texture": "#1"},
				"south": {"uv": [6, 6, 4, 8], "texture": "#6"},
				"west": {"uv": [6, 9, 5, 10], "texture": "#1"},
				"up": {"uv": [0, 16, 16, 2], "texture": "#6"},
				"down": {"uv": [0, 3, 10, 0], "texture": "#6"}
			}
		},
		{
			"from": [3, 9, 6.25],
			"to": [13, 9.25, 8.25],
			"faces": {
				"north": {"uv": [6, 6, 4, 8], "texture": "#6"},
				"east": {"uv": [6, 9, 5, 10], "texture": "#1"},
				"south": {"uv": [6, 6, 4, 8], "texture": "#6"},
				"west": {"uv": [6, 9, 5, 10], "texture": "#1"},
				"up": {"uv": [0, 16, 16, 2], "texture": "#6"},
				"down": {"uv": [0, 3, 10, 0], "texture": "#6"}
			}
		},
		{
			"from": [3, 9, 7.5],
			"to": [13, 10, 8.25],
			"faces": {
				"north": {"uv": [6, 6, 4, 8], "texture": "#6"},
				"east": {"uv": [6, 9, 5, 10], "texture": "#1"},
				"south": {"uv": [6, 6, 4, 8], "texture": "#6"},
				"west": {"uv": [6, 9, 5, 10], "texture": "#1"},
				"up": {"uv": [0, 16, 16, 2], "texture": "#6"},
				"down": {"uv": [0, 3, 10, 0], "texture": "#6"}
			}
		},
		{
			"from": [3, 10, 7.6],
			"to": [13, 11, 8.35],
			"faces": {
				"north": {"uv": [6, 6, 4, 8], "texture": "#6"},
				"east": {"uv": [6, 9, 5, 10], "texture": "#1"},
				"south": {"uv": [6, 6, 4, 8], "texture": "#6"},
				"west": {"uv": [6, 9, 5, 10], "texture": "#1"},
				"up": {"uv": [0, 16, 16, 2], "texture": "#6"},
				"down": {"uv": [0, 3, 10, 0], "texture": "#6"}
			}
		},
		{
			"from": [3, 11, 7.7],
			"to": [13, 12, 8.45],
			"faces": {
				"north": {"uv": [6, 6, 4, 8], "texture": "#6"},
				"east": {"uv": [6, 9, 5, 10], "texture": "#1"},
				"south": {"uv": [6, 6, 4, 8], "texture": "#6"},
				"west": {"uv": [6, 9, 5, 10], "texture": "#1"},
				"up": {"uv": [0, 16, 16, 2], "texture": "#6"},
				"down": {"uv": [0, 3, 10, 0], "texture": "#6"}
			}
		},
		{
			"from": [3, 12, 7.8],
			"to": [13, 13, 8.55],
			"faces": {
				"north": {"uv": [6, 6, 4, 8], "texture": "#6"},
				"east": {"uv": [6, 9, 5, 10], "texture": "#1"},
				"south": {"uv": [6, 6, 4, 8], "texture": "#6"},
				"west": {"uv": [6, 9, 5, 10], "texture": "#1"},
				"up": {"uv": [0, 16, 16, 2], "texture": "#6"},
				"down": {"uv": [0, 3, 10, 0], "texture": "#6"}
			}
		},
		{
			"from": [3, 13, 7.9],
			"to": [13, 14, 8.65],
			"faces": {
				"north": {"uv": [6, 6, 4, 8], "texture": "#6"},
				"east": {"uv": [6, 9, 5, 10], "texture": "#1"},
				"south": {"uv": [6, 6, 4, 8], "texture": "#6"},
				"west": {"uv": [6, 9, 5, 10], "texture": "#1"},
				"up": {"uv": [0, 16, 16, 2], "texture": "#6"},
				"down": {"uv": [0, 3, 10, 0], "texture": "#6"}
			}
		},
		{
			"from": [2, 7.5, -2],
			"to": [14, 9, 2],
			"rotation": {"angle": 0, "axis": "x", "origin": [0, 0, 16]},
			"faces": {
				"north": {"uv": [0, 0, 12, 1.5], "texture": "#0"},
				"east": {"uv": [0, 0, 4, 1.5], "texture": "#0"},
				"south": {"uv": [0, 0, 12, 1.5], "texture": "#0"},
				"west": {"uv": [0, 0, 4, 1.5], "texture": "#0"},
				"up": {"uv": [0, 0, 12, 4], "texture": "#0"},
				"down": {"uv": [0, 0, 12, 4], "texture": "#0"}
			}
		},
		{
			"from": [2, 6.5, 1],
			"to": [14, 8, 5],
			"rotation": {"angle": 0, "axis": "x", "origin": [0, 0, 16]},
			"faces": {
				"north": {"uv": [0, 0, 12, 1.5], "texture": "#0"},
				"east": {"uv": [0, 0, 4, 1.5], "texture": "#0"},
				"south": {"uv": [0, 0, 12, 1.5], "texture": "#0"},
				"west": {"uv": [0, 0, 4, 1.5], "texture": "#0"},
				"up": {"uv": [0, 0, 12, 4], "texture": "#0"},
				"down": {"uv": [0, 0, 12, 4], "texture": "#0"}
			}
		},
		{
			"from": [3, 11.25, 9.15],
			"to": [13, 12.25, 9.9],
			"rotation": {"angle": 0, "axis": "x", "origin": [0, 0, 16]},
			"faces": {
				"north": {"uv": [4, 6, 6, 8], "texture": "#6"},
				"east": {"uv": [5, 9, 6, 10], "texture": "#1"},
				"south": {"uv": [4, 6, 6, 8], "texture": "#6"},
				"west": {"uv": [5, 9, 6, 10], "texture": "#1"},
				"up": {"uv": [0, 2, 16, 16], "texture": "#6"},
				"down": {"uv": [0, 0, 10, 3], "texture": "#6"}
			}
		},
		{
			"from": [3, 10.25, 9.05],
			"to": [13, 11.25, 9.8],
			"rotation": {"angle": 0, "axis": "x", "origin": [0, 0, 16]},
			"faces": {
				"north": {"uv": [4, 6, 6, 8], "texture": "#6"},
				"east": {"uv": [5, 9, 6, 10], "texture": "#1"},
				"south": {"uv": [4, 6, 6, 8], "texture": "#6"},
				"west": {"uv": [5, 9, 6, 10], "texture": "#1"},
				"up": {"uv": [0, 2, 16, 16], "texture": "#6"},
				"down": {"uv": [0, 0, 10, 3], "texture": "#6"}
			}
		},
		{
			"from": [3, 9.25, 8.95],
			"to": [13, 10.25, 9.7],
			"rotation": {"angle": 0, "axis": "x", "origin": [0, 0, 16]},
			"faces": {
				"north": {"uv": [4, 6, 6, 8], "texture": "#6"},
				"east": {"uv": [5, 9, 6, 10], "texture": "#1"},
				"south": {"uv": [4, 6, 6, 8], "texture": "#6"},
				"west": {"uv": [5, 9, 6, 10], "texture": "#1"},
				"up": {"uv": [0, 2, 16, 16], "texture": "#6"},
				"down": {"uv": [0, 0, 10, 3], "texture": "#6"}
			}
		},
		{
			"from": [3, 8.25, 8.85],
			"to": [13, 9.25, 9.6],
			"rotation": {"angle": 0, "axis": "x", "origin": [0, 0, 16]},
			"faces": {
				"north": {"uv": [4, 6, 6, 8], "texture": "#6"},
				"east": {"uv": [5, 9, 6, 10], "texture": "#1"},
				"south": {"uv": [4, 6, 6, 8], "texture": "#6"},
				"west": {"uv": [5, 9, 6, 10], "texture": "#1"},
				"up": {"uv": [0, 2, 16, 16], "texture": "#6"},
				"down": {"uv": [0, 0, 10, 3], "texture": "#6"}
			}
		},
		{
			"from": [3, 7.25, 8.75],
			"to": [13, 8.25, 9.5],
			"rotation": {"angle": 0, "axis": "x", "origin": [0, 0, 16]},
			"faces": {
				"north": {"uv": [4, 6, 6, 8], "texture": "#6"},
				"east": {"uv": [5, 9, 6, 10], "texture": "#1"},
				"south": {"uv": [4, 6, 6, 8], "texture": "#6"},
				"west": {"uv": [5, 9, 6, 10], "texture": "#1"},
				"up": {"uv": [0, 2, 16, 16], "texture": "#6"},
				"down": {"uv": [0, 0, 10, 3], "texture": "#6"}
			}
		},
		{
			"from": [3, 6.25, 8.75],
			"to": [13, 7.25, 10.75],
			"rotation": {"angle": 0, "axis": "x", "origin": [0, 0, 16]},
			"faces": {
				"north": {"uv": [4, 6, 6, 8], "texture": "#6"},
				"east": {"uv": [5, 9, 6, 10], "texture": "#1"},
				"south": {"uv": [4, 6, 6, 8], "texture": "#6"},
				"west": {"uv": [5, 9, 6, 10], "texture": "#1"},
				"up": {"uv": [0, 2, 16, 16], "texture": "#6"},
				"down": {"uv": [0, 0, 10, 3], "texture": "#6"}
			}
		},
		{
			"from": [3, 6.25, 10.75],
			"to": [13, 6.75, 12.25],
			"rotation": {"angle": 0, "axis": "x", "origin": [0, 0, 16]},
			"faces": {
				"north": {"uv": [4, 6, 6, 8], "texture": "#6"},
				"east": {"uv": [5, 9, 6, 10], "texture": "#1"},
				"south": {"uv": [4, 6, 6, 8], "texture": "#6"},
				"west": {"uv": [5, 9, 6, 10], "texture": "#1"},
				"up": {"uv": [0, 2, 16, 16], "texture": "#6"},
				"down": {"uv": [0, 0, 10, 3], "texture": "#6"}
			}
		},
		{
			"from": [3, 3.25, 9],
			"to": [13, 6.25, 12],
			"rotation": {"angle": 0, "axis": "x", "origin": [0, 0, 16]},
			"faces": {
				"north": {"uv": [4, 6, 6, 8], "texture": "#1"},
				"east": {"uv": [4, 6, 6, 8], "texture": "#1"},
				"south": {"uv": [4, 6, 6, 8], "texture": "#1"},
				"west": {"uv": [4, 6, 6, 8], "texture": "#1"},
				"up": {"uv": [0, 2, 16, 16], "texture": "#6"},
				"down": {"uv": [0, 0, 10, 3], "texture": "#1"}
			}
		},
		{
			"from": [2, 2.25, 11],
			"to": [14, 3.75, 14],
			"rotation": {"angle": 0, "axis": "x", "origin": [0, 0, 16]},
			"faces": {
				"north": {"uv": [0, 0, 12, 1.5], "texture": "#0"},
				"east": {"uv": [0, 0, 3, 1.5], "texture": "#0"},
				"south": {"uv": [0, 0, 12, 1.5], "texture": "#0"},
				"west": {"uv": [0, 0, 3, 1.5], "texture": "#0"},
				"up": {"uv": [0, 0, 12, 3], "texture": "#0"},
				"down": {"uv": [0, 0, 12, 3], "texture": "#0"}
			}
		},
		{
			"from": [2, 1.25, 13],
			"to": [14, 2.75, 17],
			"rotation": {"angle": 0, "axis": "x", "origin": [0, 0, 16]},
			"faces": {
				"north": {"uv": [0, 0, 12, 1.5], "texture": "#0"},
				"east": {"uv": [0, 0, 4, 1.5], "texture": "#0"},
				"south": {"uv": [0, 0, 12, 1.5], "texture": "#0"},
				"west": {"uv": [0, 0, 4, 1.5], "texture": "#0"},
				"up": {"uv": [0, 0, 12, 4], "texture": "#0"},
				"down": {"uv": [0, 0, 12, 4], "texture": "#0"}
			}
		},
		{
			"from": [2, 0.25, 16],
			"to": [14, 1.75, 20],
			"rotation": {"angle": 0, "axis": "x", "origin": [0, 0, 16]},
			"faces": {
				"north": {"uv": [0, 0, 12, 1.5], "texture": "#0"},
				"east": {"uv": [0, 0, 4, 1.5], "texture": "#0"},
				"south": {"uv": [0, 0, 12, 1.5], "texture": "#0"},
				"west": {"uv": [0, 0, 4, 1.5], "texture": "#0"},
				"up": {"uv": [0, 0, 12, 4], "texture": "#0"},
				"down": {"uv": [0, 0, 12, 4], "texture": "#0"}
			}
		},
		{
			"from": [3, -1.25, 20],
			"to": [13, 2.75, 23],
			"rotation": {"angle": 0, "axis": "x", "origin": [0, 0, 16]},
			"faces": {
				"north": {"uv": [4, 6, 6, 8], "texture": "#1"},
				"east": {"uv": [4, 6, 6, 8], "texture": "#1"},
				"south": {"uv": [4, 6, 6, 8], "texture": "#1"},
				"west": {"uv": [4, 6, 6, 8], "texture": "#1"},
				"up": {"uv": [0, 2, 16, 16], "texture": "#6"},
				"down": {"uv": [0, 0, 10, 3], "texture": "#1"}
			}
		},
		{
			"from": [3, 2.75, 19.75],
			"to": [13, 3.25, 21.25],
			"faces": {
				"north": {"uv": [6, 6, 4, 8], "texture": "#6"},
				"east": {"uv": [6, 9, 5, 10], "texture": "#1"},
				"south": {"uv": [6, 6, 4, 8], "texture": "#6"},
				"west": {"uv": [6, 9, 5, 10], "texture": "#1"},
				"up": {"uv": [0, 16, 16, 2], "texture": "#6"},
				"down": {"uv": [0, 3, 10, 0], "texture": "#6"}
			}
		},
		{
			"from": [3, 2.75, 21.25],
			"to": [13, 3, 23.25],
			"faces": {
				"north": {"uv": [6, 6, 4, 8], "texture": "#6"},
				"east": {"uv": [6, 9, 5, 10], "texture": "#1"},
				"south": {"uv": [6, 6, 4, 8], "texture": "#6"},
				"west": {"uv": [6, 9, 5, 10], "texture": "#1"},
				"up": {"uv": [0, 16, 16, 2], "texture": "#6"},
				"down": {"uv": [0, 3, 10, 0], "texture": "#6"}
			}
		},
		{
			"from": [3, 2.75, 22.5],
			"to": [13, 3.75, 23.25],
			"faces": {
				"north": {"uv": [6, 6, 4, 8], "texture": "#6"},
				"east": {"uv": [6, 9, 5, 10], "texture": "#1"},
				"south": {"uv": [6, 6, 4, 8], "texture": "#6"},
				"west": {"uv": [6, 9, 5, 10], "texture": "#1"},
				"up": {"uv": [0, 16, 16, 2], "texture": "#6"},
				"down": {"uv": [0, 3, 10, 0], "texture": "#6"}
			}
		},
		{
			"from": [3, 3.75, 22.6],
			"to": [13, 4.75, 23.35],
			"faces": {
				"north": {"uv": [6, 6, 4, 8], "texture": "#6"},
				"east": {"uv": [6, 9, 5, 10], "texture": "#1"},
				"south": {"uv": [6, 6, 4, 8], "texture": "#6"},
				"west": {"uv": [6, 9, 5, 10], "texture": "#1"},
				"up": {"uv": [0, 16, 16, 2], "texture": "#6"},
				"down": {"uv": [0, 3, 10, 0], "texture": "#6"}
			}
		},
		{
			"from": [3, 4.75, 22.7],
			"to": [13, 5.75, 23.45],
			"faces": {
				"north": {"uv": [6, 6, 4, 8], "texture": "#6"},
				"east": {"uv": [6, 9, 5, 10], "texture": "#1"},
				"south": {"uv": [6, 6, 4, 8], "texture": "#6"},
				"west": {"uv": [6, 9, 5, 10], "texture": "#1"},
				"up": {"uv": [0, 16, 16, 2], "texture": "#6"},
				"down": {"uv": [0, 3, 10, 0], "texture": "#6"}
			}
		},
		{
			"from": [3, 6.75, 22.9],
			"to": [13, 7.75, 23.65],
			"faces": {
				"north": {"uv": [6, 6, 4, 8], "texture": "#6"},
				"east": {"uv": [6, 9, 5, 10], "texture": "#1"},
				"south": {"uv": [6, 6, 4, 8], "texture": "#6"},
				"west": {"uv": [6, 9, 5, 10], "texture": "#1"},
				"up": {"uv": [0, 16, 16, 2], "texture": "#6"},
				"down": {"uv": [0, 3, 10, 0], "texture": "#6"}
			}
		},
		{
			"from": [3, 5.75, 22.8],
			"to": [13, 6.75, 23.55],
			"faces": {
				"north": {"uv": [6, 6, 4, 8], "texture": "#6"},
				"east": {"uv": [6, 9, 5, 10], "texture": "#1"},
				"south": {"uv": [6, 6, 4, 8], "texture": "#6"},
				"west": {"uv": [6, 9, 5, 10], "texture": "#1"},
				"up": {"uv": [0, 16, 16, 2], "texture": "#6"},
				"down": {"uv": [0, 3, 10, 0], "texture": "#6"}
			}
		},
		{
			"from": [1.5, 1, -13],
			"to": [2, 7, 25],
			"rotation": {"angle": 22.5, "axis": "x", "origin": [0, 0, 16]},
			"faces": {
				"north": {"uv": [14, 8, 16, 9], "texture": "#5"},
				"east": {"uv": [13, 7, 15, 8], "texture": "#1"},
				"south": {"uv": [14, 8, 16, 9], "texture": "#5"},
				"west": {"uv": [14, 8, 16, 9], "texture": "#5"},
				"up": {"uv": [14, 8, 16, 9], "texture": "#5"},
				"down": {"uv": [0, 0, 0.5, 16], "texture": "#5"}
			}
		},
		{
			"from": [2, 1, -13.6],
			"to": [14, 5, -13.1],
			"rotation": {"angle": 22.5, "axis": "x", "origin": [0, 0, 16]},
			"faces": {
				"north": {"uv": [11, 8, 16, 9], "texture": "#1"},
				"east": {"uv": [13, 7, 15, 8], "texture": "#1"},
				"south": {"uv": [14, 8, 16, 9], "texture": "#1"},
				"west": {"uv": [14, 8, 16, 9], "texture": "#1"},
				"up": {"uv": [14, 8, 16, 9], "texture": "#1"},
				"down": {"uv": [0, 0, 0.5, 16], "texture": "#1"}
			}
		},
		{
			"from": [2.5, 2, -13.7],
			"to": [4.5, 4, -13.2],
			"rotation": {"angle": 22.5, "axis": "x", "origin": [0, 0, 16]},
			"faces": {
				"north": {"uv": [12, 12, 14, 14], "texture": "#7"},
				"east": {"uv": [13, 7, 15, 8], "texture": "#7"},
				"south": {"uv": [14, 8, 16, 9], "texture": "#7"},
				"west": {"uv": [14, 8, 16, 9], "texture": "#7"},
				"up": {"uv": [14, 8, 16, 9], "texture": "#7"},
				"down": {"uv": [0, 0, 0.5, 16], "texture": "#7"}
			}
		},
		{
			"from": [11.5, 2, -13.7],
			"to": [13.5, 4, -13.2],
			"rotation": {"angle": 22.5, "axis": "x", "origin": [0, 0, 16]},
			"faces": {
				"north": {"uv": [12, 12, 14, 14], "texture": "#7"},
				"east": {"uv": [13, 7, 15, 8], "texture": "#7"},
				"south": {"uv": [14, 8, 16, 9], "texture": "#7"},
				"west": {"uv": [14, 8, 16, 9], "texture": "#7"},
				"up": {"uv": [14, 8, 16, 9], "texture": "#7"},
				"down": {"uv": [0, 0, 0.5, 16], "texture": "#7"}
			}
		},
		{
			"from": [2, 0, -13.5],
			"to": [14, 6, -13],
			"rotation": {"angle": 22.5, "axis": "x", "origin": [0, 0, 16]},
			"faces": {
				"north": {"uv": [15, 8, 16, 9], "texture": "#2"},
				"east": {"uv": [13, 7, 15, 8], "texture": "#1"},
				"south": {"uv": [14, 8, 16, 9], "texture": "#5"},
				"west": {"uv": [14, 8, 16, 9], "texture": "#5"},
				"up": {"uv": [14, 8, 16, 9], "texture": "#5"},
				"down": {"uv": [0, 0, 0.5, 16], "texture": "#5"}
			}
		},
		{
			"from": [2, 6, -13.5],
			"to": [14, 7, -13],
			"rotation": {"angle": 22.5, "axis": "x", "origin": [0, 0, 16]},
			"faces": {
				"north": {"uv": [15, 8, 16, 9], "texture": "#4"},
				"east": {"uv": [13, 7, 15, 8], "texture": "#4"},
				"south": {"uv": [14, 8, 16, 9], "texture": "#4"},
				"west": {"uv": [14, 8, 16, 9], "texture": "#4"},
				"up": {"uv": [14, 8, 16, 9], "texture": "#4"},
				"down": {"uv": [0, 0, 0.5, 16], "texture": "#4"}
			}
		},
		{
			"from": [2.5, 7, -13.5],
			"to": [13.5, 11, -13],
			"rotation": {"angle": 22.5, "axis": "x", "origin": [0, 0, 16]},
			"faces": {
				"north": {"uv": [1, 4, 12, 11], "texture": "#3"},
				"east": {"uv": [1, 4, 12, 11], "texture": "#3"},
				"south": {"uv": [1, 4, 12, 11], "texture": "#3"},
				"west": {"uv": [1, 4, 12, 11], "texture": "#3"},
				"up": {"uv": [1, 4, 12, 11], "texture": "#3"},
				"down": {"uv": [1, 4, 12, 11], "texture": "#3"}
			}
		},
		{
			"from": [2.5, 11, -13],
			"to": [13.5, 14, -12.5],
			"rotation": {"angle": 22.5, "axis": "x", "origin": [0, 0, 16]},
			"faces": {
				"north": {"uv": [1, 4, 12, 11], "texture": "#3"},
				"east": {"uv": [1, 4, 12, 11], "texture": "#3"},
				"south": {"uv": [1, 4, 12, 11], "texture": "#3"},
				"west": {"uv": [1, 4, 12, 11], "texture": "#3"},
				"up": {"uv": [1, 4, 12, 11], "texture": "#3"},
				"down": {"uv": [1, 4, 12, 11], "texture": "#3"}
			}
		},
		{
			"from": [2.5, 14, -12.5],
			"to": [13.5, 16, -12],
			"rotation": {"angle": 22.5, "axis": "x", "origin": [0, 0, 16]},
			"faces": {
				"north": {"uv": [1, 4, 12, 11], "texture": "#3"},
				"east": {"uv": [1, 4, 12, 11], "texture": "#3"},
				"south": {"uv": [1, 4, 12, 11], "texture": "#3"},
				"west": {"uv": [1, 4, 12, 11], "texture": "#3"},
				"up": {"uv": [1, 4, 12, 11], "texture": "#3"},
				"down": {"uv": [1, 4, 12, 11], "texture": "#3"}
			}
		},
		{
			"from": [2, 14, -12.5],
			"to": [2.5, 16, -12],
			"rotation": {"angle": 22.5, "axis": "x", "origin": [0, 0, 16]},
			"faces": {
				"north": {"uv": [1, 4, 12, 11], "texture": "#4"},
				"east": {"uv": [1, 4, 12, 11], "texture": "#4"},
				"south": {"uv": [1, 4, 12, 11], "texture": "#4"},
				"west": {"uv": [1, 4, 12, 11], "texture": "#4"},
				"up": {"uv": [1, 4, 12, 11], "texture": "#4"},
				"down": {"uv": [1, 4, 12, 11], "texture": "#4"}
			}
		},
		{
			"from": [2, 11, -13],
			"to": [2.5, 14, -12.5],
			"rotation": {"angle": 22.5, "axis": "x", "origin": [0, 0, 16]},
			"faces": {
				"north": {"uv": [1, 4, 12, 11], "texture": "#4"},
				"east": {"uv": [1, 4, 12, 11], "texture": "#4"},
				"south": {"uv": [1, 4, 12, 11], "texture": "#4"},
				"west": {"uv": [1, 4, 12, 11], "texture": "#4"},
				"up": {"uv": [1, 4, 12, 11], "texture": "#4"},
				"down": {"uv": [1, 4, 12, 11], "texture": "#4"}
			}
		},
		{
			"from": [2, 7, -13.5],
			"to": [2.5, 11, -13],
			"rotation": {"angle": 22.5, "axis": "x", "origin": [0, 0, 16]},
			"faces": {
				"north": {"uv": [1, 4, 12, 11], "texture": "#4"},
				"east": {"uv": [1, 4, 12, 11], "texture": "#4"},
				"south": {"uv": [1, 4, 12, 11], "texture": "#4"},
				"west": {"uv": [1, 4, 12, 11], "texture": "#4"},
				"up": {"uv": [1, 4, 12, 11], "texture": "#4"},
				"down": {"uv": [1, 4, 12, 11], "texture": "#4"}
			}
		},
		{
			"from": [2, 16, -12],
			"to": [14, 16.5, -11],
			"rotation": {"angle": 22.5, "axis": "x", "origin": [0, 0, 16]},
			"faces": {
				"north": {"uv": [1, 4, 12, 11], "texture": "#4"},
				"east": {"uv": [1, 4, 12, 11], "texture": "#4"},
				"south": {"uv": [1, 4, 12, 11], "texture": "#4"},
				"west": {"uv": [1, 4, 12, 11], "texture": "#4"},
				"up": {"uv": [1, 4, 12, 11], "texture": "#4"},
				"down": {"uv": [1, 4, 12, 11], "texture": "#4"}
			}
		},
		{
			"from": [2, 16, -11],
			"to": [14, 17, -9],
			"rotation": {"angle": 22.5, "axis": "x", "origin": [0, 0, 16]},
			"faces": {
				"north": {"uv": [14, 8, 16, 9], "texture": "#4"},
				"east": {"uv": [13, 7, 15, 8], "texture": "#4"},
				"south": {"uv": [14, 8, 16, 9], "texture": "#4"},
				"west": {"uv": [14, 8, 16, 9], "texture": "#4"},
				"up": {"uv": [14, 8, 16, 9], "texture": "#4"},
				"down": {"uv": [0, 0, 0.5, 16], "texture": "#4"}
			}
		},
		{
			"from": [2, 22, 19.75],
			"to": [14, 23, 21.75],
			"rotation": {"angle": 22.5, "axis": "x", "origin": [0, 0, 0]},
			"faces": {
				"north": {"uv": [16, 8, 14, 9], "texture": "#4"},
				"east": {"uv": [15, 7, 13, 8], "texture": "#4"},
				"south": {"uv": [16, 8, 14, 9], "texture": "#4"},
				"west": {"uv": [16, 8, 14, 9], "texture": "#4"},
				"up": {"uv": [14, 9, 16, 8], "texture": "#4"},
				"down": {"uv": [0, 16, 0.5, 0], "texture": "#4"}
			}
		},
		{
			"from": [2, 22, 21.75],
			"to": [14, 22.5, 22.75],
			"rotation": {"angle": 22.5, "axis": "x", "origin": [0, 0, 0]},
			"faces": {
				"north": {"uv": [12, 4, 1, 11], "texture": "#4"},
				"east": {"uv": [12, 4, 1, 11], "texture": "#4"},
				"south": {"uv": [12, 4, 1, 11], "texture": "#4"},
				"west": {"uv": [12, 4, 1, 11], "texture": "#4"},
				"up": {"uv": [1, 11, 12, 4], "texture": "#4"},
				"down": {"uv": [1, 11, 12, 4], "texture": "#4"}
			}
		},
		{
			"from": [2, 20, 22.75],
			"to": [2.5, 22, 23.25],
			"rotation": {"angle": 22.5, "axis": "x", "origin": [0, 0, 0]},
			"faces": {
				"north": {"uv": [12, 4, 1, 11], "texture": "#4"},
				"east": {"uv": [12, 4, 1, 11], "texture": "#4"},
				"south": {"uv": [12, 4, 1, 11], "texture": "#4"},
				"west": {"uv": [12, 4, 1, 11], "texture": "#4"},
				"up": {"uv": [1, 11, 12, 4], "texture": "#4"},
				"down": {"uv": [1, 11, 12, 4], "texture": "#4"}
			}
		},
		{
			"from": [2.5, 17, 23.25],
			"to": [13.5, 20, 23.75],
			"rotation": {"angle": 22.5, "axis": "x", "origin": [0, 0, 0]},
			"faces": {
				"north": {"uv": [12, 4, 1, 11], "texture": "#3"},
				"east": {"uv": [12, 4, 1, 11], "texture": "#3"},
				"south": {"uv": [12, 4, 1, 11], "texture": "#3"},
				"west": {"uv": [12, 4, 1, 11], "texture": "#3"},
				"up": {"uv": [1, 11, 12, 4], "texture": "#3"},
				"down": {"uv": [1, 11, 12, 4], "texture": "#3"}
			}
		},
		{
			"from": [2.5, 20, 22.75],
			"to": [13.5, 22, 23.25],
			"rotation": {"angle": 22.5, "axis": "x", "origin": [0, 0, 0]},
			"faces": {
				"north": {"uv": [12, 4, 1, 11], "texture": "#3"},
				"east": {"uv": [12, 4, 1, 11], "texture": "#3"},
				"south": {"uv": [12, 4, 1, 11], "texture": "#3"},
				"west": {"uv": [12, 4, 1, 11], "texture": "#3"},
				"up": {"uv": [1, 11, 12, 4], "texture": "#3"},
				"down": {"uv": [1, 11, 12, 4], "texture": "#3"}
			}
		},
		{
			"from": [2, 17, 23.25],
			"to": [2.5, 20, 23.75],
			"rotation": {"angle": 22.5, "axis": "x", "origin": [0, 0, 0]},
			"faces": {
				"north": {"uv": [12, 4, 1, 11], "texture": "#4"},
				"east": {"uv": [12, 4, 1, 11], "texture": "#4"},
				"south": {"uv": [12, 4, 1, 11], "texture": "#4"},
				"west": {"uv": [12, 4, 1, 11], "texture": "#4"},
				"up": {"uv": [1, 11, 12, 4], "texture": "#4"},
				"down": {"uv": [1, 11, 12, 4], "texture": "#4"}
			}
		},
		{
			"from": [2, 13, 23.75],
			"to": [2.5, 17, 24.25],
			"rotation": {"angle": 22.5, "axis": "x", "origin": [0, 0, 0]},
			"faces": {
				"north": {"uv": [12, 4, 1, 11], "texture": "#4"},
				"east": {"uv": [12, 4, 1, 11], "texture": "#4"},
				"south": {"uv": [12, 4, 1, 11], "texture": "#4"},
				"west": {"uv": [12, 4, 1, 11], "texture": "#4"},
				"up": {"uv": [1, 11, 12, 4], "texture": "#4"},
				"down": {"uv": [1, 11, 12, 4], "texture": "#4"}
			}
		},
		{
			"from": [2.5, 13, 23.75],
			"to": [13.5, 17, 24.25],
			"rotation": {"angle": 22.5, "axis": "x", "origin": [0, 0, 0]},
			"faces": {
				"north": {"uv": [12, 4, 1, 11], "texture": "#3"},
				"east": {"uv": [12, 4, 1, 11], "texture": "#3"},
				"south": {"uv": [12, 4, 1, 11], "texture": "#3"},
				"west": {"uv": [12, 4, 1, 11], "texture": "#3"},
				"up": {"uv": [1, 11, 12, 4], "texture": "#3"},
				"down": {"uv": [1, 11, 12, 4], "texture": "#3"}
			}
		},
		{
			"from": [2, 12, 23.75],
			"to": [14, 13, 24.25],
			"rotation": {"angle": 22.5, "axis": "x", "origin": [0, 0, 0]},
			"faces": {
				"north": {"uv": [16, 8, 14, 9], "texture": "#4"},
				"east": {"uv": [15, 7, 13, 8], "texture": "#4"},
				"south": {"uv": [16, 8, 15, 9], "texture": "#4"},
				"west": {"uv": [16, 8, 14, 9], "texture": "#4"},
				"up": {"uv": [14, 9, 16, 8], "texture": "#4"},
				"down": {"uv": [0, 16, 0.5, 0], "texture": "#4"}
			}
		},
		{
			"from": [2, 6, 23.75],
			"to": [14, 12, 24.25],
			"rotation": {"angle": 22.5, "axis": "x", "origin": [0, 0, 0]},
			"faces": {
				"north": {"uv": [16, 8, 14, 9], "texture": "#5"},
				"east": {"uv": [15, 7, 13, 8], "texture": "#1"},
				"south": {"uv": [16, 8, 15, 9], "texture": "#2"},
				"west": {"uv": [16, 8, 14, 9], "texture": "#5"},
				"up": {"uv": [14, 9, 16, 8], "texture": "#5"},
				"down": {"uv": [0, 16, 0.5, 0], "texture": "#5"}
			}
		},
		{
			"from": [2, 7, 23.85],
			"to": [14, 11, 24.35],
			"rotation": {"angle": 22.5, "axis": "x", "origin": [0, 0, 0]},
			"faces": {
				"north": {"uv": [16, 8, 14, 9], "texture": "#1"},
				"east": {"uv": [15, 7, 13, 8], "texture": "#1"},
				"south": {"uv": [16, 8, 11, 9], "texture": "#1"},
				"west": {"uv": [16, 8, 14, 9], "texture": "#1"},
				"up": {"uv": [14, 9, 16, 8], "texture": "#1"},
				"down": {"uv": [0, 16, 0.5, 0], "texture": "#1"}
			}
		},
		{
			"from": [2.5, 8, 23.95],
			"to": [4.5, 10, 24.45],
			"rotation": {"angle": 22.5, "axis": "x", "origin": [0, 0, 0]},
			"faces": {
				"north": {"uv": [16, 8, 14, 9], "texture": "#7"},
				"east": {"uv": [15, 7, 13, 8], "texture": "#7"},
				"south": {"uv": [14, 12, 12, 14], "texture": "#7"},
				"west": {"uv": [16, 8, 14, 9], "texture": "#7"},
				"up": {"uv": [14, 9, 16, 8], "texture": "#7"},
				"down": {"uv": [0, 16, 0.5, 0], "texture": "#7"}
			}
		},
		{
			"from": [11.5, 8, 23.95],
			"to": [13.5, 10, 24.45],
			"rotation": {"angle": 22.5, "axis": "x", "origin": [0, 0, 0]},
			"faces": {
				"north": {"uv": [16, 8, 14, 9], "texture": "#7"},
				"east": {"uv": [15, 7, 13, 8], "texture": "#7"},
				"south": {"uv": [14, 12, 12, 14], "texture": "#7"},
				"west": {"uv": [16, 8, 14, 9], "texture": "#7"},
				"up": {"uv": [14, 9, 16, 8], "texture": "#7"},
				"down": {"uv": [0, 16, 0.5, 0], "texture": "#7"}
			}
		},
		{
			"from": [1.5, 6, -13],
			"to": [2, 11, -12],
			"rotation": {"angle": 22.5, "axis": "x", "origin": [0, 0, 16]},
			"faces": {
				"north": {"uv": [14, 8, 16, 9], "texture": "#5"},
				"east": {"uv": [13, 7, 15, 8], "texture": "#1"},
				"south": {"uv": [14, 8, 16, 9], "texture": "#5"},
				"west": {"uv": [14, 8, 16, 9], "texture": "#5"},
				"up": {"uv": [14, 8, 16, 9], "texture": "#5"},
				"down": {"uv": [0, 0, 0.5, 16], "texture": "#5"}
			}
		},
		{
			"from": [1.5, 11, -12.5],
			"to": [2, 14, -11.5],
			"rotation": {"angle": 22.5, "axis": "x", "origin": [0, 0, 16]},
			"faces": {
				"north": {"uv": [14, 8, 16, 9], "texture": "#5"},
				"east": {"uv": [13, 7, 15, 8], "texture": "#1"},
				"south": {"uv": [14, 8, 16, 9], "texture": "#5"},
				"west": {"uv": [14, 8, 16, 9], "texture": "#5"},
				"up": {"uv": [14, 8, 16, 9], "texture": "#5"},
				"down": {"uv": [0, 0, 0.5, 16], "texture": "#5"}
			}
		},
		{
			"from": [1.5, 14, -12],
			"to": [2, 16, -11],
			"rotation": {"angle": 22.5, "axis": "x", "origin": [0, 0, 16]},
			"faces": {
				"north": {"uv": [14, 8, 16, 9], "texture": "#5"},
				"east": {"uv": [13, 7, 15, 8], "texture": "#1"},
				"south": {"uv": [14, 8, 16, 9], "texture": "#5"},
				"west": {"uv": [14, 8, 16, 9], "texture": "#5"},
				"up": {"uv": [14, 8, 16, 9], "texture": "#5"},
				"down": {"uv": [0, 0, 0.5, 16], "texture": "#5"}
			}
		},
		{
			"from": [1.5, 16, -11],
			"to": [2, 17, -9],
			"rotation": {"angle": 22.5, "axis": "x", "origin": [0, 0, 16]},
			"faces": {
				"north": {"uv": [14, 8, 16, 9], "texture": "#5"},
				"east": {"uv": [13, 7, 15, 8], "texture": "#1"},
				"south": {"uv": [14, 8, 16, 9], "texture": "#5"},
				"west": {"uv": [14, 8, 16, 9], "texture": "#5"},
				"up": {"uv": [14, 8, 16, 9], "texture": "#5"},
				"down": {"uv": [0, 0, 0.5, 16], "texture": "#5"}
			}
		},
		{
			"from": [2, 17, -9],
			"to": [14, 18, 21],
			"rotation": {"angle": 22.5, "axis": "x", "origin": [0, 0, 16]},
			"faces": {
				"north": {"uv": [14, 8, 16, 9], "texture": "#5"},
				"east": {"uv": [13, 7, 15, 8], "texture": "#1"},
				"south": {"uv": [14, 8, 16, 9], "texture": "#5"},
				"west": {"uv": [14, 8, 16, 9], "texture": "#5"},
				"up": {"uv": [14, 8, 16, 9], "texture": "#5"},
				"down": {"uv": [0, 0, 1.5, 16], "texture": "#1"}
			}
		},
		{
			"from": [1.5, 16, -9],
			"to": [2, 17, 21],
			"rotation": {"angle": 22.5, "axis": "x", "origin": [0, 0, 16]},
			"faces": {
				"north": {"uv": [5, 7, 7, 8], "texture": "#4"},
				"east": {"uv": [5, 7, 7, 8], "texture": "#4"},
				"south": {"uv": [5, 7, 7, 8], "texture": "#4"},
				"west": {"uv": [5, 7, 7, 8], "texture": "#4"},
				"up": {"uv": [5, 7, 7, 8], "texture": "#4"},
				"down": {"uv": [0, 0, 0.5, 16], "texture": "#4"}
			}
		},
		{
			"from": [1.4, 1, -13],
			"to": [1.9, 3, 25],
			"rotation": {"angle": 22.5, "axis": "x", "origin": [0, 0, 16]},
			"faces": {
				"north": {"uv": [14, 8, 16, 9], "texture": "#2"},
				"east": {"uv": [13, 7, 15, 8], "texture": "#2"},
				"south": {"uv": [14, 8, 16, 9], "texture": "#2"},
				"west": {"uv": [14, 8, 16, 9], "texture": "#2"},
				"up": {"uv": [14, 8, 16, 9], "texture": "#2"},
				"down": {"uv": [0, 0, 0.5, 16], "texture": "#2"}
			}
		},
		{
			"from": [1.5, 7, -12],
			"to": [2, 7.5, 24],
			"rotation": {"angle": 22.5, "axis": "x", "origin": [0, 0, 16]},
			"faces": {
				"north": {"uv": [5, 7, 7, 8], "texture": "#4"},
				"east": {"uv": [5, 7, 7, 8], "texture": "#4"},
				"south": {"uv": [5, 7, 7, 8], "texture": "#4"},
				"west": {"uv": [5, 7, 7, 8], "texture": "#4"},
				"up": {"uv": [5, 7, 7, 8], "texture": "#4"},
				"down": {"uv": [0, 0, 0.5, 16], "texture": "#4"}
			}
		},
		{
			"from": [1.5, 7, 1],
			"to": [2, 16, 1.5],
			"rotation": {"angle": 22.5, "axis": "x", "origin": [0, 0, 16]},
			"faces": {
				"north": {"uv": [5, 7, 7, 8], "texture": "#4"},
				"east": {"uv": [5, 7, 7, 8], "texture": "#4"},
				"south": {"uv": [5, 7, 7, 8], "texture": "#4"},
				"west": {"uv": [5, 7, 7, 8], "texture": "#4"},
				"up": {"uv": [5, 7, 7, 8], "texture": "#4"},
				"down": {"uv": [0, 0, 0.5, 16], "texture": "#4"}
			}
		},
		{
			"from": [1.5, 7, -6.5],
			"to": [2, 16, -6],
			"rotation": {"angle": 22.5, "axis": "x", "origin": [0, 0, 16]},
			"faces": {
				"north": {"uv": [5, 7, 7, 8], "texture": "#4"},
				"east": {"uv": [5, 7, 7, 8], "texture": "#4"},
				"south": {"uv": [5, 7, 7, 8], "texture": "#4"},
				"west": {"uv": [5, 7, 7, 8], "texture": "#4"},
				"up": {"uv": [5, 7, 7, 8], "texture": "#4"},
				"down": {"uv": [0, 0, 0.5, 16], "texture": "#4"}
			}
		},
		{
			"from": [1.5, 7.5, 1.5],
			"to": [2, 16, 10.5],
			"rotation": {"angle": 22.5, "axis": "x", "origin": [0, 0, 16]},
			"faces": {
				"north": {"uv": [5, 7, 7, 8], "texture": "#3"},
				"east": {"uv": [5, 7, 7, 8], "texture": "#3"},
				"south": {"uv": [5, 7, 7, 8], "texture": "#3"},
				"west": {"uv": [5, 4, 9, 8], "texture": "#3"},
				"up": {"uv": [5, 7, 7, 8], "texture": "#3"},
				"down": {"uv": [0, 0, 0.5, 16], "texture": "#3"}
			}
		},
		{
			"from": [1.5, 7.5, 18.5],
			"to": [2, 16, 22.5],
			"rotation": {"angle": 22.5, "axis": "x", "origin": [0, 0, 16]},
			"faces": {
				"north": {"uv": [5, 7, 7, 8], "texture": "#3"},
				"east": {"uv": [5, 7, 7, 8], "texture": "#3"},
				"south": {"uv": [5, 7, 7, 8], "texture": "#3"},
				"west": {"uv": [5, 4, 9, 8], "texture": "#3"},
				"up": {"uv": [5, 7, 7, 8], "texture": "#3"},
				"down": {"uv": [0, 0, 0.5, 16], "texture": "#3"}
			}
		},
		{
			"from": [1.5, 7.5, -10.5],
			"to": [2, 16, -6.5],
			"rotation": {"angle": 22.5, "axis": "x", "origin": [0, 0, 16]},
			"faces": {
				"north": {"uv": [6, 7, 8, 8], "texture": "#3"},
				"east": {"uv": [5, 7, 7, 8], "texture": "#3"},
				"south": {"uv": [5, 7, 7, 8], "texture": "#3"},
				"west": {"uv": [5, 4, 9, 8], "texture": "#3"},
				"up": {"uv": [5, 7, 7, 8], "texture": "#3"},
				"down": {"uv": [0, 0, 0.5, 16], "texture": "#3"}
			}
		},
		{
			"from": [1.5, 7.5, -6],
			"to": [2, 16, 1],
			"rotation": {"angle": 22.5, "axis": "x", "origin": [0, 0, 16]},
			"faces": {
				"north": {"uv": [6, 7, 8, 8], "texture": "#3"},
				"east": {"uv": [5, 7, 7, 8], "texture": "#3"},
				"south": {"uv": [5, 7, 7, 8], "texture": "#3"},
				"west": {"uv": [5, 4, 9, 8], "texture": "#3"},
				"up": {"uv": [5, 7, 7, 8], "texture": "#3"},
				"down": {"uv": [0, 0, 0.5, 16], "texture": "#3"}
			}
		},
		{
			"from": [1.5, 7.5, 11],
			"to": [2, 16, 18],
			"rotation": {"angle": 22.5, "axis": "x", "origin": [0, 0, 16]},
			"faces": {
				"north": {"uv": [6, 7, 8, 8], "texture": "#3"},
				"east": {"uv": [5, 7, 7, 8], "texture": "#3"},
				"south": {"uv": [5, 7, 7, 8], "texture": "#3"},
				"west": {"uv": [5, 4, 9, 8], "texture": "#3"},
				"up": {"uv": [5, 7, 7, 8], "texture": "#3"},
				"down": {"uv": [0, 0, 0.5, 16], "texture": "#3"}
			}
		},
		{
			"from": [1.5, 7.5, -11.5],
			"to": [2, 13.5, -10.5],
			"rotation": {"angle": 22.5, "axis": "x", "origin": [0, 0, 16]},
			"faces": {
				"north": {"uv": [6, 7, 8, 8], "texture": "#3"},
				"east": {"uv": [5, 7, 7, 8], "texture": "#3"},
				"south": {"uv": [5, 7, 7, 8], "texture": "#3"},
				"west": {"uv": [5, 4, 9, 8], "texture": "#3"},
				"up": {"uv": [5, 7, 7, 8], "texture": "#3"},
				"down": {"uv": [0, 0, 0.5, 16], "texture": "#3"}
			}
		},
		{
			"from": [1.5, 7.5, 22.5],
			"to": [2, 13.5, 23.5],
			"rotation": {"angle": 22.5, "axis": "x", "origin": [0, 0, 16]},
			"faces": {
				"north": {"uv": [6, 7, 8, 8], "texture": "#3"},
				"east": {"uv": [5, 7, 7, 8], "texture": "#3"},
				"south": {"uv": [5, 7, 7, 8], "texture": "#3"},
				"west": {"uv": [5, 4, 9, 8], "texture": "#3"},
				"up": {"uv": [5, 7, 7, 8], "texture": "#3"},
				"down": {"uv": [0, 0, 0.5, 16], "texture": "#3"}
			}
		},
		{
			"from": [1.5, 6, 24],
			"to": [2, 11, 25],
			"rotation": {"angle": 22.5, "axis": "x", "origin": [0, 0, 16]},
			"faces": {
				"north": {"uv": [16, 8, 14, 9], "texture": "#5"},
				"east": {"uv": [15, 7, 13, 8], "texture": "#1"},
				"south": {"uv": [16, 8, 14, 9], "texture": "#5"},
				"west": {"uv": [16, 8, 14, 9], "texture": "#5"},
				"up": {"uv": [14, 9, 16, 8], "texture": "#5"},
				"down": {"uv": [0, 16, 0.5, 0], "texture": "#5"}
			}
		},
		{
			"from": [1.5, 11, 23.5],
			"to": [2, 14, 24.5],
			"rotation": {"angle": 22.5, "axis": "x", "origin": [0, 0, 16]},
			"faces": {
				"north": {"uv": [16, 8, 14, 9], "texture": "#5"},
				"east": {"uv": [15, 7, 13, 8], "texture": "#1"},
				"south": {"uv": [16, 8, 14, 9], "texture": "#5"},
				"west": {"uv": [16, 8, 14, 9], "texture": "#5"},
				"up": {"uv": [14, 9, 16, 8], "texture": "#5"},
				"down": {"uv": [0, 16, 0.5, 0], "texture": "#5"}
			}
		},
		{
			"from": [1.5, 16, 21],
			"to": [2, 17, 23],
			"rotation": {"angle": 22.5, "axis": "x", "origin": [0, 0, 16]},
			"faces": {
				"north": {"uv": [16, 8, 14, 9], "texture": "#5"},
				"east": {"uv": [15, 7, 13, 8], "texture": "#1"},
				"south": {"uv": [16, 8, 14, 9], "texture": "#5"},
				"west": {"uv": [16, 8, 14, 9], "texture": "#5"},
				"up": {"uv": [14, 9, 16, 8], "texture": "#5"},
				"down": {"uv": [0, 16, 0.5, 0], "texture": "#5"}
			}
		},
		{
			"from": [1.5, 14, 23],
			"to": [2, 16, 24],
			"rotation": {"angle": 22.5, "axis": "x", "origin": [0, 0, 16]},
			"faces": {
				"north": {"uv": [16, 8, 14, 9], "texture": "#5"},
				"east": {"uv": [15, 7, 13, 8], "texture": "#1"},
				"south": {"uv": [16, 8, 14, 9], "texture": "#5"},
				"west": {"uv": [16, 8, 14, 9], "texture": "#5"},
				"up": {"uv": [14, 9, 16, 8], "texture": "#5"},
				"down": {"uv": [0, 16, 0.5, 0], "texture": "#5"}
			}
		},
		{
			"from": [1.5, 7, 10.5],
			"to": [2, 16, 11],
			"rotation": {"angle": 22.5, "axis": "x", "origin": [0, 0, 16]},
			"faces": {
				"north": {"uv": [7, 7, 5, 8], "texture": "#4"},
				"east": {"uv": [7, 7, 5, 8], "texture": "#4"},
				"south": {"uv": [7, 7, 5, 8], "texture": "#4"},
				"west": {"uv": [7, 7, 5, 8], "texture": "#4"},
				"up": {"uv": [5, 8, 7, 7], "texture": "#4"},
				"down": {"uv": [0, 16, 0.5, 0], "texture": "#4"}
			}
		},
		{
			"from": [1.5, 7, 18],
			"to": [2, 16, 18.5],
			"rotation": {"angle": 22.5, "axis": "x", "origin": [0, 0, 16]},
			"faces": {
				"north": {"uv": [7, 7, 5, 8], "texture": "#4"},
				"east": {"uv": [7, 7, 5, 8], "texture": "#4"},
				"south": {"uv": [7, 7, 5, 8], "texture": "#4"},
				"west": {"uv": [7, 7, 5, 8], "texture": "#4"},
				"up": {"uv": [5, 8, 7, 7], "texture": "#4"},
				"down": {"uv": [0, 16, 0.5, 0], "texture": "#4"}
			}
		},
		{
			"from": [14, 7.5, 18.5],
			"to": [14.5, 16, 22.5],
			"rotation": {"angle": 22.5, "axis": "x", "origin": [16, 0, 16]},
			"faces": {
				"north": {"uv": [7, 7, 5, 8], "texture": "#3"},
				"east": {"uv": [9, 4, 5, 8], "texture": "#3"},
				"south": {"uv": [7, 7, 5, 8], "texture": "#3"},
				"west": {"uv": [7, 7, 5, 8], "texture": "#3"},
				"up": {"uv": [7, 7, 5, 8], "texture": "#3"},
				"down": {"uv": [0.5, 0, 0, 16], "texture": "#3"}
			}
		},
		{
			"from": [14, 16, -11],
			"to": [14.5, 17, -9],
			"rotation": {"angle": 22.5, "axis": "x", "origin": [16, 0, 16]},
			"faces": {
				"north": {"uv": [16, 8, 14, 9], "texture": "#5"},
				"east": {"uv": [16, 8, 14, 9], "texture": "#5"},
				"south": {"uv": [16, 8, 14, 9], "texture": "#5"},
				"west": {"uv": [15, 7, 13, 8], "texture": "#1"},
				"up": {"uv": [16, 8, 14, 9], "texture": "#5"},
				"down": {"uv": [0.5, 0, 0, 16], "texture": "#5"}
			}
		},
		{
			"from": [14, 14, -12],
			"to": [14.5, 16, -11],
			"rotation": {"angle": 22.5, "axis": "x", "origin": [16, 0, 16]},
			"faces": {
				"north": {"uv": [16, 8, 14, 9], "texture": "#5"},
				"east": {"uv": [16, 8, 14, 9], "texture": "#5"},
				"south": {"uv": [16, 8, 14, 9], "texture": "#5"},
				"west": {"uv": [15, 7, 13, 8], "texture": "#1"},
				"up": {"uv": [16, 8, 14, 9], "texture": "#5"},
				"down": {"uv": [0.5, 0, 0, 16], "texture": "#5"}
			}
		},
		{
			"from": [14, 11, -12.5],
			"to": [14.5, 14, -11.5],
			"rotation": {"angle": 22.5, "axis": "x", "origin": [16, 0, 16]},
			"faces": {
				"north": {"uv": [16, 8, 14, 9], "texture": "#5"},
				"east": {"uv": [16, 8, 14, 9], "texture": "#5"},
				"south": {"uv": [16, 8, 14, 9], "texture": "#5"},
				"west": {"uv": [15, 7, 13, 8], "texture": "#1"},
				"up": {"uv": [16, 8, 14, 9], "texture": "#5"},
				"down": {"uv": [0.5, 0, 0, 16], "texture": "#5"}
			}
		},
		{
			"from": [14, 6, -13],
			"to": [14.5, 11, -12],
			"rotation": {"angle": 22.5, "axis": "x", "origin": [16, 0, 16]},
			"faces": {
				"north": {"uv": [16, 8, 14, 9], "texture": "#5"},
				"east": {"uv": [16, 8, 14, 9], "texture": "#5"},
				"south": {"uv": [16, 8, 14, 9], "texture": "#5"},
				"west": {"uv": [15, 7, 13, 8], "texture": "#1"},
				"up": {"uv": [16, 8, 14, 9], "texture": "#5"},
				"down": {"uv": [0.5, 0, 0, 16], "texture": "#5"}
			}
		},
		{
			"from": [14, 1, -13],
			"to": [14.5, 7, -6],
			"rotation": {"angle": 22.5, "axis": "x", "origin": [16, 0, 16]},
			"faces": {
				"north": {"uv": [16, 8, 14, 9], "texture": "#5"},
				"east": {"uv": [16, 8, 14, 9], "texture": "#5"},
				"south": {"uv": [16, 8, 14, 9], "texture": "#5"},
				"west": {"uv": [15, 7, 13, 8], "texture": "#1"},
				"up": {"uv": [16, 8, 14, 9], "texture": "#5"},
				"down": {"uv": [0.5, 0, 0, 16], "texture": "#5"}
			}
		},
		{
			"from": [15, 1, 1],
			"to": [15.5, 7, 8],
			"rotation": {"angle": 22.5, "axis": "x", "origin": [16, 0, 16]},
			"faces": {
				"north": {"uv": [16, 8, 14, 9], "texture": "#5"},
				"east": {"uv": [3, 10, 4, 11], "texture": "#2"},
				"south": {"uv": [16, 8, 14, 9], "texture": "#5"},
				"west": {"uv": [15, 7, 13, 8], "texture": "#1"},
				"up": {"uv": [16, 8, 14, 9], "texture": "#4"},
				"down": {"uv": [0.5, 0, 0, 16], "texture": "#5"}
			}
		},
		{
			"from": [14.1, 1, -13],
			"to": [14.6, 3, -6],
			"rotation": {"angle": 22.5, "axis": "x", "origin": [16, 0, 16]},
			"faces": {
				"north": {"uv": [16, 8, 14, 9], "texture": "#2"},
				"east": {"uv": [16, 8, 14, 9], "texture": "#2"},
				"south": {"uv": [16, 8, 14, 9], "texture": "#2"},
				"west": {"uv": [15, 7, 13, 8], "texture": "#2"},
				"up": {"uv": [16, 8, 14, 9], "texture": "#2"},
				"down": {"uv": [0.5, 0, 0, 16], "texture": "#2"}
			}
		},
		{
			"from": [14, 7.5, -10.5],
			"to": [14.5, 16, -6.5],
			"rotation": {"angle": 22.5, "axis": "x", "origin": [16, 0, 16]},
			"faces": {
				"north": {"uv": [8, 7, 6, 8], "texture": "#3"},
				"east": {"uv": [9, 4, 5, 8], "texture": "#3"},
				"south": {"uv": [7, 7, 5, 8], "texture": "#3"},
				"west": {"uv": [7, 7, 5, 8], "texture": "#3"},
				"up": {"uv": [7, 7, 5, 8], "texture": "#3"},
				"down": {"uv": [0.5, 0, 0, 16], "texture": "#3"}
			}
		},
		{
			"from": [14, 7, -6.5],
			"to": [14.5, 16, -6],
			"rotation": {"angle": 22.5, "axis": "x", "origin": [16, 0, 16]},
			"faces": {
				"north": {"uv": [7, 7, 5, 8], "texture": "#4"},
				"east": {"uv": [7, 7, 5, 8], "texture": "#4"},
				"south": {"uv": [7, 7, 5, 8], "texture": "#4"},
				"west": {"uv": [7, 7, 5, 8], "texture": "#4"},
				"up": {"uv": [7, 7, 5, 8], "texture": "#4"},
				"down": {"uv": [0.5, 0, 0, 16], "texture": "#4"}
			}
		},
		{
			"from": [14, 7.5, -11.5],
			"to": [14.5, 13.5, -10.5],
			"rotation": {"angle": 22.5, "axis": "x", "origin": [16, 0, 16]},
			"faces": {
				"north": {"uv": [8, 7, 6, 8], "texture": "#3"},
				"east": {"uv": [9, 4, 5, 8], "texture": "#3"},
				"south": {"uv": [7, 7, 5, 8], "texture": "#3"},
				"west": {"uv": [7, 7, 5, 8], "texture": "#3"},
				"up": {"uv": [7, 7, 5, 8], "texture": "#3"},
				"down": {"uv": [0.5, 0, 0, 16], "texture": "#3"}
			}
		},
		{
			"from": [14, 7, -12],
			"to": [14.5, 7.5, -6],
			"rotation": {"angle": 22.5, "axis": "x", "origin": [16, 0, 16]},
			"faces": {
				"north": {"uv": [7, 7, 5, 8], "texture": "#4"},
				"east": {"uv": [7, 7, 5, 8], "texture": "#4"},
				"south": {"uv": [7, 7, 5, 8], "texture": "#4"},
				"west": {"uv": [7, 7, 5, 8], "texture": "#4"},
				"up": {"uv": [7, 7, 5, 8], "texture": "#4"},
				"down": {"uv": [0.5, 0, 0, 16], "texture": "#4"}
			}
		},
		{
			"from": [15, 7, 1],
			"to": [15.5, 7.5, 8],
			"rotation": {"angle": 22.5, "axis": "x", "origin": [16, 0, 16]},
			"faces": {
				"north": {"uv": [7, 7, 5, 8], "texture": "#4"},
				"east": {"uv": [7, 7, 5, 8], "texture": "#4"},
				"south": {"uv": [7, 7, 5, 8], "texture": "#4"},
				"west": {"uv": [7, 7, 5, 8], "texture": "#4"},
				"up": {"uv": [7, 7, 5, 8], "texture": "#4"},
				"down": {"uv": [0.5, 0, 0, 16], "texture": "#4"}
			}
		},
		{
			"from": [15, 7.5, 1],
			"to": [15.5, 15.5, 8],
			"rotation": {"angle": 22.5, "axis": "x", "origin": [16, 0, 16]},
			"faces": {
				"north": {"uv": [1, 1, 7, 7], "texture": "#4"},
				"east": {"uv": [1, 1, 7, 7], "texture": "#3"},
				"south": {"uv": [1, 1, 7, 7], "texture": "#4"},
				"west": {"uv": [1, 1, 7, 7], "texture": "#3"},
				"up": {"uv": [7, 7, 5, 8], "texture": "#3"},
				"down": {"uv": [0.5, 0, 0, 16], "texture": "#3"}
			}
		},
		{
			"from": [15, 1, 18],
			"to": [15.5, 7, 25],
			"rotation": {"angle": 22.5, "axis": "x", "origin": [16, 0, 16]},
			"faces": {
				"north": {"uv": [16, 8, 14, 9], "texture": "#5"},
				"east": {"uv": [3, 10, 4, 11], "texture": "#2"},
				"south": {"uv": [16, 8, 14, 9], "texture": "#5"},
				"west": {"uv": [15, 7, 13, 8], "texture": "#1"},
				"up": {"uv": [16, 8, 14, 9], "texture": "#4"},
				"down": {"uv": [0.5, 0, 0, 16], "texture": "#5"}
			}
		},
		{
			"from": [15, 7, 18],
			"to": [15.5, 7.5, 25],
			"rotation": {"angle": 22.5, "axis": "x", "origin": [16, 0, 16]},
			"faces": {
				"north": {"uv": [7, 7, 5, 8], "texture": "#4"},
				"east": {"uv": [7, 7, 5, 8], "texture": "#4"},
				"south": {"uv": [7, 7, 5, 8], "texture": "#4"},
				"west": {"uv": [7, 7, 5, 8], "texture": "#4"},
				"up": {"uv": [7, 7, 5, 8], "texture": "#4"},
				"down": {"uv": [0.5, 0, 0, 16], "texture": "#4"}
			}
		},
		{
			"from": [15, 7.5, 18],
			"to": [15.5, 15.5, 25],
			"rotation": {"angle": 22.5, "axis": "x", "origin": [16, 0, 16]},
			"faces": {
				"north": {"uv": [1, 1, 7, 7], "texture": "#4"},
				"east": {"uv": [1, 1, 7, 7], "texture": "#3"},
				"south": {"uv": [1, 1, 7, 7], "texture": "#4"},
				"west": {"uv": [1, 1, 7, 7], "texture": "#3"},
				"up": {"uv": [7, 7, 5, 8], "texture": "#3"},
				"down": {"uv": [0.5, 0, 0, 16], "texture": "#3"}
			}
		},
		{
			"from": [15, 15.5, 1],
			"to": [15.5, 16, 8],
			"rotation": {"angle": 22.5, "axis": "x", "origin": [16, 0, 16]},
			"faces": {
				"north": {"uv": [7, 7, 5, 8], "texture": "#4"},
				"east": {"uv": [7, 7, 5, 8], "texture": "#4"},
				"south": {"uv": [7, 7, 5, 8], "texture": "#4"},
				"west": {"uv": [7, 7, 5, 8], "texture": "#4"},
				"up": {"uv": [7, 7, 5, 8], "texture": "#4"},
				"down": {"uv": [0.5, 0, 0, 16], "texture": "#4"}
			}
		},
		{
			"from": [15, 15.5, 18],
			"to": [15.5, 16, 25],
			"rotation": {"angle": 22.5, "axis": "x", "origin": [16, 0, 16]},
			"faces": {
				"north": {"uv": [7, 7, 5, 8], "texture": "#4"},
				"east": {"uv": [7, 7, 5, 8], "texture": "#4"},
				"south": {"uv": [7, 7, 5, 8], "texture": "#4"},
				"west": {"uv": [7, 7, 5, 8], "texture": "#4"},
				"up": {"uv": [7, 7, 5, 8], "texture": "#4"},
				"down": {"uv": [0.5, 0, 0, 16], "texture": "#4"}
			}
		},
		{
			"from": [14, 16, -9],
			"to": [14.5, 17, 21],
			"rotation": {"angle": 22.5, "axis": "x", "origin": [16, 0, 16]},
			"faces": {
				"north": {"uv": [7, 7, 5, 8], "texture": "#4"},
				"east": {"uv": [7, 7, 5, 8], "texture": "#4"},
				"south": {"uv": [7, 7, 5, 8], "texture": "#4"},
				"west": {"uv": [7, 7, 5, 8], "texture": "#4"},
				"up": {"uv": [7, 7, 5, 8], "texture": "#4"},
				"down": {"uv": [0.5, 0, 0, 16], "texture": "#4"}
			}
		},
		{
			"from": [14, 7, 1],
			"to": [14.5, 16, 1.5],
			"rotation": {"angle": 22.5, "axis": "x", "origin": [16, 0, 16]},
			"faces": {
				"north": {"uv": [7, 7, 5, 8], "texture": "#4"},
				"east": {"uv": [7, 7, 5, 8], "texture": "#4"},
				"south": {"uv": [7, 7, 5, 8], "texture": "#4"},
				"west": {"uv": [7, 7, 5, 8], "texture": "#4"},
				"up": {"uv": [7, 7, 5, 8], "texture": "#4"},
				"down": {"uv": [0.5, 0, 0, 16], "texture": "#4"}
			}
		},
		{
			"from": [14, 7.5, 1.5],
			"to": [14.5, 16, 10.5],
			"rotation": {"angle": 22.5, "axis": "x", "origin": [16, 0, 16]},
			"faces": {
				"north": {"uv": [7, 7, 5, 8], "texture": "#3"},
				"east": {"uv": [9, 4, 5, 8], "texture": "#3"},
				"south": {"uv": [7, 7, 5, 8], "texture": "#3"},
				"west": {"uv": [7, 7, 5, 8], "texture": "#3"},
				"up": {"uv": [7, 7, 5, 8], "texture": "#3"},
				"down": {"uv": [0.5, 0, 0, 16], "texture": "#3"}
			}
		},
		{
			"from": [14, 7, 10.5],
			"to": [14.5, 16, 11],
			"rotation": {"angle": 22.5, "axis": "x", "origin": [16, 0, 16]},
			"faces": {
				"north": {"uv": [5, 7, 7, 8], "texture": "#4"},
				"east": {"uv": [5, 7, 7, 8], "texture": "#4"},
				"south": {"uv": [5, 7, 7, 8], "texture": "#4"},
				"west": {"uv": [5, 7, 7, 8], "texture": "#4"},
				"up": {"uv": [7, 8, 5, 7], "texture": "#4"},
				"down": {"uv": [0.5, 16, 0, 0], "texture": "#4"}
			}
		},
		{
			"from": [14, 1, 1],
			"to": [14.5, 7, 11],
			"rotation": {"angle": 22.5, "axis": "x", "origin": [16, 0, 16]},
			"faces": {
				"north": {"uv": [16, 8, 14, 9], "texture": "#5"},
				"east": {"uv": [16, 8, 14, 9], "texture": "#5"},
				"south": {"uv": [16, 8, 14, 9], "texture": "#5"},
				"west": {"uv": [15, 7, 13, 8], "texture": "#1"},
				"up": {"uv": [16, 8, 14, 9], "texture": "#5"},
				"down": {"uv": [0.5, 0, 0, 16], "texture": "#5"}
			}
		},
		{
			"from": [14.1, 1, 1],
			"to": [14.6, 3, 11],
			"rotation": {"angle": 22.5, "axis": "x", "origin": [16, 0, 16]},
			"faces": {
				"north": {"uv": [16, 8, 14, 9], "texture": "#2"},
				"east": {"uv": [16, 8, 14, 9], "texture": "#2"},
				"south": {"uv": [16, 8, 14, 9], "texture": "#2"},
				"west": {"uv": [15, 7, 13, 8], "texture": "#2"},
				"up": {"uv": [16, 8, 14, 9], "texture": "#2"},
				"down": {"uv": [0.5, 0, 0, 16], "texture": "#2"}
			}
		},
		{
			"from": [14, 1, 18],
			"to": [14.5, 7, 25],
			"rotation": {"angle": 22.5, "axis": "x", "origin": [16, 0, 16]},
			"faces": {
				"north": {"uv": [14, 8, 16, 9], "texture": "#5"},
				"east": {"uv": [14, 8, 16, 9], "texture": "#5"},
				"south": {"uv": [14, 8, 16, 9], "texture": "#5"},
				"west": {"uv": [13, 7, 15, 8], "texture": "#1"},
				"up": {"uv": [16, 9, 14, 8], "texture": "#5"},
				"down": {"uv": [0.5, 16, 0, 0], "texture": "#5"}
			}
		},
		{
			"from": [14.1, 1, 18],
			"to": [14.6, 3, 25],
			"rotation": {"angle": 22.5, "axis": "x", "origin": [16, 0, 16]},
			"faces": {
				"north": {"uv": [16, 8, 14, 9], "texture": "#2"},
				"east": {"uv": [16, 8, 14, 9], "texture": "#2"},
				"south": {"uv": [16, 8, 14, 9], "texture": "#2"},
				"west": {"uv": [15, 7, 13, 8], "texture": "#2"},
				"up": {"uv": [16, 8, 14, 9], "texture": "#2"},
				"down": {"uv": [0.5, 0, 0, 16], "texture": "#2"}
			}
		},
		{
			"from": [14, 6, 24],
			"to": [14.5, 11, 25],
			"rotation": {"angle": 22.5, "axis": "x", "origin": [16, 0, 16]},
			"faces": {
				"north": {"uv": [14, 8, 16, 9], "texture": "#5"},
				"east": {"uv": [14, 8, 16, 9], "texture": "#5"},
				"south": {"uv": [14, 8, 16, 9], "texture": "#5"},
				"west": {"uv": [13, 7, 15, 8], "texture": "#1"},
				"up": {"uv": [16, 9, 14, 8], "texture": "#5"},
				"down": {"uv": [0.5, 16, 0, 0], "texture": "#5"}
			}
		},
		{
			"from": [14, 7.5, 22.5],
			"to": [14.5, 13.5, 23.5],
			"rotation": {"angle": 22.5, "axis": "x", "origin": [16, 0, 16]},
			"faces": {
				"north": {"uv": [8, 7, 6, 8], "texture": "#3"},
				"east": {"uv": [9, 4, 5, 8], "texture": "#3"},
				"south": {"uv": [7, 7, 5, 8], "texture": "#3"},
				"west": {"uv": [7, 7, 5, 8], "texture": "#3"},
				"up": {"uv": [7, 7, 5, 8], "texture": "#3"},
				"down": {"uv": [0.5, 0, 0, 16], "texture": "#3"}
			}
		},
		{
			"from": [14, 11, 23.5],
			"to": [14.5, 14, 24.5],
			"rotation": {"angle": 22.5, "axis": "x", "origin": [16, 0, 16]},
			"faces": {
				"north": {"uv": [14, 8, 16, 9], "texture": "#5"},
				"east": {"uv": [14, 8, 16, 9], "texture": "#5"},
				"south": {"uv": [14, 8, 16, 9], "texture": "#5"},
				"west": {"uv": [13, 7, 15, 8], "texture": "#1"},
				"up": {"uv": [16, 9, 14, 8], "texture": "#5"},
				"down": {"uv": [0.5, 16, 0, 0], "texture": "#5"}
			}
		},
		{
			"from": [14, 14, 23],
			"to": [14.5, 16, 24],
			"rotation": {"angle": 22.5, "axis": "x", "origin": [16, 0, 16]},
			"faces": {
				"north": {"uv": [14, 8, 16, 9], "texture": "#5"},
				"east": {"uv": [14, 8, 16, 9], "texture": "#5"},
				"south": {"uv": [14, 8, 16, 9], "texture": "#5"},
				"west": {"uv": [13, 7, 15, 8], "texture": "#1"},
				"up": {"uv": [16, 9, 14, 8], "texture": "#5"},
				"down": {"uv": [0.5, 16, 0, 0], "texture": "#5"}
			}
		},
		{
			"from": [14, 7, 18],
			"to": [14.5, 16, 18.5],
			"rotation": {"angle": 22.5, "axis": "x", "origin": [16, 0, 16]},
			"faces": {
				"north": {"uv": [5, 7, 7, 8], "texture": "#4"},
				"east": {"uv": [5, 7, 7, 8], "texture": "#4"},
				"south": {"uv": [5, 7, 7, 8], "texture": "#4"},
				"west": {"uv": [5, 7, 7, 8], "texture": "#4"},
				"up": {"uv": [7, 8, 5, 7], "texture": "#4"},
				"down": {"uv": [0.5, 16, 0, 0], "texture": "#4"}
			}
		},
		{
			"from": [14, 7, 18],
			"to": [14.5, 7.5, 24],
			"rotation": {"angle": 22.5, "axis": "x", "origin": [16, 0, 16]},
			"faces": {
				"north": {"uv": [5, 7, 7, 8], "texture": "#4"},
				"east": {"uv": [5, 7, 7, 8], "texture": "#4"},
				"south": {"uv": [5, 7, 7, 8], "texture": "#4"},
				"west": {"uv": [5, 7, 7, 8], "texture": "#4"},
				"up": {"uv": [7, 8, 5, 7], "texture": "#4"},
				"down": {"uv": [0.5, 16, 0, 0], "texture": "#4"}
			}
		},
		{
			"from": [14, 7, 1],
			"to": [14.5, 7.5, 11],
			"rotation": {"angle": 22.5, "axis": "x", "origin": [16, 0, 16]},
			"faces": {
				"north": {"uv": [7, 7, 5, 8], "texture": "#4"},
				"east": {"uv": [7, 7, 5, 8], "texture": "#4"},
				"south": {"uv": [7, 7, 5, 8], "texture": "#4"},
				"west": {"uv": [7, 7, 5, 8], "texture": "#4"},
				"up": {"uv": [7, 7, 5, 8], "texture": "#4"},
				"down": {"uv": [0.5, 0, 0, 16], "texture": "#4"}
			}
		},
		{
			"from": [14, 16, 21],
			"to": [14.5, 17, 23],
			"rotation": {"angle": 22.5, "axis": "x", "origin": [16, 0, 16]},
			"faces": {
				"north": {"uv": [14, 8, 16, 9], "texture": "#5"},
				"east": {"uv": [14, 8, 16, 9], "texture": "#5"},
				"south": {"uv": [14, 8, 16, 9], "texture": "#5"},
				"west": {"uv": [13, 7, 15, 8], "texture": "#1"},
				"up": {"uv": [16, 9, 14, 8], "texture": "#5"},
				"down": {"uv": [0.5, 16, 0, 0], "texture": "#5"}
			}
		},
		{
			"from": [1.5, 0, -13],
			"to": [2, 1, 25],
			"rotation": {"angle": 22.5, "axis": "x", "origin": [0, 0, 16]},
			"faces": {
				"north": {"uv": [14, 8, 16, 9], "texture": "#5"},
				"east": {"uv": [14, 8, 16, 9], "texture": "#5"},
				"south": {"uv": [14, 8, 16, 9], "texture": "#5"},
				"west": {"uv": [14, 8, 16, 9], "texture": "#5"},
				"up": {"uv": [14, 8, 16, 9], "texture": "#5"},
				"down": {"uv": [0, 0, 0.5, 16], "texture": "#5"}
			}
		},
		{
			"from": [14, 0, -13],
			"to": [14.5, 1, 25],
			"rotation": {"angle": 22.5, "axis": "x", "origin": [0, 0, 16]},
			"faces": {
				"north": {"uv": [14, 8, 16, 9], "texture": "#5"},
				"east": {"uv": [14, 8, 16, 9], "texture": "#5"},
				"south": {"uv": [14, 8, 16, 9], "texture": "#5"},
				"west": {"uv": [14, 8, 16, 9], "texture": "#5"},
				"up": {"uv": [14, 8, 16, 9], "texture": "#5"},
				"down": {"uv": [0, 0, 0.5, 16], "texture": "#5"}
			}
		},
		{
			"from": [3, -2, -12],
			"to": [13, 0, -1],
			"rotation": {"angle": 22.5, "axis": "x", "origin": [0, 0, 16]},
			"faces": {
				"north": {"uv": [14, 8, 16, 9], "texture": "#4"},
				"east": {"uv": [14, 8, 16, 9], "texture": "#4"},
				"south": {"uv": [14, 8, 16, 9], "texture": "#4"},
				"west": {"uv": [14, 8, 16, 9], "texture": "#4"},
				"up": {"uv": [14, 8, 16, 9], "texture": "#4"},
				"down": {"uv": [0, 0, 0.5, 16], "texture": "#4"}
			}
		},
		{
			"from": [2, -4, -11],
			"to": [3, 0, -8],
			"rotation": {"angle": 22.5, "axis": "x", "origin": [0, 0, 16]},
			"faces": {
				"north": {"uv": [14, 8, 16, 9], "texture": "#8"},
				"east": {"uv": [14, 8, 16, 9], "texture": "#8"},
				"south": {"uv": [14, 8, 16, 9], "texture": "#8"},
				"west": {"uv": [14, 8, 16, 9], "texture": "#8"},
				"up": {"uv": [14, 8, 16, 9], "texture": "#8"},
				"down": {"uv": [0, 0, 0.5, 16], "texture": "#8"}
			}
		},
		{
			"from": [2, -3.5, -11.5],
			"to": [3, -0.5, -7.5],
			"rotation": {"angle": 22.5, "axis": "x", "origin": [0, 0, 16]},
			"faces": {
				"north": {"uv": [14, 8, 16, 9], "texture": "#8"},
				"east": {"uv": [14, 8, 16, 9], "texture": "#8"},
				"south": {"uv": [14, 8, 16, 9], "texture": "#8"},
				"west": {"uv": [14, 8, 16, 9], "texture": "#8"},
				"up": {"uv": [14, 8, 16, 9], "texture": "#8"},
				"down": {"uv": [0, 0, 0.5, 16], "texture": "#8"}
			}
		},
		{
			"from": [2, -4, -5],
			"to": [3, 0, -2],
			"rotation": {"angle": 22.5, "axis": "x", "origin": [0, 0, 16]},
			"faces": {
				"north": {"uv": [14, 8, 16, 9], "texture": "#8"},
				"east": {"uv": [14, 8, 16, 9], "texture": "#8"},
				"south": {"uv": [14, 8, 16, 9], "texture": "#8"},
				"west": {"uv": [14, 8, 16, 9], "texture": "#8"},
				"up": {"uv": [14, 8, 16, 9], "texture": "#8"},
				"down": {"uv": [0, 0, 0.5, 16], "texture": "#8"}
			}
		},
		{
			"from": [2, -3.5, -5.5],
			"to": [3, -0.5, -1.5],
			"rotation": {"angle": 22.5, "axis": "x", "origin": [0, 0, 16]},
			"faces": {
				"north": {"uv": [14, 8, 16, 9], "texture": "#8"},
				"east": {"uv": [14, 8, 16, 9], "texture": "#8"},
				"south": {"uv": [14, 8, 16, 9], "texture": "#8"},
				"west": {"uv": [14, 8, 16, 9], "texture": "#8"},
				"up": {"uv": [14, 8, 16, 9], "texture": "#8"},
				"down": {"uv": [0, 0, 0.5, 16], "texture": "#8"}
			}
		},
		{
			"from": [13, -4, -5],
			"to": [14, 0, -2],
			"rotation": {"angle": 22.5, "axis": "x", "origin": [0, 0, 16]},
			"faces": {
				"north": {"uv": [14, 8, 16, 9], "texture": "#8"},
				"east": {"uv": [14, 8, 16, 9], "texture": "#8"},
				"south": {"uv": [14, 8, 16, 9], "texture": "#8"},
				"west": {"uv": [14, 8, 16, 9], "texture": "#8"},
				"up": {"uv": [14, 8, 16, 9], "texture": "#8"},
				"down": {"uv": [0, 0, 0.5, 16], "texture": "#8"}
			}
		},
		{
			"from": [13, -3.5, -5.5],
			"to": [14, -0.5, -1.5],
			"rotation": {"angle": 22.5, "axis": "x", "origin": [0, 0, 16]},
			"faces": {
				"north": {"uv": [14, 8, 16, 9], "texture": "#8"},
				"east": {"uv": [14, 8, 16, 9], "texture": "#8"},
				"south": {"uv": [14, 8, 16, 9], "texture": "#8"},
				"west": {"uv": [14, 8, 16, 9], "texture": "#8"},
				"up": {"uv": [14, 8, 16, 9], "texture": "#8"},
				"down": {"uv": [0, 0, 0.5, 16], "texture": "#8"}
			}
		},
		{
			"from": [13, -4, -11],
			"to": [14, 0, -8],
			"rotation": {"angle": 22.5, "axis": "x", "origin": [0, 0, 16]},
			"faces": {
				"north": {"uv": [14, 8, 16, 9], "texture": "#8"},
				"east": {"uv": [14, 8, 16, 9], "texture": "#8"},
				"south": {"uv": [14, 8, 16, 9], "texture": "#8"},
				"west": {"uv": [14, 8, 16, 9], "texture": "#8"},
				"up": {"uv": [14, 8, 16, 9], "texture": "#8"},
				"down": {"uv": [0, 0, 0.5, 16], "texture": "#8"}
			}
		},
		{
			"from": [13, -3.5, -11.5],
			"to": [14, -0.5, -7.5],
			"rotation": {"angle": 22.5, "axis": "x", "origin": [0, 0, 16]},
			"faces": {
				"north": {"uv": [14, 8, 16, 9], "texture": "#8"},
				"east": {"uv": [14, 8, 16, 9], "texture": "#8"},
				"south": {"uv": [14, 8, 16, 9], "texture": "#8"},
				"west": {"uv": [14, 8, 16, 9], "texture": "#8"},
				"up": {"uv": [14, 8, 16, 9], "texture": "#8"},
				"down": {"uv": [0, 0, 0.5, 16], "texture": "#8"}
			}
		},
		{
			"from": [13, -4, 20],
			"to": [14, 0, 23],
			"rotation": {"angle": 22.5, "axis": "x", "origin": [0, 0, 16]},
			"faces": {
				"north": {"uv": [14, 8, 16, 9], "texture": "#8"},
				"east": {"uv": [14, 8, 16, 9], "texture": "#8"},
				"south": {"uv": [14, 8, 16, 9], "texture": "#8"},
				"west": {"uv": [14, 8, 16, 9], "texture": "#8"},
				"up": {"uv": [14, 8, 16, 9], "texture": "#8"},
				"down": {"uv": [0, 0, 0.5, 16], "texture": "#8"}
			}
		},
		{
			"from": [13, -3.5, 19.5],
			"to": [14, -0.5, 23.5],
			"rotation": {"angle": 22.5, "axis": "x", "origin": [0, 0, 16]},
			"faces": {
				"north": {"uv": [14, 8, 16, 9], "texture": "#8"},
				"east": {"uv": [14, 8, 16, 9], "texture": "#8"},
				"south": {"uv": [14, 8, 16, 9], "texture": "#8"},
				"west": {"uv": [14, 8, 16, 9], "texture": "#8"},
				"up": {"uv": [14, 8, 16, 9], "texture": "#8"},
				"down": {"uv": [0, 0, 0.5, 16], "texture": "#8"}
			}
		},
		{
			"from": [13, -4, 14],
			"to": [14, 0, 17],
			"rotation": {"angle": 22.5, "axis": "x", "origin": [0, 0, 16]},
			"faces": {
				"north": {"uv": [14, 8, 16, 9], "texture": "#8"},
				"east": {"uv": [14, 8, 16, 9], "texture": "#8"},
				"south": {"uv": [14, 8, 16, 9], "texture": "#8"},
				"west": {"uv": [14, 8, 16, 9], "texture": "#8"},
				"up": {"uv": [14, 8, 16, 9], "texture": "#8"},
				"down": {"uv": [0, 0, 0.5, 16], "texture": "#8"}
			}
		},
		{
			"from": [13, -3.5, 13.5],
			"to": [14, -0.5, 17.5],
			"rotation": {"angle": 22.5, "axis": "x", "origin": [0, 0, 16]},
			"faces": {
				"north": {"uv": [14, 8, 16, 9], "texture": "#8"},
				"east": {"uv": [14, 8, 16, 9], "texture": "#8"},
				"south": {"uv": [14, 8, 16, 9], "texture": "#8"},
				"west": {"uv": [14, 8, 16, 9], "texture": "#8"},
				"up": {"uv": [14, 8, 16, 9], "texture": "#8"},
				"down": {"uv": [0, 0, 0.5, 16], "texture": "#8"}
			}
		},
		{
			"from": [2, -3.5, 19.5],
			"to": [3, -0.5, 23.5],
			"rotation": {"angle": 22.5, "axis": "x", "origin": [0, 0, 16]},
			"faces": {
				"north": {"uv": [14, 8, 16, 9], "texture": "#8"},
				"east": {"uv": [14, 8, 16, 9], "texture": "#8"},
				"south": {"uv": [14, 8, 16, 9], "texture": "#8"},
				"west": {"uv": [14, 8, 16, 9], "texture": "#8"},
				"up": {"uv": [14, 8, 16, 9], "texture": "#8"},
				"down": {"uv": [0, 0, 0.5, 16], "texture": "#8"}
			}
		},
		{
			"from": [2, -4, 14],
			"to": [3, 0, 17],
			"rotation": {"angle": 22.5, "axis": "x", "origin": [0, 0, 16]},
			"faces": {
				"north": {"uv": [14, 8, 16, 9], "texture": "#8"},
				"east": {"uv": [14, 8, 16, 9], "texture": "#8"},
				"south": {"uv": [14, 8, 16, 9], "texture": "#8"},
				"west": {"uv": [14, 8, 16, 9], "texture": "#8"},
				"up": {"uv": [14, 8, 16, 9], "texture": "#8"},
				"down": {"uv": [0, 0, 0.5, 16], "texture": "#8"}
			}
		},
		{
			"from": [2, -4, 20],
			"to": [3, 0, 23],
			"rotation": {"angle": 22.5, "axis": "x", "origin": [0, 0, 16]},
			"faces": {
				"north": {"uv": [14, 8, 16, 9], "texture": "#8"},
				"east": {"uv": [14, 8, 16, 9], "texture": "#8"},
				"south": {"uv": [14, 8, 16, 9], "texture": "#8"},
				"west": {"uv": [14, 8, 16, 9], "texture": "#8"},
				"up": {"uv": [14, 8, 16, 9], "texture": "#8"},
				"down": {"uv": [0, 0, 0.5, 16], "texture": "#8"}
			}
		},
		{
			"from": [2, -3.5, 13.5],
			"to": [3, -0.5, 17.5],
			"rotation": {"angle": 22.5, "axis": "x", "origin": [0, 0, 16]},
			"faces": {
				"north": {"uv": [14, 8, 16, 9], "texture": "#8"},
				"east": {"uv": [14, 8, 16, 9], "texture": "#8"},
				"south": {"uv": [14, 8, 16, 9], "texture": "#8"},
				"west": {"uv": [14, 8, 16, 9], "texture": "#8"},
				"up": {"uv": [14, 8, 16, 9], "texture": "#8"},
				"down": {"uv": [0, 0, 0.5, 16], "texture": "#8"}
			}
		},
		{
			"from": [3, -2, 13],
			"to": [13, 0, 24],
			"rotation": {"angle": 22.5, "axis": "x", "origin": [0, 0, 16]},
			"faces": {
				"north": {"uv": [14, 8, 16, 9], "texture": "#4"},
				"east": {"uv": [14, 8, 16, 9], "texture": "#4"},
				"south": {"uv": [14, 8, 16, 9], "texture": "#4"},
				"west": {"uv": [14, 8, 16, 9], "texture": "#4"},
				"up": {"uv": [14, 8, 16, 9], "texture": "#4"},
				"down": {"uv": [0, 0, 0.5, 16], "texture": "#4"}
			}
		}
	],
	"display": {
		"head": {
			"scale": [4, 4, 4]
		}
	}
}