{
	"credit": "Made with Blockbench",
	"textures": {
		"lime_wool": "block/lime_wool",
		"gray_wool": "block/gray_wool",
		"lime_terracotta": "block/lime_terracotta",
		"white_concrete": "block/white_concrete"
	},
	"elements": [
		{
			"name": "Cube",
			"from": [3, 3, 4],
			"to": [12, 19, 13],
			"faces": {
				"north": {"uv": [0, 0, 9, 16], "texture": "#lime_terracotta"},
				"east": {"uv": [0, 0, 9, 16], "texture": "#lime_terracotta"},
				"south": {"uv": [0, 0, 9, 16], "texture": "#lime_terracotta"},
				"west": {"uv": [0, 0, 9, 16], "texture": "#lime_terracotta"},
				"up": {"uv": [0, 0, 9, 9], "texture": "#lime_terracotta"},
				"down": {"uv": [0, 0, 9, 9], "texture": "#lime_terracotta"}
			}
		},
		{
			"name": "wheel",
			"from": [12.5, 2, 5],
			"to": [13.5, 6, 9],
			"faces": {
				"north": {"uv": [0, 0, 2, 5], "texture": "#gray_wool"},
				"east": {"uv": [0, 0, 4, 5], "texture": "#gray_wool"},
				"south": {"uv": [0, 0, 2, 5], "texture": "#gray_wool"},
				"west": {"uv": [0, 0, 4, 5], "texture": "#gray_wool"},
				"up": {"uv": [0, 0, 2, 4], "texture": "#gray_wool"},
				"down": {"uv": [0, 0, 2, 4], "texture": "#gray_wool"}
			}
		},
		{
			"name": "wheel",
			"from": [1.5, 2, 5],
			"to": [2.5, 6, 9],
			"faces": {
				"north": {"uv": [0, 0, 2, 5], "texture": "#gray_wool"},
				"east": {"uv": [0, 0, 4, 5], "texture": "#gray_wool"},
				"south": {"uv": [0, 0, 2, 5], "texture": "#gray_wool"},
				"west": {"uv": [0, 0, 4, 5], "texture": "#gray_wool"},
				"up": {"uv": [0, 0, 2, 4], "texture": "#gray_wool"},
				"down": {"uv": [0, 0, 2, 4], "texture": "#gray_wool"}
			}
		},
		{
			"name": "Cube",
			"from": [2.5, 19, 3.5],
			"to": [12.5, 19.75, 14],
			"faces": {
				"north": {"uv": [0, 0, 7, 1], "texture": "#lime_terracotta"},
				"east": {"uv": [0, 0, 8, 1], "texture": "#lime_terracotta"},
				"south": {"uv": [0, 0, 7, 1], "texture": "#lime_terracotta"},
				"west": {"uv": [0, 0, 8, 1], "texture": "#lime_terracotta"},
				"up": {"uv": [0, 0, 7, 8], "texture": "#lime_terracotta"},
				"down": {"uv": [0, 0, 7, 8], "texture": "#lime_terracotta"}
			}
		},
		{
			"name": "Cube",
			"from": [3, 20, 3.5],
			"to": [12, 20.5, 13.5],
			"faces": {
				"north": {"uv": [0, 0, 9, 1], "texture": "#lime_terracotta"},
				"east": {"uv": [0, 0, 10, 1], "texture": "#lime_terracotta"},
				"south": {"uv": [0, 0, 9, 1], "texture": "#lime_terracotta"},
				"west": {"uv": [0, 0, 10, 1], "texture": "#lime_terracotta"},
				"up": {"uv": [0, 0, 9, 10], "texture": "#lime_terracotta"},
				"down": {"uv": [0, 0, 9, 10], "texture": "#lime_terracotta"}
			}
		},
		{
			"name": "Cube",
			"from": [3.5, 20.5, 4],
			"to": [11.5, 21, 13],
			"faces": {
				"north": {"uv": [0, 0, 9, 1], "texture": "#lime_terracotta"},
				"east": {"uv": [0, 0, 10, 1], "texture": "#lime_terracotta"},
				"south": {"uv": [0, 0, 9, 1], "texture": "#lime_terracotta"},
				"west": {"uv": [0, 0, 10, 1], "texture": "#lime_terracotta"},
				"up": {"uv": [0, 0, 9, 10], "texture": "#lime_terracotta"},
				"down": {"uv": [0, 0, 9, 10], "texture": "#lime_terracotta"}
			}
		},
		{
			"name": "Cube",
			"from": [3.5, 21, 10.5],
			"to": [4, 21.5, 12.5],
			"faces": {
				"north": {"uv": [0, 0, 9, 1], "texture": "#lime_terracotta"},
				"east": {"uv": [0, 0, 10, 1], "texture": "#lime_terracotta"},
				"south": {"uv": [0, 0, 9, 1], "texture": "#lime_terracotta"},
				"west": {"uv": [0, 0, 10, 1], "texture": "#lime_terracotta"},
				"up": {"uv": [0, 0, 9, 10], "texture": "#lime_terracotta"},
				"down": {"uv": [0, 0, 9, 10], "texture": "#lime_terracotta"}
			}
		},
		{
			"name": "Cube",
			"from": [11, 21, 10.5],
			"to": [11.5, 21.5, 12.5],
			"faces": {
				"north": {"uv": [0, 0, 9, 1], "texture": "#lime_terracotta"},
				"east": {"uv": [0, 0, 10, 1], "texture": "#lime_terracotta"},
				"south": {"uv": [0, 0, 9, 1], "texture": "#lime_terracotta"},
				"west": {"uv": [0, 0, 10, 1], "texture": "#lime_terracotta"},
				"up": {"uv": [0, 0, 9, 10], "texture": "#lime_terracotta"},
				"down": {"uv": [0, 0, 9, 10], "texture": "#lime_terracotta"}
			}
		},
		{
			"name": "Cube",
			"from": [3, 19, 2],
			"to": [12, 20, 3],
			"faces": {
				"north": {"uv": [0, 0, 9, 1], "texture": "#lime_terracotta"},
				"east": {"uv": [0, 0, 1, 1], "texture": "#lime_terracotta"},
				"south": {"uv": [0, 0, 9, 1], "texture": "#lime_terracotta"},
				"west": {"uv": [0, 0, 1, 1], "texture": "#lime_terracotta"},
				"up": {"uv": [0, 0, 9, 1], "texture": "#lime_terracotta"},
				"down": {"uv": [0, 0, 9, 1], "texture": "#lime_terracotta"}
			}
		},
		{
			"name": "Cube",
			"from": [11, 16, -2],
			"to": [12, 17, 1],
			"rotation": {"angle": 22.5, "axis": "x", "origin": [8, 8, 8]},
			"faces": {
				"north": {"uv": [0, 0, 1, 1], "texture": "#lime_terracotta"},
				"east": {"uv": [0, 0, 3, 1], "texture": "#lime_terracotta"},
				"south": {"uv": [0, 0, 1, 1], "texture": "#lime_terracotta"},
				"west": {"uv": [0, 0, 3, 1], "texture": "#lime_terracotta"},
				"up": {"uv": [0, 0, 3, 1], "texture": "#lime_terracotta"},
				"down": {"uv": [0, 0, 3, 1], "texture": "#lime_terracotta"}
			}
		},
		{
			"name": "Cube",
			"from": [3, 16, -2],
			"to": [4, 17, 1],
			"rotation": {"angle": 22.5, "axis": "x", "origin": [8, 8, 8]},
			"faces": {
				"north": {"uv": [0, 0, 1, 1], "texture": "#lime_terracotta"},
				"east": {"uv": [0, 0, 3, 1], "texture": "#lime_terracotta"},
				"south": {"uv": [0, 0, 1, 1], "texture": "#lime_terracotta"},
				"west": {"uv": [0, 0, 3, 1], "texture": "#lime_terracotta"},
				"up": {"uv": [0, 0, 3, 1], "texture": "#lime_terracotta"},
				"down": {"uv": [0, 0, 3, 1], "texture": "#lime_terracotta"}
			}
		},
		{
			"name": "Cube",
			"from": [4.5, 10, 12.1],
			"to": [10.5, 16, 13.1],
			"rotation": {"angle": 0, "axis": "y", "origin": [0, 0, -1]},
			"faces": {
				"north": {"uv": [0, 0, 6, 6], "texture": "#white_concrete"},
				"east": {"uv": [0, 0, 1, 6], "texture": "#white_concrete"},
				"south": {"uv": [0, 0, 6, 6], "texture": "#white_concrete"},
				"west": {"uv": [0, 0, 1, 6], "texture": "#white_concrete"},
				"up": {"uv": [0, 0, 6, 1], "texture": "#white_concrete"},
				"down": {"uv": [0, 0, 6, 1], "texture": "#white_concrete"}
			}
		},
		{
			"name": "Cube",
			"from": [3.5, 11.3, 12.2],
			"to": [4.5, 13.8, 13.2],
			"rotation": {"angle": -22.5, "axis": "z", "origin": [8, 8, 7]},
			"faces": {
				"north": {"uv": [0, 0, 1, 2.5], "texture": "#lime_wool"},
				"east": {"uv": [0, 0, 1, 2.5], "texture": "#lime_wool"},
				"south": {"uv": [0, 0, 1, 2.5], "texture": "#lime_wool"},
				"west": {"uv": [0, 0, 1, 2.5], "texture": "#lime_wool"},
				"up": {"uv": [0, 0, 1, 1], "texture": "#lime_wool"},
				"down": {"uv": [0, 0, 1, 1], "texture": "#lime_wool"}
			}
		},
		{
			"name": "Cube",
			"from": [10.5, 11.5, 12.2],
			"to": [11.5, 14, 13.2],
			"rotation": {"angle": 22.5, "axis": "z", "origin": [8, 8, 7]},
			"faces": {
				"north": {"uv": [0, 0, 1, 2.5], "texture": "#lime_wool"},
				"east": {"uv": [0, 0, 1, 2.5], "texture": "#lime_wool"},
				"south": {"uv": [0, 0, 1, 2.5], "texture": "#lime_wool"},
				"west": {"uv": [0, 0, 1, 2.5], "texture": "#lime_wool"},
				"up": {"uv": [0, 0, 1, 1], "texture": "#lime_wool"},
				"down": {"uv": [0, 0, 1, 1], "texture": "#lime_wool"}
			}
		},
		{
			"name": "Cube",
			"from": [7.5, 10.7, 12.2],
			"to": [10, 11.7, 13.2],
			"rotation": {"angle": 22.5, "axis": "z", "origin": [8, 8, 7]},
			"faces": {
				"north": {"uv": [0, 0, 2.5, 1], "texture": "#lime_wool"},
				"east": {"uv": [0, 0, 1, 1], "texture": "#lime_wool"},
				"south": {"uv": [0, 0, 2.5, 1], "texture": "#lime_wool"},
				"west": {"uv": [0, 0, 1, 1], "texture": "#lime_wool"},
				"up": {"uv": [0, 0, 2.5, 1], "texture": "#lime_wool"},
				"down": {"uv": [0, 0, 2.5, 1], "texture": "#lime_wool"}
			}
		}
	],
	"display": {
		"thirdperson_righthand": {
			"rotation": [75, 315, 0],
			"translation": [0, 2.5, 0],
			"scale": [0.375, 0.375, 0.375]
		},
		"firstperson_righthand": {
			"rotation": [0, 315, 0],
			"translation": [0, 2.5, 0],
			"scale": [0.4, 0.4, 0.4]
		},
		"ground": {
			"translation": [0, 3, 0],
			"scale": [0.25, 0.25, 0.25]
		},
		"gui": {
			"rotation": [30, 45, 0],
			"scale": [0.625, 0.625, 0.625]
		},
		"head": {
			"rotation": [0, 180, 0],
			"translation": [0, -10, 0],
			"scale": [3, 3, 3]
		},
		"fixed": {
			"rotation": [0, 180, 0]
		}
	}
}