{
	"credit": "Made with Blockbench",
	"textures": {
		"0": "block/black_wool",
		"1": "block/gray_wool",
		"3": "block/black_stained_glass_pane_top",
		"particle": "block/black_wool"
	},
	"elements": [
		{
			"from": [1, 5, 0],
			"to": [1.5, 8.5, 1],
			"rotation": {"angle": 0, "axis": "y", "origin": [0, -1, 2]},
			"faces": {
				"north": {"uv": [0, 0, 16, 8], "texture": "#0"},
				"east": {"uv": [0, 0, 16, 8], "texture": "#0"},
				"south": {"uv": [0, 0, 16, 8], "texture": "#0"},
				"west": {"uv": [0, 0, 16, 8], "texture": "#0"},
				"up": {"uv": [16, 16, 0, 0], "rotation": 90, "texture": "#0"},
				"down": {"uv": [16, 16, 0, 0], "rotation": 270, "texture": "#0"}
			}
		},
		{
			"from": [1, 7.5, 0.5],
			"to": [1.5, 8, 1.5],
			"rotation": {"angle": 0, "axis": "y", "origin": [0, -1, 2]},
			"faces": {
				"north": {"uv": [0, 0, 16, 8], "texture": "#1"},
				"east": {"uv": [0, 0, 16, 8], "texture": "#1"},
				"south": {"uv": [0, 0, 16, 8], "texture": "#1"},
				"west": {"uv": [0, 0, 16, 8], "texture": "#1"},
				"up": {"uv": [16, 16, 0, 0], "rotation": 90, "texture": "#1"},
				"down": {"uv": [16, 16, 0, 0], "rotation": 270, "texture": "#1"}
			}
		},
		{
			"from": [1, 8, 1.5],
			"to": [1.5, 8.5, 3.5],
			"rotation": {"angle": 0, "axis": "y", "origin": [0, -1, 2]},
			"faces": {
				"north": {"uv": [0, 0, 16, 8], "texture": "#0"},
				"east": {"uv": [0, 0, 16, 8], "texture": "#0"},
				"south": {"uv": [0, 0, 16, 8], "texture": "#0"},
				"west": {"uv": [0, 0, 16, 8], "texture": "#0"},
				"up": {"uv": [16, 16, 0, 0], "rotation": 90, "texture": "#0"},
				"down": {"uv": [16, 16, 0, 0], "rotation": 270, "texture": "#0"}
			}
		},
		{
			"from": [0.75, 8.5, 3.5],
			"to": [1.25, 9, 6.5],
			"rotation": {"angle": 0, "axis": "y", "origin": [0, -1, 2]},
			"faces": {
				"north": {"uv": [0, 0, 16, 8], "texture": "#0"},
				"east": {"uv": [0, 0, 16, 8], "texture": "#0"},
				"south": {"uv": [0, 0, 16, 8], "texture": "#0"},
				"west": {"uv": [0, 0, 16, 8], "texture": "#0"},
				"up": {"uv": [16, 16, 0, 0], "rotation": 90, "texture": "#0"},
				"down": {"uv": [16, 16, 0, 0], "rotation": 270, "texture": "#0"}
			}
		},
		{
			"from": [0.75, 9, 6.5],
			"to": [1.25, 9.5, 10.5],
			"rotation": {"angle": 0, "axis": "y", "origin": [0, -1, 2]},
			"faces": {
				"north": {"uv": [0, 0, 16, 8], "texture": "#0"},
				"east": {"uv": [0, 0, 16, 8], "texture": "#0"},
				"south": {"uv": [0, 0, 16, 8], "texture": "#0"},
				"west": {"uv": [0, 0, 16, 8], "texture": "#0"},
				"up": {"uv": [16, 16, 0, 0], "rotation": 90, "texture": "#0"},
				"down": {"uv": [16, 16, 0, 0], "rotation": 270, "texture": "#0"}
			}
		},
		{
			"from": [1.5, 9, 0],
			"to": [6, 9.5, 1.1],
			"rotation": {"angle": 0, "axis": "y", "origin": [0, -1, 2]},
			"faces": {
				"north": {"uv": [0, 0, 16, 8], "texture": "#0"},
				"east": {"uv": [0, 0, 16, 8], "texture": "#0"},
				"south": {"uv": [0, 0, 16, 8], "texture": "#0"},
				"west": {"uv": [0, 0, 16, 8], "texture": "#0"},
				"up": {"uv": [16, 16, 0, 0], "rotation": 90, "texture": "#0"},
				"down": {"uv": [16, 16, 0, 0], "rotation": 270, "texture": "#0"}
			}
		},
		{
			"from": [3.75, 3.5, 0],
			"to": [4.25, 6, 1],
			"rotation": {"angle": -22.5, "axis": "z", "origin": [8, -1, 0]},
			"faces": {
				"north": {"uv": [0, 0, 16, 8], "texture": "#0"},
				"east": {"uv": [0, 0, 16, 8], "texture": "#0"},
				"south": {"uv": [0, 0, 16, 8], "texture": "#0"},
				"west": {"uv": [0, 0, 16, 8], "texture": "#0"},
				"up": {"uv": [16, 16, 0, 0], "rotation": 90, "texture": "#0"},
				"down": {"uv": [16, 16, 0, 0], "rotation": 270, "texture": "#0"}
			}
		},
		{
			"from": [4, 4.5, 0],
			"to": [4.5, 6.5, 1],
			"rotation": {"angle": -22.5, "axis": "z", "origin": [8, -1, 0]},
			"faces": {
				"north": {"uv": [0, 0, 16, 8], "texture": "#0"},
				"east": {"uv": [0, 0, 16, 8], "texture": "#0"},
				"south": {"uv": [0, 0, 16, 8], "texture": "#0"},
				"west": {"uv": [0, 0, 16, 8], "texture": "#0"},
				"up": {"uv": [16, 16, 0, 0], "rotation": 90, "texture": "#0"},
				"down": {"uv": [16, 16, 0, 0], "rotation": 270, "texture": "#0"}
			}
		},
		{
			"from": [6.5, 6.5, 0],
			"to": [7, 8.5, 1],
			"rotation": {"angle": 0, "axis": "y", "origin": [0, -1, 2]},
			"faces": {
				"north": {"uv": [0, 0, 16, 8], "texture": "#0"},
				"east": {"uv": [0, 0, 16, 8], "texture": "#0"},
				"south": {"uv": [0, 0, 16, 8], "texture": "#0"},
				"west": {"uv": [0, 0, 16, 8], "texture": "#0"},
				"up": {"uv": [16, 16, 0, 0], "rotation": 90, "texture": "#0"},
				"down": {"uv": [16, 16, 0, 0], "rotation": 270, "texture": "#0"}
			}
		},
		{
			"from": [6, 8, 0],
			"to": [6.5, 9, 1],
			"rotation": {"angle": 0, "axis": "y", "origin": [0, -1, 2]},
			"faces": {
				"north": {"uv": [0, 0, 16, 8], "texture": "#0"},
				"east": {"uv": [0, 0, 16, 8], "texture": "#0"},
				"south": {"uv": [0, 0, 16, 8], "texture": "#0"},
				"west": {"uv": [0, 0, 16, 8], "texture": "#0"},
				"up": {"uv": [16, 16, 0, 0], "rotation": 90, "texture": "#0"},
				"down": {"uv": [16, 16, 0, 0], "rotation": 270, "texture": "#0"}
			}
		},
		{
			"from": [1.25, 8.5, 0],
			"to": [1.75, 9, 1],
			"rotation": {"angle": 0, "axis": "y", "origin": [0, -1, 2]},
			"faces": {
				"north": {"uv": [0, 0, 16, 8], "texture": "#0"},
				"east": {"uv": [0, 0, 16, 8], "texture": "#0"},
				"south": {"uv": [0, 0, 16, 8], "texture": "#0"},
				"west": {"uv": [0, 0, 16, 8], "texture": "#0"},
				"up": {"uv": [16, 16, 0, 0], "rotation": 90, "texture": "#0"},
				"down": {"uv": [16, 16, 0, 0], "rotation": 270, "texture": "#0"}
			}
		},
		{
			"from": [7, 7, 0],
			"to": [9, 8, 0.5],
			"rotation": {"angle": 0, "axis": "y", "origin": [0, -1, 2]},
			"faces": {
				"north": {"uv": [0, 0, 16, 8], "texture": "#0"},
				"east": {"uv": [0, 0, 16, 8], "texture": "#0"},
				"south": {"uv": [0, 0, 16, 8], "texture": "#0"},
				"west": {"uv": [0, 0, 16, 8], "texture": "#0"},
				"up": {"uv": [16, 16, 0, 0], "rotation": 90, "texture": "#0"},
				"down": {"uv": [16, 16, 0, 0], "rotation": 270, "texture": "#0"}
			}
		},
		{
			"from": [1.5, 5, 0.1],
			"to": [6.5, 9, 1],
			"rotation": {"angle": 0, "axis": "y", "origin": [0, -1, 2]},
			"faces": {
				"north": {"uv": [7, 4, 9, 8], "texture": "#3"},
				"east": {"uv": [7, 4, 9, 8], "texture": "#3"},
				"south": {"uv": [7, 4, 9, 8], "texture": "#3"},
				"west": {"uv": [7, 4, 9, 8], "texture": "#3"},
				"up": {"uv": [7, 4, 9, 8], "texture": "#3"},
				"down": {"uv": [16, 16, 0, 0], "rotation": 270, "texture": "#3"}
			}
		},
		{
			"from": [1.5, 4.5, 0],
			"to": [6, 5, 1.1],
			"rotation": {"angle": 0, "axis": "y", "origin": [0, -1, 2]},
			"faces": {
				"north": {"uv": [0, 0, 16, 8], "texture": "#0"},
				"east": {"uv": [0, 0, 16, 8], "texture": "#0"},
				"south": {"uv": [0, 0, 16, 8], "texture": "#0"},
				"west": {"uv": [0, 0, 16, 8], "texture": "#0"},
				"up": {"uv": [16, 16, 0, 0], "rotation": 90, "texture": "#0"},
				"down": {"uv": [16, 16, 0, 0], "rotation": 270, "texture": "#0"}
			}
		},
		{
			"from": [9.5, 5, 0.1],
			"to": [14.5, 9, 1],
			"rotation": {"angle": 0, "axis": "y", "origin": [16, -1, 2]},
			"faces": {
				"north": {"uv": [7, 4, 9, 8], "texture": "#3"},
				"east": {"uv": [7, 4, 9, 8], "texture": "#3"},
				"south": {"uv": [7, 4, 9, 8], "texture": "#3"},
				"west": {"uv": [7, 4, 9, 8], "texture": "#3"},
				"up": {"uv": [7, 4, 9, 8], "texture": "#3"},
				"down": {"uv": [7, 8, 0, 16], "rotation": 270, "texture": "#3"}
			}
		},
		{
			"from": [10, 4.5, 0],
			"to": [14.5, 5, 1.1],
			"rotation": {"angle": 0, "axis": "y", "origin": [16, -1, 2]},
			"faces": {
				"north": {"uv": [16, 0, 0, 8], "texture": "#0"},
				"east": {"uv": [16, 0, 0, 8], "texture": "#0"},
				"south": {"uv": [16, 0, 0, 8], "texture": "#0"},
				"west": {"uv": [16, 0, 0, 8], "texture": "#0"},
				"up": {"uv": [16, 0, 0, 16], "rotation": 90, "texture": "#0"},
				"down": {"uv": [16, 0, 0, 16], "rotation": 270, "texture": "#0"}
			}
		},
		{
			"from": [11.75, 3.5, 0],
			"to": [12.25, 6, 1],
			"rotation": {"angle": 22.5, "axis": "z", "origin": [8, -1, 0]},
			"faces": {
				"north": {"uv": [16, 0, 0, 8], "texture": "#0"},
				"east": {"uv": [16, 0, 0, 8], "texture": "#0"},
				"south": {"uv": [16, 0, 0, 8], "texture": "#0"},
				"west": {"uv": [16, 0, 0, 8], "texture": "#0"},
				"up": {"uv": [16, 0, 0, 16], "rotation": 90, "texture": "#0"},
				"down": {"uv": [16, 0, 0, 16], "rotation": 270, "texture": "#0"}
			}
		},
		{
			"from": [10, 9, 0],
			"to": [14.5, 9.5, 1.1],
			"rotation": {"angle": 0, "axis": "y", "origin": [16, -1, 2]},
			"faces": {
				"north": {"uv": [16, 0, 0, 8], "texture": "#0"},
				"east": {"uv": [16, 0, 0, 8], "texture": "#0"},
				"south": {"uv": [16, 0, 0, 8], "texture": "#0"},
				"west": {"uv": [16, 0, 0, 8], "texture": "#0"},
				"up": {"uv": [16, 0, 0, 16], "rotation": 90, "texture": "#0"},
				"down": {"uv": [16, 0, 0, 16], "rotation": 270, "texture": "#0"}
			}
		},
		{
			"from": [14.5, 5, 0],
			"to": [15, 8.5, 1],
			"rotation": {"angle": 0, "axis": "y", "origin": [16, -1, 2]},
			"faces": {
				"north": {"uv": [16, 0, 0, 8], "texture": "#0"},
				"east": {"uv": [16, 0, 0, 8], "texture": "#0"},
				"south": {"uv": [16, 0, 0, 8], "texture": "#0"},
				"west": {"uv": [16, 0, 0, 8], "texture": "#0"},
				"up": {"uv": [16, 0, 0, 16], "rotation": 90, "texture": "#0"},
				"down": {"uv": [16, 0, 0, 16], "rotation": 270, "texture": "#0"}
			}
		},
		{
			"from": [14.5, 7.5, 0.5],
			"to": [15, 8, 1.5],
			"rotation": {"angle": 0, "axis": "y", "origin": [16, -1, 2]},
			"faces": {
				"north": {"uv": [16, 0, 0, 8], "texture": "#1"},
				"east": {"uv": [16, 0, 0, 8], "texture": "#1"},
				"south": {"uv": [16, 0, 0, 8], "texture": "#1"},
				"west": {"uv": [16, 0, 0, 8], "texture": "#1"},
				"up": {"uv": [16, 0, 0, 16], "rotation": 90, "texture": "#1"},
				"down": {"uv": [16, 0, 0, 16], "rotation": 270, "texture": "#1"}
			}
		},
		{
			"from": [14.5, 8, 1.5],
			"to": [15, 8.5, 3.5],
			"rotation": {"angle": 0, "axis": "y", "origin": [16, -1, 2]},
			"faces": {
				"north": {"uv": [16, 0, 0, 8], "texture": "#0"},
				"east": {"uv": [16, 0, 0, 8], "texture": "#0"},
				"south": {"uv": [16, 0, 0, 8], "texture": "#0"},
				"west": {"uv": [16, 0, 0, 8], "texture": "#0"},
				"up": {"uv": [16, 0, 0, 16], "rotation": 90, "texture": "#0"},
				"down": {"uv": [16, 0, 0, 16], "rotation": 270, "texture": "#0"}
			}
		},
		{
			"from": [14.75, 8.5, 3.5],
			"to": [15.25, 9, 6.5],
			"rotation": {"angle": 0, "axis": "y", "origin": [16, -1, 2]},
			"faces": {
				"north": {"uv": [16, 0, 0, 8], "texture": "#0"},
				"east": {"uv": [16, 0, 0, 8], "texture": "#0"},
				"south": {"uv": [16, 0, 0, 8], "texture": "#0"},
				"west": {"uv": [16, 0, 0, 8], "texture": "#0"},
				"up": {"uv": [16, 0, 0, 16], "rotation": 90, "texture": "#0"},
				"down": {"uv": [16, 0, 0, 16], "rotation": 270, "texture": "#0"}
			}
		},
		{
			"from": [14.75, 9, 6.5],
			"to": [15.25, 9.5, 10.5],
			"rotation": {"angle": 0, "axis": "y", "origin": [16, -1, 2]},
			"faces": {
				"north": {"uv": [16, 0, 0, 8], "texture": "#0"},
				"east": {"uv": [16, 0, 0, 8], "texture": "#0"},
				"south": {"uv": [16, 0, 0, 8], "texture": "#0"},
				"west": {"uv": [16, 0, 0, 8], "texture": "#0"},
				"up": {"uv": [16, 0, 0, 16], "rotation": 90, "texture": "#0"},
				"down": {"uv": [16, 0, 0, 16], "rotation": 270, "texture": "#0"}
			}
		},
		{
			"from": [9, 6.5, 0],
			"to": [9.5, 8.5, 1],
			"rotation": {"angle": 0, "axis": "y", "origin": [16, -1, 2]},
			"faces": {
				"north": {"uv": [16, 0, 0, 8], "texture": "#0"},
				"east": {"uv": [16, 0, 0, 8], "texture": "#0"},
				"south": {"uv": [16, 0, 0, 8], "texture": "#0"},
				"west": {"uv": [16, 0, 0, 8], "texture": "#0"},
				"up": {"uv": [16, 0, 0, 16], "rotation": 90, "texture": "#0"},
				"down": {"uv": [16, 0, 0, 16], "rotation": 270, "texture": "#0"}
			}
		},
		{
			"from": [9.5, 8, 0],
			"to": [10, 9, 1],
			"rotation": {"angle": 0, "axis": "y", "origin": [16, -1, 2]},
			"faces": {
				"north": {"uv": [16, 0, 0, 8], "texture": "#0"},
				"east": {"uv": [16, 0, 0, 8], "texture": "#0"},
				"south": {"uv": [16, 0, 0, 8], "texture": "#0"},
				"west": {"uv": [16, 0, 0, 8], "texture": "#0"},
				"up": {"uv": [16, 0, 0, 16], "rotation": 90, "texture": "#0"},
				"down": {"uv": [16, 0, 0, 16], "rotation": 270, "texture": "#0"}
			}
		},
		{
			"from": [14.25, 8.5, 0],
			"to": [14.75, 9, 1],
			"rotation": {"angle": 0, "axis": "y", "origin": [16, -1, 2]},
			"faces": {
				"north": {"uv": [16, 0, 0, 8], "texture": "#0"},
				"east": {"uv": [16, 0, 0, 8], "texture": "#0"},
				"south": {"uv": [16, 0, 0, 8], "texture": "#0"},
				"west": {"uv": [16, 0, 0, 8], "texture": "#0"},
				"up": {"uv": [16, 0, 0, 16], "rotation": 90, "texture": "#0"},
				"down": {"uv": [16, 0, 0, 16], "rotation": 270, "texture": "#0"}
			}
		},
		{
			"from": [11.5, 4.5, 0],
			"to": [12, 6.5, 1],
			"rotation": {"angle": 22.5, "axis": "z", "origin": [8, -1, 0]},
			"faces": {
				"north": {"uv": [16, 0, 0, 8], "texture": "#0"},
				"east": {"uv": [16, 0, 0, 8], "texture": "#0"},
				"south": {"uv": [16, 0, 0, 8], "texture": "#0"},
				"west": {"uv": [16, 0, 0, 8], "texture": "#0"},
				"up": {"uv": [16, 0, 0, 16], "rotation": 90, "texture": "#0"},
				"down": {"uv": [16, 0, 0, 16], "rotation": 270, "texture": "#0"}
			}
		}
	],
	"display": {
		"thirdperson_righthand": {
			"scale": [0.5, 0.5, 0.5]
		},
		"thirdperson_lefthand": {
			"scale": [0.5, 0.5, 0.5]
		},
		"ground": {
			"scale": [0.8, 0.8, 0.8]
		}
	}
}