{
	"credit": "Made with Blockbench",
	"textures": {
		"0": "block/gray_concrete",
		"1": "block/gray_wool",
		"3": "block/glass",
		"4": "block/stone",
		"particle": "block/gray_concrete"
	},
	"elements": [
		{
			"from": [9, 5, 0],
			"to": [9.5, 8, 0.5],
			"rotation": {"angle": 0, "axis": "y", "origin": [-8, 0, 10]},
			"faces": {
				"north": {"uv": [0, 0, 16, 8], "texture": "#0"},
				"east": {"uv": [0, 0, 16, 8], "texture": "#0"},
				"south": {"uv": [0, 0, 16, 8], "texture": "#0"},
				"west": {"uv": [0, 0, 16, 8], "texture": "#0"},
				"up": {"uv": [16, 16, 0, 0], "rotation": 90, "texture": "#0"},
				"down": {"uv": [16, 16, 0, 0], "rotation": 270, "texture": "#0"}
			}
		},
		{
			"from": [9.5, 8, 0],
			"to": [13.5, 8.5, 0.6],
			"rotation": {"angle": 0, "axis": "y", "origin": [-8, 0, 10]},
			"faces": {
				"north": {"uv": [0, 0, 16, 8], "texture": "#0"},
				"east": {"uv": [0, 0, 16, 8], "texture": "#0"},
				"south": {"uv": [0, 0, 16, 8], "texture": "#0"},
				"west": {"uv": [0, 0, 16, 8], "texture": "#0"},
				"up": {"uv": [16, 16, 0, 0], "rotation": 90, "texture": "#0"},
				"down": {"uv": [16, 16, 0, 0], "rotation": 270, "texture": "#0"}
			}
		},
		{
			"from": [9.5, 5, 0],
			"to": [13.5, 8, 0.6],
			"rotation": {"angle": 0, "axis": "y", "origin": [-8, 0, 10]},
			"faces": {
				"north": {"uv": [7, 10, 15, 15], "texture": "#3"},
				"east": {"uv": [7, 10, 15, 15], "texture": "#3"},
				"south": {"uv": [7, 10, 15, 15], "texture": "#3"},
				"west": {"uv": [7, 10, 15, 15], "texture": "#3"},
				"up": {"uv": [16, 16, 0, 0], "rotation": 90, "texture": "#3"},
				"down": {"uv": [16, 16, 0, 0], "rotation": 270, "texture": "#3"}
			}
		},
		{
			"from": [13.5, 5, 0],
			"to": [14, 8, 0.5],
			"rotation": {"angle": 0, "axis": "y", "origin": [-8, 0, 10]},
			"faces": {
				"north": {"uv": [0, 0, 16, 8], "texture": "#0"},
				"east": {"uv": [0, 0, 16, 8], "texture": "#0"},
				"south": {"uv": [0, 0, 16, 8], "texture": "#0"},
				"west": {"uv": [0, 0, 16, 8], "texture": "#0"},
				"up": {"uv": [16, 16, 0, 0], "rotation": 90, "texture": "#0"},
				"down": {"uv": [16, 16, 0, 0], "rotation": 270, "texture": "#0"}
			}
		},
		{
			"from": [9.5, 4.5, 0],
			"to": [13.5, 5, 0.6],
			"rotation": {"angle": 0, "axis": "y", "origin": [-8, 0, 10]},
			"faces": {
				"north": {"uv": [0, 0, 16, 8], "texture": "#0"},
				"east": {"uv": [0, 0, 16, 8], "texture": "#0"},
				"south": {"uv": [0, 0, 16, 8], "texture": "#0"},
				"west": {"uv": [0, 0, 16, 8], "texture": "#0"},
				"up": {"uv": [16, 16, 0, 0], "rotation": 90, "texture": "#0"},
				"down": {"uv": [16, 16, 0, 0], "rotation": 270, "texture": "#0"}
			}
		},
		{
			"from": [2, 5, 0],
			"to": [2.5, 8, 0.5],
			"rotation": {"angle": 0, "axis": "y", "origin": [-8, 0, 10]},
			"faces": {
				"north": {"uv": [0, 0, 16, 8], "texture": "#0"},
				"east": {"uv": [0, 0, 16, 8], "texture": "#0"},
				"south": {"uv": [0, 0, 16, 8], "texture": "#0"},
				"west": {"uv": [0, 0, 16, 8], "texture": "#0"},
				"up": {"uv": [16, 16, 0, 0], "rotation": 90, "texture": "#0"},
				"down": {"uv": [16, 16, 0, 0], "rotation": 270, "texture": "#0"}
			}
		},
		{
			"from": [1.75, 7.5, 0.5],
			"to": [2.25, 8, 1.5],
			"rotation": {"angle": 0, "axis": "y", "origin": [-8, 0, 10]},
			"faces": {
				"north": {"uv": [0, 0, 16, 8], "texture": "#1"},
				"east": {"uv": [0, 0, 16, 8], "texture": "#1"},
				"south": {"uv": [0, 0, 16, 8], "texture": "#1"},
				"west": {"uv": [0, 0, 16, 8], "texture": "#1"},
				"up": {"uv": [16, 16, 0, 0], "rotation": 90, "texture": "#1"},
				"down": {"uv": [16, 16, 0, 0], "rotation": 270, "texture": "#1"}
			}
		},
		{
			"from": [1.5, 8, 1.5],
			"to": [2, 8.5, 3.5],
			"rotation": {"angle": 0, "axis": "y", "origin": [-8, 0, 10]},
			"faces": {
				"north": {"uv": [0, 0, 16, 8], "texture": "#0"},
				"east": {"uv": [0, 0, 16, 8], "texture": "#0"},
				"south": {"uv": [0, 0, 16, 8], "texture": "#0"},
				"west": {"uv": [0, 0, 16, 8], "texture": "#0"},
				"up": {"uv": [16, 16, 0, 0], "rotation": 90, "texture": "#0"},
				"down": {"uv": [16, 16, 0, 0], "rotation": 270, "texture": "#0"}
			}
		},
		{
			"from": [1, 8.5, 3.5],
			"to": [1.5, 9, 6.5],
			"rotation": {"angle": 0, "axis": "y", "origin": [-8, 0, 10]},
			"faces": {
				"north": {"uv": [0, 0, 16, 8], "texture": "#0"},
				"east": {"uv": [0, 0, 16, 8], "texture": "#0"},
				"south": {"uv": [0, 0, 16, 8], "texture": "#0"},
				"west": {"uv": [0, 0, 16, 8], "texture": "#0"},
				"up": {"uv": [16, 16, 0, 0], "rotation": 90, "texture": "#0"},
				"down": {"uv": [16, 16, 0, 0], "rotation": 270, "texture": "#0"}
			}
		},
		{
			"from": [14, 8, 1.5],
			"to": [14.5, 8.5, 3.5],
			"rotation": {"angle": 0, "axis": "y", "origin": [-8, 0, 10]},
			"faces": {
				"north": {"uv": [0, 0, 16, 8], "texture": "#0"},
				"east": {"uv": [0, 0, 16, 8], "texture": "#0"},
				"south": {"uv": [0, 0, 16, 8], "texture": "#0"},
				"west": {"uv": [0, 0, 16, 8], "texture": "#0"},
				"up": {"uv": [16, 16, 0, 0], "rotation": 90, "texture": "#0"},
				"down": {"uv": [16, 16, 0, 0], "rotation": 270, "texture": "#0"}
			}
		},
		{
			"from": [14.5, 8.5, 3.5],
			"to": [15, 9, 6.5],
			"rotation": {"angle": 0, "axis": "y", "origin": [-8, 0, 10]},
			"faces": {
				"north": {"uv": [0, 0, 16, 8], "texture": "#0"},
				"east": {"uv": [0, 0, 16, 8], "texture": "#0"},
				"south": {"uv": [0, 0, 16, 8], "texture": "#0"},
				"west": {"uv": [0, 0, 16, 8], "texture": "#0"},
				"up": {"uv": [16, 16, 0, 0], "rotation": 90, "texture": "#0"},
				"down": {"uv": [16, 16, 0, 0], "rotation": 270, "texture": "#0"}
			}
		},
		{
			"from": [14.75, 9, 6.5],
			"to": [15.25, 9.5, 10.5],
			"rotation": {"angle": 0, "axis": "y", "origin": [-8, 0, 10]},
			"faces": {
				"north": {"uv": [0, 0, 16, 8], "texture": "#0"},
				"east": {"uv": [0, 0, 16, 8], "texture": "#0"},
				"south": {"uv": [0, 0, 16, 8], "texture": "#0"},
				"west": {"uv": [0, 0, 16, 8], "texture": "#0"},
				"up": {"uv": [16, 16, 0, 0], "rotation": 90, "texture": "#0"},
				"down": {"uv": [16, 16, 0, 0], "rotation": 270, "texture": "#0"}
			}
		},
		{
			"from": [0.75, 9, 6.5],
			"to": [1.25, 9.5, 10.5],
			"rotation": {"angle": 0, "axis": "y", "origin": [-8, 0, 10]},
			"faces": {
				"north": {"uv": [0, 0, 16, 8], "texture": "#0"},
				"east": {"uv": [0, 0, 16, 8], "texture": "#0"},
				"south": {"uv": [0, 0, 16, 8], "texture": "#0"},
				"west": {"uv": [0, 0, 16, 8], "texture": "#0"},
				"up": {"uv": [16, 16, 0, 0], "rotation": 90, "texture": "#0"},
				"down": {"uv": [16, 16, 0, 0], "rotation": 270, "texture": "#0"}
			}
		},
		{
			"from": [13.75, 7.5, 0.5],
			"to": [14.25, 8, 1.5],
			"rotation": {"angle": 0, "axis": "y", "origin": [-8, 0, 10]},
			"faces": {
				"north": {"uv": [0, 0, 16, 8], "texture": "#1"},
				"east": {"uv": [0, 0, 16, 8], "texture": "#1"},
				"south": {"uv": [0, 0, 16, 8], "texture": "#1"},
				"west": {"uv": [0, 0, 16, 8], "texture": "#1"},
				"up": {"uv": [16, 16, 0, 0], "rotation": 90, "texture": "#1"},
				"down": {"uv": [16, 16, 0, 0], "rotation": 270, "texture": "#1"}
			}
		},
		{
			"from": [2.5, 8, 0],
			"to": [6.5, 8.5, 0.6],
			"rotation": {"angle": 0, "axis": "y", "origin": [-8, 0, 10]},
			"faces": {
				"north": {"uv": [0, 0, 16, 8], "texture": "#0"},
				"east": {"uv": [0, 0, 16, 8], "texture": "#0"},
				"south": {"uv": [0, 0, 16, 8], "texture": "#0"},
				"west": {"uv": [0, 0, 16, 8], "texture": "#0"},
				"up": {"uv": [16, 16, 0, 0], "rotation": 90, "texture": "#0"},
				"down": {"uv": [16, 16, 0, 0], "rotation": 270, "texture": "#0"}
			}
		},
		{
			"from": [6.5, 5, 0],
			"to": [7, 8, 0.5],
			"rotation": {"angle": 0, "axis": "y", "origin": [-8, 0, 10]},
			"faces": {
				"north": {"uv": [0, 0, 16, 8], "texture": "#0"},
				"east": {"uv": [0, 0, 16, 8], "texture": "#0"},
				"south": {"uv": [0, 0, 16, 8], "texture": "#0"},
				"west": {"uv": [0, 0, 16, 8], "texture": "#0"},
				"up": {"uv": [16, 16, 0, 0], "rotation": 90, "texture": "#0"},
				"down": {"uv": [16, 16, 0, 0], "rotation": 270, "texture": "#0"}
			}
		},
		{
			"from": [7, 6.75, 0],
			"to": [9, 7.25, 0.5],
			"rotation": {"angle": 0, "axis": "y", "origin": [-8, 0, 10]},
			"faces": {
				"north": {"uv": [0, 0, 16, 8], "texture": "#4"},
				"east": {"uv": [0, 0, 16, 8], "texture": "#4"},
				"south": {"uv": [0, 0, 16, 8], "texture": "#4"},
				"west": {"uv": [0, 0, 16, 8], "texture": "#4"},
				"up": {"uv": [16, 16, 0, 0], "rotation": 90, "texture": "#4"},
				"down": {"uv": [16, 16, 0, 0], "rotation": 270, "texture": "#4"}
			}
		},
		{
			"from": [2.5, 5, 0],
			"to": [6.5, 8, 0.6],
			"rotation": {"angle": 0, "axis": "y", "origin": [-8, 0, 10]},
			"faces": {
				"north": {"uv": [7, 10, 15, 15], "texture": "#3"},
				"east": {"uv": [7, 10, 15, 15], "texture": "#3"},
				"south": {"uv": [7, 10, 15, 15], "texture": "#3"},
				"west": {"uv": [7, 10, 15, 15], "texture": "#3"},
				"up": {"uv": [16, 16, 0, 0], "rotation": 90, "texture": "#3"},
				"down": {"uv": [16, 16, 0, 0], "rotation": 270, "texture": "#3"}
			}
		},
		{
			"from": [2.5, 4.5, 0],
			"to": [6.5, 5, 0.6],
			"rotation": {"angle": 0, "axis": "y", "origin": [-8, 0, 10]},
			"faces": {
				"north": {"uv": [0, 0, 16, 8], "texture": "#0"},
				"east": {"uv": [0, 0, 16, 8], "texture": "#0"},
				"south": {"uv": [0, 0, 16, 8], "texture": "#0"},
				"west": {"uv": [0, 0, 16, 8], "texture": "#0"},
				"up": {"uv": [16, 16, 0, 0], "rotation": 90, "texture": "#0"},
				"down": {"uv": [16, 16, 0, 0], "rotation": 270, "texture": "#0"}
			}
		}
	],
	"display": {
		"thirdperson_righthand": {
			"scale": [0.5, 0.5, 0.5]
		},
		"thirdperson_lefthand": {
			"scale": [0.5, 0.5, 0.5]
		},
		"ground": {
			"scale": [0.8, 0.8, 0.8]
		}
	}
}