{
	"credit": "Made with Blockbench",
	"textures": {
		"0": "block/glass",
		"particle": "block/glass"
	},
	"elements": [
		{
			"from": [6, 2, 7],
			"to": [8, 9, 9],
			"faces": {
				"north": {"uv": [1, 1, 7, 9], "texture": "#0"},
				"east": {"uv": [1, 1, 8, 12], "texture": "#0"},
				"south": {"uv": [1, 1, 8, 12], "texture": "#0"},
				"west": {"uv": [1, 1, 8, 12], "texture": "#0"},
				"up": {"uv": [1, 1, 8, 12], "texture": "#0"},
				"down": {"uv": [0, 0, 3, 3], "texture": "#0"}
			}
		},
		{
			"from": [5.5, 1, 6.5],
			"to": [8.5, 2, 9.5],
			"faces": {
				"north": {"uv": [1, 1, 7, 9], "texture": "#0"},
				"east": {"uv": [1, 1, 8, 12], "texture": "#0"},
				"south": {"uv": [1, 1, 8, 12], "texture": "#0"},
				"west": {"uv": [1, 1, 8, 12], "texture": "#0"},
				"up": {"uv": [1, 1, 8, 12], "texture": "#0"},
				"down": {"uv": [0, 0, 3, 3], "texture": "#0"}
			}
		},
		{
			"from": [5, 0, 6],
			"to": [9, 1, 10],
			"faces": {
				"north": {"uv": [1, 1, 7, 9], "texture": "#0"},
				"east": {"uv": [1, 1, 8, 12], "texture": "#0"},
				"south": {"uv": [1, 1, 8, 12], "texture": "#0"},
				"west": {"uv": [1, 1, 8, 12], "texture": "#0"},
				"up": {"uv": [1, 1, 8, 12], "texture": "#0"},
				"down": {"uv": [0, 0, 3, 3], "texture": "#0"}
			}
		},
		{
			"from": [5, 5, 9],
			"to": [9, 8, 10],
			"rotation": {"angle": -22.5, "axis": "x", "origin": [0, 0, 0]},
			"faces": {
				"north": {"uv": [5, 4, 12, 15], "texture": "#0"},
				"east": {"uv": [1, 1, 8, 12], "texture": "#0"},
				"south": {"uv": [4, 3, 11, 14], "texture": "#0"},
				"west": {"uv": [1, 1, 8, 12], "texture": "#0"},
				"up": {"uv": [4, 3, 11, 14], "texture": "#0"},
				"down": {"uv": [0, 0, 3, 3], "texture": "#0"}
			}
		},
		{
			"from": [5, 11, 5.25],
			"to": [9, 14, 6.25],
			"faces": {
				"north": {"uv": [3, 1, 10, 12], "texture": "#0"},
				"east": {"uv": [1, 1, 8, 12], "texture": "#0"},
				"south": {"uv": [1, 1, 8, 12], "texture": "#0"},
				"west": {"uv": [1, 1, 8, 12], "texture": "#0"},
				"up": {"uv": [1, 1, 8, 12], "texture": "#0"},
				"down": {"uv": [0, 0, 3, 3], "texture": "#0"}
			}
		},
		{
			"from": [8, 5.5, 6],
			"to": [9, 8.5, 10],
			"rotation": {"angle": 22.5, "axis": "z", "origin": [0, 0, 0]},
			"faces": {
				"north": {"uv": [1, 1, 8, 12], "texture": "#0"},
				"east": {"uv": [5, 2, 12, 13], "texture": "#0"},
				"south": {"uv": [1, 1, 8, 12], "texture": "#0"},
				"west": {"uv": [1, 1, 5, 2], "texture": "#0"},
				"up": {"uv": [1, 1, 8, 12], "texture": "#0"},
				"down": {"uv": [0, 0, 3, 3], "texture": "#0"}
			}
		},
		{
			"from": [4, 11, 6],
			"to": [5, 14, 10],
			"faces": {
				"north": {"uv": [1, 1, 8, 12], "texture": "#0"},
				"east": {"uv": [1, 1, 8, 12], "texture": "#0"},
				"south": {"uv": [1, 1, 8, 12], "texture": "#0"},
				"west": {"uv": [1, 1, 8, 12], "texture": "#0"},
				"up": {"uv": [1, 1, 8, 12], "texture": "#0"},
				"down": {"uv": [0, 0, 3, 3], "texture": "#0"}
			}
		},
		{
			"from": [5, 5, 6],
			"to": [9, 8, 7],
			"rotation": {"angle": 22.5, "axis": "x", "origin": [14, 0, 16]},
			"faces": {
				"north": {"uv": [4, 3, 11, 14], "texture": "#0"},
				"east": {"uv": [1, 1, 8, 12], "texture": "#0"},
				"south": {"uv": [5, 4, 12, 15], "texture": "#0"},
				"west": {"uv": [1, 1, 8, 12], "texture": "#0"},
				"up": {"uv": [11, 14, 4, 3], "texture": "#0"},
				"down": {"uv": [3, 3, 0, 0], "texture": "#0"}
			}
		},
		{
			"from": [5, 11, 9.75],
			"to": [9, 14, 10.75],
			"rotation": {"angle": 0, "axis": "x", "origin": [14, 0, 16]},
			"faces": {
				"north": {"uv": [1, 1, 8, 12], "texture": "#0"},
				"east": {"uv": [1, 1, 8, 12], "texture": "#0"},
				"south": {"uv": [3, 1, 10, 12], "texture": "#0"},
				"west": {"uv": [1, 1, 8, 12], "texture": "#0"},
				"up": {"uv": [8, 12, 1, 1], "texture": "#0"},
				"down": {"uv": [3, 3, 0, 0], "texture": "#0"}
			}
		},
		{
			"from": [9, 11, 6],
			"to": [10, 14, 10],
			"rotation": {"angle": 0, "axis": "z", "origin": [14, 0, 16]},
			"faces": {
				"north": {"uv": [1, 1, 8, 12], "texture": "#0"},
				"east": {"uv": [1, 1, 8, 12], "texture": "#0"},
				"south": {"uv": [1, 1, 8, 12], "texture": "#0"},
				"west": {"uv": [1, 1, 8, 12], "texture": "#0"},
				"up": {"uv": [8, 12, 1, 1], "texture": "#0"},
				"down": {"uv": [3, 3, 0, 0], "texture": "#0"}
			}
		},
		{
			"from": [5, 5.5, 6],
			"to": [6, 8.5, 10],
			"rotation": {"angle": -22.5, "axis": "z", "origin": [14, 0, 16]},
			"faces": {
				"north": {"uv": [1, 1, 8, 12], "texture": "#0"},
				"east": {"uv": [1, 1, 5, 2], "texture": "#0"},
				"south": {"uv": [1, 1, 8, 12], "texture": "#0"},
				"west": {"uv": [5, 2, 12, 13], "texture": "#0"},
				"up": {"uv": [8, 12, 1, 1], "texture": "#0"},
				"down": {"uv": [3, 3, 0, 0], "texture": "#0"}
			}
		}
	],
	"display": {
		"thirdperson_righthand": {
			"scale": [0.5, 0.5, 0.5]
		},
		"thirdperson_lefthand": {
			"scale": [0.5, 0.5, 0.5]
		},
		"gui": {
			"rotation": [-16, 31, 0],
			"scale": [1.25, 1.25, 1.25]
		},
		"head": {
			"translation": [0, 3, 0]
		}
	}
}