{
	"credit": "Made with Blockbench",
	"textures": {
		"0": "block/green_concrete",
		"1": "block/green_concrete_powder",
		"4": "block/black_wool",
		"5": "block/iron_bars",
		"6": "block/black_concrete",
		"8": "block/light_gray_concrete",
		"9": "custom/gc",
		"particle": "block/green_concrete"
	},
	"elements": [
		{
			"from": [-7, 0, -3],
			"to": [23, 1, 19],
			"rotation": {"angle": 0, "axis": "y", "origin": [16, 0, -1]},
			"faces": {
				"north": {"uv": [0, 0, 16, 1], "texture": "#8"},
				"east": {"uv": [0, 0, 16, 1], "texture": "#8"},
				"south": {"uv": [0, 0, 16, 1], "texture": "#8"},
				"west": {"uv": [0, 0, 16, 1], "texture": "#8"},
				"up": {"uv": [0, 0, 16, 16], "texture": "#8"},
				"down": {"uv": [0, 0, 16, 16], "texture": "#8"}
			}
		},
		{
			"from": [-8, 1, -4],
			"to": [24, 2, 19.6],
			"rotation": {"angle": 0, "axis": "y", "origin": [16, 1, -1]},
			"faces": {
				"north": {"uv": [0, 0, 16, 1], "texture": "#0"},
				"east": {"uv": [0, 0, 16, 1], "texture": "#0"},
				"south": {"uv": [0, 0, 16, 1], "texture": "#0"},
				"west": {"uv": [0, 0, 16, 1], "texture": "#0"},
				"up": {"uv": [0, 0, 16, 16], "texture": "#6"},
				"down": {"uv": [0, 0, 16, 16], "texture": "#0"}
			}
		},
		{
			"from": [-7.9, 22, -1.4],
			"to": [23.9, 23, 16.6],
			"rotation": {"angle": 0, "axis": "y", "origin": [16, 22, -1.4]},
			"faces": {
				"north": {"uv": [0, 0, 16, 1], "texture": "#0"},
				"east": {"uv": [0, 0, 16, 1], "texture": "#8"},
				"south": {"uv": [0, 0, 16, 1], "texture": "#0"},
				"west": {"uv": [0, 0, 16, 1], "texture": "#8"},
				"up": {"uv": [0, 0, 16, 16], "texture": "#8"},
				"down": {"uv": [0, 0, 16, 16], "texture": "#6"}
			}
		},
		{
			"from": [-8, 2, -4.6],
			"to": [24, 16.1, -4],
			"rotation": {"angle": 0, "axis": "y", "origin": [16, 2, -25]},
			"faces": {
				"north": {"uv": [0, 0, 16, 14.1], "texture": "#0"},
				"east": {"uv": [0, 0, 0.6, 14.1], "texture": "#0"},
				"south": {"uv": [0, 0, 16, 14.1], "texture": "#0"},
				"west": {"uv": [0, 0, 0.6, 14.1], "texture": "#0"},
				"up": {"uv": [0, 0, 16, 0.6], "texture": "#0"},
				"down": {"uv": [0, 0, 16, 0.6], "texture": "#0"}
			}
		},
		{
			"from": [1, 6, -4.7],
			"to": [15, 12.1, -4.6],
			"rotation": {"angle": 0, "axis": "y", "origin": [16, 2, -25.1]},
			"faces": {
				"north": {"uv": [0, 0, 16, 15.76], "texture": "#9"},
				"east": {"uv": [0, 0, 0.1, 6.1], "texture": "#0"},
				"south": {"uv": [0, 0, 14, 6.1], "texture": "#0"},
				"west": {"uv": [0, 0, 0.1, 6.1], "texture": "#0"},
				"up": {"uv": [0, 0, 14, 0.1], "texture": "#0"},
				"down": {"uv": [0, 0, 14, 0.1], "texture": "#0"}
			}
		},
		{
			"from": [1, 6, 19.8],
			"to": [15, 12.1, 19.9],
			"rotation": {"angle": 0, "axis": "y", "origin": [16, 2, -0.6]},
			"faces": {
				"north": {"uv": [0, 0, 16, 15.76], "texture": "#9"},
				"east": {"uv": [0, 0, 0.1, 6.1], "texture": "#0"},
				"south": {"uv": [0, 0, 16, 16], "texture": "#9"},
				"west": {"uv": [0, 0, 0.1, 6.1], "texture": "#0"},
				"up": {"uv": [0, 0, 14, 0.1], "texture": "#0"},
				"down": {"uv": [0, 0, 14, 0.1], "texture": "#0"}
			}
		},
		{
			"from": [24.5, 6, 0.5],
			"to": [24.6, 12.1, 14.5],
			"rotation": {"angle": 0, "axis": "y", "origin": [45, 2, 15.5]},
			"faces": {
				"north": {"uv": [0, 0, 0.1, 6.1], "texture": "#0"},
				"east": {"uv": [0, 0, 16, 15.76], "texture": "#9"},
				"south": {"uv": [0, 0, 0.1, 6.1], "texture": "#0"},
				"west": {"uv": [0, 0, 14, 6.1], "texture": "#0"},
				"up": {"uv": [0, 0, 14, 0.1], "rotation": 90, "texture": "#0"},
				"down": {"uv": [0, 0, 14, 0.1], "rotation": 270, "texture": "#0"}
			}
		},
		{
			"from": [-8.6, 6, 0.5],
			"to": [-8.5, 12.1, 14.5],
			"rotation": {"angle": 0, "axis": "y", "origin": [11.9, 2, 15.5]},
			"faces": {
				"north": {"uv": [0, 0, 0.1, 6.1], "texture": "#0"},
				"east": {"uv": [0, 0, 16, 15.76], "texture": "#9"},
				"south": {"uv": [0, 0, 0.1, 6.1], "texture": "#0"},
				"west": {"uv": [0, 0, 16, 16], "texture": "#9"},
				"up": {"uv": [0, 0, 14, 0.1], "rotation": 90, "texture": "#0"},
				"down": {"uv": [0, 0, 14, 0.1], "rotation": 270, "texture": "#0"}
			}
		},
		{
			"from": [-8.3, 20.4, 6.3],
			"to": [-8.1, 20.7, 7],
			"rotation": {"angle": 0, "axis": "y", "origin": [-8.1, 20.7, 6.8]},
			"faces": {
				"north": {"uv": [13, 10, 13.3, 10.2], "rotation": 90, "texture": "#1"},
				"east": {"uv": [13, 10, 13.7, 10.3], "rotation": 180, "texture": "#1"},
				"south": {"uv": [13, 10, 13.2, 10.3], "texture": "#1"},
				"west": {"uv": [13, 10, 13.3, 10.7], "rotation": 90, "texture": "#1"},
				"up": {"uv": [13, 10, 13.2, 10.7], "rotation": 180, "texture": "#1"},
				"down": {"uv": [13, 10, 13.2, 10.7], "texture": "#1"}
			}
		},
		{
			"from": [-8.3, 19, 8.4],
			"to": [-8.1, 20, 8.8],
			"rotation": {"angle": 0, "axis": "y", "origin": [-8.1, 19.5, 8.4]},
			"faces": {
				"north": {"uv": [13, 10, 13.2, 11], "texture": "#1"},
				"east": {"uv": [13, 10, 14, 10.4], "rotation": 270, "texture": "#1"},
				"south": {"uv": [14, 10, 13.2, 11], "texture": "#1"},
				"west": {"uv": [13, 10, 13.4, 11], "texture": "#1"},
				"up": {"uv": [13, 10, 13.2, 10.4], "texture": "#1"},
				"down": {"uv": [13, 10, 13.2, 10.4], "rotation": 180, "texture": "#1"}
			}
		},
		{
			"from": [-8.3, 18.2, 8],
			"to": [-8.1, 18.5, 8.7],
			"rotation": {"angle": 0, "axis": "y", "origin": [-8.1, 18.5, 8.5]},
			"faces": {
				"north": {"uv": [13, 10, 13.2, 10.3], "texture": "#1"},
				"east": {"uv": [13, 10, 13.7, 10.3], "rotation": 180, "texture": "#1"},
				"south": {"uv": [13, 10, 13.3, 10.2], "rotation": 90, "texture": "#1"},
				"west": {"uv": [13, 10, 13.3, 10.7], "rotation": 90, "texture": "#1"},
				"up": {"uv": [13, 10, 13.2, 10.7], "rotation": 180, "texture": "#1"},
				"down": {"uv": [13, 10, 13.2, 10.7], "texture": "#1"}
			}
		},
		{
			"from": [-8.3, 18.2, 7.7],
			"to": [-8.1, 19.1, 8],
			"rotation": {"angle": 0, "axis": "y", "origin": [-8.1, 18.7, 8]},
			"faces": {
				"north": {"uv": [13, 10, 13.2, 10.9], "rotation": 180, "texture": "#1"},
				"east": {"uv": [13, 10, 13.3, 10.9], "rotation": 180, "texture": "#1"},
				"south": {"uv": [13, 10, 13.2, 10.9], "rotation": 180, "texture": "#1"},
				"west": {"uv": [13, 10, 13.3, 10.9], "rotation": 180, "texture": "#1"},
				"up": {"uv": [13, 10, 13.3, 10.2], "rotation": 270, "texture": "#1"},
				"down": {"uv": [13, 10, 13.3, 10.2], "rotation": 90, "texture": "#1"}
			}
		},
		{
			"from": [-8.3, 18.4, 8.2],
			"to": [-8.1, 19.4, 8.6],
			"rotation": {"angle": 45, "axis": "x", "origin": [-8.1, 18.9, 8.2]},
			"faces": {
				"north": {"uv": [13, 10, 13.2, 11], "texture": "#1"},
				"east": {"uv": [13, 10, 14, 10.4], "rotation": 270, "texture": "#1"},
				"south": {"uv": [13, 10, 14, 10.2], "rotation": 270, "texture": "#1"},
				"west": {"uv": [13, 10, 13.4, 11], "texture": "#1"},
				"up": {"uv": [13, 10, 13.4, 10.2], "rotation": 90, "texture": "#1"},
				"down": {"uv": [13, 10, 13.2, 10.4], "rotation": 180, "texture": "#1"}
			}
		},
		{
			"from": [-8.3, 20, 8],
			"to": [-8.1, 20.4, 9],
			"rotation": {"angle": 45, "axis": "x", "origin": [-8.1, 20.4, 8.5]},
			"faces": {
				"north": {"uv": [13, 10, 13.4, 10.2], "rotation": 90, "texture": "#1"},
				"east": {"uv": [13, 10, 14, 10.4], "rotation": 180, "texture": "#1"},
				"south": {"uv": [13, 10, 13.4, 10.2], "rotation": 90, "texture": "#1"},
				"west": {"uv": [13, 10, 13.4, 11], "rotation": 90, "texture": "#1"},
				"up": {"uv": [13, 10, 13.2, 11], "rotation": 180, "texture": "#1"},
				"down": {"uv": [13, 10, 13.2, 11], "texture": "#1"}
			}
		},
		{
			"from": [-8.3, 18.4, 6.3],
			"to": [-8.1, 18.8, 7.3],
			"rotation": {"angle": 45, "axis": "x", "origin": [-8.1, 18.8, 6.8]},
			"faces": {
				"north": {"uv": [13, 10, 13.4, 10.2], "rotation": 90, "texture": "#1"},
				"east": {"uv": [13, 10, 14, 10.4], "rotation": 180, "texture": "#1"},
				"south": {"uv": [13, 10, 13.4, 10.2], "rotation": 90, "texture": "#1"},
				"west": {"uv": [13, 10, 13.4, 11], "rotation": 90, "texture": "#1"},
				"up": {"uv": [13, 10, 13.2, 11], "rotation": 180, "texture": "#1"},
				"down": {"uv": [13, 10, 13.2, 11], "texture": "#1"}
			}
		},
		{
			"from": [-8.3, 18.9, 6.2],
			"to": [-8.1, 19.9, 6.6],
			"rotation": {"angle": 0, "axis": "y", "origin": [-8.1, 19.4, 6.2]},
			"faces": {
				"north": {"uv": [13, 10, 13.2, 11], "texture": "#1"},
				"east": {"uv": [13, 10, 14, 10.4], "rotation": 270, "texture": "#1"},
				"south": {"uv": [13, 10, 14, 10.2], "rotation": 270, "texture": "#1"},
				"west": {"uv": [13, 10, 13.4, 11], "texture": "#1"},
				"up": {"uv": [13, 10, 13.2, 10.4], "texture": "#1"},
				"down": {"uv": [13, 10, 13.2, 10.4], "rotation": 180, "texture": "#1"}
			}
		},
		{
			"from": [-8.3, 19.8, 7],
			"to": [-8.1, 20.7, 7.3],
			"rotation": {"angle": 0, "axis": "y", "origin": [-8.1, 20.2, 7.3]},
			"faces": {
				"north": {"uv": [13, 10, 13.2, 10.9], "rotation": 180, "texture": "#1"},
				"east": {"uv": [13, 10, 13.9, 10.3], "rotation": 90, "texture": "#1"},
				"south": {"uv": [13, 10, 13.2, 10.9], "rotation": 180, "texture": "#1"},
				"west": {"uv": [13, 10, 13.3, 10.9], "rotation": 180, "texture": "#1"},
				"up": {"uv": [13, 10, 13.3, 10.2], "rotation": 270, "texture": "#1"},
				"down": {"uv": [13, 10, 13.3, 10.2], "rotation": 90, "texture": "#1"}
			}
		},
		{
			"from": [-8.3, 19.9, 6],
			"to": [-8.1, 20.3, 7],
			"rotation": {"angle": -45, "axis": "x", "origin": [-8.1, 20.3, 6.5]},
			"faces": {
				"north": {"uv": [13, 10, 13.4, 10.2], "rotation": 90, "texture": "#1"},
				"east": {"uv": [13, 10, 14, 10.4], "rotation": 180, "texture": "#1"},
				"south": {"uv": [13, 10, 13.2, 10.4], "texture": "#1"},
				"west": {"uv": [13, 10, 13.4, 11], "rotation": 90, "texture": "#1"},
				"up": {"uv": [13, 10, 13.2, 11], "rotation": 180, "texture": "#1"},
				"down": {"uv": [14, 10, 13.2, 11], "texture": "#1"}
			}
		},
		{
			"from": [24.1, 18.9, 6.2],
			"to": [24.3, 19.9, 6.6],
			"rotation": {"angle": 0, "axis": "y", "origin": [24.3, 19.4, 6.2]},
			"faces": {
				"north": {"uv": [13, 10, 13.2, 11], "texture": "#1"},
				"east": {"uv": [13, 10, 14, 10.4], "rotation": 270, "texture": "#1"},
				"south": {"uv": [13, 10, 14, 10.2], "rotation": 270, "texture": "#1"},
				"west": {"uv": [13, 10, 13.4, 11], "texture": "#1"},
				"up": {"uv": [13, 10, 13.2, 10.4], "texture": "#1"},
				"down": {"uv": [13, 10, 13.2, 10.4], "rotation": 180, "texture": "#1"}
			}
		},
		{
			"from": [24.1, 18.4, 6.3],
			"to": [24.3, 18.8, 7.3],
			"rotation": {"angle": 45, "axis": "x", "origin": [24.3, 18.8, 6.8]},
			"faces": {
				"north": {"uv": [13, 10, 13.4, 10.2], "rotation": 90, "texture": "#1"},
				"east": {"uv": [13, 10, 14, 10.4], "rotation": 180, "texture": "#1"},
				"south": {"uv": [13, 10, 13.4, 10.2], "rotation": 90, "texture": "#1"},
				"west": {"uv": [13, 10, 13.4, 11], "rotation": 90, "texture": "#1"},
				"up": {"uv": [13, 10, 13.2, 11], "rotation": 180, "texture": "#1"},
				"down": {"uv": [13, 10, 13.2, 11], "texture": "#1"}
			}
		},
		{
			"from": [24.1, 18.2, 8],
			"to": [24.3, 18.5, 8.7],
			"rotation": {"angle": 0, "axis": "y", "origin": [24.3, 18.5, 8.5]},
			"faces": {
				"north": {"uv": [13, 10, 13.2, 10.3], "texture": "#1"},
				"east": {"uv": [13, 10, 13.7, 10.3], "rotation": 180, "texture": "#1"},
				"south": {"uv": [13, 10, 13.3, 10.2], "rotation": 90, "texture": "#1"},
				"west": {"uv": [13, 10, 13.3, 10.7], "rotation": 90, "texture": "#1"},
				"up": {"uv": [13, 10, 13.2, 10.7], "rotation": 180, "texture": "#1"},
				"down": {"uv": [13, 10, 13.2, 10.7], "texture": "#1"}
			}
		},
		{
			"from": [24.1, 18.2, 7.7],
			"to": [24.3, 19.1, 8],
			"rotation": {"angle": 0, "axis": "y", "origin": [24.3, 18.7, 8]},
			"faces": {
				"north": {"uv": [13, 10, 13.2, 10.9], "rotation": 180, "texture": "#1"},
				"east": {"uv": [13, 10, 13.3, 10.9], "rotation": 180, "texture": "#1"},
				"south": {"uv": [13, 10, 13.2, 10.9], "rotation": 180, "texture": "#1"},
				"west": {"uv": [13, 10, 13.3, 10.9], "rotation": 180, "texture": "#1"},
				"up": {"uv": [13, 10, 13.3, 10.2], "rotation": 270, "texture": "#1"},
				"down": {"uv": [13, 10, 13.3, 10.2], "rotation": 90, "texture": "#1"}
			}
		},
		{
			"from": [24.1, 18.4, 8.2],
			"to": [24.3, 19.4, 8.6],
			"rotation": {"angle": 45, "axis": "x", "origin": [24.3, 18.9, 8.2]},
			"faces": {
				"north": {"uv": [13, 10, 13.2, 11], "texture": "#1"},
				"east": {"uv": [13, 10, 14, 10.4], "rotation": 270, "texture": "#1"},
				"south": {"uv": [13, 10, 14, 10.2], "rotation": 270, "texture": "#1"},
				"west": {"uv": [13, 10, 13.4, 11], "texture": "#1"},
				"up": {"uv": [13, 10, 13.4, 10.2], "rotation": 90, "texture": "#1"},
				"down": {"uv": [13, 10, 13.2, 10.4], "rotation": 180, "texture": "#1"}
			}
		},
		{
			"from": [24.1, 19, 8.4],
			"to": [24.3, 20, 8.8],
			"rotation": {"angle": 0, "axis": "y", "origin": [24.3, 19.5, 8.4]},
			"faces": {
				"north": {"uv": [13, 10, 13.2, 11], "texture": "#1"},
				"east": {"uv": [13, 10, 14, 10.4], "rotation": 270, "texture": "#1"},
				"south": {"uv": [14, 10, 13.2, 11], "texture": "#1"},
				"west": {"uv": [13, 10, 13.4, 11], "texture": "#1"},
				"up": {"uv": [13, 10, 13.2, 10.4], "texture": "#1"},
				"down": {"uv": [13, 10, 13.2, 10.4], "rotation": 180, "texture": "#1"}
			}
		},
		{
			"from": [24.1, 20, 8],
			"to": [24.3, 20.4, 9],
			"rotation": {"angle": 45, "axis": "x", "origin": [24.3, 20.4, 8.5]},
			"faces": {
				"north": {"uv": [13, 10, 13.4, 10.2], "rotation": 90, "texture": "#1"},
				"east": {"uv": [13, 10, 14, 10.4], "rotation": 180, "texture": "#1"},
				"south": {"uv": [13, 10, 13.4, 10.2], "rotation": 90, "texture": "#1"},
				"west": {"uv": [13, 10, 13.4, 11], "rotation": 90, "texture": "#1"},
				"up": {"uv": [13, 10, 13.2, 11], "rotation": 180, "texture": "#1"},
				"down": {"uv": [13, 10, 13.2, 11], "texture": "#1"}
			}
		},
		{
			"from": [24.1, 20.4, 6.3],
			"to": [24.3, 20.7, 7],
			"rotation": {"angle": 0, "axis": "y", "origin": [24.3, 20.7, 6.8]},
			"faces": {
				"north": {"uv": [13, 10, 13.3, 10.2], "rotation": 90, "texture": "#1"},
				"east": {"uv": [13, 10, 13.7, 10.3], "rotation": 180, "texture": "#1"},
				"south": {"uv": [13, 10, 13.2, 10.3], "texture": "#1"},
				"west": {"uv": [13, 10, 13.3, 10.7], "rotation": 90, "texture": "#1"},
				"up": {"uv": [13, 10, 13.2, 10.7], "rotation": 180, "texture": "#1"},
				"down": {"uv": [13, 10, 13.2, 10.7], "texture": "#1"}
			}
		},
		{
			"from": [24.1, 19.9, 6],
			"to": [24.3, 20.3, 7],
			"rotation": {"angle": -45, "axis": "x", "origin": [24.3, 20.3, 6.5]},
			"faces": {
				"north": {"uv": [13, 10, 13.4, 10.2], "rotation": 90, "texture": "#1"},
				"east": {"uv": [13, 10, 14, 10.4], "rotation": 180, "texture": "#1"},
				"south": {"uv": [13, 10, 13.2, 10.4], "texture": "#1"},
				"west": {"uv": [13, 10, 13.4, 11], "rotation": 90, "texture": "#1"},
				"up": {"uv": [13, 10, 13.2, 11], "rotation": 180, "texture": "#1"},
				"down": {"uv": [14, 10, 13.2, 11], "texture": "#1"}
			}
		},
		{
			"from": [24.1, 19.8, 7],
			"to": [24.3, 20.7, 7.3],
			"rotation": {"angle": 0, "axis": "y", "origin": [24.3, 20.2, 7.3]},
			"faces": {
				"north": {"uv": [13, 10, 13.2, 10.9], "rotation": 180, "texture": "#1"},
				"east": {"uv": [13, 10, 13.9, 10.3], "rotation": 90, "texture": "#1"},
				"south": {"uv": [13, 10, 13.2, 10.9], "rotation": 180, "texture": "#1"},
				"west": {"uv": [13, 10, 13.3, 10.9], "rotation": 180, "texture": "#1"},
				"up": {"uv": [13, 10, 13.3, 10.2], "rotation": 270, "texture": "#1"},
				"down": {"uv": [13, 10, 13.3, 10.2], "rotation": 90, "texture": "#1"}
			}
		},
		{
			"from": [-8, 2, 19],
			"to": [24, 16, 19.8],
			"rotation": {"angle": 0, "axis": "y", "origin": [16, 2, -1]},
			"faces": {
				"north": {"uv": [0, 0, 16, 14], "texture": "#6"},
				"east": {"uv": [0, 0, 0.8, 14], "texture": "#0"},
				"south": {"uv": [0, 0, 16, 14], "texture": "#0"},
				"west": {"uv": [0, 0, 0.8, 14], "texture": "#0"},
				"up": {"uv": [0, 0, 16, 0.8], "texture": "#0"},
				"down": {"uv": [0, 0, 16, 0.8], "texture": "#0"}
			}
		},
		{
			"from": [-7.8, 8, 20],
			"to": [23.8, 15, 21],
			"rotation": {"angle": -22.5, "axis": "x", "origin": [16, 8, 0]},
			"faces": {
				"north": {"uv": [0, 0, 16, 7], "texture": "#6"},
				"east": {"uv": [0, 0, 1, 7], "texture": "#8"},
				"south": {"uv": [0, 0, 16, 7], "texture": "#8"},
				"west": {"uv": [0, 0, 1, 7], "texture": "#8"},
				"up": {"uv": [0, 0, 16, 1], "texture": "#0"},
				"down": {"uv": [0, 0, 16, 1], "texture": "#0"}
			}
		},
		{
			"from": [23.8, 8, 20],
			"to": [24, 15, 21],
			"rotation": {"angle": -22.5, "axis": "x", "origin": [16.2, 8, 0]},
			"faces": {
				"north": {"uv": [0, 0, 0.2, 7], "texture": "#8"},
				"east": {"uv": [0, 0, 1, 7], "texture": "#8"},
				"south": {"uv": [0, 0, 0.2, 7], "texture": "#8"},
				"west": {"uv": [0, 0, 1, 7], "texture": "#8"},
				"up": {"uv": [0, 0, 0.2, 1], "texture": "#8"},
				"down": {"uv": [0, 0, 0.2, 1], "texture": "#8"}
			}
		},
		{
			"from": [-8.2, 8, 20],
			"to": [-7.8, 15, 21],
			"rotation": {"angle": -22.5, "axis": "x", "origin": [14.9, 8, 0]},
			"faces": {
				"north": {"uv": [0, 0, 0.4, 7], "texture": "#8"},
				"east": {"uv": [0, 0, 1, 7], "texture": "#8"},
				"south": {"uv": [0, 0, 0.4, 7], "texture": "#8"},
				"west": {"uv": [0, 0, 1, 7], "texture": "#8"},
				"up": {"uv": [0, 0, 0.4, 1], "texture": "#8"},
				"down": {"uv": [0, 0, 0.4, 1], "texture": "#8"}
			}
		},
		{
			"from": [10, 29.5, -3],
			"to": [11, 30, -2],
			"rotation": {"angle": 22.5, "axis": "x", "origin": [6, 24, -23]},
			"faces": {
				"north": {"uv": [0, 0, 2, 8], "texture": "#6"},
				"east": {"uv": [0, 0, 1, 0.5], "texture": "#6"},
				"south": {"uv": [0, 0, 1, 0.5], "texture": "#6"},
				"west": {"uv": [0, 0, 1, 0.5], "texture": "#6"},
				"up": {"uv": [0, 0, 1, 1], "texture": "#6"},
				"down": {"uv": [0, 0, 1, 1], "texture": "#6"}
			}
		},
		{
			"from": [5, 25.5, -3],
			"to": [6, 29.5, -2],
			"rotation": {"angle": 22.5, "axis": "x", "origin": [1, 24, -23]},
			"faces": {
				"north": {"uv": [0, 0, 4, 8], "texture": "#4"},
				"east": {"uv": [0, 0, 1, 4], "texture": "#6"},
				"south": {"uv": [0, 0, 1, 4], "texture": "#6"},
				"west": {"uv": [0, 0, 1, 4], "texture": "#6"},
				"up": {"uv": [0, 0, 1, 1], "texture": "#6"},
				"down": {"uv": [0, 0, 1, 1], "texture": "#6"}
			}
		},
		{
			"from": [6, 29.5, -3],
			"to": [10, 30.5, -2],
			"rotation": {"angle": 22.5, "axis": "x", "origin": [2, 24, -23]},
			"faces": {
				"north": {"uv": [0, 0, 8, 2], "texture": "#4"},
				"east": {"uv": [0, 0, 1, 1], "texture": "#6"},
				"south": {"uv": [0, 0, 4, 1], "texture": "#6"},
				"west": {"uv": [0, 0, 1, 1], "texture": "#6"},
				"up": {"uv": [0, 0, 4, 1], "texture": "#6"},
				"down": {"uv": [0, 0, 4, 1], "texture": "#6"}
			}
		},
		{
			"from": [10, 25.5, -3],
			"to": [11, 29.5, -2],
			"rotation": {"angle": 22.5, "axis": "x", "origin": [3, 24, -23]},
			"faces": {
				"north": {"uv": [0, 0, 4, 8], "texture": "#4"},
				"east": {"uv": [0, 0, 1, 4], "texture": "#6"},
				"south": {"uv": [0, 0, 1, 4], "texture": "#6"},
				"west": {"uv": [0, 0, 1, 4], "texture": "#6"},
				"up": {"uv": [0, 0, 1, 1], "texture": "#6"},
				"down": {"uv": [0, 0, 1, 1], "texture": "#6"}
			}
		},
		{
			"from": [10, 30, -3],
			"to": [10.5, 30.5, -2],
			"rotation": {"angle": 22.5, "axis": "x", "origin": [2.5, 24, -23]},
			"faces": {
				"north": {"uv": [0, 0, 2, 8], "texture": "#6"},
				"east": {"uv": [0, 0, 1, 0.5], "texture": "#6"},
				"south": {"uv": [0, 0, 0.5, 0.5], "texture": "#6"},
				"west": {"uv": [0, 0, 1, 0.5], "texture": "#6"},
				"up": {"uv": [0, 0, 0.5, 1], "texture": "#6"},
				"down": {"uv": [0, 0, 0.5, 1], "texture": "#6"}
			}
		},
		{
			"from": [5.5, 30, -3],
			"to": [6, 30.5, -2],
			"rotation": {"angle": 22.5, "axis": "x", "origin": [-2, 24, -23]},
			"faces": {
				"north": {"uv": [0, 0, 2, 8], "texture": "#6"},
				"east": {"uv": [0, 0, 1, 0.5], "texture": "#6"},
				"south": {"uv": [0, 0, 0.5, 0.5], "texture": "#6"},
				"west": {"uv": [0, 0, 1, 0.5], "texture": "#6"},
				"up": {"uv": [0, 0, 0.5, 1], "texture": "#6"},
				"down": {"uv": [0, 0, 0.5, 1], "texture": "#6"}
			}
		},
		{
			"from": [5, 29.5, -3],
			"to": [6, 30, -2],
			"rotation": {"angle": 22.5, "axis": "x", "origin": [1, 24, -23]},
			"faces": {
				"north": {"uv": [0, 0, 2, 8], "texture": "#6"},
				"east": {"uv": [0, 0, 1, 0.5], "texture": "#6"},
				"south": {"uv": [0, 0, 1, 0.5], "texture": "#6"},
				"west": {"uv": [0, 0, 1, 0.5], "texture": "#6"},
				"up": {"uv": [0, 0, 1, 1], "texture": "#6"},
				"down": {"uv": [0, 0, 1, 1], "texture": "#6"}
			}
		},
		{
			"from": [5, 30, -3],
			"to": [5.5, 30.5, -2],
			"rotation": {"angle": 22.5, "axis": "x", "origin": [-2.5, 24, -23]},
			"faces": {
				"north": {"uv": [0, 0, 0.5, 0.5], "texture": "#8"},
				"east": {"uv": [0, 0, 1, 0.5], "texture": "#0"},
				"south": {"uv": [0, 0, 0.5, 0.5], "texture": "#0"},
				"west": {"uv": [0, 0, 1, 0.5], "texture": "#0"},
				"up": {"uv": [0, 0, 0.5, 1], "texture": "#0"},
				"down": {"uv": [0, 0, 0.5, 1], "texture": "#0"}
			}
		},
		{
			"from": [10.5, 30, -3],
			"to": [11, 30.5, -2],
			"rotation": {"angle": 22.5, "axis": "x", "origin": [3, 24, -23]},
			"faces": {
				"north": {"uv": [0, 0, 0.5, 0.5], "texture": "#8"},
				"east": {"uv": [0, 0, 1, 0.5], "texture": "#0"},
				"south": {"uv": [0, 0, 0.5, 0.5], "texture": "#0"},
				"west": {"uv": [0, 0, 1, 0.5], "texture": "#0"},
				"up": {"uv": [0, 0, 0.5, 1], "texture": "#0"},
				"down": {"uv": [0, 0, 0.5, 1], "texture": "#0"}
			}
		},
		{
			"from": [11, 25, -3],
			"to": [12, 30, -2],
			"rotation": {"angle": 22.5, "axis": "x", "origin": [4, 24, -23]},
			"faces": {
				"north": {"uv": [0, 0, 1, 5], "texture": "#8"},
				"east": {"uv": [0, 0, 1, 5], "texture": "#6"},
				"south": {"uv": [0, 0, 1, 5], "texture": "#6"},
				"west": {"uv": [0, 0, 1, 5], "texture": "#6"},
				"up": {"uv": [0, 0, 1, 1], "texture": "#6"},
				"down": {"uv": [0, 0, 1, 1], "texture": "#6"}
			}
		},
		{
			"from": [11, 30, -3],
			"to": [12, 31, -2],
			"rotation": {"angle": 22.5, "axis": "x", "origin": [4, 24, -23]},
			"faces": {
				"north": {"uv": [0, 0, 1, 1], "texture": "#8"},
				"east": {"uv": [0, 0, 1, 1], "texture": "#0"},
				"south": {"uv": [0, 0, 1, 1], "texture": "#0"},
				"west": {"uv": [0, 0, 1, 1], "texture": "#0"},
				"up": {"uv": [0, 0, 1, 1], "texture": "#0"},
				"down": {"uv": [0, 0, 1, 1], "texture": "#0"}
			}
		},
		{
			"from": [4, 30, -3],
			"to": [5, 31, -2],
			"rotation": {"angle": 22.5, "axis": "x", "origin": [-3, 24, -23]},
			"faces": {
				"north": {"uv": [0, 0, 1, 1], "texture": "#8"},
				"east": {"uv": [0, 0, 1, 1], "texture": "#0"},
				"south": {"uv": [0, 0, 1, 1], "texture": "#0"},
				"west": {"uv": [0, 0, 1, 1], "texture": "#0"},
				"up": {"uv": [0, 0, 1, 1], "texture": "#0"},
				"down": {"uv": [0, 0, 1, 1], "texture": "#0"}
			}
		},
		{
			"from": [4, 25, -3],
			"to": [5, 30, -2],
			"rotation": {"angle": 22.5, "axis": "x", "origin": [-3, 24, -23]},
			"faces": {
				"north": {"uv": [0, 0, 1, 5], "texture": "#8"},
				"east": {"uv": [0, 0, 1, 5], "texture": "#6"},
				"south": {"uv": [0, 0, 1, 5], "texture": "#6"},
				"west": {"uv": [0, 0, 1, 5], "texture": "#6"},
				"up": {"uv": [0, 0, 1, 1], "texture": "#6"},
				"down": {"uv": [0, 0, 1, 1], "texture": "#6"}
			}
		},
		{
			"from": [12, 24, -3],
			"to": [24, 31, -2],
			"rotation": {"angle": 22.5, "axis": "x", "origin": [16, 24, -23]},
			"faces": {
				"north": {"uv": [0, 0, 12, 7], "texture": "#8"},
				"east": {"uv": [0, 0, 1, 7], "texture": "#8"},
				"south": {"uv": [0, 0, 12, 7], "texture": "#8"},
				"west": {"uv": [0, 0, 1, 7], "texture": "#0"},
				"up": {"uv": [0, 0, 12, 1], "texture": "#0"},
				"down": {"uv": [0, 0, 12, 1], "texture": "#0"}
			}
		},
		{
			"from": [-8, 24, -3],
			"to": [4, 31, -2],
			"rotation": {"angle": 22.5, "axis": "x", "origin": [-4, 24, -23]},
			"faces": {
				"north": {"uv": [0, 0, 12, 7], "texture": "#8"},
				"east": {"uv": [0, 0, 1, 7], "texture": "#0"},
				"south": {"uv": [0, 0, 12, 7], "texture": "#8"},
				"west": {"uv": [0, 0, 1, 7], "texture": "#8"},
				"up": {"uv": [0, 0, 12, 1], "texture": "#0"},
				"down": {"uv": [0, 0, 12, 1], "texture": "#0"}
			}
		},
		{
			"from": [5, 30.5, -3],
			"to": [11, 31, -2],
			"rotation": {"angle": 22.5, "axis": "x", "origin": [6, 24, -23]},
			"faces": {
				"north": {"uv": [0, 0, 6, 0.5], "texture": "#8"},
				"east": {"uv": [0, 0, 1, 0.5], "texture": "#0"},
				"south": {"uv": [0, 0, 6, 0.5], "texture": "#0"},
				"west": {"uv": [0, 0, 1, 0.5], "texture": "#0"},
				"up": {"uv": [0, 0, 6, 1], "texture": "#0"},
				"down": {"uv": [0, 0, 6, 1], "texture": "#0"}
			}
		},
		{
			"from": [5.9, 24.5, -3],
			"to": [10.1, 25.5, -2],
			"rotation": {"angle": 22.5, "axis": "x", "origin": [6, 24, -23]},
			"faces": {
				"north": {"uv": [0, 0, 8, 2], "texture": "#4"},
				"east": {"uv": [0, 0, 1, 1], "texture": "#6"},
				"south": {"uv": [0, 0, 4.2, 1], "texture": "#6"},
				"west": {"uv": [0, 0, 1, 1], "texture": "#6"},
				"up": {"uv": [0, 0, 4.2, 1], "texture": "#6"},
				"down": {"uv": [0, 0, 4.2, 1], "texture": "#6"}
			}
		},
		{
			"from": [10.1, 24.5, -3],
			"to": [10.5, 25.5, -2],
			"rotation": {"angle": 22.5, "axis": "x", "origin": [6.5, 24, -23]},
			"faces": {
				"north": {"uv": [0, 0, 2, 8], "texture": "#6"},
				"east": {"uv": [0, 0, 1, 1], "texture": "#6"},
				"south": {"uv": [0, 0, 0.4, 1], "texture": "#6"},
				"west": {"uv": [0, 0, 1, 1], "texture": "#6"},
				"up": {"uv": [0, 0, 0.4, 1], "texture": "#6"},
				"down": {"uv": [0, 0, 0.4, 1], "texture": "#6"}
			}
		},
		{
			"from": [5.5, 24.5, -3],
			"to": [5.9, 25.5, -2],
			"rotation": {"angle": 22.5, "axis": "x", "origin": [1.9, 24, -23]},
			"faces": {
				"north": {"uv": [0, 0, 2, 8], "texture": "#6"},
				"east": {"uv": [0, 0, 1, 1], "texture": "#6"},
				"south": {"uv": [0, 0, 0.4, 1], "texture": "#6"},
				"west": {"uv": [0, 0, 1, 1], "texture": "#6"},
				"up": {"uv": [0, 0, 0.4, 1], "texture": "#6"},
				"down": {"uv": [0, 0, 0.4, 1], "texture": "#6"}
			}
		},
		{
			"from": [5, 25, -3],
			"to": [5.5, 25.5, -2],
			"rotation": {"angle": 22.5, "axis": "x", "origin": [1.5, 24, -23]},
			"faces": {
				"north": {"uv": [0, 0, 2, 8], "texture": "#6"},
				"east": {"uv": [0, 0, 1, 0.5], "texture": "#6"},
				"south": {"uv": [0, 0, 0.5, 0.5], "texture": "#6"},
				"west": {"uv": [0, 0, 1, 0.5], "texture": "#6"},
				"up": {"uv": [0, 0, 0.5, 1], "texture": "#6"},
				"down": {"uv": [0, 0, 0.5, 1], "texture": "#6"}
			}
		},
		{
			"from": [10.5, 25, -3],
			"to": [11, 25.5, -2],
			"rotation": {"angle": 22.5, "axis": "x", "origin": [7, 24, -23]},
			"faces": {
				"north": {"uv": [0, 0, 2, 8], "texture": "#6"},
				"east": {"uv": [0, 0, 1, 0.5], "texture": "#6"},
				"south": {"uv": [0, 0, 0.5, 0.5], "texture": "#6"},
				"west": {"uv": [0, 0, 1, 0.5], "texture": "#6"},
				"up": {"uv": [0, 0, 0.5, 1], "texture": "#6"},
				"down": {"uv": [0, 0, 0.5, 1], "texture": "#6"}
			}
		},
		{
			"from": [4, 24, -3],
			"to": [5, 25, -2],
			"rotation": {"angle": 22.5, "axis": "x", "origin": [5, 24, -23]},
			"faces": {
				"north": {"uv": [0, 0, 1, 1], "texture": "#8"},
				"east": {"uv": [0, 0, 1, 1], "texture": "#0"},
				"south": {"uv": [0, 0, 1, 1], "texture": "#0"},
				"west": {"uv": [0, 0, 1, 1], "texture": "#0"},
				"up": {"uv": [0, 0, 1, 1], "texture": "#0"},
				"down": {"uv": [0, 0, 1, 1], "texture": "#0"}
			}
		},
		{
			"from": [11, 24, -3],
			"to": [12, 25, -2],
			"rotation": {"angle": 22.5, "axis": "x", "origin": [12, 24, -23]},
			"faces": {
				"north": {"uv": [0, 0, 1, 1], "texture": "#8"},
				"east": {"uv": [0, 0, 1, 1], "texture": "#0"},
				"south": {"uv": [0, 0, 1, 1], "texture": "#0"},
				"west": {"uv": [0, 0, 1, 1], "texture": "#0"},
				"up": {"uv": [0, 0, 1, 1], "texture": "#0"},
				"down": {"uv": [0, 0, 1, 1], "texture": "#0"}
			}
		},
		{
			"from": [5, 24, -3],
			"to": [11, 24.5, -2],
			"rotation": {"angle": 22.5, "axis": "x", "origin": [6, 24, -23]},
			"faces": {
				"north": {"uv": [0, 0, 6, 0.5], "texture": "#8"},
				"east": {"uv": [0, 0, 1, 0.5], "texture": "#0"},
				"south": {"uv": [0, 0, 6, 0.5], "texture": "#0"},
				"west": {"uv": [0, 0, 1, 0.5], "texture": "#0"},
				"up": {"uv": [0, 0, 6, 1], "texture": "#0"},
				"down": {"uv": [0, 0, 6, 1], "texture": "#0"}
			}
		},
		{
			"from": [10.5, 24.5, -3],
			"to": [11, 25, -2],
			"rotation": {"angle": 22.5, "axis": "x", "origin": [6, 24, -23]},
			"faces": {
				"north": {"uv": [0, 0, 0.5, 0.5], "texture": "#8"},
				"east": {"uv": [0, 0, 1, 0.5], "texture": "#0"},
				"south": {"uv": [0, 0, 0.5, 0.5], "texture": "#0"},
				"west": {"uv": [0, 0, 1, 0.5], "texture": "#0"},
				"up": {"uv": [0, 0, 0.5, 1], "texture": "#0"},
				"down": {"uv": [0, 0, 0.5, 1], "texture": "#0"}
			}
		},
		{
			"from": [5, 24.5, -3],
			"to": [5.5, 25, -2],
			"rotation": {"angle": 22.5, "axis": "x", "origin": [0.5, 24, -23]},
			"faces": {
				"north": {"uv": [0, 0, 0.5, 0.5], "texture": "#8"},
				"east": {"uv": [0, 0, 1, 0.5], "texture": "#0"},
				"south": {"uv": [0, 0, 0.5, 0.5], "texture": "#0"},
				"west": {"uv": [0, 0, 1, 0.5], "texture": "#0"},
				"up": {"uv": [0, 0, 0.5, 1], "texture": "#0"},
				"down": {"uv": [0, 0, 0.5, 1], "texture": "#0"}
			}
		},
		{
			"from": [24, 2, -4],
			"to": [24.5, 16.1, 19],
			"rotation": {"angle": 0, "axis": "y", "origin": [16, 2, -7]},
			"faces": {
				"north": {"uv": [0, 0, 0.5, 14.1], "texture": "#0"},
				"east": {"uv": [0, 0, 16, 14.1], "texture": "#0"},
				"south": {"uv": [0, 0, 0.5, 14.1], "texture": "#0"},
				"west": {"uv": [0, 0, 16, 14.1], "texture": "#6"},
				"up": {"uv": [0, 0, 0.5, 16], "texture": "#0"},
				"down": {"uv": [0, 0, 0.5, 16], "texture": "#0"}
			}
		},
		{
			"from": [23.1, 16, -2],
			"to": [24.1, 22, 17],
			"rotation": {"angle": 0, "axis": "y", "origin": [15.1, 16, -7]},
			"faces": {
				"north": {"uv": [0, 0, 1, 6], "texture": "#8"},
				"east": {"uv": [0, 0, 16, 6], "texture": "#8"},
				"south": {"uv": [0, 0, 1, 6], "texture": "#8"},
				"west": {"uv": [0, 0, 16, 6], "texture": "#6"},
				"up": {"uv": [0, 0, 1, 16], "texture": "#8"},
				"down": {"uv": [0, 0, 1, 16], "texture": "#0"}
			}
		},
		{
			"from": [-8.1, 16, -2],
			"to": [-7.1, 22, 17],
			"rotation": {"angle": 0, "axis": "y", "origin": [-16.1, 16, -7]},
			"faces": {
				"north": {"uv": [0, 0, 1, 6], "texture": "#8"},
				"east": {"uv": [0, 0, 16, 6], "texture": "#6"},
				"south": {"uv": [0, 0, 1, 6], "texture": "#8"},
				"west": {"uv": [0, 0, 16, 6], "texture": "#8"},
				"up": {"uv": [0, 0, 1, 16], "texture": "#8"},
				"down": {"uv": [0, 0, 1, 16], "texture": "#0"}
			}
		},
		{
			"from": [22.9, 6, 18.7],
			"to": [23.9, 10.2, 20.2],
			"rotation": {"angle": -22.5, "axis": "x", "origin": [14.9, 7, -3.8]},
			"faces": {
				"north": {"uv": [0, 0, 1, 4.2], "texture": "#6"},
				"east": {"uv": [0, 0, 1.5, 4.2], "texture": "#8"},
				"south": {"uv": [0, 0, 1, 4.2], "texture": "#6"},
				"west": {"uv": [0, 0, 1.5, 4.2], "texture": "#6"},
				"up": {"uv": [0, 0, 1, 1.5], "texture": "#6"},
				"down": {"uv": [0, 0, 1, 1.5], "texture": "#6"}
			}
		},
		{
			"from": [-7.9, 6, 18.7],
			"to": [-6.9, 10.2, 20.2],
			"rotation": {"angle": -22.5, "axis": "x", "origin": [-15.9, 7, -3.8]},
			"faces": {
				"north": {"uv": [0, 0, 1, 4.2], "texture": "#6"},
				"east": {"uv": [0, 0, 1.5, 4.2], "texture": "#6"},
				"south": {"uv": [0, 0, 1, 4.2], "texture": "#6"},
				"west": {"uv": [0, 0, 1.5, 4.2], "texture": "#8"},
				"up": {"uv": [0, 0, 1, 1.5], "texture": "#6"},
				"down": {"uv": [0, 0, 1, 1.5], "texture": "#6"}
			}
		},
		{
			"from": [-7.9, 24, -1.8],
			"to": [-6.9, 28.8, -0.3],
			"rotation": {"angle": 22.5, "axis": "x", "origin": [-15.9, 25, -24.3]},
			"faces": {
				"north": {"uv": [0, 0, 1, 4.8], "texture": "#0"},
				"east": {"uv": [0, 0, 1.5, 4.8], "texture": "#0"},
				"south": {"uv": [0, 0, 1, 4.8], "texture": "#0"},
				"west": {"uv": [0, 0, 1.5, 4.8], "texture": "#8"},
				"up": {"uv": [0, 0, 1, 1.5], "texture": "#0"},
				"down": {"uv": [0, 0, 1, 1.5], "texture": "#0"}
			}
		},
		{
			"from": [22.9, 24, -1.8],
			"to": [23.9, 28.8, -0.3],
			"rotation": {"angle": 22.5, "axis": "x", "origin": [14.9, 25, -24.3]},
			"faces": {
				"north": {"uv": [0, 0, 1, 4.8], "texture": "#0"},
				"east": {"uv": [0, 0, 1.5, 4.8], "texture": "#8"},
				"south": {"uv": [0, 0, 1, 4.8], "texture": "#0"},
				"west": {"uv": [0, 0, 1.5, 4.8], "texture": "#0"},
				"up": {"uv": [0, 0, 1, 1.5], "texture": "#0"},
				"down": {"uv": [0, 0, 1, 1.5], "texture": "#0"}
			}
		},
		{
			"from": [-8.5, 2, -4],
			"to": [-8, 16.1, 19],
			"rotation": {"angle": 0, "axis": "y", "origin": [-17, 2, -7]},
			"faces": {
				"north": {"uv": [0, 0, 0.5, 14.1], "texture": "#0"},
				"east": {"uv": [0, 0, 16, 14.1], "texture": "#6"},
				"south": {"uv": [0, 0, 0.5, 14.1], "texture": "#0"},
				"west": {"uv": [0, 0, 16, 14.1], "texture": "#0"},
				"up": {"uv": [0, 0, 0.5, 16], "texture": "#0"},
				"down": {"uv": [0, 0, 0.5, 16], "texture": "#0"}
			}
		},
		{
			"from": [-8.5, 2, -4.5],
			"to": [-8, 16.1, -4],
			"rotation": {"angle": 0, "axis": "y", "origin": [-17, 2, -7]},
			"faces": {
				"north": {"uv": [13.5, 0, 14, 14.1], "texture": "#5"},
				"east": {"uv": [8, 0, 8.5, 14.1], "texture": "#5"},
				"south": {"uv": [7, 0, 7.5, 14.1], "texture": "#5"},
				"west": {"uv": [2, 0, 2.5, 14.1], "texture": "#5"},
				"up": {"uv": [8, 4, 8.5, 4.5], "texture": "#5"},
				"down": {"uv": [5, 3, 4.5, 3.5], "texture": "#5"}
			}
		},
		{
			"from": [-8.5, 1.5, -4.5],
			"to": [24.5, 2.1, -4],
			"rotation": {"angle": 0, "axis": "y", "origin": [-17, 1.5, -7]},
			"faces": {
				"north": {"uv": [13.5, 0, 14, 14.1], "texture": "#5"},
				"east": {"uv": [8, 0, 8.5, 14.1], "texture": "#5"},
				"south": {"uv": [7, 0, 7.5, 14.1], "texture": "#5"},
				"west": {"uv": [2, 0, 2.5, 14.1], "texture": "#5"},
				"up": {"uv": [8, 4, 8.5, 4.5], "texture": "#5"},
				"down": {"uv": [5, 3, 4.5, 3.5], "texture": "#5"}
			}
		},
		{
			"from": [-8.5, 1.5, 19.5],
			"to": [24.5, 2.1, 20],
			"rotation": {"angle": 0, "axis": "y", "origin": [-17, 1.5, 17]},
			"faces": {
				"north": {"uv": [13.5, 0, 14, 14.1], "texture": "#5"},
				"east": {"uv": [8, 0, 8.5, 14.1], "texture": "#5"},
				"south": {"uv": [7, 0, 7.5, 14.1], "texture": "#5"},
				"west": {"uv": [2, 0, 2.5, 14.1], "texture": "#5"},
				"up": {"uv": [8, 4, 8.5, 4.5], "texture": "#5"},
				"down": {"uv": [5, 3, 4.5, 3.5], "texture": "#5"}
			}
		},
		{
			"from": [-8.5, 15.5, 19.4],
			"to": [24.5, 16.1, 19.9],
			"rotation": {"angle": 0, "axis": "y", "origin": [-17, 15.5, 16.9]},
			"faces": {
				"north": {"uv": [13.5, 0, 14, 14.1], "texture": "#5"},
				"east": {"uv": [8, 0, 8.5, 14.1], "texture": "#5"},
				"south": {"uv": [7, 0, 7.5, 14.1], "texture": "#5"},
				"west": {"uv": [2, 0, 2.5, 14.1], "texture": "#5"},
				"up": {"uv": [8, 4, 8.5, 4.5], "texture": "#5"},
				"down": {"uv": [5, 3, 4.5, 3.5], "texture": "#5"}
			}
		},
		{
			"from": [-8.5, 22.4, 16.6],
			"to": [24.5, 23, 17.1],
			"rotation": {"angle": 0, "axis": "y", "origin": [-17, 22.4, 14.1]},
			"faces": {
				"north": {"uv": [13.5, 0, 14, 14.1], "texture": "#5"},
				"east": {"uv": [8, 0, 8.5, 14.1], "texture": "#5"},
				"south": {"uv": [7, 0, 7.5, 14.1], "texture": "#5"},
				"west": {"uv": [2, 0, 2.5, 14.1], "texture": "#5"},
				"up": {"uv": [8, 4, 8.5, 4.5], "texture": "#5"},
				"down": {"uv": [5, 3, 4.5, 3.5], "texture": "#5"}
			}
		},
		{
			"from": [-8.5, 22.4, -1.9],
			"to": [24.5, 23, -1.4],
			"rotation": {"angle": 0, "axis": "y", "origin": [-17, 22.4, -4.4]},
			"faces": {
				"north": {"uv": [13.5, 0, 14, 14.1], "texture": "#5"},
				"east": {"uv": [8, 0, 8.5, 14.1], "texture": "#5"},
				"south": {"uv": [7, 0, 7.5, 14.1], "texture": "#5"},
				"west": {"uv": [2, 0, 2.5, 14.1], "texture": "#5"},
				"up": {"uv": [8, 4, 8.5, 4.5], "texture": "#5"},
				"down": {"uv": [5, 3, 4.5, 3.5], "texture": "#5"}
			}
		},
		{
			"from": [-8.5, 15.7, -4.7],
			"to": [24.5, 16.3, -4.2],
			"rotation": {"angle": 0, "axis": "y", "origin": [-17, 15.7, -7.2]},
			"faces": {
				"north": {"uv": [13.5, 0, 14, 14.1], "texture": "#5"},
				"east": {"uv": [8, 0, 8.5, 14.1], "texture": "#5"},
				"south": {"uv": [7, 0, 7.5, 14.1], "texture": "#5"},
				"west": {"uv": [2, 0, 2.5, 14.1], "texture": "#5"},
				"up": {"uv": [8, 4, 8.5, 4.5], "texture": "#5"},
				"down": {"uv": [5, 3, 4.5, 3.5], "texture": "#5"}
			}
		},
		{
			"from": [-8.5, 2, 19.1],
			"to": [-8, 16.1, 19.6],
			"rotation": {"angle": 0, "axis": "y", "origin": [-17, 2, 16.6]},
			"faces": {
				"north": {"uv": [13.5, 0, 14, 14.1], "texture": "#5"},
				"east": {"uv": [8, 0, 8.5, 14.1], "texture": "#5"},
				"south": {"uv": [7, 0, 7.5, 14.1], "texture": "#5"},
				"west": {"uv": [2, 0, 2.5, 14.1], "texture": "#5"},
				"up": {"uv": [8, 4, 8.5, 4.5], "texture": "#5"},
				"down": {"uv": [5, 3, 4.5, 3.5], "texture": "#5"}
			}
		},
		{
			"from": [-8.5, 22.5, -1.6],
			"to": [-8, 23, 16.9],
			"rotation": {"angle": 0, "axis": "y", "origin": [-17, 25.5, -1.6]},
			"faces": {
				"north": {"uv": [5, 3, 4.5, 3.5], "rotation": 180, "texture": "#5"},
				"east": {"uv": [8, 0, 8.5, 14.1], "rotation": 270, "texture": "#5"},
				"south": {"uv": [8, 4, 8.5, 4.5], "texture": "#5"},
				"west": {"uv": [2, 0, 2.5, 14.1], "rotation": 90, "texture": "#5"},
				"up": {"uv": [13.5, 0, 14, 14.1], "rotation": 180, "texture": "#5"},
				"down": {"uv": [7, 0, 7.5, 14.1], "texture": "#5"}
			}
		},
		{
			"from": [-8.5, 16, -4.1],
			"to": [-8, 16.5, 19.4],
			"rotation": {"angle": 0, "axis": "y", "origin": [-17, 19, -1.6]},
			"faces": {
				"north": {"uv": [5, 3, 4.5, 3.5], "rotation": 180, "texture": "#5"},
				"east": {"uv": [8, 0, 8.5, 14.1], "rotation": 270, "texture": "#5"},
				"south": {"uv": [8, 4, 8.5, 4.5], "texture": "#5"},
				"west": {"uv": [2, 0, 2.5, 14.1], "rotation": 90, "texture": "#5"},
				"up": {"uv": [13.5, 0, 14, 14.1], "rotation": 180, "texture": "#5"},
				"down": {"uv": [7, 0, 7.5, 14.1], "texture": "#5"}
			}
		},
		{
			"from": [-8.5, 1.5, -4.1],
			"to": [-8, 2, 19.4],
			"rotation": {"angle": 0, "axis": "y", "origin": [-17, 4.5, -1.6]},
			"faces": {
				"north": {"uv": [5, 3, 4.5, 3.5], "rotation": 180, "texture": "#5"},
				"east": {"uv": [8, 0, 8.5, 14.1], "rotation": 270, "texture": "#5"},
				"south": {"uv": [8, 4, 8.5, 4.5], "texture": "#5"},
				"west": {"uv": [2, 0, 2.5, 14.1], "rotation": 90, "texture": "#5"},
				"up": {"uv": [13.5, 0, 14, 14.1], "rotation": 180, "texture": "#5"},
				"down": {"uv": [7, 0, 7.5, 14.1], "texture": "#5"}
			}
		},
		{
			"from": [-8.5, 17.1, -4.4],
			"to": [-8, 24.1, -3.9],
			"rotation": {"angle": 22.5, "axis": "x", "origin": [-17, 17, -6.9]},
			"faces": {
				"north": {"uv": [13.5, 0, 14, 14.1], "texture": "#5"},
				"east": {"uv": [8, 0, 8.5, 14.1], "texture": "#5"},
				"south": {"uv": [7, 0, 7.5, 14.1], "texture": "#5"},
				"west": {"uv": [2, 0, 2.5, 14.1], "texture": "#5"},
				"up": {"uv": [8, 4, 8.5, 4.5], "texture": "#5"},
				"down": {"uv": [5, 3, 4.5, 3.5], "texture": "#5"}
			}
		},
		{
			"from": [-8.5, 15, 19.4],
			"to": [-8, 22, 19.9],
			"rotation": {"angle": -22.5, "axis": "x", "origin": [-17, 14.9, 16.9]},
			"faces": {
				"north": {"uv": [13.5, 0, 14, 14.1], "texture": "#5"},
				"east": {"uv": [8, 0, 8.5, 14.1], "texture": "#5"},
				"south": {"uv": [7, 0, 7.5, 14.1], "texture": "#5"},
				"west": {"uv": [2, 0, 2.5, 14.1], "texture": "#5"},
				"up": {"uv": [8, 4, 8.5, 4.5], "texture": "#5"},
				"down": {"uv": [5, 3, 4.5, 3.5], "texture": "#5"}
			}
		},
		{
			"from": [24, 2, -4.5],
			"to": [24.5, 16.1, -4],
			"rotation": {"angle": 0, "axis": "y", "origin": [15.5, 2, -7]},
			"faces": {
				"north": {"uv": [13.5, 0, 14, 14.1], "texture": "#5"},
				"east": {"uv": [8, 0, 8.5, 14.1], "texture": "#5"},
				"south": {"uv": [7, 0, 7.5, 14.1], "texture": "#5"},
				"west": {"uv": [2, 0, 2.5, 14.1], "texture": "#5"},
				"up": {"uv": [8, 4, 8.5, 4.5], "texture": "#5"},
				"down": {"uv": [5, 3, 4.5, 3.5], "texture": "#5"}
			}
		},
		{
			"from": [24, 17.1, -4.4],
			"to": [24.5, 24.1, -3.9],
			"rotation": {"angle": 22.5, "axis": "x", "origin": [15.5, 17, -6.9]},
			"faces": {
				"north": {"uv": [13.5, 0, 14, 14.1], "texture": "#5"},
				"east": {"uv": [8, 0, 8.5, 14.1], "texture": "#5"},
				"south": {"uv": [7, 0, 7.5, 14.1], "texture": "#5"},
				"west": {"uv": [2, 0, 2.5, 14.1], "texture": "#5"},
				"up": {"uv": [8, 4, 8.5, 4.5], "texture": "#5"},
				"down": {"uv": [5, 3, 4.5, 3.5], "texture": "#5"}
			}
		},
		{
			"from": [24, 22.5, -1.6],
			"to": [24.5, 23, 16.9],
			"rotation": {"angle": 0, "axis": "y", "origin": [15.5, 25.5, -1.6]},
			"faces": {
				"north": {"uv": [5, 3, 4.5, 3.5], "rotation": 180, "texture": "#5"},
				"east": {"uv": [8, 0, 8.5, 14.1], "rotation": 270, "texture": "#5"},
				"south": {"uv": [8, 4, 8.5, 4.5], "texture": "#5"},
				"west": {"uv": [2, 0, 2.5, 14.1], "rotation": 90, "texture": "#5"},
				"up": {"uv": [13.5, 0, 14, 14.1], "rotation": 180, "texture": "#5"},
				"down": {"uv": [7, 0, 7.5, 14.1], "texture": "#5"}
			}
		},
		{
			"from": [24, 16, -4.1],
			"to": [24.5, 16.5, 19.4],
			"rotation": {"angle": 0, "axis": "y", "origin": [15.5, 19, -1.6]},
			"faces": {
				"north": {"uv": [5, 3, 4.5, 3.5], "rotation": 180, "texture": "#5"},
				"east": {"uv": [8, 0, 8.5, 14.1], "rotation": 270, "texture": "#5"},
				"south": {"uv": [8, 4, 8.5, 4.5], "texture": "#5"},
				"west": {"uv": [2, 0, 2.5, 14.1], "rotation": 90, "texture": "#5"},
				"up": {"uv": [13.5, 0, 14, 14.1], "rotation": 180, "texture": "#5"},
				"down": {"uv": [7, 0, 7.5, 14.1], "texture": "#5"}
			}
		},
		{
			"from": [24, 15, 19.4],
			"to": [24.5, 22, 19.9],
			"rotation": {"angle": -22.5, "axis": "x", "origin": [15.5, 14.9, 16.9]},
			"faces": {
				"north": {"uv": [13.5, 0, 14, 14.1], "texture": "#5"},
				"east": {"uv": [8, 0, 8.5, 14.1], "texture": "#5"},
				"south": {"uv": [7, 0, 7.5, 14.1], "texture": "#5"},
				"west": {"uv": [2, 0, 2.5, 14.1], "texture": "#5"},
				"up": {"uv": [8, 4, 8.5, 4.5], "texture": "#5"},
				"down": {"uv": [5, 3, 4.5, 3.5], "texture": "#5"}
			}
		},
		{
			"from": [24, 2, 19.1],
			"to": [24.5, 16.1, 19.6],
			"rotation": {"angle": 0, "axis": "y", "origin": [15.5, 2, 16.6]},
			"faces": {
				"north": {"uv": [13.5, 0, 14, 14.1], "texture": "#5"},
				"east": {"uv": [8, 0, 8.5, 14.1], "texture": "#5"},
				"south": {"uv": [7, 0, 7.5, 14.1], "texture": "#5"},
				"west": {"uv": [2, 0, 2.5, 14.1], "texture": "#5"},
				"up": {"uv": [8, 4, 8.5, 4.5], "texture": "#5"},
				"down": {"uv": [5, 3, 4.5, 3.5], "texture": "#5"}
			}
		},
		{
			"from": [24, 1.5, -4.1],
			"to": [24.5, 2, 19.4],
			"rotation": {"angle": 0, "axis": "y", "origin": [15.5, 4.5, -1.6]},
			"faces": {
				"north": {"uv": [5, 3, 4.5, 3.5], "rotation": 180, "texture": "#5"},
				"east": {"uv": [8, 0, 8.5, 14.1], "rotation": 270, "texture": "#5"},
				"south": {"uv": [8, 4, 8.5, 4.5], "texture": "#5"},
				"west": {"uv": [2, 0, 2.5, 14.1], "rotation": 90, "texture": "#5"},
				"up": {"uv": [13.5, 0, 14, 14.1], "rotation": 180, "texture": "#5"},
				"down": {"uv": [7, 0, 7.5, 14.1], "texture": "#5"}
			}
		}
	],
	"display": {
		"thirdperson_righthand": {
			"rotation": [0, 90, 0],
			"translation": [0, 0.5, 0],
			"scale": [0.5, 0.5, 0.5]
		},
		"head": {
			"translation": [0, -27, 0],
			"scale": [1.7, 1.7, 1.7]
		},
		"fixed": {
			"rotation": [-90, 0, 0],
			"translation": [0, 0, -13.75],
			"scale": [1.7, 1.7, 1.7]
		}
	}
}