{
	"credit": "Made with Blockbench",
	"textures": {
		"2": "block/beehive_end",
		"4": "block/jungle_planks",
		"particle": "block/beehive_end"
	},
	"elements": [
		{
			"from": [4.6, 2.4, 4.4],
			"to": [9.6, 10.2, 14.4],
			"rotation": {"angle": 0, "axis": "y", "origin": [3.2, 0, 12.8]},
			"faces": {
				"north": {"uv": [11, 6, 13, 4], "rotation": 180, "texture": "#2"},
				"east": {"uv": [6, 1, 1, 6], "rotation": 270, "texture": "#4"},
				"south": {"uv": [11, 6, 13, 5], "texture": "#2"},
				"west": {"uv": [7, 2, 2, 7], "rotation": 90, "texture": "#4"},
				"up": {"uv": [6, 1, 1, 6], "rotation": 180, "texture": "#4"},
				"down": {"uv": [6, 1, 1, 6], "texture": "#4"}
			}
		},
		{
			"from": [4.6, 10.4, 5.4],
			"to": [5.55, 10.7, 6.4],
			"rotation": {"angle": 0, "axis": "y", "origin": [3.2, 0, 12.8]},
			"faces": {
				"north": {"uv": [11, 6, 13, 4], "rotation": 180, "texture": "#2"},
				"east": {"uv": [6, 1, 1, 6], "rotation": 270, "texture": "#2"},
				"south": {"uv": [11, 6, 13, 5], "texture": "#2"},
				"west": {"uv": [7, 2, 2, 7], "rotation": 90, "texture": "#2"},
				"up": {"uv": [15, 7, 16, 6], "rotation": 90, "texture": "#2"},
				"down": {"uv": [6, 1, 1, 6], "texture": "#2"}
			}
		},
		{
			"from": [7.6, 10.4, 9.15],
			"to": [8.55, 10.7, 9.9],
			"rotation": {"angle": 22.5, "axis": "y", "origin": [3.2, 0, 12.8]},
			"faces": {
				"north": {"uv": [11, 6, 13, 4], "rotation": 180, "texture": "#2"},
				"east": {"uv": [6, 1, 1, 6], "rotation": 270, "texture": "#2"},
				"south": {"uv": [11, 6, 13, 5], "texture": "#2"},
				"west": {"uv": [7, 2, 2, 7], "rotation": 90, "texture": "#2"},
				"up": {"uv": [15, 7, 16, 6], "rotation": 90, "texture": "#2"},
				"down": {"uv": [6, 1, 1, 6], "texture": "#2"}
			}
		},
		{
			"from": [6.6, 10.4, 5.4],
			"to": [7.55, 10.7, 6.4],
			"rotation": {"angle": 0, "axis": "y", "origin": [3.2, 0, 12.8]},
			"faces": {
				"north": {"uv": [11, 6, 13, 4], "rotation": 180, "texture": "#2"},
				"east": {"uv": [6, 1, 1, 6], "rotation": 270, "texture": "#2"},
				"south": {"uv": [11, 6, 13, 5], "texture": "#2"},
				"west": {"uv": [7, 2, 2, 7], "rotation": 90, "texture": "#2"},
				"up": {"uv": [15, 7, 16, 6], "rotation": 90, "texture": "#2"},
				"down": {"uv": [6, 1, 1, 6], "texture": "#2"}
			}
		},
		{
			"from": [7.6, 10.4, 7.15],
			"to": [8.55, 10.7, 8.15],
			"rotation": {"angle": 0, "axis": "y", "origin": [3.2, 0, 12.8]},
			"faces": {
				"north": {"uv": [11, 6, 13, 4], "rotation": 180, "texture": "#2"},
				"east": {"uv": [6, 1, 1, 6], "rotation": 270, "texture": "#2"},
				"south": {"uv": [11, 6, 13, 5], "texture": "#2"},
				"west": {"uv": [7, 2, 2, 7], "rotation": 90, "texture": "#2"},
				"up": {"uv": [15, 7, 16, 6], "rotation": 90, "texture": "#2"},
				"down": {"uv": [6, 1, 1, 6], "texture": "#2"}
			}
		},
		{
			"from": [6.6, 10.4, 9.15],
			"to": [7.55, 10.7, 10.15],
			"rotation": {"angle": 0, "axis": "y", "origin": [3.2, 0, 12.8]},
			"faces": {
				"north": {"uv": [11, 6, 13, 4], "rotation": 180, "texture": "#2"},
				"east": {"uv": [6, 1, 1, 6], "rotation": 270, "texture": "#2"},
				"south": {"uv": [11, 6, 13, 5], "texture": "#2"},
				"west": {"uv": [7, 2, 2, 7], "rotation": 90, "texture": "#2"},
				"up": {"uv": [15, 7, 16, 6], "rotation": 90, "texture": "#2"},
				"down": {"uv": [6, 1, 1, 6], "texture": "#2"}
			}
		},
		{
			"from": [10.6, 10.4, 8.15],
			"to": [11.55, 10.7, 9.15],
			"rotation": {"angle": 22.5, "axis": "y", "origin": [3.2, 0, 12.8]},
			"faces": {
				"north": {"uv": [11, 6, 13, 4], "rotation": 180, "texture": "#2"},
				"east": {"uv": [6, 1, 1, 6], "rotation": 270, "texture": "#2"},
				"south": {"uv": [11, 6, 13, 5], "texture": "#2"},
				"west": {"uv": [7, 2, 2, 7], "rotation": 90, "texture": "#2"},
				"up": {"uv": [15, 7, 16, 6], "rotation": 90, "texture": "#2"},
				"down": {"uv": [6, 1, 1, 6], "texture": "#2"}
			}
		},
		{
			"from": [6.6, 10.4, 12.15],
			"to": [7.55, 10.7, 13.15],
			"rotation": {"angle": 22.5, "axis": "y", "origin": [3.2, 0, 12.8]},
			"faces": {
				"north": {"uv": [11, 6, 13, 4], "rotation": 180, "texture": "#2"},
				"east": {"uv": [6, 1, 1, 6], "rotation": 270, "texture": "#2"},
				"south": {"uv": [11, 6, 13, 5], "texture": "#2"},
				"west": {"uv": [7, 2, 2, 7], "rotation": 90, "texture": "#2"},
				"up": {"uv": [15, 7, 16, 6], "rotation": 90, "texture": "#2"},
				"down": {"uv": [6, 1, 1, 6], "texture": "#2"}
			}
		},
		{
			"from": [7.6, 10.4, 10.15],
			"to": [8.55, 10.7, 11.15],
			"rotation": {"angle": -22.5, "axis": "y", "origin": [3.2, 0, 12.8]},
			"faces": {
				"north": {"uv": [11, 6, 13, 4], "rotation": 180, "texture": "#2"},
				"east": {"uv": [6, 1, 1, 6], "rotation": 270, "texture": "#2"},
				"south": {"uv": [11, 6, 13, 5], "texture": "#2"},
				"west": {"uv": [7, 2, 2, 7], "rotation": 90, "texture": "#2"},
				"up": {"uv": [15, 7, 16, 6], "rotation": 90, "texture": "#2"},
				"down": {"uv": [6, 1, 1, 6], "texture": "#2"}
			}
		},
		{
			"from": [7.6, 10.4, 10.15],
			"to": [8.55, 10.7, 11.15],
			"rotation": {"angle": 0, "axis": "y", "origin": [3.2, 0, 12.8]},
			"faces": {
				"north": {"uv": [11, 6, 13, 4], "rotation": 180, "texture": "#2"},
				"east": {"uv": [6, 1, 1, 6], "rotation": 270, "texture": "#2"},
				"south": {"uv": [11, 6, 13, 5], "texture": "#2"},
				"west": {"uv": [7, 2, 2, 7], "rotation": 90, "texture": "#2"},
				"up": {"uv": [15, 7, 16, 6], "rotation": 90, "texture": "#2"},
				"down": {"uv": [6, 1, 1, 6], "texture": "#2"}
			}
		},
		{
			"from": [5.6, 10.4, 12.15],
			"to": [6.3, 10.7, 12.65],
			"rotation": {"angle": 0, "axis": "y", "origin": [3.2, 0, 12.8]},
			"faces": {
				"north": {"uv": [11, 6, 13, 4], "rotation": 180, "texture": "#2"},
				"east": {"uv": [6, 1, 1, 6], "rotation": 270, "texture": "#2"},
				"south": {"uv": [11, 6, 13, 5], "texture": "#2"},
				"west": {"uv": [7, 2, 2, 7], "rotation": 90, "texture": "#2"},
				"up": {"uv": [15, 7, 16, 6], "rotation": 90, "texture": "#2"},
				"down": {"uv": [6, 1, 1, 6], "texture": "#2"}
			}
		},
		{
			"from": [4.6, 10.4, 10.15],
			"to": [5.55, 10.7, 11.15],
			"rotation": {"angle": 0, "axis": "y", "origin": [3.2, 0, 12.8]},
			"faces": {
				"north": {"uv": [11, 6, 13, 4], "rotation": 180, "texture": "#2"},
				"east": {"uv": [6, 1, 1, 6], "rotation": 270, "texture": "#2"},
				"south": {"uv": [11, 6, 13, 5], "texture": "#2"},
				"west": {"uv": [7, 2, 2, 7], "rotation": 90, "texture": "#2"},
				"up": {"uv": [15, 7, 16, 6], "rotation": 90, "texture": "#2"},
				"down": {"uv": [6, 1, 1, 6], "texture": "#2"}
			}
		},
		{
			"from": [4.6, 10.4, 8.15],
			"to": [5.55, 10.7, 8.65],
			"rotation": {"angle": 0, "axis": "y", "origin": [3.2, 0, 12.8]},
			"faces": {
				"north": {"uv": [11, 6, 13, 4], "rotation": 180, "texture": "#2"},
				"east": {"uv": [6, 1, 1, 6], "rotation": 270, "texture": "#2"},
				"south": {"uv": [11, 6, 13, 5], "texture": "#2"},
				"west": {"uv": [7, 2, 2, 7], "rotation": 90, "texture": "#2"},
				"up": {"uv": [15, 7, 16, 6], "rotation": 90, "texture": "#2"},
				"down": {"uv": [6, 1, 1, 6], "texture": "#2"}
			}
		},
		{
			"from": [4, 6.8, 4.4],
			"to": [10.2, 9.8, 14.4],
			"rotation": {"angle": 0, "axis": "y", "origin": [3.2, 0, 12.8]},
			"faces": {
				"north": {"uv": [11, 6, 13, 4], "rotation": 180, "texture": "#2"},
				"east": {"uv": [6, 1, 1, 6], "rotation": 270, "texture": "#4"},
				"south": {"uv": [11, 6, 13, 5], "texture": "#2"},
				"west": {"uv": [7, 2, 2, 7], "rotation": 90, "texture": "#4"},
				"up": {"uv": [6, 1, 1, 6], "rotation": 180, "texture": "#4"},
				"down": {"uv": [6, 1, 1, 6], "texture": "#4"}
			}
		}
	],
	"display": {
		"thirdperson_righthand": {
			"rotation": [30, 0, 0]
		},
		"thirdperson_lefthand": {
			"rotation": [30, 0, 0]
		},
		"firstperson_righthand": {
			"translation": [0, 1, 0]
		},
		"firstperson_lefthand": {
			"translation": [0, 1, 0]
		},
		"gui": {
			"rotation": [4, -31, 0],
			"translation": [2, 1, 0],
			"scale": [1.5, 1.5, 1.5]
		}
	}
}