{
	"credit": "Made with Blockbench",
	"textures": {
		"0": "block/birch_planks",
		"1": "block/gray_wool",
		"particle": "block/birch_planks"
	},
	"elements": [
		{
			"from": [3, 0, 1],
			"to": [13, 2, 15],
			"rotation": {"angle": 0, "axis": "y", "origin": [0, 0, 2]},
			"faces": {
				"north": {"uv": [10, 11, 3, 8], "rotation": 90, "texture": "#0"},
				"east": {"uv": [10, 11, 3, 8], "rotation": 90, "texture": "#0"},
				"south": {"uv": [10, 11, 3, 8], "rotation": 90, "texture": "#0"},
				"west": {"uv": [0, 0, 16, 8], "texture": "#0"},
				"up": {"uv": [10, 11, 3, 8], "rotation": 90, "texture": "#0"},
				"down": {"uv": [10, 11, 3, 8], "rotation": 90, "texture": "#0"}
			}
		},
		{
			"from": [5, 4, 4],
			"to": [11, 6, 12],
			"rotation": {"angle": 0, "axis": "y", "origin": [0, 0, 2]},
			"faces": {
				"north": {"uv": [10, 11, 3, 8], "rotation": 90, "texture": "#0"},
				"east": {"uv": [10, 11, 3, 8], "rotation": 90, "texture": "#0"},
				"south": {"uv": [10, 11, 3, 8], "rotation": 90, "texture": "#0"},
				"west": {"uv": [0, 0, 16, 8], "texture": "#0"},
				"up": {"uv": [10, 11, 3, 8], "rotation": 90, "texture": "#0"},
				"down": {"uv": [10, 11, 3, 8], "rotation": 90, "texture": "#0"}
			}
		},
		{
			"from": [4, 4, 5],
			"to": [12, 6, 11],
			"rotation": {"angle": 0, "axis": "y", "origin": [0, 0, 2]},
			"faces": {
				"north": {"uv": [10, 11, 3, 8], "rotation": 90, "texture": "#0"},
				"east": {"uv": [10, 11, 3, 8], "rotation": 90, "texture": "#0"},
				"south": {"uv": [10, 11, 3, 8], "rotation": 90, "texture": "#0"},
				"west": {"uv": [0, 0, 16, 8], "texture": "#0"},
				"up": {"uv": [10, 11, 3, 8], "rotation": 90, "texture": "#0"},
				"down": {"uv": [10, 11, 3, 8], "rotation": 90, "texture": "#0"}
			}
		},
		{
			"from": [4, 2, 5],
			"to": [12, 4, 11],
			"rotation": {"angle": 0, "axis": "y", "origin": [0, 0, 2]},
			"faces": {
				"north": {"uv": [10, 11, 3, 8], "rotation": 90, "texture": "#1"},
				"east": {"uv": [10, 11, 3, 8], "rotation": 90, "texture": "#1"},
				"south": {"uv": [10, 11, 3, 8], "rotation": 90, "texture": "#1"},
				"west": {"uv": [0, 0, 16, 8], "texture": "#1"},
				"up": {"uv": [10, 11, 3, 8], "rotation": 90, "texture": "#1"},
				"down": {"uv": [10, 11, 3, 8], "rotation": 90, "texture": "#1"}
			}
		},
		{
			"from": [5, 2, 4],
			"to": [11, 4, 12],
			"rotation": {"angle": 0, "axis": "y", "origin": [0, 0, 2]},
			"faces": {
				"north": {"uv": [10, 11, 3, 8], "rotation": 90, "texture": "#1"},
				"east": {"uv": [10, 11, 3, 8], "rotation": 90, "texture": "#1"},
				"south": {"uv": [10, 11, 3, 8], "rotation": 90, "texture": "#1"},
				"west": {"uv": [0, 0, 16, 8], "texture": "#1"},
				"up": {"uv": [10, 11, 3, 8], "rotation": 90, "texture": "#1"},
				"down": {"uv": [10, 11, 3, 8], "rotation": 90, "texture": "#1"}
			}
		},
		{
			"from": [1, 0, 3],
			"to": [15, 2, 13],
			"rotation": {"angle": 0, "axis": "y", "origin": [0, 0, 2]},
			"faces": {
				"north": {"uv": [10, 11, 3, 8], "rotation": 90, "texture": "#0"},
				"east": {"uv": [10, 11, 3, 8], "rotation": 90, "texture": "#0"},
				"south": {"uv": [10, 11, 3, 8], "rotation": 90, "texture": "#0"},
				"west": {"uv": [0, 0, 16, 8], "texture": "#0"},
				"up": {"uv": [10, 11, 3, 8], "rotation": 90, "texture": "#0"},
				"down": {"uv": [10, 11, 3, 8], "rotation": 90, "texture": "#0"}
			}
		},
		{
			"from": [2, 2, 4],
			"to": [14, 2.75, 12],
			"rotation": {"angle": 0, "axis": "y", "origin": [0, 0, 2]},
			"faces": {
				"north": {"uv": [10, 11, 3, 8], "rotation": 90, "texture": "#0"},
				"east": {"uv": [10, 11, 3, 8], "rotation": 90, "texture": "#0"},
				"south": {"uv": [10, 11, 3, 8], "rotation": 90, "texture": "#0"},
				"west": {"uv": [0, 0, 16, 8], "texture": "#0"},
				"up": {"uv": [10, 11, 3, 8], "rotation": 90, "texture": "#0"},
				"down": {"uv": [10, 11, 3, 8], "rotation": 90, "texture": "#0"}
			}
		},
		{
			"from": [4, 2, 2],
			"to": [12, 2.75, 14],
			"rotation": {"angle": 0, "axis": "y", "origin": [0, 0, 2]},
			"faces": {
				"north": {"uv": [10, 11, 3, 8], "rotation": 90, "texture": "#0"},
				"east": {"uv": [10, 11, 3, 8], "rotation": 90, "texture": "#0"},
				"south": {"uv": [10, 11, 3, 8], "rotation": 90, "texture": "#0"},
				"west": {"uv": [0, 0, 16, 8], "texture": "#0"},
				"up": {"uv": [10, 11, 3, 8], "rotation": 90, "texture": "#0"},
				"down": {"uv": [10, 11, 3, 8], "rotation": 90, "texture": "#0"}
			}
		}
	],
	"display": {
		"thirdperson_righthand": {
			"scale": [0.5, 0.5, 0.5]
		},
		"thirdperson_lefthand": {
			"scale": [0.5, 0.5, 0.5]
		},
		"ground": {
			"scale": [0.8, 0.8, 0.8]
		},
		"head": {
			"translation": [0, 14, 0],
			"scale": [1.5, 1.5, 1.5]
		}
	}
}