{
	"credit": "Made with Blockbench",
	"textures": {
		"0": "block/cyan_terracotta",
		"1": "block/red_concrete",
		"2": "block/gray_concrete",
		"5": "block/light_gray_concrete_powder",
		"6": "block/gray_wool",
		"7": "block/yellow_terracotta",
		"8": "block/white_wool",
		"particle": "block/cyan_terracotta"
	},
	"elements": [
		{
			"from": [2, 4, -8],
			"to": [8, 5, 6],
			"rotation": {"angle": 0, "axis": "y", "origin": [1, 0, -8]},
			"faces": {
				"north": {"uv": [0, 0, 7, 1], "texture": "#0"},
				"east": {"uv": [0, 0, 10, 1], "texture": "#7"},
				"south": {"uv": [0, 0, 7, 1], "texture": "#7"},
				"west": {"uv": [0, 0, 10, 1], "texture": "#7"},
				"up": {"uv": [0, 0, 7, 10], "texture": "#0"},
				"down": {"uv": [0, 0, 7, 10], "texture": "#2"}
			}
		},
		{
			"from": [3, 4, -10],
			"to": [13, 5, -8],
			"rotation": {"angle": 0, "axis": "y", "origin": [1, 0, -8]},
			"faces": {
				"north": {"uv": [0, 0, 7, 1], "texture": "#0"},
				"east": {"uv": [0, 0, 10, 1], "texture": "#7"},
				"south": {"uv": [0, 0, 7, 1], "texture": "#7"},
				"west": {"uv": [0, 0, 10, 1], "texture": "#7"},
				"up": {"uv": [0, 0, 7, 10], "texture": "#0"},
				"down": {"uv": [0, 0, 7, 10], "texture": "#2"}
			}
		},
		{
			"from": [4, 5, -12],
			"to": [12, 9, -10],
			"rotation": {"angle": 0, "axis": "y", "origin": [1, 0, -8]},
			"faces": {
				"north": {"uv": [0, 0, 7, 1], "texture": "#6"},
				"east": {"uv": [0, 0, 10, 1], "texture": "#6"},
				"south": {"uv": [0, 0, 7, 1], "texture": "#6"},
				"west": {"uv": [0, 0, 10, 1], "texture": "#6"},
				"up": {"uv": [0, 0, 5, 3], "texture": "#6"},
				"down": {"uv": [0, 0, 7, 10], "texture": "#6"}
			}
		},
		{
			"from": [4.5, 6, -13],
			"to": [11.5, 9, -12],
			"rotation": {"angle": 0, "axis": "y", "origin": [1, 0, -8]},
			"faces": {
				"north": {"uv": [0, 0, 7, 1], "texture": "#6"},
				"east": {"uv": [0, 0, 10, 1], "texture": "#6"},
				"south": {"uv": [0, 0, 7, 1], "texture": "#6"},
				"west": {"uv": [0, 0, 10, 1], "texture": "#6"},
				"up": {"uv": [0, 0, 5, 3], "texture": "#6"},
				"down": {"uv": [0, 0, 7, 10], "texture": "#6"}
			}
		},
		{
			"name": "kipp",
			"from": [1, 5, -8],
			"to": [2, 9, 1],
			"rotation": {"angle": 0, "axis": "y", "origin": [0.2, 0, -8.8]},
			"faces": {
				"north": {"uv": [5, 3, 6, 4], "texture": "#7"},
				"east": {"uv": [5, 3, 6, 4], "texture": "#5"},
				"south": {"uv": [5, 3, 6, 4], "texture": "#7"},
				"west": {"uv": [5, 3, 6, 4], "texture": "#7"},
				"up": {"uv": [0, 0, 0.75, 9], "texture": "#7"},
				"down": {"uv": [0, 0, 0.75, 9], "texture": "#7"}
			}
		},
		{
			"name": "text112",
			"from": [0.8, 8, -1.5],
			"to": [1.35, 8.5, -1],
			"rotation": {"angle": 0, "axis": "y", "origin": [-0.8, 0, 0]},
			"faces": {
				"north": {"uv": [0, 0, 0.5, 0.5], "texture": "#5"},
				"east": {"uv": [0, 0, 16, 5], "texture": "#5"},
				"south": {"uv": [0, 0, 0.5, 0.5], "texture": "#5"},
				"west": {"uv": [0, 0, 16, 5], "texture": "#5"},
				"up": {"uv": [0, 0, 16, 1], "rotation": 270, "texture": "#5"},
				"down": {"uv": [0, 0, 16, 1], "rotation": 270, "texture": "#5"}
			}
		},
		{
			"name": "text112",
			"from": [0.8, 7.5, -1],
			"to": [1.35, 8.5, -0.5],
			"rotation": {"angle": 0, "axis": "y", "origin": [-0.8, 0, 0]},
			"faces": {
				"north": {"uv": [0, 0, 0.5, 1], "texture": "#5"},
				"east": {"uv": [0, 0, 16, 5], "texture": "#5"},
				"south": {"uv": [0, 0, 0.5, 1], "texture": "#5"},
				"west": {"uv": [0, 0, 16, 5], "texture": "#5"},
				"up": {"uv": [0, 0, 16, 1], "rotation": 270, "texture": "#5"},
				"down": {"uv": [0, 0, 16, 1], "rotation": 270, "texture": "#5"}
			}
		},
		{
			"name": "text112",
			"from": [0.8, 6.5, -1],
			"to": [1.35, 7, -0.5],
			"rotation": {"angle": 0, "axis": "y", "origin": [-0.8, 0, 0]},
			"faces": {
				"north": {"uv": [0, 0, 0.5, 0.5], "texture": "#5"},
				"east": {"uv": [0, 0, 16, 5], "texture": "#5"},
				"south": {"uv": [0, 0, 0.5, 0.5], "texture": "#5"},
				"west": {"uv": [0, 0, 16, 5], "texture": "#5"},
				"up": {"uv": [0, 0, 16, 1], "rotation": 270, "texture": "#5"},
				"down": {"uv": [0, 0, 16, 1], "rotation": 270, "texture": "#5"}
			}
		},
		{
			"name": "text112",
			"from": [0.8, 6.5, -1.5],
			"to": [1.35, 7.5, -1],
			"rotation": {"angle": 0, "axis": "y", "origin": [-0.8, 0, 0]},
			"faces": {
				"north": {"uv": [0, 0, 0.5, 1], "texture": "#5"},
				"east": {"uv": [0, 0, 16, 5], "texture": "#5"},
				"south": {"uv": [0, 0, 0.5, 1], "texture": "#5"},
				"west": {"uv": [0, 0, 16, 5], "texture": "#5"},
				"up": {"uv": [0, 0, 16, 1], "rotation": 270, "texture": "#5"},
				"down": {"uv": [0, 0, 16, 1], "rotation": 270, "texture": "#5"}
			}
		},
		{
			"name": "text112",
			"from": [0.8, 7.5, -3],
			"to": [1.35, 8, -2.5],
			"rotation": {"angle": 0, "axis": "y", "origin": [-0.8, 0, 0]},
			"faces": {
				"north": {"uv": [0, 0, 0.5, 0.5], "texture": "#5"},
				"east": {"uv": [0, 0, 16, 5], "texture": "#5"},
				"south": {"uv": [0, 0, 0.5, 0.5], "texture": "#5"},
				"west": {"uv": [0, 0, 16, 5], "texture": "#5"},
				"up": {"uv": [0, 0, 16, 1], "rotation": 270, "texture": "#5"},
				"down": {"uv": [0, 0, 16, 1], "rotation": 270, "texture": "#5"}
			}
		},
		{
			"name": "text112",
			"from": [0.8, 6.5, -2.5],
			"to": [1.35, 8.5, -2],
			"rotation": {"angle": 0, "axis": "y", "origin": [-0.8, 0, 0]},
			"faces": {
				"north": {"uv": [0, 0, 0.5, 2], "texture": "#5"},
				"east": {"uv": [0, 0, 16, 5], "texture": "#5"},
				"south": {"uv": [0, 0, 0.5, 2], "texture": "#5"},
				"west": {"uv": [0, 0, 16, 5], "texture": "#5"},
				"up": {"uv": [0, 0, 16, 1], "rotation": 270, "texture": "#5"},
				"down": {"uv": [0, 0, 16, 1], "rotation": 270, "texture": "#5"}
			}
		},
		{
			"name": "text112",
			"from": [0.8, 6.5, -4],
			"to": [1.35, 8.5, -3.5],
			"rotation": {"angle": 0, "axis": "y", "origin": [-0.8, 0, 0]},
			"faces": {
				"north": {"uv": [0, 0, 0.5, 2], "texture": "#5"},
				"east": {"uv": [0, 0, 16, 5], "texture": "#5"},
				"south": {"uv": [0, 0, 0.5, 2], "texture": "#5"},
				"west": {"uv": [0, 0, 16, 5], "texture": "#5"},
				"up": {"uv": [0, 0, 16, 1], "rotation": 270, "texture": "#5"},
				"down": {"uv": [0, 0, 16, 1], "rotation": 270, "texture": "#5"}
			}
		},
		{
			"name": "text113",
			"from": [0.9, 6.25, -5],
			"to": [1.45, 8.75, 0],
			"rotation": {"angle": 0, "axis": "y", "origin": [-0.8, 0, 0]},
			"faces": {
				"north": {"uv": [0, 0, 0.5, 2], "texture": "#1"},
				"east": {"uv": [0, 0, 16, 5], "texture": "#1"},
				"south": {"uv": [0, 0, 0.5, 2], "texture": "#1"},
				"west": {"uv": [0, 0, 16, 5], "texture": "#1"},
				"up": {"uv": [0, 0, 16, 1], "rotation": 270, "texture": "#1"},
				"down": {"uv": [0, 0, 16, 1], "rotation": 270, "texture": "#1"}
			}
		},
		{
			"name": "text114",
			"from": [1.9, 7, 5],
			"to": [2.45, 9.5, 6],
			"rotation": {"angle": 0, "axis": "y", "origin": [-0.8, 0, 0]},
			"faces": {
				"north": {"uv": [0, 0, 0.5, 2], "texture": "#1"},
				"east": {"uv": [0, 0, 16, 5], "texture": "#1"},
				"south": {"uv": [0, 0, 0.5, 2], "texture": "#1"},
				"west": {"uv": [0, 0, 16, 5], "texture": "#1"},
				"up": {"uv": [0, 0, 16, 1], "rotation": 270, "texture": "#1"},
				"down": {"uv": [0, 0, 16, 1], "rotation": 270, "texture": "#1"}
			}
		},
		{
			"name": "text115",
			"from": [1.9, 7.75, 4.25],
			"to": [2.45, 8.75, 6.75],
			"rotation": {"angle": 0, "axis": "y", "origin": [-0.8, 0, 0]},
			"faces": {
				"north": {"uv": [0, 0, 0.5, 2], "texture": "#1"},
				"east": {"uv": [0, 0, 16, 5], "texture": "#1"},
				"south": {"uv": [0, 0, 0.5, 2], "texture": "#1"},
				"west": {"uv": [0, 0, 16, 5], "texture": "#1"},
				"up": {"uv": [0, 0, 16, 1], "rotation": 270, "texture": "#1"},
				"down": {"uv": [0, 0, 16, 1], "rotation": 270, "texture": "#1"}
			}
		},
		{
			"name": "text115",
			"from": [13.6, 7, 5],
			"to": [14.15, 9.5, 6],
			"rotation": {"angle": 0, "axis": "y", "origin": [-0.8, 0, 0]},
			"faces": {
				"north": {"uv": [0, 0, 0.5, 2], "texture": "#1"},
				"east": {"uv": [0, 0, 16, 5], "texture": "#1"},
				"south": {"uv": [0, 0, 0.5, 2], "texture": "#1"},
				"west": {"uv": [0, 0, 16, 5], "texture": "#1"},
				"up": {"uv": [0, 0, 16, 1], "rotation": 270, "texture": "#1"},
				"down": {"uv": [0, 0, 16, 1], "rotation": 270, "texture": "#1"}
			}
		},
		{
			"name": "text116",
			"from": [13.6, 7.75, 4.25],
			"to": [14.15, 8.75, 6.75],
			"rotation": {"angle": 0, "axis": "y", "origin": [-0.8, 0, 0]},
			"faces": {
				"north": {"uv": [0, 0, 0.5, 2], "texture": "#1"},
				"east": {"uv": [0, 0, 16, 5], "texture": "#1"},
				"south": {"uv": [0, 0, 0.5, 2], "texture": "#1"},
				"west": {"uv": [0, 0, 16, 5], "texture": "#1"},
				"up": {"uv": [0, 0, 16, 1], "rotation": 270, "texture": "#1"},
				"down": {"uv": [0, 0, 16, 1], "rotation": 270, "texture": "#1"}
			}
		},
		{
			"name": "text112",
			"from": [0.8, 7.5, -4.5],
			"to": [1.35, 8, -4],
			"rotation": {"angle": 0, "axis": "y", "origin": [-0.8, 0, 0]},
			"faces": {
				"north": {"uv": [0, 0, 0.5, 0.5], "texture": "#5"},
				"east": {"uv": [0, 0, 16, 5], "texture": "#5"},
				"south": {"uv": [0, 0, 0.5, 0.5], "texture": "#5"},
				"west": {"uv": [0, 0, 16, 5], "texture": "#5"},
				"up": {"uv": [0, 0, 16, 1], "rotation": 270, "texture": "#5"},
				"down": {"uv": [0, 0, 16, 1], "rotation": 270, "texture": "#5"}
			}
		},
		{
			"name": "text114",
			"from": [14.55, 6.25, -5],
			"to": [15.1, 8.75, 0],
			"rotation": {"angle": 0, "axis": "y", "origin": [16.8, 0, 16]},
			"faces": {
				"north": {"uv": [0, 0, 0.5, 2], "texture": "#1"},
				"east": {"uv": [0, 0, 16, 5], "texture": "#1"},
				"south": {"uv": [0, 0, 0.5, 2], "texture": "#1"},
				"west": {"uv": [0, 0, 16, 5], "texture": "#1"},
				"up": {"uv": [16, 1, 0, 0], "rotation": 270, "texture": "#1"},
				"down": {"uv": [16, 1, 0, 0], "rotation": 270, "texture": "#1"}
			}
		},
		{
			"name": "text113",
			"from": [14.65, 8, -4],
			"to": [15.2, 8.5, -3.5],
			"rotation": {"angle": 0, "axis": "y", "origin": [16.8, 0, 16]},
			"faces": {
				"north": {"uv": [0, 0, 0.5, 0.5], "texture": "#5"},
				"east": {"uv": [0, 0, 16, 5], "texture": "#5"},
				"south": {"uv": [0, 0, 0.5, 0.5], "texture": "#5"},
				"west": {"uv": [0, 0, 16, 5], "texture": "#5"},
				"up": {"uv": [16, 1, 0, 0], "rotation": 270, "texture": "#5"},
				"down": {"uv": [16, 1, 0, 0], "rotation": 270, "texture": "#5"}
			}
		},
		{
			"name": "text113",
			"from": [14.65, 7.5, -4.5],
			"to": [15.2, 8.5, -4],
			"rotation": {"angle": 0, "axis": "y", "origin": [16.8, 0, 16]},
			"faces": {
				"north": {"uv": [0, 0, 0.5, 1], "texture": "#5"},
				"east": {"uv": [0, 0, 16, 5], "texture": "#5"},
				"south": {"uv": [0, 0, 0.5, 1], "texture": "#5"},
				"west": {"uv": [0, 0, 16, 5], "texture": "#5"},
				"up": {"uv": [16, 1, 0, 0], "rotation": 270, "texture": "#5"},
				"down": {"uv": [16, 1, 0, 0], "rotation": 270, "texture": "#5"}
			}
		},
		{
			"name": "text113",
			"from": [14.65, 6.5, -4.5],
			"to": [15.2, 7, -4],
			"rotation": {"angle": 0, "axis": "y", "origin": [16.8, 0, 16]},
			"faces": {
				"north": {"uv": [0, 0, 0.5, 0.5], "texture": "#5"},
				"east": {"uv": [0, 0, 16, 5], "texture": "#5"},
				"south": {"uv": [0, 0, 0.5, 0.5], "texture": "#5"},
				"west": {"uv": [0, 0, 16, 5], "texture": "#5"},
				"up": {"uv": [16, 1, 0, 0], "rotation": 270, "texture": "#5"},
				"down": {"uv": [16, 1, 0, 0], "rotation": 270, "texture": "#5"}
			}
		},
		{
			"name": "text113",
			"from": [14.65, 6.5, -4],
			"to": [15.2, 7.5, -3.5],
			"rotation": {"angle": 0, "axis": "y", "origin": [16.8, 0, 16]},
			"faces": {
				"north": {"uv": [0, 0, 0.5, 1], "texture": "#5"},
				"east": {"uv": [0, 0, 16, 5], "texture": "#5"},
				"south": {"uv": [0, 0, 0.5, 1], "texture": "#5"},
				"west": {"uv": [0, 0, 16, 5], "texture": "#5"},
				"up": {"uv": [16, 1, 0, 0], "rotation": 270, "texture": "#5"},
				"down": {"uv": [16, 1, 0, 0], "rotation": 270, "texture": "#5"}
			}
		},
		{
			"name": "text113",
			"from": [14.65, 6.5, -3],
			"to": [15.2, 8.5, -2.5],
			"rotation": {"angle": 0, "axis": "y", "origin": [16.8, 0, 16]},
			"faces": {
				"north": {"uv": [0, 0, 0.5, 2], "texture": "#5"},
				"east": {"uv": [0, 0, 16, 5], "texture": "#5"},
				"south": {"uv": [0, 0, 0.5, 2], "texture": "#5"},
				"west": {"uv": [0, 0, 16, 5], "texture": "#5"},
				"up": {"uv": [16, 1, 0, 0], "rotation": 270, "texture": "#5"},
				"down": {"uv": [16, 1, 0, 0], "rotation": 270, "texture": "#5"}
			}
		},
		{
			"name": "text113",
			"from": [14.65, 7.5, -2.5],
			"to": [15.2, 8, -2],
			"rotation": {"angle": 0, "axis": "y", "origin": [16.8, 0, 16]},
			"faces": {
				"north": {"uv": [0, 0, 0.5, 0.5], "texture": "#5"},
				"east": {"uv": [0, 0, 16, 5], "texture": "#5"},
				"south": {"uv": [0, 0, 0.5, 0.5], "texture": "#5"},
				"west": {"uv": [0, 0, 16, 5], "texture": "#5"},
				"up": {"uv": [16, 1, 0, 0], "rotation": 270, "texture": "#5"},
				"down": {"uv": [16, 1, 0, 0], "rotation": 270, "texture": "#5"}
			}
		},
		{
			"name": "text113",
			"from": [14.65, 6.5, -1.5],
			"to": [15.2, 8.5, -1],
			"rotation": {"angle": 0, "axis": "y", "origin": [16.8, 0, 16]},
			"faces": {
				"north": {"uv": [0, 0, 0.5, 2], "texture": "#5"},
				"east": {"uv": [0, 0, 16, 5], "texture": "#5"},
				"south": {"uv": [0, 0, 0.5, 2], "texture": "#5"},
				"west": {"uv": [0, 0, 16, 5], "texture": "#5"},
				"up": {"uv": [16, 1, 0, 0], "rotation": 270, "texture": "#5"},
				"down": {"uv": [16, 1, 0, 0], "rotation": 270, "texture": "#5"}
			}
		},
		{
			"name": "text113",
			"from": [14.65, 7.5, -1],
			"to": [15.2, 8, -0.5],
			"rotation": {"angle": 0, "axis": "y", "origin": [16.8, 0, 16]},
			"faces": {
				"north": {"uv": [0, 0, 0.5, 0.5], "texture": "#5"},
				"east": {"uv": [0, 0, 16, 5], "texture": "#5"},
				"south": {"uv": [0, 0, 0.5, 0.5], "texture": "#5"},
				"west": {"uv": [0, 0, 16, 5], "texture": "#5"},
				"up": {"uv": [16, 1, 0, 0], "rotation": 270, "texture": "#5"},
				"down": {"uv": [16, 1, 0, 0], "rotation": 270, "texture": "#5"}
			}
		},
		{
			"name": "kipp",
			"from": [1, 6, -12.5],
			"to": [2, 9, -8.5],
			"rotation": {"angle": -22.5, "axis": "y", "origin": [0.2, 0, -7.8]},
			"faces": {
				"north": {"uv": [5, 3, 6, 4], "texture": "#7"},
				"east": {"uv": [5, 3, 6, 4], "texture": "#5"},
				"south": {"uv": [5, 3, 6, 4], "texture": "#7"},
				"west": {"uv": [5, 3, 6, 4], "texture": "#7"},
				"up": {"uv": [0, 0, 0.75, 9], "texture": "#7"},
				"down": {"uv": [0, 0, 0.75, 9], "texture": "#7"}
			}
		},
		{
			"name": "kipp",
			"from": [-0.9, 6, -15.5],
			"to": [0.1, 9, -12.5],
			"rotation": {"angle": -45, "axis": "y", "origin": [0.2, 0, -7.8]},
			"faces": {
				"north": {"uv": [5, 3, 6, 4], "texture": "#6"},
				"east": {"uv": [5, 3, 6, 4], "texture": "#6"},
				"south": {"uv": [5, 3, 6, 4], "texture": "#6"},
				"west": {"uv": [5, 3, 6, 4], "texture": "#6"},
				"up": {"uv": [0, 0, 0.75, 9], "texture": "#6"},
				"down": {"uv": [0, 0, 0.75, 9], "texture": "#6"}
			}
		},
		{
			"name": "kipp",
			"from": [-0.4, 5, -15.5],
			"to": [0.6, 6, -12.5],
			"rotation": {"angle": -45, "axis": "y", "origin": [0.2, 0, -7.8]},
			"faces": {
				"north": {"uv": [5, 3, 6, 4], "texture": "#7"},
				"east": {"uv": [5, 3, 6, 4], "texture": "#5"},
				"south": {"uv": [5, 3, 6, 4], "texture": "#7"},
				"west": {"uv": [5, 3, 6, 4], "texture": "#7"},
				"up": {"uv": [0, 0, 0.75, 9], "texture": "#7"},
				"down": {"uv": [0, 0, 0.75, 9], "texture": "#7"}
			}
		},
		{
			"name": "kipp",
			"from": [0.1, 4, -15.5],
			"to": [1.1, 5, -12.5],
			"rotation": {"angle": -45, "axis": "y", "origin": [0.2, 0, -7.8]},
			"faces": {
				"north": {"uv": [5, 3, 6, 4], "texture": "#7"},
				"east": {"uv": [5, 3, 6, 4], "texture": "#5"},
				"south": {"uv": [5, 3, 6, 4], "texture": "#7"},
				"west": {"uv": [5, 3, 6, 4], "texture": "#7"},
				"up": {"uv": [0, 0, 0.75, 9], "texture": "#7"},
				"down": {"uv": [0, 0, 0.75, 9], "texture": "#7"}
			}
		},
		{
			"name": "kipp",
			"from": [0.85, 3, -15.5],
			"to": [1.85, 4, -12.5],
			"rotation": {"angle": -45, "axis": "y", "origin": [0.2, 0, -7.8]},
			"faces": {
				"north": {"uv": [5, 3, 6, 4], "texture": "#7"},
				"east": {"uv": [5, 3, 6, 4], "texture": "#5"},
				"south": {"uv": [5, 3, 6, 4], "texture": "#7"},
				"west": {"uv": [5, 3, 6, 4], "texture": "#7"},
				"up": {"uv": [0, 0, 0.75, 9], "texture": "#7"},
				"down": {"uv": [0, 0, 0.75, 9], "texture": "#7"}
			}
		},
		{
			"name": "kipp",
			"from": [1.6, 2.5, -15.5],
			"to": [2.6, 3, -12.5],
			"rotation": {"angle": -45, "axis": "y", "origin": [0.2, 0.5, -7.8]},
			"faces": {
				"north": {"uv": [5, 3, 6, 4], "texture": "#7"},
				"east": {"uv": [5, 3, 6, 4], "texture": "#5"},
				"south": {"uv": [5, 3, 6, 4], "texture": "#7"},
				"west": {"uv": [5, 3, 6, 4], "texture": "#7"},
				"up": {"uv": [0, 0, 0.75, 9], "texture": "#7"},
				"down": {"uv": [0, 0, 0.75, 9], "texture": "#7"}
			}
		},
		{
			"name": "kipp",
			"from": [14.75, 2.5, -13],
			"to": [15.75, 3, -10],
			"rotation": {"angle": 45, "axis": "y", "origin": [13.8, 0.5, -4.8]},
			"faces": {
				"north": {"uv": [6, 3, 5, 4], "texture": "#7"},
				"east": {"uv": [6, 3, 5, 4], "texture": "#7"},
				"south": {"uv": [6, 3, 5, 4], "texture": "#7"},
				"west": {"uv": [6, 3, 5, 4], "texture": "#5"},
				"up": {"uv": [0.75, 0, 0, 9], "texture": "#7"},
				"down": {"uv": [0.75, 0, 0, 9], "texture": "#7"}
			}
		},
		{
			"name": "kipp",
			"from": [15.7, 6.15, -11.5],
			"to": [16.7, 9.15, -8],
			"rotation": {"angle": 45, "axis": "y", "origin": [11.05, 0, -5.8]},
			"faces": {
				"north": {"uv": [6, 3, 5, 4], "texture": "#6"},
				"east": {"uv": [6, 3, 5, 4], "texture": "#6"},
				"south": {"uv": [6, 3, 5, 4], "texture": "#6"},
				"west": {"uv": [6, 3, 5, 4], "texture": "#6"},
				"up": {"uv": [0.75, 0, 0, 9], "texture": "#6"},
				"down": {"uv": [0.75, 0, 0, 9], "texture": "#6"}
			}
		},
		{
			"name": "kipp",
			"from": [5.25, 6.1, -14.2],
			"to": [10.75, 8.1, -13.2],
			"rotation": {"angle": 0, "axis": "y", "origin": [17.8, 0, -7.8]},
			"faces": {
				"north": {"uv": [6, 3, 5, 4], "texture": "#2"},
				"east": {"uv": [6, 3, 5, 4], "texture": "#2"},
				"south": {"uv": [6, 3, 5, 4], "texture": "#2"},
				"west": {"uv": [6, 3, 5, 4], "texture": "#2"},
				"up": {"uv": [0.75, 0, 0, 9], "texture": "#2"},
				"down": {"uv": [0.75, 0, 0, 9], "texture": "#2"}
			}
		},
		{
			"name": "kipp",
			"from": [5.25, 5.1, -13.7],
			"to": [10.75, 6.1, -12.7],
			"rotation": {"angle": 0, "axis": "y", "origin": [17.8, 0, -7.8]},
			"faces": {
				"north": {"uv": [6, 3, 5, 4], "texture": "#7"},
				"east": {"uv": [6, 3, 5, 4], "texture": "#7"},
				"south": {"uv": [6, 3, 5, 4], "texture": "#7"},
				"west": {"uv": [6, 3, 5, 4], "texture": "#7"},
				"up": {"uv": [0.75, 0, 0, 9], "texture": "#7"},
				"down": {"uv": [0.75, 0, 0, 9], "texture": "#7"}
			}
		},
		{
			"name": "kipp",
			"from": [5.25, 4.1, -13.2],
			"to": [10.25, 5.1, -12.2],
			"rotation": {"angle": 0, "axis": "y", "origin": [17.8, 0, -7.8]},
			"faces": {
				"north": {"uv": [6, 3, 5, 4], "texture": "#7"},
				"east": {"uv": [6, 3, 5, 4], "texture": "#7"},
				"south": {"uv": [6, 3, 5, 4], "texture": "#7"},
				"west": {"uv": [6, 3, 5, 4], "texture": "#7"},
				"up": {"uv": [0.75, 0, 0, 9], "texture": "#7"},
				"down": {"uv": [0.75, 0, 0, 9], "texture": "#7"}
			}
		},
		{
			"name": "kipp",
			"from": [6.25, 3.1, -12.45],
			"to": [9.75, 4.1, -11.45],
			"rotation": {"angle": 0, "axis": "y", "origin": [17.8, 0, -7.8]},
			"faces": {
				"north": {"uv": [6, 3, 5, 4], "texture": "#7"},
				"east": {"uv": [6, 3, 5, 4], "texture": "#7"},
				"south": {"uv": [6, 3, 5, 4], "texture": "#7"},
				"west": {"uv": [6, 3, 5, 4], "texture": "#7"},
				"up": {"uv": [0.75, 0, 0, 9], "texture": "#7"},
				"down": {"uv": [0.75, 0, 0, 9], "texture": "#7"}
			}
		},
		{
			"name": "kipp",
			"from": [6.25, 2.6, -11.95],
			"to": [9.75, 3.6, -6.95],
			"rotation": {"angle": 0, "axis": "y", "origin": [17.8, 0, -7.8]},
			"faces": {
				"north": {"uv": [6, 3, 5, 4], "texture": "#7"},
				"east": {"uv": [6, 3, 5, 4], "texture": "#7"},
				"south": {"uv": [6, 3, 5, 4], "texture": "#7"},
				"west": {"uv": [6, 3, 5, 4], "texture": "#7"},
				"up": {"uv": [0.75, 0, 0, 9], "texture": "#7"},
				"down": {"uv": [0.75, 0, 0, 9], "texture": "#7"}
			}
		},
		{
			"name": "kipp",
			"from": [5.25, 8.1, -14.2],
			"to": [10.75, 9.1, -13.2],
			"rotation": {"angle": 0, "axis": "y", "origin": [17.8, 0, -7.8]},
			"faces": {
				"north": {"uv": [6, 3, 5, 4], "texture": "#6"},
				"east": {"uv": [6, 3, 5, 4], "texture": "#6"},
				"south": {"uv": [6, 3, 5, 4], "texture": "#6"},
				"west": {"uv": [6, 3, 5, 4], "texture": "#6"},
				"up": {"uv": [0.75, 0, 0, 9], "texture": "#6"},
				"down": {"uv": [0.75, 0, 0, 9], "texture": "#6"}
			}
		},
		{
			"name": "kipp",
			"from": [5, 13.5, -11.5],
			"to": [11, 14.25, -10.5],
			"rotation": {"angle": 0, "axis": "y", "origin": [17.8, 0, -7.8]},
			"faces": {
				"north": {"uv": [6, 3, 5, 4], "texture": "#6"},
				"east": {"uv": [6, 3, 5, 4], "texture": "#6"},
				"south": {"uv": [6, 3, 5, 4], "texture": "#6"},
				"west": {"uv": [6, 3, 5, 4], "texture": "#6"},
				"up": {"uv": [0.75, 0, 0, 9], "texture": "#6"},
				"down": {"uv": [0.75, 0, 0, 9], "texture": "#6"}
			}
		},
		{
			"name": "kipp",
			"from": [16.75, 5, -13],
			"to": [17.75, 6, -9.5],
			"rotation": {"angle": 45, "axis": "y", "origin": [13.8, 0, -4.8]},
			"faces": {
				"north": {"uv": [6, 3, 5, 4], "texture": "#7"},
				"east": {"uv": [6, 3, 5, 4], "texture": "#7"},
				"south": {"uv": [6, 3, 5, 4], "texture": "#7"},
				"west": {"uv": [6, 3, 5, 4], "texture": "#5"},
				"up": {"uv": [0.75, 0, 0, 9], "texture": "#7"},
				"down": {"uv": [0.75, 0, 0, 9], "texture": "#7"}
			}
		},
		{
			"name": "kipp",
			"from": [16.25, 4, -13],
			"to": [17.25, 5, -9.5],
			"rotation": {"angle": 45, "axis": "y", "origin": [13.8, 0, -4.8]},
			"faces": {
				"north": {"uv": [6, 3, 5, 4], "texture": "#7"},
				"east": {"uv": [6, 3, 5, 4], "texture": "#7"},
				"south": {"uv": [6, 3, 5, 4], "texture": "#7"},
				"west": {"uv": [6, 3, 5, 4], "texture": "#5"},
				"up": {"uv": [0.75, 0, 0, 9], "texture": "#7"},
				"down": {"uv": [0.75, 0, 0, 9], "texture": "#7"}
			}
		},
		{
			"name": "kipp",
			"from": [15.5, 3, -13],
			"to": [16.5, 4, -9.5],
			"rotation": {"angle": 45, "axis": "y", "origin": [13.8, 0, -4.8]},
			"faces": {
				"north": {"uv": [6, 3, 5, 4], "texture": "#7"},
				"east": {"uv": [6, 3, 5, 4], "texture": "#7"},
				"south": {"uv": [6, 3, 5, 4], "texture": "#7"},
				"west": {"uv": [6, 3, 5, 4], "texture": "#5"},
				"up": {"uv": [0.75, 0, 0, 9], "texture": "#7"},
				"down": {"uv": [0.75, 0, 0, 9], "texture": "#7"}
			}
		},
		{
			"name": "kipp",
			"from": [1.5, 5, -12],
			"to": [2.5, 6, -8.5],
			"rotation": {"angle": -22.5, "axis": "y", "origin": [0.2, 0, -7.8]},
			"faces": {
				"north": {"uv": [5, 3, 6, 4], "texture": "#7"},
				"east": {"uv": [5, 3, 6, 4], "texture": "#5"},
				"south": {"uv": [5, 3, 6, 4], "texture": "#7"},
				"west": {"uv": [5, 3, 6, 4], "texture": "#7"},
				"up": {"uv": [0, 0, 0.75, 9], "texture": "#7"},
				"down": {"uv": [0, 0, 0.75, 9], "texture": "#7"}
			}
		},
		{
			"name": "kipp",
			"from": [2, 4, -12.5],
			"to": [3, 5, -8.5],
			"rotation": {"angle": -22.5, "axis": "y", "origin": [0.2, 0, -7.8]},
			"faces": {
				"north": {"uv": [5, 3, 6, 4], "texture": "#7"},
				"east": {"uv": [5, 3, 6, 4], "texture": "#5"},
				"south": {"uv": [5, 3, 6, 4], "texture": "#7"},
				"west": {"uv": [5, 3, 6, 4], "texture": "#7"},
				"up": {"uv": [0, 0, 0.75, 9], "texture": "#7"},
				"down": {"uv": [0, 0, 0.75, 9], "texture": "#7"}
			}
		},
		{
			"name": "kipp",
			"from": [2.75, 3.25, -12],
			"to": [3.75, 4.25, -8.5],
			"rotation": {"angle": -22.5, "axis": "y", "origin": [0.2, 0, -7.8]},
			"faces": {
				"north": {"uv": [5, 3, 6, 4], "texture": "#7"},
				"east": {"uv": [5, 3, 6, 4], "texture": "#5"},
				"south": {"uv": [5, 3, 6, 4], "texture": "#7"},
				"west": {"uv": [5, 3, 6, 4], "texture": "#7"},
				"up": {"uv": [0, 0, 0.75, 9], "texture": "#7"},
				"down": {"uv": [0, 0, 0.75, 9], "texture": "#7"}
			}
		},
		{
			"name": "kipp",
			"from": [3.5, 2.25, -11.5],
			"to": [4.5, 3.25, -8.5],
			"rotation": {"angle": -22.5, "axis": "y", "origin": [0.2, 0, -7.8]},
			"faces": {
				"north": {"uv": [5, 3, 6, 4], "texture": "#7"},
				"east": {"uv": [5, 3, 6, 4], "texture": "#5"},
				"south": {"uv": [5, 3, 6, 4], "texture": "#7"},
				"west": {"uv": [5, 3, 6, 4], "texture": "#7"},
				"up": {"uv": [0, 0, 0.75, 9], "texture": "#7"},
				"down": {"uv": [0, 0, 0.75, 9], "texture": "#7"}
			}
		},
		{
			"name": "kipp",
			"from": [14.25, 6, -12.75],
			"to": [15.25, 9, -9.25],
			"rotation": {"angle": 22.5, "axis": "y", "origin": [18.05, 0, -7.8]},
			"faces": {
				"north": {"uv": [9, 3, 8, 4], "texture": "#7"},
				"east": {"uv": [6, 3, 5, 4], "texture": "#7"},
				"south": {"uv": [6, 3, 5, 4], "texture": "#7"},
				"west": {"uv": [6, 3, 5, 4], "texture": "#5"},
				"up": {"uv": [0.75, 0, 0, 9], "texture": "#7"},
				"down": {"uv": [0.75, 0, 0, 9], "texture": "#7"}
			}
		},
		{
			"name": "kipp",
			"from": [1, 9, -12.5],
			"to": [2, 9.5, -8.5],
			"rotation": {"angle": -22.5, "axis": "y", "origin": [0.2, 3, -7.8]},
			"faces": {
				"north": {"uv": [5, 3, 6, 4], "texture": "#2"},
				"east": {"uv": [5, 3, 6, 4], "texture": "#2"},
				"south": {"uv": [5, 3, 6, 4], "texture": "#2"},
				"west": {"uv": [5, 3, 6, 4], "texture": "#2"},
				"up": {"uv": [0, 0, 0.75, 9], "texture": "#2"},
				"down": {"uv": [0, 0, 0.75, 9], "texture": "#2"}
			}
		},
		{
			"name": "kipp",
			"from": [-0.9, 9, -15.5],
			"to": [0.1, 9.5, -12.5],
			"rotation": {"angle": -45, "axis": "y", "origin": [0.2, 3, -7.8]},
			"faces": {
				"north": {"uv": [5, 3, 6, 4], "texture": "#2"},
				"east": {"uv": [5, 3, 6, 4], "texture": "#2"},
				"south": {"uv": [5, 3, 6, 4], "texture": "#2"},
				"west": {"uv": [5, 3, 6, 4], "texture": "#2"},
				"up": {"uv": [0, 0, 0.75, 9], "texture": "#2"},
				"down": {"uv": [0, 0, 0.75, 9], "texture": "#2"}
			}
		},
		{
			"name": "kipp",
			"from": [14.25, 9, -13],
			"to": [15.25, 9.5, -9],
			"rotation": {"angle": 22.5, "axis": "y", "origin": [18.05, 3, -7.8]},
			"faces": {
				"north": {"uv": [9, 3, 8, 4], "texture": "#2"},
				"east": {"uv": [6, 3, 5, 4], "texture": "#2"},
				"south": {"uv": [6, 3, 5, 4], "texture": "#2"},
				"west": {"uv": [6, 3, 5, 4], "texture": "#2"},
				"up": {"uv": [0.75, 0, 0, 9], "texture": "#2"},
				"down": {"uv": [0.75, 0, 0, 9], "texture": "#2"}
			}
		},
		{
			"name": "kipp",
			"from": [17.25, 9, -13],
			"to": [18.25, 9.5, -9.5],
			"rotation": {"angle": 45, "axis": "y", "origin": [13.8, 3, -4.8]},
			"faces": {
				"north": {"uv": [6, 3, 5, 4], "texture": "#2"},
				"east": {"uv": [6, 3, 5, 4], "texture": "#2"},
				"south": {"uv": [6, 3, 5, 4], "texture": "#2"},
				"west": {"uv": [6, 3, 5, 4], "texture": "#2"},
				"up": {"uv": [0.75, 0, 0, 9], "texture": "#2"},
				"down": {"uv": [0.75, 0, 0, 9], "texture": "#2"}
			}
		},
		{
			"name": "kipp",
			"from": [2, 14.4, -10.5],
			"to": [3, 14.9, -8.5],
			"rotation": {"angle": -22.5, "axis": "y", "origin": [0.2, 9.4, -7.8]},
			"faces": {
				"north": {"uv": [5, 3, 6, 4], "texture": "#2"},
				"east": {"uv": [5, 3, 6, 4], "texture": "#2"},
				"south": {"uv": [5, 3, 6, 4], "texture": "#2"},
				"west": {"uv": [5, 3, 6, 4], "texture": "#2"},
				"up": {"uv": [0, 0, 0.75, 9], "texture": "#2"},
				"down": {"uv": [0, 0, 0.75, 9], "texture": "#2"}
			}
		},
		{
			"name": "kipp",
			"from": [2, 14.9, -8.5],
			"to": [3, 15.4, -6.5],
			"rotation": {"angle": -22.5, "axis": "y", "origin": [0.2, 9.4, -7.8]},
			"faces": {
				"north": {"uv": [5, 3, 6, 4], "texture": "#2"},
				"east": {"uv": [5, 3, 6, 4], "texture": "#2"},
				"south": {"uv": [5, 3, 6, 4], "texture": "#2"},
				"west": {"uv": [5, 3, 6, 4], "texture": "#2"},
				"up": {"uv": [0, 0, 0.75, 9], "texture": "#2"},
				"down": {"uv": [0, 0, 0.75, 9], "texture": "#2"}
			}
		},
		{
			"name": "kipp",
			"from": [0.85, 14, -14],
			"to": [1.85, 14.5, -11],
			"rotation": {"angle": -45, "axis": "y", "origin": [0.2, 9, -7.8]},
			"faces": {
				"north": {"uv": [5, 3, 6, 4], "texture": "#2"},
				"east": {"uv": [5, 3, 6, 4], "texture": "#2"},
				"south": {"uv": [5, 3, 6, 4], "texture": "#2"},
				"west": {"uv": [5, 3, 6, 4], "texture": "#2"},
				"up": {"uv": [0, 0, 0.75, 9], "texture": "#2"},
				"down": {"uv": [0, 0, 0.75, 9], "texture": "#2"}
			}
		},
		{
			"name": "kipp",
			"from": [14.9, 14, -15],
			"to": [15.9, 14.5, -12],
			"rotation": {"angle": 45, "axis": "y", "origin": [17.8, 9, -7.8]},
			"faces": {
				"north": {"uv": [6, 3, 5, 4], "texture": "#2"},
				"east": {"uv": [6, 3, 5, 4], "texture": "#2"},
				"south": {"uv": [6, 3, 5, 4], "texture": "#2"},
				"west": {"uv": [6, 3, 5, 4], "texture": "#2"},
				"up": {"uv": [0.75, 0, 0, 9], "texture": "#2"},
				"down": {"uv": [0.75, 0, 0, 9], "texture": "#2"}
			}
		},
		{
			"name": "kipp",
			"from": [13.25, 14.4, -11],
			"to": [14.25, 14.9, -9],
			"rotation": {"angle": 22.5, "axis": "y", "origin": [17.8, 9.4, -7.8]},
			"faces": {
				"north": {"uv": [9, 3, 8, 4], "texture": "#2"},
				"east": {"uv": [6, 3, 5, 4], "texture": "#2"},
				"south": {"uv": [6, 3, 5, 4], "texture": "#2"},
				"west": {"uv": [6, 3, 5, 4], "texture": "#2"},
				"up": {"uv": [0.75, 0, 0, 9], "texture": "#2"},
				"down": {"uv": [0.75, 0, 0, 9], "texture": "#2"}
			}
		},
		{
			"name": "kipp",
			"from": [13.25, 14.9, -9],
			"to": [14.25, 15.4, -7],
			"rotation": {"angle": 22.5, "axis": "y", "origin": [17.8, 9.4, -6.8]},
			"faces": {
				"north": {"uv": [9, 3, 8, 4], "texture": "#2"},
				"east": {"uv": [6, 3, 5, 4], "texture": "#2"},
				"south": {"uv": [6, 3, 5, 4], "texture": "#2"},
				"west": {"uv": [6, 3, 5, 4], "texture": "#2"},
				"up": {"uv": [0.75, 0, 0, 9], "texture": "#2"},
				"down": {"uv": [0.75, 0, 0, 9], "texture": "#2"}
			}
		},
		{
			"name": "kipp",
			"from": [13.75, 5, -12.5],
			"to": [14.75, 6, -9],
			"rotation": {"angle": 22.5, "axis": "y", "origin": [18.05, 0, -7.8]},
			"faces": {
				"north": {"uv": [9, 3, 8, 4], "texture": "#7"},
				"east": {"uv": [6, 3, 5, 4], "texture": "#7"},
				"south": {"uv": [6, 3, 5, 4], "texture": "#7"},
				"west": {"uv": [6, 3, 5, 4], "texture": "#5"},
				"up": {"uv": [0.75, 0, 0, 9], "texture": "#7"},
				"down": {"uv": [0.75, 0, 0, 9], "texture": "#7"}
			}
		},
		{
			"name": "kipp",
			"from": [13.5, 4, -13],
			"to": [14.5, 5, -9],
			"rotation": {"angle": 22.5, "axis": "y", "origin": [18.05, 0, -7.8]},
			"faces": {
				"north": {"uv": [9, 3, 8, 4], "texture": "#7"},
				"east": {"uv": [6, 3, 5, 4], "texture": "#7"},
				"south": {"uv": [6, 3, 5, 4], "texture": "#7"},
				"west": {"uv": [6, 3, 5, 4], "texture": "#5"},
				"up": {"uv": [0.75, 0, 0, 9], "texture": "#7"},
				"down": {"uv": [0.75, 0, 0, 9], "texture": "#7"}
			}
		},
		{
			"name": "kipp",
			"from": [12.75, 3.25, -12.5],
			"to": [13.75, 4.25, -9],
			"rotation": {"angle": 22.5, "axis": "y", "origin": [18.05, 0, -7.8]},
			"faces": {
				"north": {"uv": [9, 3, 8, 4], "texture": "#7"},
				"east": {"uv": [6, 3, 5, 4], "texture": "#7"},
				"south": {"uv": [6, 3, 5, 4], "texture": "#7"},
				"west": {"uv": [6, 3, 5, 4], "texture": "#5"},
				"up": {"uv": [0.75, 0, 0, 9], "texture": "#7"},
				"down": {"uv": [0.75, 0, 0, 9], "texture": "#7"}
			}
		},
		{
			"name": "kipp",
			"from": [12, 2.25, -12],
			"to": [13, 3.25, -9],
			"rotation": {"angle": 22.5, "axis": "y", "origin": [18.05, 0, -7.8]},
			"faces": {
				"north": {"uv": [9, 3, 8, 4], "texture": "#7"},
				"east": {"uv": [6, 3, 5, 4], "texture": "#7"},
				"south": {"uv": [6, 3, 5, 4], "texture": "#7"},
				"west": {"uv": [6, 3, 5, 4], "texture": "#5"},
				"up": {"uv": [0.75, 0, 0, 9], "texture": "#7"},
				"down": {"uv": [0.75, 0, 0, 9], "texture": "#7"}
			}
		},
		{
			"name": "kipp",
			"from": [-4.75, 14.25, -6],
			"to": [-3.75, 16.25, -1],
			"rotation": {"angle": -22.5, "axis": "z", "origin": [0.2, 0, -8.8]},
			"faces": {
				"north": {"uv": [5, 3, 6, 4], "texture": "#7"},
				"east": {"uv": [5, 3, 6, 4], "texture": "#5"},
				"south": {"uv": [5, 3, 6, 4], "texture": "#7"},
				"west": {"uv": [5, 3, 6, 4], "texture": "#7"},
				"up": {"uv": [0, 0, 0.75, 9], "texture": "#7"},
				"down": {"uv": [0, 0, 0.75, 9], "texture": "#7"}
			}
		},
		{
			"name": "kipp",
			"from": [2, 15, -6],
			"to": [14, 16, 5],
			"rotation": {"angle": 0, "axis": "y", "origin": [0.2, 0, -8.8]},
			"faces": {
				"north": {"uv": [5, 3, 6, 4], "texture": "#5"},
				"east": {"uv": [5, 3, 6, 4], "texture": "#5"},
				"south": {"uv": [5, 3, 6, 4], "texture": "#7"},
				"west": {"uv": [5, 3, 6, 4], "texture": "#7"},
				"up": {"uv": [0, 0, 0.75, 9], "texture": "#7"},
				"down": {"uv": [0, 0, 12, 9], "texture": "#6"}
			}
		},
		{
			"name": "kipp",
			"from": [3, 15.5, 4],
			"to": [13, 16.5, 5],
			"rotation": {"angle": 0, "axis": "y", "origin": [0.2, 0, -8.8]},
			"faces": {
				"north": {"uv": [5, 3, 6, 4], "texture": "#5"},
				"east": {"uv": [5, 3, 6, 4], "texture": "#5"},
				"south": {"uv": [5, 3, 6, 4], "texture": "#7"},
				"west": {"uv": [5, 3, 6, 4], "texture": "#7"},
				"up": {"uv": [0, 0, 0.75, 9], "texture": "#7"},
				"down": {"uv": [0, 0, 12, 9], "texture": "#6"}
			}
		},
		{
			"name": "kipp",
			"from": [3, 15, 5],
			"to": [13, 16, 7],
			"rotation": {"angle": 0, "axis": "y", "origin": [0.2, 0, -8.8]},
			"faces": {
				"north": {"uv": [5, 3, 6, 4], "texture": "#5"},
				"east": {"uv": [5, 3, 6, 4], "texture": "#5"},
				"south": {"uv": [5, 3, 6, 4], "texture": "#7"},
				"west": {"uv": [5, 3, 6, 4], "texture": "#7"},
				"up": {"uv": [0, 0, 0.75, 9], "texture": "#7"},
				"down": {"uv": [0, 0, 12, 9], "texture": "#6"}
			}
		},
		{
			"name": "kipp",
			"from": [3, 14.5, 7],
			"to": [13, 15.5, 8.5],
			"rotation": {"angle": 0, "axis": "y", "origin": [0.2, 0, -8.8]},
			"faces": {
				"north": {"uv": [5, 3, 6, 4], "texture": "#5"},
				"east": {"uv": [5, 3, 6, 4], "texture": "#5"},
				"south": {"uv": [5, 3, 6, 4], "texture": "#7"},
				"west": {"uv": [5, 3, 6, 4], "texture": "#7"},
				"up": {"uv": [0, 0, 0.75, 9], "texture": "#7"},
				"down": {"uv": [0, 0, 12, 9], "texture": "#6"}
			}
		},
		{
			"name": "kipp",
			"from": [3, 14, 8.5],
			"to": [13, 15, 11.5],
			"rotation": {"angle": 0, "axis": "y", "origin": [0.2, 0, -8.8]},
			"faces": {
				"north": {"uv": [5, 3, 6, 4], "texture": "#5"},
				"east": {"uv": [5, 3, 6, 4], "texture": "#5"},
				"south": {"uv": [5, 3, 6, 4], "texture": "#7"},
				"west": {"uv": [5, 3, 6, 4], "texture": "#7"},
				"up": {"uv": [0, 0, 0.75, 9], "texture": "#7"},
				"down": {"uv": [0, 0, 12, 9], "texture": "#6"}
			}
		},
		{
			"name": "kipp",
			"from": [5, 20.8, 4.25],
			"to": [11, 21.8, 7.25],
			"rotation": {"angle": 22.5, "axis": "x", "origin": [0.2, 0, -8.8]},
			"faces": {
				"north": {"uv": [5, 3, 6, 4], "texture": "#7"},
				"east": {"uv": [5, 3, 6, 4], "texture": "#7"},
				"south": {"uv": [5, 3, 6, 4], "texture": "#7"},
				"west": {"uv": [5, 3, 6, 4], "texture": "#7"},
				"up": {"uv": [0, 0, 0.75, 9], "texture": "#7"},
				"down": {"uv": [0, 0, 12, 9], "texture": "#7"}
			}
		},
		{
			"name": "kipp",
			"from": [2.5, 16, -6],
			"to": [13.5, 17, 4],
			"rotation": {"angle": 0, "axis": "y", "origin": [0.2, 0, -8.8]},
			"faces": {
				"north": {"uv": [5, 3, 6, 4], "texture": "#7"},
				"east": {"uv": [5, 3, 6, 4], "texture": "#5"},
				"south": {"uv": [5, 3, 6, 4], "texture": "#7"},
				"west": {"uv": [5, 3, 6, 4], "texture": "#7"},
				"up": {"uv": [0, 0, 0.75, 9], "texture": "#7"},
				"down": {"uv": [0, 0, 12, 9], "texture": "#6"}
			}
		},
		{
			"name": "kipp",
			"from": [2.5, 15, -8],
			"to": [13.5, 16.75, -6],
			"rotation": {"angle": 0, "axis": "y", "origin": [0.2, 0, -8.8]},
			"faces": {
				"north": {"uv": [5, 3, 6, 4], "texture": "#7"},
				"east": {"uv": [5, 3, 6, 4], "texture": "#7"},
				"south": {"uv": [5, 3, 6, 4], "texture": "#7"},
				"west": {"uv": [5, 3, 6, 4], "texture": "#7"},
				"up": {"uv": [0, 0, 0.75, 9], "texture": "#7"},
				"down": {"uv": [0, 0, 12, 9], "texture": "#6"}
			}
		},
		{
			"name": "kipp",
			"from": [3.5, 17, -7.5],
			"to": [12.5, 17.5, -6],
			"rotation": {"angle": 0, "axis": "y", "origin": [0.2, 0, -8.8]},
			"faces": {
				"north": {"uv": [5, 3, 6, 4], "texture": "#7"},
				"east": {"uv": [5, 3, 6, 4], "texture": "#7"},
				"south": {"uv": [5, 3, 6, 4], "texture": "#7"},
				"west": {"uv": [5, 3, 6, 4], "texture": "#7"},
				"up": {"uv": [0, 0, 0.75, 9], "texture": "#7"},
				"down": {"uv": [0, 0, 12, 9], "texture": "#7"}
			}
		},
		{
			"name": "kipp",
			"from": [3.5, 14.5, -10],
			"to": [12.5, 16.25, -8],
			"rotation": {"angle": 0, "axis": "y", "origin": [0.2, 0, -8.8]},
			"faces": {
				"north": {"uv": [5, 3, 6, 4], "texture": "#7"},
				"east": {"uv": [5, 3, 6, 4], "texture": "#7"},
				"south": {"uv": [5, 3, 6, 4], "texture": "#6"},
				"west": {"uv": [5, 3, 6, 4], "texture": "#7"},
				"up": {"uv": [0, 0, 0.75, 9], "texture": "#7"},
				"down": {"uv": [0, 0, 12, 9], "texture": "#6"}
			}
		},
		{
			"name": "kipp",
			"from": [4.5, 14, -11],
			"to": [11.5, 15.75, -9],
			"rotation": {"angle": 0, "axis": "y", "origin": [0.2, 0, -8.8]},
			"faces": {
				"north": {"uv": [5, 3, 6, 4], "texture": "#7"},
				"east": {"uv": [5, 3, 6, 4], "texture": "#7"},
				"south": {"uv": [5, 3, 6, 4], "texture": "#6"},
				"west": {"uv": [5, 3, 6, 4], "texture": "#7"},
				"up": {"uv": [0, 0, 0.75, 9], "texture": "#7"},
				"down": {"uv": [0, 0, 12, 9], "texture": "#6"}
			}
		},
		{
			"name": "kipp",
			"from": [3.5, 17, -6],
			"to": [12.5, 18, 3],
			"rotation": {"angle": 0, "axis": "y", "origin": [0.2, 0, -8.8]},
			"faces": {
				"north": {"uv": [5, 3, 6, 4], "texture": "#7"},
				"east": {"uv": [5, 3, 6, 4], "texture": "#5"},
				"south": {"uv": [5, 3, 6, 4], "texture": "#7"},
				"west": {"uv": [5, 3, 6, 4], "texture": "#7"},
				"up": {"uv": [0, 0, 0.75, 9], "texture": "#7"},
				"down": {"uv": [0, 0, 12, 9], "texture": "#6"}
			}
		},
		{
			"name": "kipp",
			"from": [4.5, 18, -4],
			"to": [11.5, 19.5, 2],
			"rotation": {"angle": 0, "axis": "y", "origin": [0.2, 0, -8.8]},
			"faces": {
				"north": {"uv": [5, 3, 6, 4], "texture": "#0"},
				"east": {"uv": [5, 3, 6, 4], "texture": "#0"},
				"south": {"uv": [5, 3, 6, 4], "texture": "#0"},
				"west": {"uv": [5, 3, 6, 4], "texture": "#0"},
				"up": {"uv": [0, 0, 0.75, 9], "texture": "#0"},
				"down": {"uv": [0, 0, 12, 9], "texture": "#0"}
			}
		},
		{
			"name": "kipp",
			"from": [-4.5, 14.25, -1],
			"to": [-3.5, 16.25, 1],
			"rotation": {"angle": -22.5, "axis": "z", "origin": [0.2, 0, -8.8]},
			"faces": {
				"north": {"uv": [5, 3, 6, 4], "texture": "#5"},
				"east": {"uv": [5, 3, 6, 4], "texture": "#5"},
				"south": {"uv": [5, 3, 6, 4], "texture": "#7"},
				"west": {"uv": [5, 3, 6, 4], "texture": "#7"},
				"up": {"uv": [0, 0, 0.75, 9], "texture": "#7"},
				"down": {"uv": [0, 0, 0.75, 9], "texture": "#7"}
			}
		},
		{
			"name": "kipp",
			"from": [-4.25, 14.25, 1],
			"to": [-3.25, 16.25, 5],
			"rotation": {"angle": -22.5, "axis": "z", "origin": [0.2, 0, -8.8]},
			"faces": {
				"north": {"uv": [5, 3, 6, 4], "texture": "#5"},
				"east": {"uv": [5, 3, 6, 4], "texture": "#5"},
				"south": {"uv": [5, 3, 6, 4], "texture": "#7"},
				"west": {"uv": [5, 3, 6, 4], "texture": "#7"},
				"up": {"uv": [0, 0, 0.75, 9], "texture": "#7"},
				"down": {"uv": [0, 0, 0.75, 9], "texture": "#7"}
			}
		},
		{
			"name": "kipp",
			"from": [1, 9, -8],
			"to": [2, 9.5, -1],
			"rotation": {"angle": 0, "axis": "y", "origin": [0.2, 0, -8.8]},
			"faces": {
				"north": {"uv": [5, 3, 6, 4], "texture": "#6"},
				"east": {"uv": [5, 3, 6, 4], "texture": "#6"},
				"south": {"uv": [5, 3, 6, 4], "texture": "#6"},
				"west": {"uv": [5, 3, 6, 4], "texture": "#6"},
				"up": {"uv": [0, 0, 0.75, 9], "texture": "#6"},
				"down": {"uv": [0, 0, 0.75, 9], "texture": "#6"}
			}
		},
		{
			"name": "kipp",
			"from": [1, 9.5, -1],
			"to": [2, 10, 1],
			"rotation": {"angle": 0, "axis": "y", "origin": [0.2, 0, -8.8]},
			"faces": {
				"north": {"uv": [5, 3, 6, 4], "texture": "#6"},
				"east": {"uv": [5, 3, 6, 4], "texture": "#6"},
				"south": {"uv": [5, 3, 6, 4], "texture": "#6"},
				"west": {"uv": [5, 3, 6, 4], "texture": "#6"},
				"up": {"uv": [0, 0, 0.75, 9], "texture": "#6"},
				"down": {"uv": [0, 0, 0.75, 9], "texture": "#6"}
			}
		},
		{
			"name": "kipp",
			"from": [1.25, 14.5, -1],
			"to": [2.25, 15, 1],
			"rotation": {"angle": 0, "axis": "y", "origin": [0.2, 0, -8.8]},
			"faces": {
				"north": {"uv": [5, 3, 6, 4], "texture": "#6"},
				"east": {"uv": [5, 3, 6, 4], "texture": "#6"},
				"south": {"uv": [5, 3, 6, 4], "texture": "#6"},
				"west": {"uv": [5, 3, 6, 4], "texture": "#6"},
				"up": {"uv": [0, 0, 0.75, 9], "texture": "#6"},
				"down": {"uv": [0, 0, 0.75, 9], "texture": "#6"}
			}
		},
		{
			"name": "kipp",
			"from": [1, 8.75, -11.75],
			"to": [2, 15, -10.75],
			"rotation": {"angle": 22.5, "axis": "x", "origin": [0.2, 0, -8.8]},
			"faces": {
				"north": {"uv": [5, 3, 6, 4], "texture": "#6"},
				"east": {"uv": [5, 3, 6, 4], "texture": "#6"},
				"south": {"uv": [5, 3, 6, 4], "texture": "#6"},
				"west": {"uv": [5, 3, 6, 4], "texture": "#6"},
				"up": {"uv": [0, 0, 0.75, 9], "texture": "#6"},
				"down": {"uv": [0, 0, 0.75, 9], "texture": "#6"}
			}
		},
		{
			"name": "kipp",
			"from": [7.5, 0.5, -16],
			"to": [8.5, 6.5, -15],
			"rotation": {"angle": 22.5, "axis": "x", "origin": [0.2, 0, 6]},
			"faces": {
				"north": {"uv": [5, 3, 6, 4], "texture": "#6"},
				"east": {"uv": [5, 3, 6, 4], "texture": "#6"},
				"south": {"uv": [5, 3, 6, 4], "texture": "#6"},
				"west": {"uv": [5, 3, 6, 4], "texture": "#6"},
				"up": {"uv": [0, 0, 0.75, 9], "texture": "#6"},
				"down": {"uv": [0, 0, 0.75, 9], "texture": "#6"}
			}
		},
		{
			"name": "kipp",
			"from": [1.5, 9.75, 3.25],
			"to": [2.5, 14.75, 4.25],
			"rotation": {"angle": 0, "axis": "y", "origin": [0.2, 0, -8.8]},
			"faces": {
				"north": {"uv": [5, 3, 6, 4], "texture": "#6"},
				"east": {"uv": [5, 3, 6, 4], "texture": "#6"},
				"south": {"uv": [5, 3, 6, 4], "texture": "#6"},
				"west": {"uv": [5, 3, 6, 4], "texture": "#6"},
				"up": {"uv": [0, 0, 0.75, 9], "texture": "#6"},
				"down": {"uv": [0, 0, 0.75, 9], "texture": "#6"}
			}
		},
		{
			"name": "kipp",
			"from": [1.5, -1, 4.25],
			"to": [2.5, 4, 5.25],
			"rotation": {"angle": -22.5, "axis": "z", "origin": [0.2, -1, -8.8]},
			"faces": {
				"north": {"uv": [5, 3, 6, 4], "texture": "#6"},
				"east": {"uv": [5, 3, 6, 4], "texture": "#6"},
				"south": {"uv": [5, 3, 6, 4], "texture": "#6"},
				"west": {"uv": [5, 3, 6, 4], "texture": "#6"},
				"up": {"uv": [0, 0, 0.75, 9], "texture": "#6"},
				"down": {"uv": [0, 0, 0.75, 9], "texture": "#6"}
			}
		},
		{
			"name": "kipp",
			"from": [1.5, -1, -8.75],
			"to": [2.5, 4, -7.75],
			"rotation": {"angle": -22.5, "axis": "z", "origin": [0.2, -1, -8.8]},
			"faces": {
				"north": {"uv": [5, 3, 6, 4], "texture": "#6"},
				"east": {"uv": [5, 3, 6, 4], "texture": "#6"},
				"south": {"uv": [5, 3, 6, 4], "texture": "#6"},
				"west": {"uv": [5, 3, 6, 4], "texture": "#6"},
				"up": {"uv": [0, 0, 0.75, 9], "texture": "#6"},
				"down": {"uv": [0, 0, 0.75, 9], "texture": "#6"}
			}
		},
		{
			"name": "kipp",
			"from": [1.5, -2, -11.75],
			"to": [2.5, -1, 8.25],
			"rotation": {"angle": 0, "axis": "y", "origin": [0.2, -1, -8.8]},
			"faces": {
				"north": {"uv": [5, 3, 6, 4], "texture": "#6"},
				"east": {"uv": [5, 3, 6, 4], "texture": "#6"},
				"south": {"uv": [5, 3, 6, 4], "texture": "#6"},
				"west": {"uv": [5, 3, 6, 4], "texture": "#6"},
				"up": {"uv": [0, 0, 0.75, 9], "texture": "#2"},
				"down": {"uv": [0, 0, 0.75, 9], "texture": "#6"}
			}
		},
		{
			"name": "kipp",
			"from": [13.5, -1, -8.75],
			"to": [14.5, 4, -7.75],
			"rotation": {"angle": 22.5, "axis": "z", "origin": [15.8, -1, -8.8]},
			"faces": {
				"north": {"uv": [6, 3, 5, 4], "texture": "#6"},
				"east": {"uv": [6, 3, 5, 4], "texture": "#6"},
				"south": {"uv": [6, 3, 5, 4], "texture": "#6"},
				"west": {"uv": [6, 3, 5, 4], "texture": "#6"},
				"up": {"uv": [0.75, 0, 0, 9], "texture": "#6"},
				"down": {"uv": [0.75, 0, 0, 9], "texture": "#6"}
			}
		},
		{
			"name": "kipp",
			"from": [13.5, -1, 4.25],
			"to": [14.5, 4, 5.25],
			"rotation": {"angle": 22.5, "axis": "z", "origin": [15.8, -1, -8.8]},
			"faces": {
				"north": {"uv": [6, 3, 5, 4], "texture": "#6"},
				"east": {"uv": [6, 3, 5, 4], "texture": "#6"},
				"south": {"uv": [6, 3, 5, 4], "texture": "#6"},
				"west": {"uv": [6, 3, 5, 4], "texture": "#6"},
				"up": {"uv": [0.75, 0, 0, 9], "texture": "#6"},
				"down": {"uv": [0.75, 0, 0, 9], "texture": "#6"}
			}
		},
		{
			"name": "kipp",
			"from": [13.5, -2, -11.75],
			"to": [14.5, -1, 8.25],
			"rotation": {"angle": 0, "axis": "y", "origin": [15.8, -1, -8.8]},
			"faces": {
				"north": {"uv": [6, 3, 5, 4], "texture": "#6"},
				"east": {"uv": [6, 3, 5, 4], "texture": "#6"},
				"south": {"uv": [6, 3, 5, 4], "texture": "#6"},
				"west": {"uv": [6, 3, 5, 4], "texture": "#6"},
				"up": {"uv": [0.75, 0, 0, 9], "texture": "#2"},
				"down": {"uv": [0.75, 0, 0, 9], "texture": "#6"}
			}
		},
		{
			"name": "kipp",
			"from": [1, 14.5, -6],
			"to": [2, 15, -1],
			"rotation": {"angle": 0, "axis": "y", "origin": [0.2, 0, -8.8]},
			"faces": {
				"north": {"uv": [5, 3, 6, 4], "texture": "#6"},
				"east": {"uv": [5, 3, 6, 4], "texture": "#6"},
				"south": {"uv": [5, 3, 6, 4], "texture": "#6"},
				"west": {"uv": [5, 3, 6, 4], "texture": "#6"},
				"up": {"uv": [0, 0, 0.75, 9], "texture": "#6"},
				"down": {"uv": [0, 0, 0.75, 9], "texture": "#6"}
			}
		},
		{
			"name": "kipp",
			"from": [1.5, 9.5, 1],
			"to": [2.5, 10, 4],
			"rotation": {"angle": 0, "axis": "y", "origin": [0.2, 0, -8.8]},
			"faces": {
				"north": {"uv": [5, 3, 6, 4], "texture": "#6"},
				"east": {"uv": [5, 3, 6, 4], "texture": "#6"},
				"south": {"uv": [5, 3, 6, 4], "texture": "#6"},
				"west": {"uv": [5, 3, 6, 4], "texture": "#6"},
				"up": {"uv": [0, 0, 0.75, 9], "texture": "#6"},
				"down": {"uv": [0, 0, 0.75, 9], "texture": "#6"}
			}
		},
		{
			"name": "kipp",
			"from": [1.5, 14.25, 1],
			"to": [2.5, 14.75, 4],
			"rotation": {"angle": 0, "axis": "y", "origin": [0.2, 0, -8.8]},
			"faces": {
				"north": {"uv": [5, 3, 6, 4], "texture": "#6"},
				"east": {"uv": [5, 3, 6, 4], "texture": "#6"},
				"south": {"uv": [5, 3, 6, 4], "texture": "#6"},
				"west": {"uv": [5, 3, 6, 4], "texture": "#6"},
				"up": {"uv": [0, 0, 0.75, 9], "texture": "#6"},
				"down": {"uv": [0, 0, 0.75, 9], "texture": "#6"}
			}
		},
		{
			"name": "kipp",
			"from": [3, 2.5, -8],
			"to": [4, 4.5, 1],
			"rotation": {"angle": 22.5, "axis": "z", "origin": [0.2, 0, -8.8]},
			"faces": {
				"north": {"uv": [5, 3, 6, 4], "texture": "#7"},
				"east": {"uv": [5, 3, 6, 4], "texture": "#5"},
				"south": {"uv": [5, 3, 6, 4], "texture": "#7"},
				"west": {"uv": [5, 3, 6, 4], "texture": "#7"},
				"up": {"uv": [0, 0, 0.75, 9], "texture": "#7"},
				"down": {"uv": [0, 0, 0.75, 9], "texture": "#7"}
			}
		},
		{
			"name": "kipp",
			"from": [4, -0.5, -8],
			"to": [5, 1.5, 1],
			"rotation": {"angle": 45, "axis": "z", "origin": [0.2, 0, -8.8]},
			"faces": {
				"north": {"uv": [5, 3, 6, 4], "texture": "#7"},
				"east": {"uv": [5, 3, 6, 4], "texture": "#5"},
				"south": {"uv": [5, 3, 6, 4], "texture": "#7"},
				"west": {"uv": [5, 3, 6, 4], "texture": "#7"},
				"up": {"uv": [0, 0, 0.75, 9], "texture": "#7"},
				"down": {"uv": [0, 0, 0.75, 9], "texture": "#7"}
			}
		},
		{
			"name": "kipp",
			"from": [1.5, 5, 1],
			"to": [2.5, 9.5, 4],
			"rotation": {"angle": 0, "axis": "y", "origin": [0.7, 0, 0.2]},
			"faces": {
				"north": {"uv": [5, 3, 6, 4], "texture": "#5"},
				"east": {"uv": [5, 3, 6, 4], "texture": "#5"},
				"south": {"uv": [5, 3, 6, 4], "texture": "#7"},
				"west": {"uv": [5, 3, 6, 4], "texture": "#7"},
				"up": {"uv": [0, 0, 0.75, 9], "texture": "#7"},
				"down": {"uv": [0, 0, 0.75, 9], "texture": "#7"}
			}
		},
		{
			"name": "kipp",
			"from": [1, 9, -1],
			"to": [2, 9.5, 1],
			"rotation": {"angle": 0, "axis": "y", "origin": [0.7, 0, 0.2]},
			"faces": {
				"north": {"uv": [5, 3, 6, 4], "texture": "#7"},
				"east": {"uv": [5, 3, 6, 4], "texture": "#5"},
				"south": {"uv": [5, 3, 6, 4], "texture": "#7"},
				"west": {"uv": [5, 3, 6, 4], "texture": "#7"},
				"up": {"uv": [0, 0, 0.75, 9], "texture": "#7"},
				"down": {"uv": [0, 0, 0.75, 9], "texture": "#7"}
			}
		},
		{
			"name": "kipp",
			"from": [3.5, 2.5, 1],
			"to": [4.5, 4.5, 4],
			"rotation": {"angle": 22.5, "axis": "z", "origin": [0.7, 0, 0.2]},
			"faces": {
				"north": {"uv": [5, 3, 6, 4], "texture": "#7"},
				"east": {"uv": [5, 3, 6, 4], "texture": "#5"},
				"south": {"uv": [5, 3, 6, 4], "texture": "#7"},
				"west": {"uv": [5, 3, 6, 4], "texture": "#7"},
				"up": {"uv": [0, 0, 0.75, 9], "texture": "#7"},
				"down": {"uv": [0, 0, 0.75, 9], "texture": "#7"}
			}
		},
		{
			"name": "kipp",
			"from": [4.5, -0.5, 1],
			"to": [5.5, 1.5, 4],
			"rotation": {"angle": 45, "axis": "z", "origin": [0.7, 0, 0.2]},
			"faces": {
				"north": {"uv": [5, 3, 6, 4], "texture": "#7"},
				"east": {"uv": [5, 3, 6, 4], "texture": "#5"},
				"south": {"uv": [5, 3, 6, 4], "texture": "#7"},
				"west": {"uv": [5, 3, 6, 4], "texture": "#7"},
				"up": {"uv": [0, 0, 0.75, 9], "texture": "#7"},
				"down": {"uv": [0, 0, 0.75, 9], "texture": "#7"}
			}
		},
		{
			"name": "kipp",
			"from": [2, 5, 4],
			"to": [13, 14, 6.2],
			"rotation": {"angle": 0, "axis": "y", "origin": [1.2, 0, 3.2]},
			"faces": {
				"north": {"uv": [5, 3, 6, 4], "texture": "#5"},
				"east": {"uv": [5, 3, 6, 4], "texture": "#5"},
				"south": {"uv": [5, 3, 6, 4], "texture": "#7"},
				"west": {"uv": [5, 3, 6, 4], "texture": "#7"},
				"up": {"uv": [0, 0, 0.75, 9], "texture": "#7"},
				"down": {"uv": [0, 0, 0.75, 9], "texture": "#7"}
			}
		},
		{
			"name": "kipp",
			"from": [2.5, 7, 6],
			"to": [3.5, 13, 8],
			"rotation": {"angle": 0, "axis": "y", "origin": [1.2, 0, 3.2]},
			"faces": {
				"north": {"uv": [5, 3, 6, 4], "texture": "#5"},
				"east": {"uv": [5, 3, 6, 4], "texture": "#5"},
				"south": {"uv": [5, 3, 6, 4], "texture": "#7"},
				"west": {"uv": [5, 3, 6, 4], "texture": "#7"},
				"up": {"uv": [0, 0, 0.75, 9], "texture": "#7"},
				"down": {"uv": [0, 0, 0.75, 9], "texture": "#7"}
			}
		},
		{
			"name": "kipp",
			"from": [2.5, 8.6, 7],
			"to": [3.5, 12.5, 9.6],
			"rotation": {"angle": 0, "axis": "y", "origin": [1.2, 0, 3.2]},
			"faces": {
				"north": {"uv": [5, 3, 6, 4], "texture": "#7"},
				"east": {"uv": [5, 3, 6, 4], "texture": "#5"},
				"south": {"uv": [5, 3, 6, 4], "texture": "#7"},
				"west": {"uv": [5, 3, 6, 4], "texture": "#7"},
				"up": {"uv": [0, 0, 0.75, 9], "texture": "#7"},
				"down": {"uv": [0, 0, 0.75, 9], "texture": "#7"}
			}
		},
		{
			"name": "kipp",
			"from": [2.25, 10.5, 6],
			"to": [3.25, 11.5, 11],
			"rotation": {"angle": 0, "axis": "y", "origin": [1.2, 0, 3.2]},
			"faces": {
				"north": {"uv": [5, 3, 6, 4], "texture": "#7"},
				"east": {"uv": [5, 3, 6, 4], "texture": "#5"},
				"south": {"uv": [5, 3, 6, 4], "texture": "#7"},
				"west": {"uv": [5, 3, 6, 4], "texture": "#7"},
				"up": {"uv": [0, 0, 0.75, 9], "texture": "#7"},
				"down": {"uv": [0, 0, 0.75, 9], "texture": "#7"}
			}
		},
		{
			"name": "kipp",
			"from": [2.25, 11.5, 6],
			"to": [3.25, 13.5, 12],
			"rotation": {"angle": 0, "axis": "y", "origin": [1.2, 0, 3.2]},
			"faces": {
				"north": {"uv": [5, 3, 6, 4], "texture": "#7"},
				"east": {"uv": [5, 3, 6, 4], "texture": "#5"},
				"south": {"uv": [5, 3, 6, 4], "texture": "#7"},
				"west": {"uv": [5, 3, 6, 4], "texture": "#7"},
				"up": {"uv": [0, 0, 0.75, 9], "texture": "#7"},
				"down": {"uv": [0, 0, 0.75, 9], "texture": "#7"}
			}
		},
		{
			"name": "kipp",
			"from": [0.25, 8.5, 12],
			"to": [2.25, 14, 17],
			"rotation": {"angle": 22.5, "axis": "y", "origin": [1.2, 0, 3.2]},
			"faces": {
				"north": {"uv": [5, 3, 6, 4], "texture": "#7"},
				"east": {"uv": [5, 3, 6, 4], "texture": "#5"},
				"south": {"uv": [5, 3, 6, 4], "texture": "#7"},
				"west": {"uv": [5, 3, 6, 4], "texture": "#7"},
				"up": {"uv": [0, 0, 0.75, 9], "texture": "#7"},
				"down": {"uv": [0, 0, 0.75, 9], "texture": "#7"}
			}
		},
		{
			"name": "kipp",
			"from": [-0.75, 11.5, 12],
			"to": [1.25, 13.5, 17],
			"rotation": {"angle": 22.5, "axis": "y", "origin": [1.2, 0, 3.2]},
			"faces": {
				"north": {"uv": [5, 3, 6, 4], "texture": "#7"},
				"east": {"uv": [5, 3, 6, 4], "texture": "#5"},
				"south": {"uv": [5, 3, 6, 4], "texture": "#7"},
				"west": {"uv": [5, 3, 6, 4], "texture": "#7"},
				"up": {"uv": [0, 0, 0.75, 9], "texture": "#7"},
				"down": {"uv": [0, 0, 0.75, 9], "texture": "#7"}
			}
		},
		{
			"name": "kipp",
			"from": [13.25, 11.5, 7],
			"to": [15.25, 13.5, 12],
			"rotation": {"angle": -22.5, "axis": "y", "origin": [1.2, 0, 3.2]},
			"faces": {
				"north": {"uv": [5, 3, 6, 4], "texture": "#7"},
				"east": {"uv": [5, 3, 6, 4], "texture": "#7"},
				"south": {"uv": [5, 3, 6, 4], "texture": "#7"},
				"west": {"uv": [5, 3, 6, 4], "texture": "#7"},
				"up": {"uv": [0, 0, 0.75, 9], "texture": "#7"},
				"down": {"uv": [0, 0, 0.75, 9], "texture": "#7"}
			}
		},
		{
			"name": "kipp",
			"from": [-3, 12.75, 6],
			"to": [-2, 14.75, 8.5],
			"rotation": {"angle": -22.5, "axis": "z", "origin": [1.2, 0, 3.2]},
			"faces": {
				"north": {"uv": [5, 3, 6, 4], "texture": "#5"},
				"east": {"uv": [5, 3, 6, 4], "texture": "#5"},
				"south": {"uv": [5, 3, 6, 4], "texture": "#7"},
				"west": {"uv": [5, 3, 6, 4], "texture": "#7"},
				"up": {"uv": [0, 0, 0.75, 9], "texture": "#7"},
				"down": {"uv": [0, 0, 0.75, 9], "texture": "#7"}
			}
		},
		{
			"name": "kipp",
			"from": [-3, 12.75, 8],
			"to": [-2, 14.25, 12],
			"rotation": {"angle": -22.5, "axis": "z", "origin": [1.2, 0, 3.2]},
			"faces": {
				"north": {"uv": [5, 3, 6, 4], "texture": "#7"},
				"east": {"uv": [5, 3, 6, 4], "texture": "#5"},
				"south": {"uv": [5, 3, 6, 4], "texture": "#7"},
				"west": {"uv": [5, 3, 6, 4], "texture": "#7"},
				"up": {"uv": [0, 0, 0.75, 9], "texture": "#7"},
				"down": {"uv": [0, 0, 0.75, 9], "texture": "#7"}
			}
		},
		{
			"name": "kipp",
			"from": [-3.5, 13.25, 4],
			"to": [-2.5, 15.25, 6.5],
			"rotation": {"angle": -22.5, "axis": "z", "origin": [1.2, 0, 3.2]},
			"faces": {
				"north": {"uv": [5, 3, 6, 4], "texture": "#5"},
				"east": {"uv": [5, 3, 6, 4], "texture": "#5"},
				"south": {"uv": [5, 3, 6, 4], "texture": "#7"},
				"west": {"uv": [5, 3, 6, 4], "texture": "#7"},
				"up": {"uv": [0, 0, 0.75, 9], "texture": "#7"},
				"down": {"uv": [0, 0, 0.75, 9], "texture": "#7"}
			}
		},
		{
			"name": "kipp",
			"from": [2.5, 4.75, 0.25],
			"to": [3.5, 15.75, 1.5],
			"rotation": {"angle": 45, "axis": "x", "origin": [1.2, 0, 3.2]},
			"faces": {
				"north": {"uv": [5, 3, 6, 4], "texture": "#5"},
				"east": {"uv": [5, 3, 6, 4], "texture": "#5"},
				"south": {"uv": [5, 3, 6, 4], "texture": "#7"},
				"west": {"uv": [5, 3, 6, 4], "texture": "#7"},
				"up": {"uv": [0, 0, 0.75, 9], "texture": "#7"},
				"down": {"uv": [0, 0, 0.75, 9], "texture": "#7"}
			}
		},
		{
			"name": "kipp",
			"from": [3, 4.75, 1.5],
			"to": [4, 15.75, 2.5],
			"rotation": {"angle": 45, "axis": "x", "origin": [1.2, 0, 3.2]},
			"faces": {
				"north": {"uv": [5, 3, 6, 4], "texture": "#7"},
				"east": {"uv": [5, 3, 6, 4], "texture": "#5"},
				"south": {"uv": [5, 3, 6, 4], "texture": "#7"},
				"west": {"uv": [5, 3, 6, 4], "texture": "#7"},
				"up": {"uv": [0, 0, 0.75, 9], "texture": "#7"},
				"down": {"uv": [0, 0, 0.75, 9], "texture": "#7"}
			}
		},
		{
			"name": "kipp",
			"from": [3.5, 4.75, 2.5],
			"to": [5, 16.75, 3.5],
			"rotation": {"angle": 45, "axis": "x", "origin": [1.2, 0, 3.2]},
			"faces": {
				"north": {"uv": [5, 3, 6, 4], "texture": "#7"},
				"east": {"uv": [5, 3, 6, 4], "texture": "#5"},
				"south": {"uv": [5, 3, 6, 4], "texture": "#7"},
				"west": {"uv": [5, 3, 6, 4], "texture": "#7"},
				"up": {"uv": [0, 0, 0.75, 9], "texture": "#7"},
				"down": {"uv": [0, 0, 0.75, 9], "texture": "#7"}
			}
		},
		{
			"name": "kipp",
			"from": [4.5, 4.75, 3.5],
			"to": [6.5, 16.75, 4.5],
			"rotation": {"angle": 45, "axis": "x", "origin": [1.2, 0, 3.2]},
			"faces": {
				"north": {"uv": [5, 3, 6, 4], "texture": "#7"},
				"east": {"uv": [5, 3, 6, 4], "texture": "#5"},
				"south": {"uv": [5, 3, 6, 4], "texture": "#7"},
				"west": {"uv": [5, 3, 6, 4], "texture": "#7"},
				"up": {"uv": [0, 0, 0.75, 9], "texture": "#7"},
				"down": {"uv": [0, 0, 0.75, 9], "texture": "#7"}
			}
		},
		{
			"name": "kipp",
			"from": [4, 2.5, 4],
			"to": [5, 4.5, 6],
			"rotation": {"angle": 22.5, "axis": "z", "origin": [1.2, 0, 3.2]},
			"faces": {
				"north": {"uv": [5, 3, 6, 4], "texture": "#7"},
				"east": {"uv": [5, 3, 6, 4], "texture": "#5"},
				"south": {"uv": [5, 3, 6, 4], "texture": "#7"},
				"west": {"uv": [5, 3, 6, 4], "texture": "#7"},
				"up": {"uv": [0, 0, 0.75, 9], "texture": "#7"},
				"down": {"uv": [0, 0, 0.75, 9], "texture": "#7"}
			}
		},
		{
			"name": "kipp",
			"from": [5, -0.5, 4],
			"to": [6, 1.5, 6],
			"rotation": {"angle": 45, "axis": "z", "origin": [1.2, 0, 3.2]},
			"faces": {
				"north": {"uv": [5, 3, 6, 4], "texture": "#7"},
				"east": {"uv": [5, 3, 6, 4], "texture": "#5"},
				"south": {"uv": [5, 3, 6, 4], "texture": "#7"},
				"west": {"uv": [5, 3, 6, 4], "texture": "#7"},
				"up": {"uv": [0, 0, 0.75, 9], "texture": "#7"},
				"down": {"uv": [0, 0, 0.75, 9], "texture": "#7"}
			}
		},
		{
			"name": "kipp",
			"from": [13.5, 5, 1],
			"to": [14.5, 9.5, 4],
			"rotation": {"angle": 0, "axis": "y", "origin": [15.3, 0, 0.2]},
			"faces": {
				"north": {"uv": [6, 3, 5, 4], "texture": "#5"},
				"east": {"uv": [6, 3, 5, 4], "texture": "#7"},
				"south": {"uv": [6, 3, 5, 4], "texture": "#7"},
				"west": {"uv": [6, 3, 5, 4], "texture": "#5"},
				"up": {"uv": [0.75, 0, 0, 9], "texture": "#7"},
				"down": {"uv": [0.75, 0, 0, 9], "texture": "#7"}
			}
		},
		{
			"name": "kipp",
			"from": [13, 5, 4],
			"to": [14, 14, 6],
			"rotation": {"angle": 0, "axis": "y", "origin": [14.8, 0, 3.2]},
			"faces": {
				"north": {"uv": [6, 3, 5, 4], "texture": "#5"},
				"east": {"uv": [6, 3, 5, 4], "texture": "#7"},
				"south": {"uv": [6, 3, 5, 4], "texture": "#7"},
				"west": {"uv": [6, 3, 5, 4], "texture": "#5"},
				"up": {"uv": [0.75, 0, 0, 9], "texture": "#7"},
				"down": {"uv": [0.75, 0, 0, 9], "texture": "#7"}
			}
		},
		{
			"name": "kipp",
			"from": [12.5, 7, 6],
			"to": [13.5, 13, 8],
			"rotation": {"angle": 0, "axis": "y", "origin": [14.8, 0, 3.2]},
			"faces": {
				"north": {"uv": [6, 3, 5, 4], "texture": "#5"},
				"east": {"uv": [6, 3, 5, 4], "texture": "#7"},
				"south": {"uv": [6, 3, 5, 4], "texture": "#7"},
				"west": {"uv": [6, 3, 5, 4], "texture": "#5"},
				"up": {"uv": [0.75, 0, 0, 9], "texture": "#7"},
				"down": {"uv": [0.75, 0, 0, 9], "texture": "#7"}
			}
		},
		{
			"name": "kipp",
			"from": [18, 12.75, 6],
			"to": [19, 14.75, 8.5],
			"rotation": {"angle": 22.5, "axis": "z", "origin": [14.8, 0, 3.2]},
			"faces": {
				"north": {"uv": [6, 3, 5, 4], "texture": "#5"},
				"east": {"uv": [6, 3, 5, 4], "texture": "#7"},
				"south": {"uv": [6, 3, 5, 4], "texture": "#7"},
				"west": {"uv": [6, 3, 5, 4], "texture": "#5"},
				"up": {"uv": [0.75, 0, 0, 9], "texture": "#7"},
				"down": {"uv": [0.75, 0, 0, 9], "texture": "#7"}
			}
		},
		{
			"name": "kipp",
			"from": [18.5, 13.25, 4],
			"to": [19.5, 15.25, 6.5],
			"rotation": {"angle": 22.5, "axis": "z", "origin": [14.8, 0, 3.2]},
			"faces": {
				"north": {"uv": [6, 3, 5, 4], "texture": "#5"},
				"east": {"uv": [6, 3, 5, 4], "texture": "#7"},
				"south": {"uv": [6, 3, 5, 4], "texture": "#7"},
				"west": {"uv": [6, 3, 5, 4], "texture": "#5"},
				"up": {"uv": [0.75, 0, 0, 9], "texture": "#7"},
				"down": {"uv": [0.75, 0, 0, 9], "texture": "#7"}
			}
		},
		{
			"name": "kipp",
			"from": [19.25, 14.25, 1],
			"to": [20.25, 16.25, 5],
			"rotation": {"angle": 22.5, "axis": "z", "origin": [15.8, 0, -8.8]},
			"faces": {
				"north": {"uv": [6, 3, 5, 4], "texture": "#5"},
				"east": {"uv": [6, 3, 5, 4], "texture": "#7"},
				"south": {"uv": [6, 3, 5, 4], "texture": "#7"},
				"west": {"uv": [6, 3, 5, 4], "texture": "#5"},
				"up": {"uv": [0.75, 0, 0, 9], "texture": "#7"},
				"down": {"uv": [0.75, 0, 0, 9], "texture": "#7"}
			}
		},
		{
			"name": "kipp",
			"from": [19.5, 14.25, -1],
			"to": [20.5, 16.25, 1],
			"rotation": {"angle": 22.5, "axis": "z", "origin": [15.8, 0, -8.8]},
			"faces": {
				"north": {"uv": [6, 3, 5, 4], "texture": "#5"},
				"east": {"uv": [6, 3, 5, 4], "texture": "#7"},
				"south": {"uv": [6, 3, 5, 4], "texture": "#7"},
				"west": {"uv": [6, 3, 5, 4], "texture": "#5"},
				"up": {"uv": [0.75, 0, 0, 9], "texture": "#7"},
				"down": {"uv": [0.75, 0, 0, 9], "texture": "#7"}
			}
		},
		{
			"name": "kipp",
			"from": [19.75, 14.25, -6],
			"to": [20.75, 16.25, -1],
			"rotation": {"angle": 22.5, "axis": "z", "origin": [15.8, 0, -8.8]},
			"faces": {
				"north": {"uv": [6, 3, 5, 4], "texture": "#7"},
				"east": {"uv": [6, 3, 5, 4], "texture": "#7"},
				"south": {"uv": [6, 3, 5, 4], "texture": "#7"},
				"west": {"uv": [6, 3, 5, 4], "texture": "#5"},
				"up": {"uv": [0.75, 0, 0, 9], "texture": "#7"},
				"down": {"uv": [0.75, 0, 0, 9], "texture": "#7"}
			}
		},
		{
			"name": "kipp",
			"from": [12.5, 4.75, 0.5],
			"to": [13.5, 15.75, 1.5],
			"rotation": {"angle": 45, "axis": "x", "origin": [14.8, 0, 3.2]},
			"faces": {
				"north": {"uv": [6, 3, 5, 4], "texture": "#5"},
				"east": {"uv": [6, 3, 5, 4], "texture": "#7"},
				"south": {"uv": [6, 3, 5, 4], "texture": "#7"},
				"west": {"uv": [6, 3, 5, 4], "texture": "#5"},
				"up": {"uv": [0.75, 0, 0, 9], "texture": "#7"},
				"down": {"uv": [0.75, 0, 0, 9], "texture": "#7"}
			}
		},
		{
			"from": [8, 4, -8],
			"to": [14, 5, 6],
			"rotation": {"angle": 0, "axis": "y", "origin": [15, 0, -8]},
			"faces": {
				"north": {"uv": [7, 0, 0, 1], "texture": "#0"},
				"east": {"uv": [10, 0, 0, 1], "texture": "#7"},
				"south": {"uv": [7, 0, 0, 1], "texture": "#7"},
				"west": {"uv": [10, 0, 0, 1], "texture": "#7"},
				"up": {"uv": [7, 0, 0, 10], "texture": "#0"},
				"down": {"uv": [7, 0, 0, 10], "texture": "#2"}
			}
		},
		{
			"from": [3.5, 2, -8],
			"to": [12.5, 3, 6],
			"rotation": {"angle": 0, "axis": "y", "origin": [15, 0, -8]},
			"faces": {
				"north": {"uv": [7, 0, 0, 1], "texture": "#7"},
				"east": {"uv": [10, 0, 0, 1], "texture": "#7"},
				"south": {"uv": [7, 0, 0, 1], "texture": "#7"},
				"west": {"uv": [10, 0, 0, 1], "texture": "#7"},
				"up": {"uv": [7, 0, 0, 10], "texture": "#7"},
				"down": {"uv": [7, 0, 0, 10], "texture": "#7"}
			}
		},
		{
			"from": [5.5, -3.5, 5.5],
			"to": [10.5, -2, 9.5],
			"rotation": {"angle": -22.5, "axis": "x", "origin": [15, 0, -8]},
			"faces": {
				"north": {"uv": [7, 0, 0, 1], "texture": "#7"},
				"east": {"uv": [10, 0, 0, 1], "texture": "#7"},
				"south": {"uv": [7, 0, 0, 1], "texture": "#7"},
				"west": {"uv": [10, 0, 0, 1], "texture": "#7"},
				"up": {"uv": [7, 0, 0, 10], "texture": "#7"},
				"down": {"uv": [7, 0, 0, 10], "texture": "#7"}
			}
		},
		{
			"from": [6.5, -9.8, 6.5],
			"to": [9.5, -8.8, 14.5],
			"rotation": {"angle": -45, "axis": "x", "origin": [15, 0, -8]},
			"faces": {
				"north": {"uv": [7, 0, 0, 1], "texture": "#7"},
				"east": {"uv": [10, 0, 0, 1], "texture": "#7"},
				"south": {"uv": [7, 0, 0, 1], "texture": "#7"},
				"west": {"uv": [10, 0, 0, 1], "texture": "#7"},
				"up": {"uv": [7, 0, 0, 10], "texture": "#7"},
				"down": {"uv": [7, 0, 0, 10], "texture": "#7"}
			}
		},
		{
			"name": "kipp",
			"from": [14, 5, -8],
			"to": [15, 9, 1],
			"rotation": {"angle": 0, "axis": "y", "origin": [15.8, 0, -8.8]},
			"faces": {
				"north": {"uv": [6, 3, 5, 4], "texture": "#7"},
				"east": {"uv": [6, 3, 5, 4], "texture": "#7"},
				"south": {"uv": [6, 3, 5, 4], "texture": "#7"},
				"west": {"uv": [6, 3, 5, 4], "texture": "#5"},
				"up": {"uv": [0.75, 0, 0, 9], "texture": "#7"},
				"down": {"uv": [0.75, 0, 0, 9], "texture": "#7"}
			}
		},
		{
			"name": "kipp",
			"from": [12, 2.5, -8],
			"to": [13, 4.5, 1],
			"rotation": {"angle": -22.5, "axis": "z", "origin": [15.8, 0, -8.8]},
			"faces": {
				"north": {"uv": [6, 3, 5, 4], "texture": "#7"},
				"east": {"uv": [6, 3, 5, 4], "texture": "#7"},
				"south": {"uv": [6, 3, 5, 4], "texture": "#7"},
				"west": {"uv": [6, 3, 5, 4], "texture": "#5"},
				"up": {"uv": [0.75, 0, 0, 9], "texture": "#7"},
				"down": {"uv": [0.75, 0, 0, 9], "texture": "#7"}
			}
		},
		{
			"name": "kipp",
			"from": [11, -0.5, -8],
			"to": [12, 1.5, 1],
			"rotation": {"angle": -45, "axis": "z", "origin": [15.8, 0, -8.8]},
			"faces": {
				"north": {"uv": [6, 3, 5, 4], "texture": "#7"},
				"east": {"uv": [6, 3, 5, 4], "texture": "#7"},
				"south": {"uv": [6, 3, 5, 4], "texture": "#7"},
				"west": {"uv": [6, 3, 5, 4], "texture": "#5"},
				"up": {"uv": [0.75, 0, 0, 9], "texture": "#7"},
				"down": {"uv": [0.75, 0, 0, 9], "texture": "#7"}
			}
		},
		{
			"name": "kipp",
			"from": [14, 9, -8],
			"to": [15, 9.5, -1],
			"rotation": {"angle": 0, "axis": "y", "origin": [15.8, 0, -8.8]},
			"faces": {
				"north": {"uv": [6, 3, 5, 4], "texture": "#6"},
				"east": {"uv": [6, 3, 5, 4], "texture": "#6"},
				"south": {"uv": [6, 3, 5, 4], "texture": "#6"},
				"west": {"uv": [6, 3, 5, 4], "texture": "#6"},
				"up": {"uv": [0.75, 0, 0, 9], "texture": "#6"},
				"down": {"uv": [0.75, 0, 0, 9], "texture": "#6"}
			}
		},
		{
			"name": "kipp",
			"from": [10.5, -0.5, 1],
			"to": [11.5, 1.5, 4],
			"rotation": {"angle": -45, "axis": "z", "origin": [15.3, 0, 0.2]},
			"faces": {
				"north": {"uv": [6, 3, 5, 4], "texture": "#7"},
				"east": {"uv": [6, 3, 5, 4], "texture": "#7"},
				"south": {"uv": [6, 3, 5, 4], "texture": "#7"},
				"west": {"uv": [6, 3, 5, 4], "texture": "#5"},
				"up": {"uv": [0.75, 0, 0, 9], "texture": "#7"},
				"down": {"uv": [0.75, 0, 0, 9], "texture": "#7"}
			}
		},
		{
			"name": "kipp",
			"from": [11.5, 2.5, 1],
			"to": [12.5, 4.5, 4],
			"rotation": {"angle": -22.5, "axis": "z", "origin": [15.3, 0, 0.2]},
			"faces": {
				"north": {"uv": [6, 3, 5, 4], "texture": "#7"},
				"east": {"uv": [6, 3, 5, 4], "texture": "#7"},
				"south": {"uv": [6, 3, 5, 4], "texture": "#7"},
				"west": {"uv": [6, 3, 5, 4], "texture": "#5"},
				"up": {"uv": [0.75, 0, 0, 9], "texture": "#7"},
				"down": {"uv": [0.75, 0, 0, 9], "texture": "#7"}
			}
		},
		{
			"name": "kipp",
			"from": [10, -0.5, 4],
			"to": [11, 1.5, 6],
			"rotation": {"angle": -45, "axis": "z", "origin": [14.8, 0, 3.2]},
			"faces": {
				"north": {"uv": [6, 3, 5, 4], "texture": "#7"},
				"east": {"uv": [6, 3, 5, 4], "texture": "#7"},
				"south": {"uv": [6, 3, 5, 4], "texture": "#7"},
				"west": {"uv": [6, 3, 5, 4], "texture": "#5"},
				"up": {"uv": [0.75, 0, 0, 9], "texture": "#7"},
				"down": {"uv": [0.75, 0, 0, 9], "texture": "#7"}
			}
		},
		{
			"name": "kipp",
			"from": [11, 2.5, 4],
			"to": [12, 4.5, 6],
			"rotation": {"angle": -22.5, "axis": "z", "origin": [14.8, 0, 3.2]},
			"faces": {
				"north": {"uv": [6, 3, 5, 4], "texture": "#7"},
				"east": {"uv": [6, 3, 5, 4], "texture": "#7"},
				"south": {"uv": [6, 3, 5, 4], "texture": "#7"},
				"west": {"uv": [6, 3, 5, 4], "texture": "#5"},
				"up": {"uv": [0.75, 0, 0, 9], "texture": "#7"},
				"down": {"uv": [0.75, 0, 0, 9], "texture": "#7"}
			}
		},
		{
			"name": "kipp",
			"from": [14, 9, -1],
			"to": [15, 9.5, 1],
			"rotation": {"angle": 0, "axis": "y", "origin": [15.3, 0, 0.2]},
			"faces": {
				"north": {"uv": [6, 3, 5, 4], "texture": "#7"},
				"east": {"uv": [6, 3, 5, 4], "texture": "#7"},
				"south": {"uv": [6, 3, 5, 4], "texture": "#7"},
				"west": {"uv": [6, 3, 5, 4], "texture": "#5"},
				"up": {"uv": [0.75, 0, 0, 9], "texture": "#7"},
				"down": {"uv": [0.75, 0, 0, 9], "texture": "#7"}
			}
		},
		{
			"name": "kipp",
			"from": [14, 9.5, -1],
			"to": [15, 10, 1],
			"rotation": {"angle": 0, "axis": "y", "origin": [15.8, 0, -8.8]},
			"faces": {
				"north": {"uv": [6, 3, 5, 4], "texture": "#6"},
				"east": {"uv": [6, 3, 5, 4], "texture": "#6"},
				"south": {"uv": [6, 3, 5, 4], "texture": "#6"},
				"west": {"uv": [6, 3, 5, 4], "texture": "#6"},
				"up": {"uv": [0.75, 0, 0, 9], "texture": "#6"},
				"down": {"uv": [0.75, 0, 0, 9], "texture": "#6"}
			}
		},
		{
			"name": "kipp",
			"from": [13.5, 9.5, 1],
			"to": [14.5, 10, 4],
			"rotation": {"angle": 0, "axis": "y", "origin": [15.8, 0, -8.8]},
			"faces": {
				"north": {"uv": [6, 3, 5, 4], "texture": "#6"},
				"east": {"uv": [6, 3, 5, 4], "texture": "#6"},
				"south": {"uv": [6, 3, 5, 4], "texture": "#6"},
				"west": {"uv": [6, 3, 5, 4], "texture": "#6"},
				"up": {"uv": [0.75, 0, 0, 9], "texture": "#6"},
				"down": {"uv": [0.75, 0, 0, 9], "texture": "#6"}
			}
		},
		{
			"name": "kipp",
			"from": [14, 8.75, -11.75],
			"to": [15, 15, -10.75],
			"rotation": {"angle": 22.5, "axis": "x", "origin": [15.8, 0, -8.8]},
			"faces": {
				"north": {"uv": [6, 3, 5, 4], "texture": "#6"},
				"east": {"uv": [6, 3, 5, 4], "texture": "#6"},
				"south": {"uv": [6, 3, 5, 4], "texture": "#6"},
				"west": {"uv": [6, 3, 5, 4], "texture": "#6"},
				"up": {"uv": [0.75, 0, 0, 9], "texture": "#6"},
				"down": {"uv": [0.75, 0, 0, 9], "texture": "#6"}
			}
		},
		{
			"name": "kipp",
			"from": [13.5, 9.75, 3.25],
			"to": [14.5, 14.75, 4.25],
			"rotation": {"angle": 0, "axis": "y", "origin": [15.8, 0, -8.8]},
			"faces": {
				"north": {"uv": [6, 3, 5, 4], "texture": "#6"},
				"east": {"uv": [6, 3, 5, 4], "texture": "#6"},
				"south": {"uv": [6, 3, 5, 4], "texture": "#6"},
				"west": {"uv": [6, 3, 5, 4], "texture": "#6"},
				"up": {"uv": [0.75, 0, 0, 9], "texture": "#6"},
				"down": {"uv": [0.75, 0, 0, 9], "texture": "#6"}
			}
		},
		{
			"name": "kipp",
			"from": [14, 14.5, -6],
			"to": [15, 15, -1],
			"rotation": {"angle": 0, "axis": "y", "origin": [15.8, 0, -8.8]},
			"faces": {
				"north": {"uv": [6, 3, 5, 4], "texture": "#6"},
				"east": {"uv": [6, 3, 5, 4], "texture": "#6"},
				"south": {"uv": [6, 3, 5, 4], "texture": "#6"},
				"west": {"uv": [6, 3, 5, 4], "texture": "#6"},
				"up": {"uv": [0.75, 0, 0, 9], "texture": "#6"},
				"down": {"uv": [0.75, 0, 0, 9], "texture": "#6"}
			}
		},
		{
			"name": "kipp",
			"from": [13.75, 14.5, -1],
			"to": [14.75, 15, 1],
			"rotation": {"angle": 0, "axis": "y", "origin": [15.8, 0, -8.8]},
			"faces": {
				"north": {"uv": [6, 3, 5, 4], "texture": "#6"},
				"east": {"uv": [6, 3, 5, 4], "texture": "#6"},
				"south": {"uv": [6, 3, 5, 4], "texture": "#6"},
				"west": {"uv": [6, 3, 5, 4], "texture": "#6"},
				"up": {"uv": [0.75, 0, 0, 9], "texture": "#6"},
				"down": {"uv": [0.75, 0, 0, 9], "texture": "#6"}
			}
		},
		{
			"name": "kipp",
			"from": [13.5, 14.25, 1],
			"to": [14.5, 14.75, 4],
			"rotation": {"angle": 0, "axis": "y", "origin": [15.8, 0, -8.8]},
			"faces": {
				"north": {"uv": [6, 3, 5, 4], "texture": "#6"},
				"east": {"uv": [6, 3, 5, 4], "texture": "#6"},
				"south": {"uv": [6, 3, 5, 4], "texture": "#6"},
				"west": {"uv": [6, 3, 5, 4], "texture": "#6"},
				"up": {"uv": [0.75, 0, 0, 9], "texture": "#6"},
				"down": {"uv": [0.75, 0, 0, 9], "texture": "#6"}
			}
		},
		{
			"name": "kipp",
			"from": [12, 4.75, 1.5],
			"to": [13, 15.75, 2.5],
			"rotation": {"angle": 45, "axis": "x", "origin": [14.8, 0, 3.2]},
			"faces": {
				"north": {"uv": [6, 3, 5, 4], "texture": "#7"},
				"east": {"uv": [6, 3, 5, 4], "texture": "#7"},
				"south": {"uv": [6, 3, 5, 4], "texture": "#7"},
				"west": {"uv": [6, 3, 5, 4], "texture": "#5"},
				"up": {"uv": [0.75, 0, 0, 9], "texture": "#7"},
				"down": {"uv": [0.75, 0, 0, 9], "texture": "#7"}
			}
		},
		{
			"name": "kipp",
			"from": [11, 4.75, 2.5],
			"to": [12.5, 16.75, 3.5],
			"rotation": {"angle": 45, "axis": "x", "origin": [14.8, 0, 3.2]},
			"faces": {
				"north": {"uv": [6, 3, 5, 4], "texture": "#7"},
				"east": {"uv": [6, 3, 5, 4], "texture": "#7"},
				"south": {"uv": [6, 3, 5, 4], "texture": "#7"},
				"west": {"uv": [6, 3, 5, 4], "texture": "#5"},
				"up": {"uv": [0.75, 0, 0, 9], "texture": "#7"},
				"down": {"uv": [0.75, 0, 0, 9], "texture": "#7"}
			}
		},
		{
			"name": "kipp",
			"from": [9.5, 4.75, 3.5],
			"to": [11.5, 16.75, 4.5],
			"rotation": {"angle": 45, "axis": "x", "origin": [14.8, 0, 3.2]},
			"faces": {
				"north": {"uv": [6, 3, 5, 4], "texture": "#7"},
				"east": {"uv": [6, 3, 5, 4], "texture": "#7"},
				"south": {"uv": [6, 3, 5, 4], "texture": "#7"},
				"west": {"uv": [6, 3, 5, 4], "texture": "#5"},
				"up": {"uv": [0.75, 0, 0, 9], "texture": "#7"},
				"down": {"uv": [0.75, 0, 0, 9], "texture": "#7"}
			}
		},
		{
			"name": "kipp",
			"from": [12.5, 8.5, 7],
			"to": [13.5, 12.5, 9.5],
			"rotation": {"angle": 0, "axis": "y", "origin": [14.8, 0, 3.2]},
			"faces": {
				"north": {"uv": [6, 3, 5, 4], "texture": "#7"},
				"east": {"uv": [6, 3, 5, 4], "texture": "#7"},
				"south": {"uv": [6, 3, 5, 4], "texture": "#7"},
				"west": {"uv": [6, 3, 5, 4], "texture": "#5"},
				"up": {"uv": [0.75, 0, 0, 9], "texture": "#7"},
				"down": {"uv": [0.75, 0, 0, 9], "texture": "#7"}
			}
		},
		{
			"name": "kipp",
			"from": [12.75, 10.5, 6],
			"to": [13.75, 11.5, 11],
			"rotation": {"angle": 0, "axis": "y", "origin": [14.8, 0, 3.2]},
			"faces": {
				"north": {"uv": [6, 3, 5, 4], "texture": "#7"},
				"east": {"uv": [6, 3, 5, 4], "texture": "#7"},
				"south": {"uv": [6, 3, 5, 4], "texture": "#7"},
				"west": {"uv": [6, 3, 5, 4], "texture": "#5"},
				"up": {"uv": [0.75, 0, 0, 9], "texture": "#7"},
				"down": {"uv": [0.75, 0, 0, 9], "texture": "#7"}
			}
		},
		{
			"name": "kipp",
			"from": [12.75, 11.5, 6],
			"to": [13.75, 13.5, 12],
			"rotation": {"angle": 0, "axis": "y", "origin": [14.8, 0, 3.2]},
			"faces": {
				"north": {"uv": [6, 3, 5, 4], "texture": "#7"},
				"east": {"uv": [6, 3, 5, 4], "texture": "#7"},
				"south": {"uv": [6, 3, 5, 4], "texture": "#7"},
				"west": {"uv": [6, 3, 5, 4], "texture": "#5"},
				"up": {"uv": [0.75, 0, 0, 9], "texture": "#7"},
				"down": {"uv": [0.75, 0, 0, 9], "texture": "#7"}
			}
		},
		{
			"name": "kipp",
			"from": [18, 12.75, 8],
			"to": [19, 14.25, 12],
			"rotation": {"angle": 22.5, "axis": "z", "origin": [14.8, 0, 3.2]},
			"faces": {
				"north": {"uv": [6, 3, 5, 4], "texture": "#7"},
				"east": {"uv": [6, 3, 5, 4], "texture": "#7"},
				"south": {"uv": [6, 3, 5, 4], "texture": "#7"},
				"west": {"uv": [6, 3, 5, 4], "texture": "#5"},
				"up": {"uv": [0.75, 0, 0, 9], "texture": "#7"},
				"down": {"uv": [0.75, 0, 0, 9], "texture": "#7"}
			}
		},
		{
			"name": "kipp",
			"from": [5.75, 9.5, 14],
			"to": [9.75, 13.5, 25],
			"rotation": {"angle": 0, "axis": "y", "origin": [14.8, 0, 3.2]},
			"faces": {
				"north": {"uv": [6, 3, 5, 4], "texture": "#7"},
				"east": {"uv": [6, 3, 5, 4], "texture": "#7"},
				"south": {"uv": [6, 3, 5, 4], "texture": "#7"},
				"west": {"uv": [6, 3, 5, 4], "texture": "#7"},
				"up": {"uv": [0.75, 0, 0, 9], "texture": "#7"},
				"down": {"uv": [0.75, 0, 0, 9], "texture": "#7"}
			}
		},
		{
			"name": "kipp",
			"from": [7.5, 11.6, 23],
			"to": [8, 12.1, 28],
			"rotation": {"angle": 0, "axis": "y", "origin": [14.8, 0, 3.2]},
			"faces": {
				"north": {"uv": [6, 3, 5, 4], "texture": "#7"},
				"east": {"uv": [6, 3, 5, 4], "texture": "#7"},
				"south": {"uv": [6, 3, 5, 4], "texture": "#7"},
				"west": {"uv": [6, 3, 5, 4], "texture": "#7"},
				"up": {"uv": [0.75, 0, 0, 9], "texture": "#7"},
				"down": {"uv": [0.75, 0, 0, 9], "texture": "#7"}
			}
		},
		{
			"name": "kipp",
			"from": [7.5, 11.85, 28.25],
			"to": [8, 12.1, 30.25],
			"rotation": {"angle": 0, "axis": "y", "origin": [14.8, 0, 3.2]},
			"faces": {
				"north": {"uv": [6, 3, 5, 4], "texture": "#5"},
				"east": {"uv": [6, 3, 5, 4], "texture": "#5"},
				"south": {"uv": [6, 3, 5, 4], "texture": "#5"},
				"west": {"uv": [6, 3, 5, 4], "texture": "#5"},
				"up": {"uv": [0.75, 0, 0, 9], "texture": "#5"},
				"down": {"uv": [0.75, 0, 0, 9], "texture": "#5"}
			}
		},
		{
			"name": "kipp",
			"from": [7.5, 25.6, 12],
			"to": [8, 25.85, 14],
			"rotation": {"angle": 45, "axis": "x", "origin": [14.8, 0, 3.2]},
			"faces": {
				"north": {"uv": [6, 3, 5, 4], "texture": "#5"},
				"east": {"uv": [6, 3, 5, 4], "texture": "#5"},
				"south": {"uv": [6, 3, 5, 4], "texture": "#5"},
				"west": {"uv": [6, 3, 5, 4], "texture": "#5"},
				"up": {"uv": [0.75, 0, 0, 9], "texture": "#5"},
				"down": {"uv": [0.75, 0, 0, 9], "texture": "#5"}
			}
		},
		{
			"name": "kipp",
			"from": [7.5, -8.9, 29],
			"to": [8, -8.65, 31],
			"rotation": {"angle": -45, "axis": "x", "origin": [14.8, 0, 3.2]},
			"faces": {
				"north": {"uv": [6, 3, 5, 4], "texture": "#5"},
				"east": {"uv": [6, 3, 5, 4], "texture": "#5"},
				"south": {"uv": [6, 3, 5, 4], "texture": "#5"},
				"west": {"uv": [6, 3, 5, 4], "texture": "#5"},
				"up": {"uv": [0.75, 0, 0, 9], "texture": "#5"},
				"down": {"uv": [0.75, 0, 0, 9], "texture": "#5"}
			}
		},
		{
			"name": "kipp",
			"from": [8.25, -9.15, 26.25],
			"to": [8.75, -8.9, 28.25],
			"rotation": {"angle": -45, "axis": "x", "origin": [10.55, 0, 3]},
			"faces": {
				"north": {"uv": [5, 3, 6, 4], "texture": "#5"},
				"east": {"uv": [5, 3, 6, 4], "texture": "#5"},
				"south": {"uv": [5, 3, 6, 4], "texture": "#5"},
				"west": {"uv": [5, 3, 6, 4], "texture": "#5"},
				"up": {"uv": [0.75, 9, 0, 0], "texture": "#5"},
				"down": {"uv": [0.75, 9, 0, 0], "texture": "#5"}
			}
		},
		{
			"name": "kipp",
			"from": [7.5, 12.5, 27.5],
			"to": [8, 14.5, 27.75],
			"rotation": {"angle": 0, "axis": "y", "origin": [14.8, 0, 51.8]},
			"faces": {
				"north": {"uv": [5, 3, 6, 4], "texture": "#5"},
				"east": {"uv": [5, 3, 6, 4], "texture": "#5"},
				"south": {"uv": [5, 3, 6, 4], "texture": "#5"},
				"west": {"uv": [5, 3, 6, 4], "texture": "#5"},
				"up": {"uv": [0.75, 9, 0, 0], "texture": "#5"},
				"down": {"uv": [0.75, 9, 0, 0], "texture": "#5"}
			}
		},
		{
			"name": "kipp",
			"from": [7.5, 9.5, 27.5],
			"to": [8, 11.5, 27.75],
			"rotation": {"angle": 0, "axis": "y", "origin": [14.8, 0, 51.8]},
			"faces": {
				"north": {"uv": [5, 3, 6, 4], "texture": "#5"},
				"east": {"uv": [5, 3, 6, 4], "texture": "#5"},
				"south": {"uv": [5, 3, 6, 4], "texture": "#5"},
				"west": {"uv": [5, 3, 6, 4], "texture": "#5"},
				"up": {"uv": [0.75, 9, 0, 0], "texture": "#5"},
				"down": {"uv": [0.75, 9, 0, 0], "texture": "#5"}
			}
		},
		{
			"name": "kipp",
			"from": [7.5, -8.9, 24],
			"to": [8, -8.65, 26],
			"rotation": {"angle": 45, "axis": "x", "origin": [14.8, 0, 51.8]},
			"faces": {
				"north": {"uv": [5, 3, 6, 4], "texture": "#5"},
				"east": {"uv": [5, 3, 6, 4], "texture": "#5"},
				"south": {"uv": [5, 3, 6, 4], "texture": "#5"},
				"west": {"uv": [5, 3, 6, 4], "texture": "#5"},
				"up": {"uv": [0.75, 9, 0, 0], "texture": "#5"},
				"down": {"uv": [0.75, 9, 0, 0], "texture": "#5"}
			}
		},
		{
			"name": "kipp",
			"from": [7.5, 11.5, 27.25],
			"to": [8, 12.5, 28.25],
			"rotation": {"angle": 0, "axis": "y", "origin": [14.8, 0, 3.2]},
			"faces": {
				"north": {"uv": [6, 3, 5, 4], "texture": "#7"},
				"east": {"uv": [6, 3, 5, 4], "texture": "#7"},
				"south": {"uv": [6, 3, 5, 4], "texture": "#7"},
				"west": {"uv": [6, 3, 5, 4], "texture": "#7"},
				"up": {"uv": [0.75, 0, 0, 9], "texture": "#7"},
				"down": {"uv": [0.75, 0, 0, 9], "texture": "#7"}
			}
		},
		{
			"name": "kipp",
			"from": [6.75, -14, 30],
			"to": [8.75, -8.75, 31],
			"rotation": {"angle": -45, "axis": "x", "origin": [0, 0, 0]},
			"faces": {
				"north": {"uv": [5, 3, 6, 4], "texture": "#7"},
				"east": {"uv": [5, 3, 6, 4], "texture": "#7"},
				"south": {"uv": [5, 3, 6, 4], "texture": "#7"},
				"west": {"uv": [5, 3, 6, 4], "texture": "#7"},
				"up": {"uv": [0.75, 9, 0, 0], "texture": "#7"},
				"down": {"uv": [0.75, 9, 0, 0], "texture": "#7"}
			}
		},
		{
			"name": "kipp",
			"from": [6.75, -11.5, 28.5],
			"to": [8.75, -7, 29.5],
			"rotation": {"angle": 45, "axis": "x", "origin": [15.8, 0, 52.8]},
			"faces": {
				"north": {"uv": [5, 3, 6, 4], "texture": "#7"},
				"east": {"uv": [5, 3, 6, 4], "texture": "#7"},
				"south": {"uv": [5, 3, 6, 4], "texture": "#7"},
				"west": {"uv": [5, 3, 6, 4], "texture": "#7"},
				"up": {"uv": [0.75, 9, 0, 0], "texture": "#7"},
				"down": {"uv": [0.75, 9, 0, 0], "texture": "#7"}
			}
		},
		{
			"name": "kipp",
			"from": [6.75, 23.5, 9],
			"to": [8.75, 28.5, 10],
			"rotation": {"angle": 45, "axis": "x", "origin": [15.8, 0, 3.2]},
			"faces": {
				"north": {"uv": [6, 3, 5, 4], "texture": "#7"},
				"east": {"uv": [6, 3, 5, 4], "texture": "#7"},
				"south": {"uv": [6, 3, 5, 4], "texture": "#7"},
				"west": {"uv": [6, 3, 5, 4], "texture": "#7"},
				"up": {"uv": [0.75, 0, 0, 9], "texture": "#7"},
				"down": {"uv": [0.75, 0, 0, 9], "texture": "#7"}
			}
		},
		{
			"name": "kipp",
			"from": [6.75, 27, 8.5],
			"to": [8.75, 31.5, 10],
			"rotation": {"angle": 45, "axis": "x", "origin": [15.8, 0, 3.2]},
			"faces": {
				"north": {"uv": [6, 3, 5, 4], "texture": "#7"},
				"east": {"uv": [6, 3, 5, 4], "texture": "#7"},
				"south": {"uv": [6, 3, 5, 4], "texture": "#7"},
				"west": {"uv": [6, 3, 5, 4], "texture": "#7"},
				"up": {"uv": [0.75, 0, 0, 9], "texture": "#7"},
				"down": {"uv": [0.75, 0, 0, 9], "texture": "#7"}
			}
		},
		{
			"name": "kipp",
			"from": [6.75, 13.5, 29],
			"to": [8.75, 18.5, 31],
			"rotation": {"angle": 0, "axis": "y", "origin": [15.8, 0, 3.2]},
			"faces": {
				"north": {"uv": [6, 3, 5, 4], "texture": "#7"},
				"east": {"uv": [6, 3, 5, 4], "texture": "#7"},
				"south": {"uv": [6, 3, 5, 4], "texture": "#7"},
				"west": {"uv": [6, 3, 5, 4], "texture": "#7"},
				"up": {"uv": [0.75, 0, 0, 9], "texture": "#7"},
				"down": {"uv": [0.75, 0, 0, 9], "texture": "#7"}
			}
		},
		{
			"name": "kipp",
			"from": [6.65, 13.5, 29],
			"to": [6.75, 18.5, 31],
			"rotation": {"angle": 0, "axis": "y", "origin": [15.7, 0, 3.2]},
			"faces": {
				"north": {"uv": [6, 3, 5, 4], "texture": "#1"},
				"east": {"uv": [6, 3, 5, 4], "texture": "#1"},
				"south": {"uv": [6, 3, 5, 4], "texture": "#1"},
				"west": {"uv": [6, 3, 5, 4], "texture": "#1"},
				"up": {"uv": [0.75, 0, 0, 9], "texture": "#1"},
				"down": {"uv": [0.75, 0, 0, 9], "texture": "#1"}
			}
		},
		{
			"name": "kipp",
			"from": [6.55, 15.5, 27],
			"to": [6.65, 16.5, 31],
			"rotation": {"angle": 0, "axis": "y", "origin": [15.7, 0, 3.2]},
			"faces": {
				"north": {"uv": [6, 3, 5, 4], "texture": "#8"},
				"east": {"uv": [6, 3, 5, 4], "texture": "#8"},
				"south": {"uv": [6, 3, 5, 4], "texture": "#8"},
				"west": {"uv": [6, 3, 5, 4], "texture": "#8"},
				"up": {"uv": [0.75, 0, 0, 9], "texture": "#8"},
				"down": {"uv": [0.75, 0, 0, 9], "texture": "#8"}
			}
		},
		{
			"name": "kipp",
			"from": [6.65, -11.5, 30],
			"to": [6.75, -8.5, 32],
			"rotation": {"angle": -45, "axis": "x", "origin": [15.7, 0, -0.4]},
			"faces": {
				"north": {"uv": [6, 3, 5, 4], "texture": "#1"},
				"east": {"uv": [6, 3, 5, 4], "texture": "#1"},
				"south": {"uv": [6, 3, 5, 4], "texture": "#1"},
				"west": {"uv": [6, 3, 5, 4], "texture": "#1"},
				"up": {"uv": [0.75, 0, 0, 9], "texture": "#1"},
				"down": {"uv": [0.75, 0, 0, 9], "texture": "#1"}
			}
		},
		{
			"name": "kipp",
			"from": [6.65, 27.75, 8.5],
			"to": [6.75, 31.25, 10],
			"rotation": {"angle": 45, "axis": "x", "origin": [15.7, 0, 3.2]},
			"faces": {
				"north": {"uv": [6, 3, 5, 4], "texture": "#1"},
				"east": {"uv": [6, 3, 5, 4], "texture": "#1"},
				"south": {"uv": [6, 3, 5, 4], "texture": "#1"},
				"west": {"uv": [6, 3, 5, 4], "texture": "#1"},
				"up": {"uv": [0.75, 0, 0, 9], "texture": "#1"},
				"down": {"uv": [0.75, 0, 0, 9], "texture": "#1"}
			}
		},
		{
			"name": "kipp",
			"from": [6.75, -11.5, 26],
			"to": [8.75, -7.5, 27],
			"rotation": {"angle": -45, "axis": "x", "origin": [15.8, 0, 3.2]},
			"faces": {
				"north": {"uv": [6, 3, 5, 4], "texture": "#7"},
				"east": {"uv": [6, 3, 5, 4], "texture": "#7"},
				"south": {"uv": [6, 3, 5, 4], "texture": "#7"},
				"west": {"uv": [6, 3, 5, 4], "texture": "#7"},
				"up": {"uv": [0.75, 0, 0, 9], "texture": "#7"},
				"down": {"uv": [0.75, 0, 0, 9], "texture": "#7"}
			}
		},
		{
			"name": "kipp",
			"from": [5.75, 6.5, 22],
			"to": [9.75, 9.5, 23],
			"rotation": {"angle": 0, "axis": "y", "origin": [14.8, 0, 2.2]},
			"faces": {
				"north": {"uv": [6, 3, 5, 4], "texture": "#7"},
				"east": {"uv": [6, 3, 5, 4], "texture": "#7"},
				"south": {"uv": [6, 3, 5, 4], "texture": "#7"},
				"west": {"uv": [6, 3, 5, 4], "texture": "#7"},
				"up": {"uv": [0.75, 0, 0, 9], "texture": "#7"},
				"down": {"uv": [0.75, 0, 0, 9], "texture": "#7"}
			}
		},
		{
			"name": "kipp",
			"from": [6.75, 8, 26.75],
			"to": [8.75, 9, 28.75],
			"rotation": {"angle": 0, "axis": "y", "origin": [14.8, 0, 2.2]},
			"faces": {
				"north": {"uv": [6, 3, 5, 4], "texture": "#7"},
				"east": {"uv": [6, 3, 5, 4], "texture": "#7"},
				"south": {"uv": [6, 3, 5, 4], "texture": "#7"},
				"west": {"uv": [6, 3, 5, 4], "texture": "#7"},
				"up": {"uv": [0.75, 0, 0, 9], "texture": "#7"},
				"down": {"uv": [0.75, 0, 0, 9], "texture": "#7"}
			}
		},
		{
			"name": "kipp",
			"from": [5.75, -1.25, 23],
			"to": [9.75, 2.75, 24],
			"rotation": {"angle": -22.5, "axis": "x", "origin": [14.8, 0, 2.2]},
			"faces": {
				"north": {"uv": [6, 3, 5, 4], "texture": "#7"},
				"east": {"uv": [6, 3, 5, 4], "texture": "#7"},
				"south": {"uv": [6, 3, 5, 4], "texture": "#7"},
				"west": {"uv": [6, 3, 5, 4], "texture": "#7"},
				"up": {"uv": [0.75, 0, 0, 9], "texture": "#7"},
				"down": {"uv": [0.75, 0, 0, 9], "texture": "#7"}
			}
		},
		{
			"name": "kipp",
			"from": [13.75, 8.5, 12],
			"to": [15.75, 14, 17],
			"rotation": {"angle": -22.5, "axis": "y", "origin": [14.8, 0, 3.2]},
			"faces": {
				"north": {"uv": [6, 3, 5, 4], "texture": "#7"},
				"east": {"uv": [6, 3, 5, 4], "texture": "#7"},
				"south": {"uv": [6, 3, 5, 4], "texture": "#7"},
				"west": {"uv": [6, 3, 5, 4], "texture": "#5"},
				"up": {"uv": [0.75, 0, 0, 9], "texture": "#7"},
				"down": {"uv": [0.75, 0, 0, 9], "texture": "#7"}
			}
		}
	],
	"display": {
		"head": {
			"translation": [0, -3, 35],
			"scale": [4, 4, 4]
		}
	}
}