{
	"credit": "Made with Blockbench",
	"textures": {
		"0": "block/mushroom_block_inside",
		"2": "block/yellow_terracotta",
		"3": "block/netherrack",
		"particle": "block/mushroom_block_inside"
	},
	"elements": [
		{
			"from": [6.5, 5, 6.5],
			"to": [7.5, 6.5, 9],
			"rotation": {"angle": 0, "axis": "y", "origin": [6.5, 5, 4]},
			"faces": {
				"north": {"uv": [0, 0, 2, 3], "texture": "#0"},
				"east": {"uv": [0, 0, 5, 3], "texture": "#0"},
				"south": {"uv": [0, 0, 2, 3], "texture": "#0"},
				"west": {"uv": [0, 0, 5, 3], "texture": "#0"},
				"up": {"uv": [0, 0, 2, 5], "texture": "#0"},
				"down": {"uv": [0, 0, 2, 5], "texture": "#0"}
			}
		},
		{
			"from": [7.5, 5.25, 6.25],
			"to": [8.75, 6.5, 9.25],
			"rotation": {"angle": 0, "axis": "y", "origin": [6.5, 5, 4]},
			"faces": {
				"north": {"uv": [9, 8, 12, 11], "texture": "#3"},
				"east": {"uv": [9, 8, 12, 11], "texture": "#3"},
				"south": {"uv": [9, 8, 12, 11], "texture": "#3"},
				"west": {"uv": [9, 8, 12, 11], "texture": "#3"},
				"up": {"uv": [9, 8, 12, 11], "texture": "#3"},
				"down": {"uv": [0, 0, 2.5, 8], "texture": "#3"}
			}
		},
		{
			"from": [7.875, 5.5, 6.25],
			"to": [8.125, 6.75, 7.75],
			"rotation": {"angle": 0, "axis": "y", "origin": [6.5, 5, 4]},
			"faces": {
				"north": {"uv": [9, 8, 12, 11], "texture": "#2"},
				"east": {"uv": [9, 8, 12, 11], "texture": "#2"},
				"south": {"uv": [9, 8, 12, 11], "texture": "#2"},
				"west": {"uv": [9, 8, 12, 11], "texture": "#2"},
				"up": {"uv": [9, 8, 12, 11], "texture": "#2"},
				"down": {"uv": [0, 0, 2.5, 8], "texture": "#2"}
			}
		},
		{
			"from": [7.625, 5.5, 7.5],
			"to": [7.875, 6.75, 9],
			"rotation": {"angle": 0, "axis": "y", "origin": [6.5, 5, 4]},
			"faces": {
				"north": {"uv": [9, 8, 12, 11], "texture": "#2"},
				"east": {"uv": [9, 8, 12, 11], "texture": "#2"},
				"south": {"uv": [9, 8, 12, 11], "texture": "#2"},
				"west": {"uv": [9, 8, 12, 11], "texture": "#2"},
				"up": {"uv": [9, 8, 12, 11], "texture": "#2"},
				"down": {"uv": [0, 0, 2.5, 8], "texture": "#2"}
			}
		},
		{
			"from": [7.875, 4.25, 9.25],
			"to": [8.125, 4.75, 10.25],
			"rotation": {"angle": -22.5, "axis": "x", "origin": [6.5, 5, 4]},
			"faces": {
				"north": {"uv": [9, 8, 12, 11], "texture": "#2"},
				"east": {"uv": [9, 8, 12, 11], "texture": "#2"},
				"south": {"uv": [9, 8, 12, 11], "texture": "#2"},
				"west": {"uv": [9, 8, 12, 11], "texture": "#2"},
				"up": {"uv": [9, 8, 12, 11], "texture": "#2"},
				"down": {"uv": [0, 0, 2.5, 8], "texture": "#2"}
			}
		},
		{
			"from": [7.75, 7, 4.5],
			"to": [8, 7.5, 5.5],
			"rotation": {"angle": 22.5, "axis": "x", "origin": [6.5, 5, 4]},
			"faces": {
				"north": {"uv": [9, 8, 12, 11], "texture": "#2"},
				"east": {"uv": [9, 8, 12, 11], "texture": "#2"},
				"south": {"uv": [9, 8, 12, 11], "texture": "#2"},
				"west": {"uv": [9, 8, 12, 11], "texture": "#2"},
				"up": {"uv": [9, 8, 12, 11], "texture": "#2"},
				"down": {"uv": [0, 0, 2.5, 8], "texture": "#2"}
			}
		},
		{
			"from": [7.5, 5.5, 5.25],
			"to": [8.75, 6.75, 6.25],
			"rotation": {"angle": 0, "axis": "y", "origin": [6.25, 5, 4]},
			"faces": {
				"north": {"uv": [9, 8, 12, 11], "texture": "#3"},
				"east": {"uv": [9, 8, 12, 11], "texture": "#3"},
				"south": {"uv": [9, 8, 12, 11], "texture": "#3"},
				"west": {"uv": [9, 8, 12, 11], "texture": "#3"},
				"up": {"uv": [9, 8, 12, 11], "texture": "#3"},
				"down": {"uv": [0, 0, 2.5, 8], "texture": "#3"}
			}
		},
		{
			"from": [7.5, 6.125, 4],
			"to": [8.75, 7.375, 5],
			"rotation": {"angle": 22.5, "axis": "x", "origin": [6.25, 5, 4]},
			"faces": {
				"north": {"uv": [9, 8, 12, 11], "texture": "#3"},
				"east": {"uv": [9, 8, 12, 11], "texture": "#3"},
				"south": {"uv": [9, 8, 12, 11], "texture": "#3"},
				"west": {"uv": [9, 8, 12, 11], "texture": "#3"},
				"up": {"uv": [9, 8, 12, 11], "texture": "#3"},
				"down": {"uv": [0, 0, 2.5, 8], "texture": "#3"}
			}
		},
		{
			"from": [7.375, 6.125, 10.25],
			"to": [8.625, 7.375, 11.25],
			"rotation": {"angle": -22.5, "axis": "x", "origin": [6.125, 5, 11.25]},
			"faces": {
				"north": {"uv": [12, 8, 9, 11], "texture": "#3"},
				"east": {"uv": [12, 8, 9, 11], "texture": "#3"},
				"south": {"uv": [12, 8, 9, 11], "texture": "#3"},
				"west": {"uv": [12, 8, 9, 11], "texture": "#3"},
				"up": {"uv": [9, 11, 12, 8], "texture": "#3"},
				"down": {"uv": [0, 8, 2.5, 0], "texture": "#3"}
			}
		},
		{
			"from": [7.375, 5.5, 9],
			"to": [8.625, 6.75, 10],
			"rotation": {"angle": 0, "axis": "y", "origin": [6.125, 5, 11.25]},
			"faces": {
				"north": {"uv": [12, 8, 9, 11], "texture": "#3"},
				"east": {"uv": [12, 8, 9, 11], "texture": "#3"},
				"south": {"uv": [12, 8, 9, 11], "texture": "#3"},
				"west": {"uv": [12, 8, 9, 11], "texture": "#3"},
				"up": {"uv": [9, 11, 12, 8], "texture": "#3"},
				"down": {"uv": [0, 8, 2.5, 0], "texture": "#3"}
			}
		},
		{
			"from": [6.75, 5.875, 3.875],
			"to": [7.5, 7.375, 6.375],
			"rotation": {"angle": 22.5, "axis": "x", "origin": [6.75, 5, 4]},
			"faces": {
				"north": {"uv": [0, 0, 1.5, 3], "texture": "#0"},
				"east": {"uv": [0, 0, 5, 3], "texture": "#0"},
				"south": {"uv": [0, 0, 1.5, 3], "texture": "#0"},
				"west": {"uv": [0, 0, 5, 3], "texture": "#0"},
				"up": {"uv": [0, 0, 1.5, 5], "texture": "#0"},
				"down": {"uv": [0, 0, 1.5, 5], "texture": "#0"}
			}
		},
		{
			"from": [6.75, 3, 8.375],
			"to": [7.5, 4.5, 10.875],
			"rotation": {"angle": -22.5, "axis": "x", "origin": [6.75, 5, 4]},
			"faces": {
				"north": {"uv": [0, 0, 1.5, 3], "texture": "#0"},
				"east": {"uv": [0, 0, 5, 3], "texture": "#0"},
				"south": {"uv": [0, 0, 1.5, 3], "texture": "#0"},
				"west": {"uv": [0, 0, 5, 3], "texture": "#0"},
				"up": {"uv": [0, 0, 1.5, 5], "texture": "#0"},
				"down": {"uv": [0, 0, 1.5, 5], "texture": "#0"}
			}
		},
		{
			"from": [8.375, 5, 6.5],
			"to": [9.375, 6.5, 9],
			"rotation": {"angle": 0, "axis": "y", "origin": [8.125, 5, 4]},
			"faces": {
				"north": {"uv": [0, 0, 2, 3], "texture": "#0"},
				"east": {"uv": [0, 0, 5, 3], "texture": "#0"},
				"south": {"uv": [0, 0, 2, 3], "texture": "#0"},
				"west": {"uv": [0, 0, 5, 3], "texture": "#0"},
				"up": {"uv": [0, 0, 2, 5], "texture": "#0"},
				"down": {"uv": [0, 0, 2, 5], "texture": "#0"}
			}
		},
		{
			"from": [8.375, 3, 8.375],
			"to": [9.125, 4.5, 10.875],
			"rotation": {"angle": -22.5, "axis": "x", "origin": [8.375, 5, 4]},
			"faces": {
				"north": {"uv": [0, 0, 1.5, 3], "texture": "#0"},
				"east": {"uv": [0, 0, 5, 3], "texture": "#0"},
				"south": {"uv": [0, 0, 1.5, 3], "texture": "#0"},
				"west": {"uv": [0, 0, 5, 3], "texture": "#0"},
				"up": {"uv": [0, 0, 1.5, 5], "texture": "#0"},
				"down": {"uv": [0, 0, 1.5, 5], "texture": "#0"}
			}
		},
		{
			"from": [8.375, 5.875, 3.875],
			"to": [9.125, 7.375, 6.375],
			"rotation": {"angle": 22.5, "axis": "x", "origin": [8.375, 5, 4]},
			"faces": {
				"north": {"uv": [0, 0, 1.5, 3], "texture": "#0"},
				"east": {"uv": [0, 0, 5, 3], "texture": "#0"},
				"south": {"uv": [0, 0, 1.5, 3], "texture": "#0"},
				"west": {"uv": [0, 0, 5, 3], "texture": "#0"},
				"up": {"uv": [0, 0, 1.5, 5], "texture": "#0"},
				"down": {"uv": [0, 0, 1.5, 5], "texture": "#0"}
			}
		}
	],
	"display": {
		"thirdperson_righthand": {
			"translation": [0, 2, 0]
		},
		"thirdperson_lefthand": {
			"translation": [0, 2, 0]
		},
		"gui": {
			"rotation": [30, -60, 0],
			"translation": [0, 5, 0],
			"scale": [2.5, 2.5, 2.5]
		},
		"fixed": {
			"rotation": [0, -90, 0],
			"scale": [2, 2, 2]
		}
	}
}