{
    "__comment": "Model generated using MrCrayfish's Model Creator (https://mrcrayfish.com/tools?id=mc)",
    "textures": {
        "brown_terracotta": "minecraft:block/brown_terracotta",
        "stripped_oak_log": "minecraft:block/stripped_oak_log",
		"particle": "block/stripped_oak_log"
    },
    "display": {
        "gui": {
            "rotation": [ 30, 43, 0 ],
            "translation": [ 0, -5, 0 ],
            "scale": [ 0.625, 0.625, 0.625 ]
        },
        "ground": {
            "rotation": [ 0, 0, 0 ],
            "translation": [ 0, 3, 0 ],
            "scale": [ 0.5, 0.5, 0.5 ]
        },
        "fixed": {
            "rotation": [ 0, 180, 0 ],
            "translation": [ 0, 0, 0 ],
            "scale": [ 1, 1, 1 ]
        },
        "head": {
            "rotation": [ 0, 180, 0 ],
            "translation": [ 0, 0, 0 ],
            "scale": [ 1, 1, 1 ]
        },
        "firstperson_righthand": {
            "rotation": [ 0, 315, 0 ],
            "translation": [ 0, 2.5, 0 ],
            "scale": [ 0.4, 0.4, 0.4 ]
        },
        "thirdperson_righthand": {
            "rotation": [ 75, 315, 0 ],
            "translation": [ 0, 2.5, 0 ],
            "scale": [ 0.375, 0.375, 0.375 ]
        }
    },
    "elements": [
        {
            "name": "Cube",
            "from": [ 6, 0, 6 ], 
            "to": [ 10, 4, 10 ], 
            "faces": {
                "north": { "texture": "#stripped_oak_log", "uv": [ 0, 0, 4, 4 ] },
                "east": { "texture": "#stripped_oak_log", "uv": [ 0, 0, 4, 4 ] },
                "south": { "texture": "#stripped_oak_log", "uv": [ 0, 0, 4, 4 ] },
                "west": { "texture": "#stripped_oak_log", "uv": [ 0, 0, 4, 4 ] },
                "up": { "texture": "#stripped_oak_log", "uv": [ 0, 0, 4, 4 ], "rotation": 270 },
                "down": { "texture": "#stripped_oak_log", "uv": [ 0, 0, 4, 4 ], "rotation": 270 }
            }
        },
        {
            "name": "Cube",
            "from": [ 5, 4, 5 ], 
            "to": [ 11, 9, 11 ], 
            "faces": {
                "north": { "texture": "#stripped_oak_log", "uv": [ 0, 0, 6, 5 ] },
                "east": { "texture": "#stripped_oak_log", "uv": [ 0, 0, 6, 5 ] },
                "south": { "texture": "#stripped_oak_log", "uv": [ 0, 0, 6, 5 ] },
                "west": { "texture": "#stripped_oak_log", "uv": [ 0, 0, 6, 5 ] },
                "up": { "texture": "#stripped_oak_log", "uv": [ 0, 0, 6, 6 ], "rotation": 270 },
                "down": { "texture": "#stripped_oak_log", "uv": [ 0, 0, 6, 6 ], "rotation": 270 }
            }
        },
        {
            "name": "Cube",
            "from": [ 4, 9, 4 ], 
            "to": [ 12, 14, 12 ], 
            "faces": {
                "north": { "texture": "#stripped_oak_log", "uv": [ 0, 0, 8, 5 ] },
                "east": { "texture": "#stripped_oak_log", "uv": [ 0, 0, 8, 5 ] },
                "south": { "texture": "#stripped_oak_log", "uv": [ 0, 0, 8, 5 ] },
                "west": { "texture": "#stripped_oak_log", "uv": [ 0, 0, 8, 5 ] },
                "up": { "texture": "#stripped_oak_log", "uv": [ 0, 0, 8, 8 ], "rotation": 270 },
                "down": { "texture": "#stripped_oak_log", "uv": [ 0, 0, 8, 8 ], "rotation": 270 }
            }
        },
        {
            "name": "Cube",
            "from": [ 3.5, 14, 3.5 ], 
            "to": [ 12.5, 17, 12.5 ], 
            "faces": {
                "north": { "texture": "#brown_terracotta", "uv": [ 0, 0, 9, 3 ] },
                "east": { "texture": "#brown_terracotta", "uv": [ 0, 0, 9, 3 ] },
                "south": { "texture": "#brown_terracotta", "uv": [ 0, 0, 9, 3 ] },
                "west": { "texture": "#brown_terracotta", "uv": [ 0, 0, 9, 3 ] },
                "up": { "texture": "#brown_terracotta", "uv": [ 0, 0, 9, 9 ], "rotation": 270 },
                "down": { "texture": "#brown_terracotta", "uv": [ 0, 0, 9, 9 ], "rotation": 270 }
            }
        },
        {
            "name": "Cube",
            "from": [ 3, 17, 3 ], 
            "to": [ 13, 21, 13 ], 
            "faces": {
                "north": { "texture": "#brown_terracotta", "uv": [ 0, 0, 10, 4 ] },
                "east": { "texture": "#brown_terracotta", "uv": [ 0, 0, 10, 4 ] },
                "south": { "texture": "#brown_terracotta", "uv": [ 0, 0, 10, 4 ] },
                "west": { "texture": "#brown_terracotta", "uv": [ 0, 0, 10, 4 ] },
                "up": { "texture": "#brown_terracotta", "uv": [ 0, 0, 10, 10 ], "rotation": 270 },
                "down": { "texture": "#brown_terracotta", "uv": [ 0, 0, 10, 10 ], "rotation": 270 }
            }
        },
        {
            "name": "Cube",
            "from": [ 4, 20, 4 ], 
            "to": [ 12, 24, 12 ], 
            "faces": {
                "north": { "texture": "#brown_terracotta", "uv": [ 0, 0, 8, 4 ] },
                "east": { "texture": "#brown_terracotta", "uv": [ 0, 0, 8, 4 ] },
                "south": { "texture": "#brown_terracotta", "uv": [ 0, 0, 8, 4 ] },
                "west": { "texture": "#brown_terracotta", "uv": [ 0, 0, 8, 4 ] },
                "up": { "texture": "#brown_terracotta", "uv": [ 0, 0, 8, 8 ], "rotation": 270 },
                "down": { "texture": "#brown_terracotta", "uv": [ 0, 0, 8, 8 ], "rotation": 270 }
            }
        }
    ]
}