{
	"credit": "Made with Blockbench",
	"textures": {
		"0": "block/white_wool",
		"1": "block/light_gray_wool",
		"particle": "block/white_wool"
	},
	"elements": [
		{
			"from": [6.75, 7, 7.25],
			"to": [7.25, 9.5, 9.25],
			"rotation": {"angle": 0, "axis": "y", "origin": [4, 16, 4]},
			"faces": {
				"north": {"uv": [0, 16, 16, 0], "texture": "#1"},
				"east": {"uv": [0, 16, 16, 0], "texture": "#1"},
				"south": {"uv": [0, 16, 16, 0], "texture": "#1"},
				"west": {"uv": [0, 16, 16, 0], "texture": "#1"},
				"up": {"uv": [0, 16, 16, 0], "texture": "#1"},
				"down": {"uv": [0, 16, 16, 0], "texture": "#1"}
			}
		},
		{
			"from": [6.5, 3.25, 7],
			"to": [7, 7.25, 9.5],
			"rotation": {"angle": 0, "axis": "y", "origin": [4, 16, 4]},
			"faces": {
				"north": {"uv": [0, 16, 16, 0], "texture": "#1"},
				"east": {"uv": [0, 16, 16, 0], "texture": "#1"},
				"south": {"uv": [0, 16, 16, 0], "texture": "#1"},
				"west": {"uv": [0, 16, 16, 0], "texture": "#1"},
				"up": {"uv": [0, 16, 16, 0], "texture": "#1"},
				"down": {"uv": [1, 9, 16, 0], "texture": "#1"}
			}
		},
		{
			"from": [9.5, 3.25, 7],
			"to": [10, 7.25, 9.5],
			"rotation": {"angle": 0, "axis": "y", "origin": [12, 16, 4]},
			"faces": {
				"north": {"uv": [0, 16, 16, 0], "texture": "#1"},
				"east": {"uv": [0, 16, 16, 0], "texture": "#1"},
				"south": {"uv": [0, 16, 16, 0], "texture": "#1"},
				"west": {"uv": [0, 16, 16, 0], "texture": "#1"},
				"up": {"uv": [0, 16, 16, 0], "texture": "#1"},
				"down": {"uv": [14, 9, 0, 0], "texture": "#1"}
			}
		},
		{
			"from": [11, 5.25, 8],
			"to": [11.5, 7.75, 8.5],
			"rotation": {"angle": 0, "axis": "y", "origin": [12, 16, 4]},
			"faces": {
				"north": {"uv": [0, 16, 16, 0], "texture": "#1"},
				"east": {"uv": [0, 16, 16, 0], "texture": "#1"},
				"south": {"uv": [0, 16, 16, 0], "texture": "#1"},
				"west": {"uv": [0, 16, 16, 0], "texture": "#1"},
				"up": {"uv": [0, 16, 16, 0], "texture": "#1"},
				"down": {"uv": [14, 9, 0, 0], "texture": "#1"}
			}
		},
		{
			"from": [9.75, 4.75, 8],
			"to": [11.25, 5.25, 8.5],
			"rotation": {"angle": 0, "axis": "y", "origin": [12, 16, 4]},
			"faces": {
				"north": {"uv": [0, 16, 16, 0], "texture": "#1"},
				"east": {"uv": [0, 16, 16, 0], "texture": "#1"},
				"south": {"uv": [0, 16, 16, 0], "texture": "#1"},
				"west": {"uv": [0, 16, 16, 0], "texture": "#1"},
				"up": {"uv": [0, 16, 16, 0], "texture": "#1"},
				"down": {"uv": [14, 9, 0, 0], "texture": "#1"}
			}
		},
		{
			"from": [9.75, 7.5, 8],
			"to": [11.25, 8, 8.5],
			"rotation": {"angle": 0, "axis": "y", "origin": [12, 16, 4]},
			"faces": {
				"north": {"uv": [0, 16, 16, 0], "texture": "#1"},
				"east": {"uv": [0, 16, 16, 0], "texture": "#1"},
				"south": {"uv": [0, 16, 16, 0], "texture": "#1"},
				"west": {"uv": [0, 16, 16, 0], "texture": "#1"},
				"up": {"uv": [0, 16, 16, 0], "texture": "#1"},
				"down": {"uv": [14, 9, 0, 0], "texture": "#1"}
			}
		},
		{
			"from": [9.25, 7, 7.25],
			"to": [9.75, 9.5, 9.25],
			"rotation": {"angle": 0, "axis": "y", "origin": [12, 16, 4]},
			"faces": {
				"north": {"uv": [0, 16, 16, 0], "texture": "#1"},
				"east": {"uv": [0, 16, 16, 0], "texture": "#1"},
				"south": {"uv": [0, 16, 16, 0], "texture": "#1"},
				"west": {"uv": [0, 16, 16, 0], "texture": "#1"},
				"up": {"uv": [0, 16, 16, 0], "texture": "#1"},
				"down": {"uv": [16, 16, 0, 0], "texture": "#1"}
			}
		},
		{
			"from": [7.25, 3, 7],
			"to": [9.75, 3.5, 9.5],
			"rotation": {"angle": 0, "axis": "y", "origin": [12, 16, 4]},
			"faces": {
				"north": {"uv": [7, 6, 1, 1], "texture": "#0"},
				"east": {"uv": [7, 6, 1, 1], "texture": "#0"},
				"south": {"uv": [7, 6, 1, 1], "texture": "#0"},
				"west": {"uv": [7, 6, 1, 1], "texture": "#0"},
				"up": {"uv": [10, 6, 8, 5], "texture": "#0"},
				"down": {"uv": [10, 9, 4, 4], "texture": "#0"}
			}
		},
		{
			"from": [7, 3.25, 9.5],
			"to": [9.5, 7.25, 10],
			"rotation": {"angle": 0, "axis": "y", "origin": [12, 16, 4]},
			"faces": {
				"north": {"uv": [0, 16, 16, 0], "texture": "#1"},
				"east": {"uv": [0, 16, 16, 0], "texture": "#1"},
				"south": {"uv": [0, 16, 16, 0], "texture": "#1"},
				"west": {"uv": [0, 16, 16, 0], "texture": "#1"},
				"up": {"uv": [0, 16, 16, 0], "texture": "#1"},
				"down": {"uv": [2, 0, 16, 9], "rotation": 90, "texture": "#1"}
			}
		},
		{
			"from": [7, 3.25, 6.5],
			"to": [9.5, 7.25, 7],
			"rotation": {"angle": 0, "axis": "y", "origin": [12, 16, 4]},
			"faces": {
				"north": {"uv": [0, 16, 16, 0], "texture": "#1"},
				"east": {"uv": [0, 16, 16, 0], "texture": "#1"},
				"south": {"uv": [0, 16, 16, 0], "texture": "#1"},
				"west": {"uv": [0, 16, 16, 0], "texture": "#1"},
				"up": {"uv": [0, 16, 16, 0], "texture": "#1"},
				"down": {"uv": [2, 0, 16, 9], "rotation": 90, "texture": "#1"}
			}
		},
		{
			"from": [7.25, 7, 9.25],
			"to": [9.25, 9.5, 9.75],
			"rotation": {"angle": 0, "axis": "y", "origin": [12, 16, 4]},
			"faces": {
				"north": {"uv": [0, 16, 16, 0], "texture": "#1"},
				"east": {"uv": [0, 16, 16, 0], "texture": "#1"},
				"south": {"uv": [0, 16, 16, 0], "texture": "#1"},
				"west": {"uv": [0, 16, 16, 0], "texture": "#1"},
				"up": {"uv": [0, 16, 16, 0], "texture": "#1"},
				"down": {"uv": [0, 0, 16, 16], "rotation": 90, "texture": "#1"}
			}
		},
		{
			"from": [7.25, 7, 6.75],
			"to": [9.25, 9.5, 7.25],
			"rotation": {"angle": 0, "axis": "y", "origin": [12, 16, 12]},
			"faces": {
				"north": {"uv": [0, 16, 16, 0], "texture": "#1"},
				"east": {"uv": [0, 16, 16, 0], "texture": "#1"},
				"south": {"uv": [0, 16, 16, 0], "texture": "#1"},
				"west": {"uv": [0, 16, 16, 0], "texture": "#1"},
				"up": {"uv": [0, 16, 16, 0], "texture": "#1"},
				"down": {"uv": [16, 0, 0, 16], "rotation": 90, "texture": "#1"}
			}
		}
	],
	"display": {
		"thirdperson_righthand": {
			"translation": [0, 4, -1]
		},
		"thirdperson_lefthand": {
			"translation": [0, 4, -1]
		},
		"firstperson_righthand": {
			"translation": [0, 4, 0]
		},
		"firstperson_lefthand": {
			"translation": [0, 4.5, 0]
		},
		"ground": {
			"translation": [0, 3, 0]
		},
		"gui": {
			"rotation": [7, 22, 0],
			"translation": [0, 8, 0],
			"scale": [2, 2, 2]
		},
		"head": {
			"translation": [0, 1, 0],
			"scale": [1.2, 1.2, 1.2]
		},
		"fixed": {
			"translation": [0, 5, 0],
			"scale": [2, 2, 2]
		}
	}
}