{
	"credit": "Made with Blockbench",
	"textures": {
		"0": "block/cyan_terracotta",
		"2": "block/gray_concrete",
		"3": "block/iron_block",
		"5": "block/light_gray_concrete_powder",
		"particle": "block/cyan_terracotta"
	},
	"elements": [
		{
			"from": [1.6, 4.75, 0.55],
			"to": [16.6, 5.75, 30.55],
			"rotation": {"angle": 0, "axis": "y", "origin": [-0.8, 0, 1.2]},
			"faces": {
				"north": {"uv": [0, 0, 7, 1], "texture": "#0"},
				"east": {"uv": [0, 0, 10, 1], "texture": "#2"},
				"south": {"uv": [0, 0, 7, 1], "texture": "#2"},
				"west": {"uv": [0, 0, 10, 1], "texture": "#2"},
				"up": {"uv": [0, 0, 7, 10], "texture": "#0"},
				"down": {"uv": [0, 0, 7, 10], "texture": "#2"}
			}
		},
		{
			"name": "kipp",
			"from": [16.8, 5.5, 1],
			"to": [17.3, 15.5, 30],
			"rotation": {"angle": 0, "axis": "y", "origin": [-0.8, 0, 1.2]},
			"faces": {
				"north": {"uv": [5, 3, 6, 4], "texture": "#5"},
				"east": {"uv": [5, 3, 6, 4], "texture": "#5"},
				"south": {"uv": [5, 3, 6, 4], "texture": "#5"},
				"west": {"uv": [5, 3, 6, 4], "texture": "#5"},
				"up": {"uv": [0, 0, 0.75, 9], "texture": "#5"},
				"down": {"uv": [0, 0, 0.75, 9], "texture": "#5"}
			}
		},
		{
			"name": "kipp",
			"from": [16.8, 15.5, 2],
			"to": [17.3, 18.5, 29],
			"rotation": {"angle": 0, "axis": "y", "origin": [-0.8, 0, 1.2]},
			"faces": {
				"north": {"uv": [5, 3, 6, 4], "texture": "#5"},
				"east": {"uv": [5, 3, 6, 4], "texture": "#5"},
				"south": {"uv": [5, 3, 6, 4], "texture": "#5"},
				"west": {"uv": [5, 3, 6, 4], "texture": "#5"},
				"up": {"uv": [0, 0, 0.75, 9], "texture": "#5"},
				"down": {"uv": [0, 0, 0.75, 9], "texture": "#5"}
			}
		},
		{
			"name": "kipp",
			"from": [16.8, 15.5, 1.5],
			"to": [17.3, 18.5, 3],
			"rotation": {"angle": 0, "axis": "y", "origin": [-0.8, 0, 1.2]},
			"faces": {
				"north": {"uv": [5, 3, 6, 4], "texture": "#5"},
				"east": {"uv": [5, 3, 6, 4], "texture": "#5"},
				"south": {"uv": [5, 3, 6, 4], "texture": "#5"},
				"west": {"uv": [5, 3, 6, 4], "texture": "#5"},
				"up": {"uv": [0, 0, 0.75, 9], "texture": "#5"},
				"down": {"uv": [0, 0, 0.75, 9], "texture": "#5"}
			}
		},
		{
			"name": "kipp",
			"from": [17, 5, 0],
			"to": [17.5, 6, 30],
			"rotation": {"angle": 0, "axis": "y", "origin": [-0.8, 0, 1.2]},
			"faces": {
				"north": {"uv": [5, 3, 6, 4], "texture": "#5"},
				"east": {"uv": [5, 3, 6, 4], "texture": "#5"},
				"south": {"uv": [5, 3, 6, 4], "texture": "#5"},
				"west": {"uv": [5, 3, 6, 4], "texture": "#5"},
				"up": {"uv": [0, 0, 0.75, 9], "texture": "#5"},
				"down": {"uv": [0, 0, 0.75, 9], "texture": "#5"}
			}
		},
		{
			"name": "kipp",
			"from": [17, 18.5, 2],
			"to": [17.5, 19, 31],
			"rotation": {"angle": 0, "axis": "y", "origin": [-0.8, 0, 1.2]},
			"faces": {
				"north": {"uv": [5, 3, 6, 4], "texture": "#5"},
				"east": {"uv": [5, 3, 6, 4], "texture": "#5"},
				"south": {"uv": [5, 3, 6, 4], "texture": "#5"},
				"west": {"uv": [5, 3, 6, 4], "texture": "#5"},
				"up": {"uv": [0, 0, 0.75, 9], "texture": "#5"},
				"down": {"uv": [0, 0, 0.75, 9], "texture": "#5"}
			}
		},
		{
			"name": "kipp",
			"from": [17, 5.5, 22],
			"to": [17.5, 18.5, 22.5],
			"rotation": {"angle": 0, "axis": "y", "origin": [-0.8, 0, 1.2]},
			"faces": {
				"north": {"uv": [5, 3, 6, 4], "texture": "#5"},
				"east": {"uv": [5, 3, 6, 4], "texture": "#5"},
				"south": {"uv": [5, 3, 6, 4], "texture": "#5"},
				"west": {"uv": [5, 3, 6, 4], "texture": "#5"},
				"up": {"uv": [0, 0, 0.75, 9], "texture": "#5"},
				"down": {"uv": [0, 0, 0.75, 9], "texture": "#5"}
			}
		},
		{
			"name": "kipp",
			"from": [8, -6.5, 14],
			"to": [10, -0.5, 16],
			"rotation": {"angle": -22.5, "axis": "x", "origin": [-0.8, 0, 1.2]},
			"faces": {
				"north": {"uv": [5, 3, 6, 4], "texture": "#5"},
				"east": {"uv": [5, 3, 6, 4], "texture": "#5"},
				"south": {"uv": [5, 3, 6, 4], "texture": "#5"},
				"west": {"uv": [5, 3, 6, 4], "texture": "#5"},
				"up": {"uv": [0, 0, 0.75, 9], "texture": "#5"},
				"down": {"uv": [0, 0, 0.75, 9], "texture": "#5"}
			}
		},
		{
			"name": "kipp",
			"from": [17, 5.5, 25],
			"to": [17.5, 18.5, 25.5],
			"rotation": {"angle": 0, "axis": "y", "origin": [-0.8, 0, 1.2]},
			"faces": {
				"north": {"uv": [5, 3, 6, 4], "texture": "#5"},
				"east": {"uv": [5, 3, 6, 4], "texture": "#5"},
				"south": {"uv": [5, 3, 6, 4], "texture": "#5"},
				"west": {"uv": [5, 3, 6, 4], "texture": "#5"},
				"up": {"uv": [0, 0, 0.75, 9], "texture": "#5"},
				"down": {"uv": [0, 0, 0.75, 9], "texture": "#5"}
			}
		},
		{
			"name": "kipp",
			"from": [17, 5.5, 29],
			"to": [17.5, 18.5, 29.5],
			"rotation": {"angle": 0, "axis": "y", "origin": [-0.8, 0, 1.2]},
			"faces": {
				"north": {"uv": [5, 3, 6, 4], "texture": "#5"},
				"east": {"uv": [5, 3, 6, 4], "texture": "#5"},
				"south": {"uv": [5, 3, 6, 4], "texture": "#5"},
				"west": {"uv": [5, 3, 6, 4], "texture": "#5"},
				"up": {"uv": [0, 0, 0.75, 9], "texture": "#5"},
				"down": {"uv": [0, 0, 0.75, 9], "texture": "#5"}
			}
		},
		{
			"name": "kipp",
			"from": [17, 5.5, 18],
			"to": [17.5, 18.5, 18.5],
			"rotation": {"angle": 0, "axis": "y", "origin": [-0.8, 0, 1.2]},
			"faces": {
				"north": {"uv": [5, 3, 6, 4], "texture": "#5"},
				"east": {"uv": [5, 3, 6, 4], "texture": "#5"},
				"south": {"uv": [5, 3, 6, 4], "texture": "#5"},
				"west": {"uv": [5, 3, 6, 4], "texture": "#5"},
				"up": {"uv": [0, 0, 0.75, 9], "texture": "#5"},
				"down": {"uv": [0, 0, 0.75, 9], "texture": "#5"}
			}
		},
		{
			"name": "kipp",
			"from": [17, 5.5, 15],
			"to": [17.5, 18.5, 15.5],
			"rotation": {"angle": 0, "axis": "y", "origin": [-0.8, 0, 1.2]},
			"faces": {
				"north": {"uv": [5, 3, 6, 4], "texture": "#5"},
				"east": {"uv": [5, 3, 6, 4], "texture": "#5"},
				"south": {"uv": [5, 3, 6, 4], "texture": "#5"},
				"west": {"uv": [5, 3, 6, 4], "texture": "#5"},
				"up": {"uv": [0, 0, 0.75, 9], "texture": "#5"},
				"down": {"uv": [0, 0, 0.75, 9], "texture": "#5"}
			}
		},
		{
			"name": "kipp",
			"from": [17, 5.5, 12],
			"to": [17.5, 18.5, 12.5],
			"rotation": {"angle": 0, "axis": "y", "origin": [-0.8, 0, 1.2]},
			"faces": {
				"north": {"uv": [5, 3, 6, 4], "texture": "#5"},
				"east": {"uv": [5, 3, 6, 4], "texture": "#5"},
				"south": {"uv": [5, 3, 6, 4], "texture": "#5"},
				"west": {"uv": [5, 3, 6, 4], "texture": "#5"},
				"up": {"uv": [0, 0, 0.75, 9], "texture": "#5"},
				"down": {"uv": [0, 0, 0.75, 9], "texture": "#5"}
			}
		},
		{
			"name": "kipp",
			"from": [17, 5.5, 9],
			"to": [17.5, 18.5, 9.5],
			"rotation": {"angle": 0, "axis": "y", "origin": [-0.8, 0, 1.2]},
			"faces": {
				"north": {"uv": [5, 3, 6, 4], "texture": "#5"},
				"east": {"uv": [5, 3, 6, 4], "texture": "#5"},
				"south": {"uv": [5, 3, 6, 4], "texture": "#5"},
				"west": {"uv": [5, 3, 6, 4], "texture": "#5"},
				"up": {"uv": [0, 0, 0.75, 9], "texture": "#5"},
				"down": {"uv": [0, 0, 0.75, 9], "texture": "#5"}
			}
		},
		{
			"name": "kipp",
			"from": [17, 5.5, 6],
			"to": [17.5, 18.5, 6.5],
			"rotation": {"angle": 0, "axis": "y", "origin": [-0.8, 0, 1.2]},
			"faces": {
				"north": {"uv": [5, 3, 6, 4], "texture": "#5"},
				"east": {"uv": [5, 3, 6, 4], "texture": "#5"},
				"south": {"uv": [5, 3, 6, 4], "texture": "#5"},
				"west": {"uv": [5, 3, 6, 4], "texture": "#5"},
				"up": {"uv": [0, 0, 0.75, 9], "texture": "#5"},
				"down": {"uv": [0, 0, 0.75, 9], "texture": "#5"}
			}
		},
		{
			"name": "kipp",
			"from": [17, 5.5, 3],
			"to": [17.5, 18.5, 3.5],
			"rotation": {"angle": 0, "axis": "y", "origin": [-0.8, 0, 1.2]},
			"faces": {
				"north": {"uv": [5, 3, 6, 4], "texture": "#5"},
				"east": {"uv": [5, 3, 6, 4], "texture": "#5"},
				"south": {"uv": [5, 3, 6, 4], "texture": "#5"},
				"west": {"uv": [5, 3, 6, 4], "texture": "#5"},
				"up": {"uv": [0, 0, 0.75, 9], "texture": "#5"},
				"down": {"uv": [0, 0, 0.75, 9], "texture": "#5"}
			}
		},
		{
			"name": "kipp",
			"from": [16.5, 5.5, 0],
			"to": [17.5, 14.5, 1],
			"rotation": {"angle": 0, "axis": "y", "origin": [-0.8, 0, 1.2]},
			"faces": {
				"north": {"uv": [5, 3, 6, 4], "texture": "#5"},
				"east": {"uv": [5, 3, 6, 4], "texture": "#5"},
				"south": {"uv": [5, 3, 6, 4], "texture": "#5"},
				"west": {"uv": [5, 3, 6, 4], "texture": "#5"},
				"up": {"uv": [0, 0, 0.75, 9], "texture": "#5"},
				"down": {"uv": [0, 0, 0.75, 9], "texture": "#5"}
			}
		},
		{
			"name": "kipp",
			"from": [16.5, 13, -5.4],
			"to": [17.5, 19, -4.4],
			"rotation": {"angle": 22.5, "axis": "x", "origin": [-0.8, 0, 1.2]},
			"faces": {
				"north": {"uv": [5, 3, 6, 4], "texture": "#5"},
				"east": {"uv": [5, 3, 6, 4], "texture": "#5"},
				"south": {"uv": [5, 3, 6, 4], "texture": "#5"},
				"west": {"uv": [5, 3, 6, 4], "texture": "#5"},
				"up": {"uv": [0, 0, 0.75, 9], "texture": "#5"},
				"down": {"uv": [0, 0, 0.75, 9], "texture": "#5"}
			}
		},
		{
			"name": "kipp",
			"from": [9.25, 6.5, 0],
			"to": [16.75, 14.5, 0.5],
			"rotation": {"angle": 0, "axis": "y", "origin": [-0.8, 0, 1.2]},
			"faces": {
				"north": {"uv": [5, 3, 6, 4], "texture": "#5"},
				"east": {"uv": [5, 3, 6, 4], "texture": "#5"},
				"south": {"uv": [5, 3, 6, 4], "texture": "#5"},
				"west": {"uv": [5, 3, 6, 4], "texture": "#5"},
				"up": {"uv": [0, 0, 0.75, 9], "texture": "#5"},
				"down": {"uv": [0, 0, 0.75, 9], "texture": "#5"}
			}
		},
		{
			"name": "kipp",
			"from": [9.25, 13, -5.25],
			"to": [16.75, 18, -4.75],
			"rotation": {"angle": 22.5, "axis": "x", "origin": [-0.8, 0, 1.2]},
			"faces": {
				"north": {"uv": [5, 3, 6, 4], "texture": "#5"},
				"east": {"uv": [5, 3, 6, 4], "texture": "#5"},
				"south": {"uv": [5, 3, 6, 4], "texture": "#5"},
				"west": {"uv": [5, 3, 6, 4], "texture": "#5"},
				"up": {"uv": [0, 0, 0.75, 9], "texture": "#5"},
				"down": {"uv": [0, 0, 0.75, 9], "texture": "#5"}
			}
		},
		{
			"name": "kipp",
			"from": [11.5, 6.5, -0.2],
			"to": [13, 14.5, 0.3],
			"rotation": {"angle": 0, "axis": "y", "origin": [-0.8, 0, 1.2]},
			"faces": {
				"north": {"uv": [5, 3, 6, 4], "texture": "#5"},
				"east": {"uv": [5, 3, 6, 4], "texture": "#5"},
				"south": {"uv": [5, 3, 6, 4], "texture": "#5"},
				"west": {"uv": [5, 3, 6, 4], "texture": "#5"},
				"up": {"uv": [0, 0, 0.75, 9], "texture": "#5"},
				"down": {"uv": [0, 0, 0.75, 9], "texture": "#5"}
			}
		},
		{
			"name": "kipp",
			"from": [11.5, 12.5, -5.6],
			"to": [13, 17.5, -5.1],
			"rotation": {"angle": 22.5, "axis": "x", "origin": [-0.8, 0, 1.2]},
			"faces": {
				"north": {"uv": [5, 3, 6, 4], "texture": "#5"},
				"east": {"uv": [5, 3, 6, 4], "texture": "#5"},
				"south": {"uv": [5, 3, 6, 4], "texture": "#5"},
				"west": {"uv": [5, 3, 6, 4], "texture": "#5"},
				"up": {"uv": [0, 0, 0.75, 9], "texture": "#5"},
				"down": {"uv": [0, 0, 0.75, 9], "texture": "#5"}
			}
		},
		{
			"name": "kipp",
			"from": [9.25, 18, 1.8],
			"to": [17.25, 19, 2.3],
			"rotation": {"angle": 0, "axis": "y", "origin": [-0.8, 0, 1.2]},
			"faces": {
				"north": {"uv": [5, 3, 6, 4], "texture": "#5"},
				"east": {"uv": [5, 3, 6, 4], "texture": "#5"},
				"south": {"uv": [5, 3, 6, 4], "texture": "#5"},
				"west": {"uv": [5, 3, 6, 4], "texture": "#5"},
				"up": {"uv": [0, 0, 0.75, 9], "texture": "#5"},
				"down": {"uv": [0, 0, 0.75, 9], "texture": "#5"}
			}
		},
		{
			"name": "kipp",
			"from": [16.25, 19, 2.05],
			"to": [17.25, 20, 2.55],
			"rotation": {"angle": 0, "axis": "y", "origin": [-0.8, 0, 1.2]},
			"faces": {
				"north": {"uv": [5, 3, 6, 4], "texture": "#3"},
				"east": {"uv": [5, 3, 6, 4], "texture": "#3"},
				"south": {"uv": [5, 3, 6, 4], "texture": "#3"},
				"west": {"uv": [5, 3, 6, 4], "texture": "#3"},
				"up": {"uv": [0, 0, 0.75, 9], "texture": "#3"},
				"down": {"uv": [0, 0, 0.75, 9], "texture": "#3"}
			}
		},
		{
			"name": "kipp",
			"from": [14.5, -1, -0.2],
			"to": [18.5, 0.5, 0.3],
			"rotation": {"angle": 22.5, "axis": "z", "origin": [-0.8, 0, 1]},
			"faces": {
				"north": {"uv": [5, 3, 6, 4], "texture": "#5"},
				"east": {"uv": [5, 3, 6, 4], "texture": "#5"},
				"south": {"uv": [5, 3, 6, 4], "texture": "#5"},
				"west": {"uv": [5, 3, 6, 4], "texture": "#5"},
				"up": {"uv": [0, 0, 0.75, 9], "texture": "#5"},
				"down": {"uv": [0, 0, 0.75, 9], "texture": "#5"}
			}
		},
		{
			"name": "kipp",
			"from": [9.25, 5, -0.2],
			"to": [13.75, 6.5, 0.3],
			"rotation": {"angle": 0, "axis": "y", "origin": [-0.8, 0, 1]},
			"faces": {
				"north": {"uv": [5, 3, 6, 4], "texture": "#5"},
				"east": {"uv": [5, 3, 6, 4], "texture": "#5"},
				"south": {"uv": [5, 3, 6, 4], "texture": "#5"},
				"west": {"uv": [5, 3, 6, 4], "texture": "#5"},
				"up": {"uv": [0, 0, 0.75, 9], "texture": "#5"},
				"down": {"uv": [0, 0, 0.75, 9], "texture": "#5"}
			}
		},
		{
			"name": "kipp",
			"from": [1.5, 6.5, 0],
			"to": [9.5, 14.5, 0.5],
			"rotation": {"angle": 0, "axis": "y", "origin": [19.05, 0, 1.2]},
			"faces": {
				"north": {"uv": [6, 3, 5, 4], "texture": "#5"},
				"east": {"uv": [6, 3, 5, 4], "texture": "#5"},
				"south": {"uv": [6, 3, 5, 4], "texture": "#5"},
				"west": {"uv": [6, 3, 5, 4], "texture": "#5"},
				"up": {"uv": [0.75, 0, 0, 9], "texture": "#5"},
				"down": {"uv": [0.75, 0, 0, 9], "texture": "#5"}
			}
		},
		{
			"name": "kipp",
			"from": [0.95, 5.5, 1],
			"to": [1.45, 15.5, 30],
			"rotation": {"angle": 0, "axis": "y", "origin": [19.05, 0, 1.2]},
			"faces": {
				"north": {"uv": [6, 3, 5, 4], "texture": "#5"},
				"east": {"uv": [6, 3, 5, 4], "texture": "#5"},
				"south": {"uv": [6, 3, 5, 4], "texture": "#5"},
				"west": {"uv": [6, 3, 5, 4], "texture": "#5"},
				"up": {"uv": [0.75, 0, 0, 9], "texture": "#5"},
				"down": {"uv": [0.75, 0, 0, 9], "texture": "#5"}
			}
		},
		{
			"name": "kipp",
			"from": [0.75, 5.5, 21],
			"to": [1.25, 18.5, 21.5],
			"rotation": {"angle": 0, "axis": "y", "origin": [19.05, 0, 1.2]},
			"faces": {
				"north": {"uv": [6, 3, 5, 4], "texture": "#5"},
				"east": {"uv": [6, 3, 5, 4], "texture": "#5"},
				"south": {"uv": [6, 3, 5, 4], "texture": "#5"},
				"west": {"uv": [6, 3, 5, 4], "texture": "#5"},
				"up": {"uv": [0.75, 0, 0, 9], "texture": "#5"},
				"down": {"uv": [0.75, 0, 0, 9], "texture": "#5"}
			}
		},
		{
			"name": "kipp",
			"from": [0.75, 5.5, 25],
			"to": [1.25, 18.5, 25.5],
			"rotation": {"angle": 0, "axis": "y", "origin": [19.05, 0, 1.2]},
			"faces": {
				"north": {"uv": [6, 3, 5, 4], "texture": "#5"},
				"east": {"uv": [6, 3, 5, 4], "texture": "#5"},
				"south": {"uv": [6, 3, 5, 4], "texture": "#5"},
				"west": {"uv": [6, 3, 5, 4], "texture": "#5"},
				"up": {"uv": [0.75, 0, 0, 9], "texture": "#5"},
				"down": {"uv": [0.75, 0, 0, 9], "texture": "#5"}
			}
		},
		{
			"name": "kipp",
			"from": [0.75, 5.5, 29],
			"to": [1.25, 19.5, 29.5],
			"rotation": {"angle": 0, "axis": "y", "origin": [19.05, 0, 1.2]},
			"faces": {
				"north": {"uv": [6, 3, 5, 4], "texture": "#5"},
				"east": {"uv": [6, 3, 5, 4], "texture": "#5"},
				"south": {"uv": [6, 3, 5, 4], "texture": "#5"},
				"west": {"uv": [6, 3, 5, 4], "texture": "#5"},
				"up": {"uv": [0.75, 0, 0, 9], "texture": "#5"},
				"down": {"uv": [0.75, 0, 0, 9], "texture": "#5"}
			}
		},
		{
			"name": "kipp",
			"from": [0.75, 5.5, 29.5],
			"to": [17.25, 10.5, 30],
			"rotation": {"angle": 0, "axis": "y", "origin": [19.05, 0, 1.2]},
			"faces": {
				"north": {"uv": [6, 3, 5, 4], "texture": "#5"},
				"east": {"uv": [6, 3, 5, 4], "texture": "#5"},
				"south": {"uv": [6, 3, 5, 4], "texture": "#5"},
				"west": {"uv": [6, 3, 5, 4], "texture": "#5"},
				"up": {"uv": [0.75, 0, 0, 9], "texture": "#5"},
				"down": {"uv": [0.75, 0, 0, 9], "texture": "#5"}
			}
		},
		{
			"name": "kipp",
			"from": [0.75, 10.5, 29.5],
			"to": [17.25, 13.5, 30],
			"rotation": {"angle": 0, "axis": "y", "origin": [19.05, 0, 1.2]},
			"faces": {
				"north": {"uv": [6, 3, 5, 4], "texture": "#5"},
				"east": {"uv": [6, 3, 5, 4], "texture": "#5"},
				"south": {"uv": [6, 3, 5, 4], "texture": "#5"},
				"west": {"uv": [6, 3, 5, 4], "texture": "#5"},
				"up": {"uv": [0.75, 0, 0, 9], "texture": "#5"},
				"down": {"uv": [0.75, 0, 0, 9], "texture": "#5"}
			}
		},
		{
			"name": "kipp",
			"from": [0.75, 13.5, 29.25],
			"to": [17.25, 16.5, 30.25],
			"rotation": {"angle": 0, "axis": "y", "origin": [19.05, 0, 1.2]},
			"faces": {
				"north": {"uv": [6, 3, 5, 4], "texture": "#5"},
				"east": {"uv": [6, 3, 5, 4], "texture": "#5"},
				"south": {"uv": [6, 3, 5, 4], "texture": "#5"},
				"west": {"uv": [6, 3, 5, 4], "texture": "#5"},
				"up": {"uv": [0.75, 0, 0, 9], "texture": "#5"},
				"down": {"uv": [0.75, 0, 0, 9], "texture": "#5"}
			}
		},
		{
			"name": "kipp",
			"from": [0.75, 16.5, 29.75],
			"to": [17.25, 18.5, 30.25],
			"rotation": {"angle": 0, "axis": "y", "origin": [19.05, 0, 1.2]},
			"faces": {
				"north": {"uv": [6, 3, 5, 4], "texture": "#5"},
				"east": {"uv": [6, 3, 5, 4], "texture": "#5"},
				"south": {"uv": [6, 3, 5, 4], "texture": "#5"},
				"west": {"uv": [6, 3, 5, 4], "texture": "#5"},
				"up": {"uv": [0.75, 0, 0, 9], "texture": "#5"},
				"down": {"uv": [0.75, 0, 0, 9], "texture": "#5"}
			}
		},
		{
			"name": "kipp",
			"from": [0.75, 18.5, 29.5],
			"to": [17.25, 19.5, 31],
			"rotation": {"angle": 0, "axis": "y", "origin": [19.05, 0, 1.2]},
			"faces": {
				"north": {"uv": [6, 3, 5, 4], "texture": "#5"},
				"east": {"uv": [6, 3, 5, 4], "texture": "#5"},
				"south": {"uv": [6, 3, 5, 4], "texture": "#5"},
				"west": {"uv": [6, 3, 5, 4], "texture": "#5"},
				"up": {"uv": [0.75, 0, 0, 9], "texture": "#5"},
				"down": {"uv": [0.75, 0, 0, 9], "texture": "#5"}
			}
		},
		{
			"name": "kipp",
			"from": [0.75, 5.5, 18],
			"to": [1.25, 18.5, 18.5],
			"rotation": {"angle": 0, "axis": "y", "origin": [19.05, 0, 1.2]},
			"faces": {
				"north": {"uv": [6, 3, 5, 4], "texture": "#5"},
				"east": {"uv": [6, 3, 5, 4], "texture": "#5"},
				"south": {"uv": [6, 3, 5, 4], "texture": "#5"},
				"west": {"uv": [6, 3, 5, 4], "texture": "#5"},
				"up": {"uv": [0.75, 0, 0, 9], "texture": "#5"},
				"down": {"uv": [0.75, 0, 0, 9], "texture": "#5"}
			}
		},
		{
			"name": "kipp",
			"from": [0.75, 5, 0],
			"to": [1.25, 6, 30],
			"rotation": {"angle": 0, "axis": "y", "origin": [19.05, 0, 1.2]},
			"faces": {
				"north": {"uv": [6, 3, 5, 4], "texture": "#5"},
				"east": {"uv": [6, 3, 5, 4], "texture": "#5"},
				"south": {"uv": [6, 3, 5, 4], "texture": "#5"},
				"west": {"uv": [6, 3, 5, 4], "texture": "#5"},
				"up": {"uv": [0.75, 0, 0, 9], "texture": "#5"},
				"down": {"uv": [0.75, 0, 0, 9], "texture": "#5"}
			}
		},
		{
			"name": "kipp",
			"from": [0.75, 18.5, 2],
			"to": [1.25, 19, 31],
			"rotation": {"angle": 0, "axis": "y", "origin": [19.05, 0, 1.2]},
			"faces": {
				"north": {"uv": [6, 3, 5, 4], "texture": "#5"},
				"east": {"uv": [6, 3, 5, 4], "texture": "#5"},
				"south": {"uv": [6, 3, 5, 4], "texture": "#5"},
				"west": {"uv": [6, 3, 5, 4], "texture": "#5"},
				"up": {"uv": [0.75, 0, 0, 9], "texture": "#5"},
				"down": {"uv": [0.75, 0, 0, 9], "texture": "#5"}
			}
		},
		{
			"name": "kipp",
			"from": [0.75, 5.5, 15],
			"to": [1.25, 18.5, 15.5],
			"rotation": {"angle": 0, "axis": "y", "origin": [19.05, 0, 1.2]},
			"faces": {
				"north": {"uv": [6, 3, 5, 4], "texture": "#5"},
				"east": {"uv": [6, 3, 5, 4], "texture": "#5"},
				"south": {"uv": [6, 3, 5, 4], "texture": "#5"},
				"west": {"uv": [6, 3, 5, 4], "texture": "#5"},
				"up": {"uv": [0.75, 0, 0, 9], "texture": "#5"},
				"down": {"uv": [0.75, 0, 0, 9], "texture": "#5"}
			}
		},
		{
			"name": "kipp",
			"from": [0.75, 5.5, 12],
			"to": [1.25, 18.5, 12.5],
			"rotation": {"angle": 0, "axis": "y", "origin": [19.05, 0, 1.2]},
			"faces": {
				"north": {"uv": [6, 3, 5, 4], "texture": "#5"},
				"east": {"uv": [6, 3, 5, 4], "texture": "#5"},
				"south": {"uv": [6, 3, 5, 4], "texture": "#5"},
				"west": {"uv": [6, 3, 5, 4], "texture": "#5"},
				"up": {"uv": [0.75, 0, 0, 9], "texture": "#5"},
				"down": {"uv": [0.75, 0, 0, 9], "texture": "#5"}
			}
		},
		{
			"name": "kipp",
			"from": [0.75, 5.5, 9],
			"to": [1.25, 18.5, 9.5],
			"rotation": {"angle": 0, "axis": "y", "origin": [19.05, 0, 1.2]},
			"faces": {
				"north": {"uv": [6, 3, 5, 4], "texture": "#5"},
				"east": {"uv": [6, 3, 5, 4], "texture": "#5"},
				"south": {"uv": [6, 3, 5, 4], "texture": "#5"},
				"west": {"uv": [6, 3, 5, 4], "texture": "#5"},
				"up": {"uv": [0.75, 0, 0, 9], "texture": "#5"},
				"down": {"uv": [0.75, 0, 0, 9], "texture": "#5"}
			}
		},
		{
			"name": "kipp",
			"from": [0.75, 5.5, 6],
			"to": [1.25, 18.5, 6.5],
			"rotation": {"angle": 0, "axis": "y", "origin": [19.05, 0, 1.2]},
			"faces": {
				"north": {"uv": [6, 3, 5, 4], "texture": "#5"},
				"east": {"uv": [6, 3, 5, 4], "texture": "#5"},
				"south": {"uv": [6, 3, 5, 4], "texture": "#5"},
				"west": {"uv": [6, 3, 5, 4], "texture": "#5"},
				"up": {"uv": [0.75, 0, 0, 9], "texture": "#5"},
				"down": {"uv": [0.75, 0, 0, 9], "texture": "#5"}
			}
		},
		{
			"name": "kipp",
			"from": [0.75, 5.5, 3],
			"to": [1.25, 18.5, 3.5],
			"rotation": {"angle": 0, "axis": "y", "origin": [19.05, 0, 1.2]},
			"faces": {
				"north": {"uv": [6, 3, 5, 4], "texture": "#5"},
				"east": {"uv": [6, 3, 5, 4], "texture": "#5"},
				"south": {"uv": [6, 3, 5, 4], "texture": "#5"},
				"west": {"uv": [6, 3, 5, 4], "texture": "#5"},
				"up": {"uv": [0.75, 0, 0, 9], "texture": "#5"},
				"down": {"uv": [0.75, 0, 0, 9], "texture": "#5"}
			}
		},
		{
			"name": "kipp",
			"from": [0.75, 5.5, 0],
			"to": [1.75, 14.5, 1],
			"rotation": {"angle": 0, "axis": "y", "origin": [19.05, 0, 1.2]},
			"faces": {
				"north": {"uv": [6, 3, 5, 4], "texture": "#5"},
				"east": {"uv": [6, 3, 5, 4], "texture": "#5"},
				"south": {"uv": [6, 3, 5, 4], "texture": "#5"},
				"west": {"uv": [6, 3, 5, 4], "texture": "#5"},
				"up": {"uv": [0.75, 0, 0, 9], "texture": "#5"},
				"down": {"uv": [0.75, 0, 0, 9], "texture": "#5"}
			}
		},
		{
			"name": "kipp",
			"from": [-0.25, -1, -0.2],
			"to": [3.75, 0.5, 0.3],
			"rotation": {"angle": -22.5, "axis": "z", "origin": [19.05, 0, 1]},
			"faces": {
				"north": {"uv": [6, 3, 5, 4], "texture": "#5"},
				"east": {"uv": [6, 3, 5, 4], "texture": "#5"},
				"south": {"uv": [6, 3, 5, 4], "texture": "#5"},
				"west": {"uv": [6, 3, 5, 4], "texture": "#5"},
				"up": {"uv": [0.75, 0, 0, 9], "texture": "#5"},
				"down": {"uv": [0.75, 0, 0, 9], "texture": "#5"}
			}
		},
		{
			"name": "kipp",
			"from": [4.5, 5, -0.2],
			"to": [9.5, 6.5, 0.3],
			"rotation": {"angle": 0, "axis": "y", "origin": [19.05, 0, 1]},
			"faces": {
				"north": {"uv": [6, 3, 5, 4], "texture": "#5"},
				"east": {"uv": [6, 3, 5, 4], "texture": "#5"},
				"south": {"uv": [6, 3, 5, 4], "texture": "#5"},
				"west": {"uv": [6, 3, 5, 4], "texture": "#5"},
				"up": {"uv": [0.75, 0, 0, 9], "texture": "#5"},
				"down": {"uv": [0.75, 0, 0, 9], "texture": "#5"}
			}
		},
		{
			"name": "kipp",
			"from": [5.25, 6.5, -0.2],
			"to": [6.75, 14.5, 0.3],
			"rotation": {"angle": 0, "axis": "y", "origin": [19.05, 0, 1.2]},
			"faces": {
				"north": {"uv": [6, 3, 5, 4], "texture": "#5"},
				"east": {"uv": [6, 3, 5, 4], "texture": "#5"},
				"south": {"uv": [6, 3, 5, 4], "texture": "#5"},
				"west": {"uv": [6, 3, 5, 4], "texture": "#5"},
				"up": {"uv": [0.75, 0, 0, 9], "texture": "#5"},
				"down": {"uv": [0.75, 0, 0, 9], "texture": "#5"}
			}
		},
		{
			"name": "kipp",
			"from": [1, 18, 1.8],
			"to": [9.2, 19, 2.3],
			"rotation": {"angle": 0, "axis": "y", "origin": [19.05, 0, 1.2]},
			"faces": {
				"north": {"uv": [6, 3, 5, 4], "texture": "#5"},
				"east": {"uv": [6, 3, 5, 4], "texture": "#5"},
				"south": {"uv": [6, 3, 5, 4], "texture": "#5"},
				"west": {"uv": [6, 3, 5, 4], "texture": "#5"},
				"up": {"uv": [0.75, 0, 0, 9], "texture": "#5"},
				"down": {"uv": [0.75, 0, 0, 9], "texture": "#5"}
			}
		},
		{
			"name": "kipp",
			"from": [1, 19, 2.05],
			"to": [2, 20, 2.55],
			"rotation": {"angle": 0, "axis": "y", "origin": [19.05, 0, 1.2]},
			"faces": {
				"north": {"uv": [6, 3, 5, 4], "texture": "#3"},
				"east": {"uv": [6, 3, 5, 4], "texture": "#3"},
				"south": {"uv": [6, 3, 5, 4], "texture": "#3"},
				"west": {"uv": [6, 3, 5, 4], "texture": "#3"},
				"up": {"uv": [0.75, 0, 0, 9], "texture": "#3"},
				"down": {"uv": [0.75, 0, 0, 9], "texture": "#3"}
			}
		},
		{
			"name": "kipp",
			"from": [0.75, 13, -5.4],
			"to": [1.75, 19, -4.4],
			"rotation": {"angle": 22.5, "axis": "x", "origin": [19.05, 0, 1.2]},
			"faces": {
				"north": {"uv": [6, 3, 5, 4], "texture": "#5"},
				"east": {"uv": [6, 3, 5, 4], "texture": "#5"},
				"south": {"uv": [6, 3, 5, 4], "texture": "#5"},
				"west": {"uv": [6, 3, 5, 4], "texture": "#5"},
				"up": {"uv": [0.75, 0, 0, 9], "texture": "#5"},
				"down": {"uv": [0.75, 0, 0, 9], "texture": "#5"}
			}
		},
		{
			"name": "kipp",
			"from": [0.95, 15.5, 3],
			"to": [1.45, 18.5, 30],
			"rotation": {"angle": 0, "axis": "y", "origin": [19.05, 0, 1.2]},
			"faces": {
				"north": {"uv": [6, 3, 5, 4], "texture": "#5"},
				"east": {"uv": [6, 3, 5, 4], "texture": "#5"},
				"south": {"uv": [6, 3, 5, 4], "texture": "#5"},
				"west": {"uv": [6, 3, 5, 4], "texture": "#5"},
				"up": {"uv": [0.75, 0, 0, 9], "texture": "#5"},
				"down": {"uv": [0.75, 0, 0, 9], "texture": "#5"}
			}
		},
		{
			"name": "kipp",
			"from": [0.95, 15.5, 1.5],
			"to": [1.45, 18.5, 3],
			"rotation": {"angle": 0, "axis": "y", "origin": [19.05, 0, 1.2]},
			"faces": {
				"north": {"uv": [6, 3, 5, 4], "texture": "#5"},
				"east": {"uv": [6, 3, 5, 4], "texture": "#5"},
				"south": {"uv": [6, 3, 5, 4], "texture": "#5"},
				"west": {"uv": [6, 3, 5, 4], "texture": "#5"},
				"up": {"uv": [0.75, 0, 0, 9], "texture": "#5"},
				"down": {"uv": [0.75, 0, 0, 9], "texture": "#5"}
			}
		},
		{
			"name": "kipp",
			"from": [1.5, 13, -5.25],
			"to": [9.5, 18, -4.75],
			"rotation": {"angle": 22.5, "axis": "x", "origin": [19.05, 0, 1.2]},
			"faces": {
				"north": {"uv": [6, 3, 5, 4], "texture": "#5"},
				"east": {"uv": [6, 3, 5, 4], "texture": "#5"},
				"south": {"uv": [6, 3, 5, 4], "texture": "#5"},
				"west": {"uv": [6, 3, 5, 4], "texture": "#5"},
				"up": {"uv": [0.75, 0, 0, 9], "texture": "#5"},
				"down": {"uv": [0.75, 0, 0, 9], "texture": "#5"}
			}
		},
		{
			"name": "kipp",
			"from": [5.25, 12.5, -5.6],
			"to": [6.75, 17.5, -5.1],
			"rotation": {"angle": 22.5, "axis": "x", "origin": [19.05, 0, 1.2]},
			"faces": {
				"north": {"uv": [6, 3, 5, 4], "texture": "#5"},
				"east": {"uv": [6, 3, 5, 4], "texture": "#5"},
				"south": {"uv": [6, 3, 5, 4], "texture": "#5"},
				"west": {"uv": [6, 3, 5, 4], "texture": "#5"},
				"up": {"uv": [0.75, 0, 0, 9], "texture": "#5"},
				"down": {"uv": [0.75, 0, 0, 9], "texture": "#5"}
			}
		}
	],
	"display": {
		"head": {
			"rotation": [0, -180, 0],
			"translation": [3, -4, -5],
			"scale": [4, 4, 4]
		}
	}
}