{
	"credit": "Made with Blockbench",
	"textures": {
		"2": "block/light_gray_wool",
		"4": "block/white_wool",
		"8": "block/red_wool",
		"9": "custom/milk"
	},
	"elements": [
		{
			"from": [4, 1, 9.5],
			"to": [9, 4, 10],
			"rotation": {"angle": 0, "axis": "y", "origin": [0, 1, -4]},
			"faces": {
				"north": {"uv": [0, 3, 12, 4], "rotation": 180, "texture": "#4"},
				"east": {"uv": [0, 3, 12, 4], "rotation": 180, "texture": "#4"},
				"south": {"uv": [0, 3, 12, 4], "rotation": 180, "texture": "#4"},
				"west": {"uv": [0, 3, 12, 4], "rotation": 180, "texture": "#4"},
				"up": {"uv": [0, 3, 12, 4], "rotation": 180, "texture": "#4"},
				"down": {"uv": [0, 0, 4, 3], "rotation": 270, "texture": "#4"}
			}
		},
		{
			"from": [5.5, 2, 9],
			"to": [7.5, 4, 9.5],
			"rotation": {"angle": 0, "axis": "y", "origin": [0, 1, -4]},
			"faces": {
				"north": {"uv": [0, 3, 12, 4], "rotation": 180, "texture": "#8"},
				"east": {"uv": [0, 3, 12, 4], "rotation": 180, "texture": "#8"},
				"south": {"uv": [0, 3, 12, 4], "rotation": 180, "texture": "#8"},
				"west": {"uv": [0, 3, 12, 4], "rotation": 180, "texture": "#8"},
				"up": {"uv": [0, 3, 12, 4], "rotation": 180, "texture": "#8"},
				"down": {"uv": [0, 0, 4, 3], "rotation": 270, "texture": "#8"}
			}
		},
		{
			"from": [1, 1, 0.5],
			"to": [5, 8, 4.5],
			"rotation": {"angle": 0, "axis": "y", "origin": [-1, 1, -4]},
			"faces": {
				"north": {"uv": [0, 3, 2, 4], "texture": "#4"},
				"east": {"uv": [0, 0.5, 14.5, 16], "texture": "#9"},
				"south": {"uv": [0, 3, 2, 4], "texture": "#4"},
				"west": {"uv": [0, 3, 2, 4], "texture": "#4"},
				"up": {"uv": [0, 3, 2, 4], "texture": "#4"},
				"down": {"uv": [0, 0, 4, 3], "rotation": 270, "texture": "#4"}
			}
		},
		{
			"from": [6.25, 1.5, 0.5],
			"to": [8.25, 4, 4.5],
			"rotation": {"angle": 45, "axis": "z", "origin": [-1, 1, -4]},
			"faces": {
				"north": {"uv": [0, 3, 2, 4], "texture": "#4"},
				"east": {"uv": [0, 15.5, 0.5, 16], "texture": "#4"},
				"south": {"uv": [0, 3, 2, 4], "texture": "#4"},
				"west": {"uv": [0, 3, 2, 4], "texture": "#4"},
				"up": {"uv": [0, 3, 2, 4], "texture": "#4"},
				"down": {"uv": [0, 0, 4, 3], "rotation": 270, "texture": "#4"}
			}
		},
		{
			"from": [-4.5, 7.25, 0.5],
			"to": [-2.5, 9.75, 4.5],
			"rotation": {"angle": -45, "axis": "z", "origin": [-1, 1, -4]},
			"faces": {
				"north": {"uv": [0, 3, 2, 4], "texture": "#4"},
				"east": {"uv": [0, 15.5, 0.5, 16], "texture": "#4"},
				"south": {"uv": [0, 3, 2, 4], "texture": "#4"},
				"west": {"uv": [0, 3, 2, 4], "texture": "#4"},
				"up": {"uv": [0, 3, 2, 4], "texture": "#4"},
				"down": {"uv": [0, 0, 4, 3], "rotation": 270, "texture": "#4"}
			}
		},
		{
			"from": [4, 1, 10],
			"to": [9, 1.6, 14.75],
			"rotation": {"angle": 0, "axis": "y", "origin": [0, 1, -4]},
			"faces": {
				"north": {"uv": [0, 3, 12, 4], "rotation": 180, "texture": "#4"},
				"east": {"uv": [0, 3, 12, 4], "rotation": 180, "texture": "#4"},
				"south": {"uv": [0, 3, 12, 4], "rotation": 180, "texture": "#4"},
				"west": {"uv": [0, 3, 12, 4], "rotation": 180, "texture": "#4"},
				"up": {"uv": [0, 3, 12, 4], "rotation": 180, "texture": "#4"},
				"down": {"uv": [0, 0, 4, 3], "rotation": 270, "texture": "#4"}
			}
		},
		{
			"from": [3.5, 1, 10],
			"to": [4, 4, 14.5],
			"rotation": {"angle": 0, "axis": "y", "origin": [0, 1, -4]},
			"faces": {
				"north": {"uv": [0, 3, 12, 4], "rotation": 180, "texture": "#4"},
				"east": {"uv": [0, 3, 12, 4], "rotation": 180, "texture": "#4"},
				"south": {"uv": [0, 3, 12, 4], "rotation": 180, "texture": "#4"},
				"west": {"uv": [0, 3, 12, 4], "rotation": 180, "texture": "#4"},
				"up": {"uv": [0, 3, 12, 4], "rotation": 180, "texture": "#4"},
				"down": {"uv": [0, 0, 4, 3], "rotation": 270, "texture": "#4"}
			}
		},
		{
			"from": [3, 4, 9.5],
			"to": [3.5, 7, 15],
			"rotation": {"angle": 0, "axis": "y", "origin": [0, 1, -4]},
			"faces": {
				"north": {"uv": [0, 3, 12, 4], "rotation": 180, "texture": "#4"},
				"east": {"uv": [0, 3, 12, 4], "rotation": 180, "texture": "#4"},
				"south": {"uv": [0, 3, 12, 4], "rotation": 180, "texture": "#4"},
				"west": {"uv": [0, 3, 12, 4], "rotation": 180, "texture": "#4"},
				"up": {"uv": [0, 3, 12, 4], "rotation": 180, "texture": "#4"},
				"down": {"uv": [0, 0, 4, 3], "rotation": 270, "texture": "#4"}
			}
		},
		{
			"from": [3.5, 4, 9],
			"to": [9.5, 7, 9.5],
			"rotation": {"angle": 0, "axis": "y", "origin": [0, 1, -4]},
			"faces": {
				"north": {"uv": [0, 3, 12, 4], "rotation": 180, "texture": "#4"},
				"east": {"uv": [0, 3, 12, 4], "rotation": 180, "texture": "#4"},
				"south": {"uv": [0, 3, 12, 4], "rotation": 180, "texture": "#4"},
				"west": {"uv": [0, 3, 12, 4], "rotation": 180, "texture": "#4"},
				"up": {"uv": [0, 3, 12, 4], "rotation": 180, "texture": "#4"},
				"down": {"uv": [0, 0, 4, 3], "rotation": 270, "texture": "#4"}
			}
		},
		{
			"from": [9.5, 4, 9.5],
			"to": [10, 7, 15],
			"rotation": {"angle": 0, "axis": "y", "origin": [16, 1, 20]},
			"faces": {
				"north": {"uv": [0, 3, 12, 4], "rotation": 180, "texture": "#4"},
				"east": {"uv": [0, 3, 12, 4], "rotation": 180, "texture": "#4"},
				"south": {"uv": [0, 3, 12, 4], "rotation": 180, "texture": "#4"},
				"west": {"uv": [0, 3, 12, 4], "rotation": 180, "texture": "#4"},
				"up": {"uv": [12, 4, 0, 3], "rotation": 180, "texture": "#4"},
				"down": {"uv": [4, 3, 0, 0], "rotation": 270, "texture": "#4"}
			}
		},
		{
			"from": [3.5, 4, 15],
			"to": [9.5, 7, 15.5],
			"rotation": {"angle": 0, "axis": "y", "origin": [16, 1, 20]},
			"faces": {
				"north": {"uv": [0, 3, 12, 4], "rotation": 180, "texture": "#4"},
				"east": {"uv": [0, 3, 12, 4], "rotation": 180, "texture": "#4"},
				"south": {"uv": [0, 3, 12, 4], "rotation": 180, "texture": "#4"},
				"west": {"uv": [0, 3, 12, 4], "rotation": 180, "texture": "#4"},
				"up": {"uv": [12, 4, 0, 3], "rotation": 180, "texture": "#4"},
				"down": {"uv": [4, 3, 0, 0], "rotation": 270, "texture": "#4"}
			}
		},
		{
			"from": [9, 1, 10],
			"to": [9.5, 4, 14.5],
			"rotation": {"angle": 0, "axis": "y", "origin": [0, 1, -4]},
			"faces": {
				"north": {"uv": [0, 3, 12, 4], "rotation": 180, "texture": "#4"},
				"east": {"uv": [0, 3, 12, 4], "rotation": 180, "texture": "#4"},
				"south": {"uv": [0, 3, 12, 4], "rotation": 180, "texture": "#4"},
				"west": {"uv": [0, 3, 12, 4], "rotation": 180, "texture": "#4"},
				"up": {"uv": [0, 3, 12, 4], "rotation": 180, "texture": "#4"},
				"down": {"uv": [0, 0, 4, 3], "rotation": 270, "texture": "#4"}
			}
		},
		{
			"from": [4, 1, 14.5],
			"to": [9, 4, 15],
			"rotation": {"angle": 0, "axis": "y", "origin": [0, 1, -4]},
			"faces": {
				"north": {"uv": [0, 3, 12, 4], "rotation": 180, "texture": "#4"},
				"east": {"uv": [0, 3, 12, 4], "rotation": 180, "texture": "#4"},
				"south": {"uv": [0, 3, 12, 4], "rotation": 180, "texture": "#4"},
				"west": {"uv": [0, 3, 12, 4], "rotation": 180, "texture": "#4"},
				"up": {"uv": [0, 3, 12, 4], "rotation": 180, "texture": "#4"},
				"down": {"uv": [0, 0, 4, 3], "rotation": 270, "texture": "#4"}
			}
		},
		{
			"from": [11, 1, 9.5],
			"to": [15, 7, 13.5],
			"rotation": {"angle": 0, "axis": "y", "origin": [0, 1, -4]},
			"faces": {
				"north": {"uv": [0, 3, 12, 4], "rotation": 180, "texture": "#2"},
				"east": {"uv": [0, 3, 12, 4], "rotation": 180, "texture": "#2"},
				"south": {"uv": [0, 3, 12, 4], "rotation": 180, "texture": "#2"},
				"west": {"uv": [0, 3, 12, 4], "rotation": 180, "texture": "#2"},
				"up": {"uv": [1, 3, 13, 4], "rotation": 180, "texture": "#2"},
				"down": {"uv": [0, 0, 4, 3], "rotation": 270, "texture": "#2"}
			}
		},
		{
			"from": [10.5, 7, 9],
			"to": [15.5, 9, 14],
			"rotation": {"angle": 0, "axis": "y", "origin": [0, 1, -4]},
			"faces": {
				"north": {"uv": [13, 15, 14, 16], "texture": "#2"},
				"east": {"uv": [13, 15, 14, 16], "texture": "#2"},
				"south": {"uv": [13, 15, 14, 16], "texture": "#2"},
				"west": {"uv": [13, 15, 14, 16], "texture": "#2"},
				"up": {"uv": [6.5, 5.5, 7.5, 6.5], "rotation": 180, "texture": "#2"},
				"down": {"uv": [0, 0, 4, 3], "rotation": 270, "texture": "#2"}
			}
		},
		{
			"from": [11, 9, 9.5],
			"to": [15, 10, 13.5],
			"rotation": {"angle": 0, "axis": "y", "origin": [0, 1, -4]},
			"faces": {
				"north": {"uv": [13, 15, 14, 16], "texture": "#2"},
				"east": {"uv": [13, 15, 14, 16], "texture": "#2"},
				"south": {"uv": [13, 15, 14, 16], "texture": "#2"},
				"west": {"uv": [13, 15, 14, 16], "texture": "#2"},
				"up": {"uv": [13, 15, 14, 16], "texture": "#2"},
				"down": {"uv": [0, 0, 4, 3], "rotation": 270, "texture": "#2"}
			}
		},
		{
			"from": [11.5, 10, 10],
			"to": [14.5, 11, 13],
			"rotation": {"angle": 0, "axis": "y", "origin": [0, 1, -4]},
			"faces": {
				"north": {"uv": [13, 15, 14, 16], "texture": "#2"},
				"east": {"uv": [13, 15, 14, 16], "texture": "#2"},
				"south": {"uv": [13, 15, 14, 16], "texture": "#2"},
				"west": {"uv": [13, 15, 14, 16], "texture": "#2"},
				"up": {"uv": [13, 15, 14, 16], "texture": "#2"},
				"down": {"uv": [0, 0, 4, 3], "rotation": 270, "texture": "#2"}
			}
		}
	],
	"display": {
		"fixed": {
			"rotation": [-90, 0, 0],
			"translation": [0, 0, -14],
			"scale": [2, 2, 2]
		}
	}
}