{
	"credit": "Made with Blockbench",
	"textures": {
		"2": "block/light_gray_wool",
		"3": "block/oak_planks",
		"5": "block/green_wool",
		"6": "block/cactus_side",
		"7": "block/acacia_log",
		"8": "block/red_wool",
		"particle": "block/gray_concrete"
	},
	"elements": [
		{
			"from": [3, 1.25, 5],
			"to": [15, 2.25, 14],
			"rotation": {"angle": 0, "axis": "y", "origin": [0, 1, 0]},
			"faces": {
				"north": {"uv": [6, 8, 10, 11], "rotation": 180, "texture": "#3"},
				"east": {"uv": [6, 8, 10, 11], "rotation": 180, "texture": "#3"},
				"south": {"uv": [6, 8, 10, 11], "rotation": 180, "texture": "#3"},
				"west": {"uv": [6, 8, 10, 11], "rotation": 180, "texture": "#3"},
				"up": {"uv": [6, 8, 10, 11], "rotation": 180, "texture": "#3"},
				"down": {"uv": [0, 0, 4, 3], "rotation": 270, "texture": "#3"}
			}
		},
		{
			"from": [-2, 2.25, 12],
			"to": [3, 3.75, 13.5],
			"rotation": {"angle": 22.5, "axis": "y", "origin": [0, 1, 0]},
			"faces": {
				"north": {"uv": [0, 3, 15, 11], "rotation": 180, "texture": "#5"},
				"east": {"uv": [6.5, 5.5, 8.5, 7.5], "texture": "#6"},
				"south": {"uv": [0, 3, 15, 11], "rotation": 180, "texture": "#5"},
				"west": {"uv": [0, 3, 15, 11], "rotation": 180, "texture": "#5"},
				"up": {"uv": [0, 3, 15, 11], "rotation": 180, "texture": "#5"},
				"down": {"uv": [0, 0, 4, 3], "rotation": 270, "texture": "#5"}
			}
		},
		{
			"from": [7, 2.25, 11],
			"to": [8.5, 2.75, 12.5],
			"rotation": {"angle": 22.5, "axis": "y", "origin": [0, 1, -4]},
			"faces": {
				"north": {"uv": [0, 3, 15, 11], "rotation": 180, "texture": "#5"},
				"east": {"uv": [6.5, 5.5, 8.5, 7.5], "texture": "#5"},
				"south": {"uv": [0, 3, 15, 11], "rotation": 180, "texture": "#5"},
				"west": {"uv": [0, 3, 15, 11], "rotation": 180, "texture": "#5"},
				"up": {"uv": [6.5, 5.5, 8.5, 7.5], "rotation": 180, "texture": "#6"},
				"down": {"uv": [0, 0, 4, 3], "rotation": 270, "texture": "#5"}
			}
		},
		{
			"from": [11, -2.5, 6.5],
			"to": [12.5, -2, 8],
			"rotation": {"angle": 22.5, "axis": "z", "origin": [0, 1, -4]},
			"faces": {
				"north": {"uv": [0, 3, 15, 11], "rotation": 180, "texture": "#5"},
				"east": {"uv": [6.5, 5.5, 8.5, 7.5], "texture": "#5"},
				"south": {"uv": [0, 3, 15, 11], "rotation": 180, "texture": "#5"},
				"west": {"uv": [0, 3, 15, 11], "rotation": 180, "texture": "#5"},
				"up": {"uv": [6.5, 5.5, 8.5, 7.5], "rotation": 180, "texture": "#6"},
				"down": {"uv": [0, 0, 4, 3], "rotation": 270, "texture": "#5"}
			}
		},
		{
			"from": [10, 2.5, 7.5],
			"to": [11.5, 3, 9],
			"rotation": {"angle": 0, "axis": "z", "origin": [0, 1, -4]},
			"faces": {
				"north": {"uv": [0, 3, 15, 11], "rotation": 180, "texture": "#5"},
				"east": {"uv": [6.5, 5.5, 8.5, 7.5], "texture": "#5"},
				"south": {"uv": [0, 3, 15, 11], "rotation": 180, "texture": "#5"},
				"west": {"uv": [0, 3, 15, 11], "rotation": 180, "texture": "#5"},
				"up": {"uv": [6.5, 5.5, 8.5, 7.5], "rotation": 180, "texture": "#6"},
				"down": {"uv": [0, 0, 4, 3], "rotation": 270, "texture": "#5"}
			}
		},
		{
			"from": [12, 2.5, 10.5],
			"to": [14, 4, 12.5],
			"rotation": {"angle": 0, "axis": "y", "origin": [0, 1, -4]},
			"faces": {
				"north": {"uv": [0, 3, 15, 11], "rotation": 180, "texture": "#8"},
				"east": {"uv": [6.5, 5.5, 8.5, 7.5], "texture": "#8"},
				"south": {"uv": [0, 3, 15, 11], "rotation": 180, "texture": "#8"},
				"west": {"uv": [0, 3, 15, 11], "rotation": 180, "texture": "#8"},
				"up": {"uv": [6.5, 5.5, 8.5, 7.5], "rotation": 180, "texture": "#8"},
				"down": {"uv": [0, 0, 4, 3], "rotation": 270, "texture": "#8"}
			}
		},
		{
			"from": [12.5, 4, 11],
			"to": [13.5, 4.5, 12],
			"rotation": {"angle": 0, "axis": "y", "origin": [0, 1, -4]},
			"faces": {
				"north": {"uv": [0, 3, 15, 11], "rotation": 180, "texture": "#5"},
				"east": {"uv": [6.5, 5.5, 8.5, 7.5], "texture": "#5"},
				"south": {"uv": [0, 3, 15, 11], "rotation": 180, "texture": "#5"},
				"west": {"uv": [0, 3, 15, 11], "rotation": 180, "texture": "#5"},
				"up": {"uv": [6.5, 5.5, 8.5, 7.5], "rotation": 180, "texture": "#5"},
				"down": {"uv": [0, 0, 4, 3], "rotation": 270, "texture": "#5"}
			}
		},
		{
			"from": [1, 1.25, 6],
			"to": [3, 2.25, 13],
			"rotation": {"angle": 0, "axis": "y", "origin": [0, 1, 0]},
			"faces": {
				"north": {"uv": [6, 8, 10, 11], "rotation": 180, "texture": "#3"},
				"east": {"uv": [6, 8, 10, 11], "rotation": 180, "texture": "#3"},
				"south": {"uv": [6, 8, 10, 11], "rotation": 180, "texture": "#3"},
				"west": {"uv": [6, 8, 10, 11], "rotation": 180, "texture": "#3"},
				"up": {"uv": [6, 8, 10, 11], "rotation": 180, "texture": "#3"},
				"down": {"uv": [0, 0, 4, 3], "rotation": 270, "texture": "#3"}
			}
		},
		{
			"from": [4, 2.25, 11],
			"to": [4.5, 2.75, 14],
			"rotation": {"angle": 22.5, "axis": "y", "origin": [0, 1, 0]},
			"faces": {
				"north": {"uv": [6, 8, 10, 11], "rotation": 180, "texture": "#2"},
				"east": {"uv": [6, 8, 10, 11], "rotation": 180, "texture": "#2"},
				"south": {"uv": [6, 8, 10, 11], "rotation": 180, "texture": "#2"},
				"west": {"uv": [6, 8, 10, 11], "rotation": 180, "texture": "#2"},
				"up": {"uv": [6, 8, 10, 11], "rotation": 180, "texture": "#2"},
				"down": {"uv": [0, 0, 4, 3], "rotation": 270, "texture": "#2"}
			}
		},
		{
			"from": [4, 2.25, 8],
			"to": [5, 2.75, 11],
			"rotation": {"angle": 22.5, "axis": "y", "origin": [0, 1, 0]},
			"faces": {
				"north": {"uv": [6, 8, 10, 11], "rotation": 180, "texture": "#2"},
				"east": {"uv": [6, 8, 10, 11], "rotation": 180, "texture": "#2"},
				"south": {"uv": [6, 8, 10, 11], "rotation": 180, "texture": "#2"},
				"west": {"uv": [6, 8, 10, 11], "rotation": 180, "texture": "#2"},
				"up": {"uv": [6, 8, 10, 11], "rotation": 180, "texture": "#2"},
				"down": {"uv": [0, 0, 4, 3], "rotation": 270, "texture": "#2"}
			}
		},
		{
			"from": [4, 2.25, 6],
			"to": [6, 2.75, 9],
			"rotation": {"angle": 0, "axis": "y", "origin": [0, 1, 0]},
			"faces": {
				"north": {"uv": [6, 8, 10, 11], "rotation": 180, "texture": "#7"},
				"east": {"uv": [6, 8, 10, 11], "rotation": 180, "texture": "#7"},
				"south": {"uv": [6, 8, 10, 11], "rotation": 180, "texture": "#7"},
				"west": {"uv": [6, 8, 10, 11], "rotation": 180, "texture": "#7"},
				"up": {"uv": [14, 15, 15, 16], "texture": "#3"},
				"down": {"uv": [0, 0, 4, 3], "rotation": 270, "texture": "#7"}
			}
		},
		{
			"from": [4, 2.25, 5.5],
			"to": [5.2, 2.85, 8],
			"rotation": {"angle": 22.5, "axis": "y", "origin": [0, 1, 0]},
			"faces": {
				"north": {"uv": [6, 8, 10, 11], "rotation": 180, "texture": "#7"},
				"east": {"uv": [6, 8, 10, 11], "rotation": 180, "texture": "#7"},
				"south": {"uv": [6, 8, 10, 11], "rotation": 180, "texture": "#7"},
				"west": {"uv": [6, 8, 10, 11], "rotation": 180, "texture": "#7"},
				"up": {"uv": [11, 10, 15, 14], "rotation": 180, "texture": "#7"},
				"down": {"uv": [0, 0, 4, 3], "rotation": 270, "texture": "#7"}
			}
		},
		{
			"from": [4.5, 2.25, 11],
			"to": [4.75, 2.75, 13],
			"rotation": {"angle": 22.5, "axis": "y", "origin": [0, 1, 0]},
			"faces": {
				"north": {"uv": [6, 8, 10, 11], "rotation": 180, "texture": "#2"},
				"east": {"uv": [6, 8, 10, 11], "rotation": 180, "texture": "#2"},
				"south": {"uv": [6, 8, 10, 11], "rotation": 180, "texture": "#2"},
				"west": {"uv": [6, 8, 10, 11], "rotation": 180, "texture": "#2"},
				"up": {"uv": [6, 8, 10, 11], "rotation": 180, "texture": "#2"},
				"down": {"uv": [0, 0, 4, 3], "rotation": 270, "texture": "#2"}
			}
		}
	],
	"display": {
		"fixed": {
			"rotation": [-90, 0, 0],
			"translation": [0, 0, -14],
			"scale": [2, 2, 2]
		}
	}
}