{
	"credit": "Made with Blockbench",
	"textures": {
		"0": "block/white_wool",
		"2": "block/light_gray_concrete_powder",
		"3": "block/glowstone",
		"4": "block/gray_wool",
		"6": "block/light_gray_concrete",
		"particle": "block/white_wool"
	},
	"elements": [
		{
			"from": [1, -1, 1],
			"to": [15, 1, 15],
			"rotation": {"angle": 0, "axis": "y", "origin": [-1, 16, -1]},
			"faces": {
				"north": {"uv": [0, 15, 1, 16], "texture": "#0"},
				"east": {"uv": [0, 15, 1, 16], "texture": "#0"},
				"south": {"uv": [0, 15, 1, 16], "texture": "#0"},
				"west": {"uv": [2, 11, 5, 14], "texture": "#0"},
				"up": {"uv": [0, 0, 1, 1], "texture": "#0"},
				"down": {"uv": [0, 0, 1, 1], "texture": "#0"}
			}
		},
		{
			"from": [2, 1, 2],
			"to": [14, 1.5, 14],
			"rotation": {"angle": 0, "axis": "y", "origin": [-1, 16, -1]},
			"faces": {
				"north": {"uv": [0, 15, 1, 16], "texture": "#2"},
				"east": {"uv": [0, 15, 1, 16], "texture": "#2"},
				"south": {"uv": [0, 15, 1, 16], "texture": "#2"},
				"west": {"uv": [2, 11, 5, 14], "texture": "#2"},
				"up": {"uv": [7, 4, 8, 5], "texture": "#2"},
				"down": {"uv": [0, 0, 1, 1], "texture": "#2"}
			}
		},
		{
			"from": [6.5, 8, 6.5],
			"to": [9.5, 10, 9.5],
			"rotation": {"angle": 0, "axis": "x", "origin": [-4, 20, -1]},
			"faces": {
				"north": {"uv": [2, 13, 4, 15], "texture": "#3"},
				"east": {"uv": [2, 13, 4, 15], "texture": "#3"},
				"south": {"uv": [2, 13, 4, 15], "texture": "#3"},
				"west": {"uv": [2, 13, 4, 15], "texture": "#3"},
				"up": {"uv": [2, 13, 4, 15], "texture": "#3"},
				"down": {"uv": [2, 13, 4, 15], "texture": "#3"}
			}
		},
		{
			"from": [6.25, 5, 6],
			"to": [10.25, 8, 10],
			"rotation": {"angle": 0, "axis": "x", "origin": [-4, 20, -1]},
			"faces": {
				"north": {"uv": [0, 15, 1, 16], "texture": "#6"},
				"east": {"uv": [0, 15, 1, 16], "texture": "#6"},
				"south": {"uv": [0, 15, 1, 16], "texture": "#6"},
				"west": {"uv": [2, 11, 5, 14], "texture": "#6"},
				"up": {"uv": [0, 0, 1, 1], "texture": "#6"},
				"down": {"uv": [0, 0, 1, 1], "texture": "#6"}
			}
		},
		{
			"from": [5.25, 8, 6],
			"to": [6.25, 11, 10],
			"rotation": {"angle": 0, "axis": "x", "origin": [-4, 20, -1]},
			"faces": {
				"north": {"uv": [6, 8, 7, 9], "texture": "#0"},
				"east": {"uv": [6, 8, 7, 9], "texture": "#0"},
				"south": {"uv": [6, 8, 7, 9], "texture": "#0"},
				"west": {"uv": [6, 8, 7, 9], "texture": "#0"},
				"up": {"uv": [6, 8, 7, 9], "texture": "#0"},
				"down": {"uv": [6, 8, 7, 9], "texture": "#0"}
			}
		},
		{
			"from": [6.25, 8, 10],
			"to": [10.25, 11, 11],
			"rotation": {"angle": 0, "axis": "x", "origin": [-6, 20, -1]},
			"faces": {
				"north": {"uv": [6, 8, 7, 9], "texture": "#0"},
				"east": {"uv": [6, 8, 7, 9], "texture": "#0"},
				"south": {"uv": [6, 8, 7, 9], "texture": "#0"},
				"west": {"uv": [6, 8, 7, 9], "texture": "#0"},
				"up": {"uv": [6, 8, 7, 9], "texture": "#0"},
				"down": {"uv": [6, 8, 7, 9], "texture": "#0"}
			}
		},
		{
			"from": [9.75, 8, 6],
			"to": [10.75, 11, 10],
			"rotation": {"angle": 0, "axis": "x", "origin": [20, 20, 17]},
			"faces": {
				"north": {"uv": [6, 8, 7, 9], "texture": "#0"},
				"east": {"uv": [6, 8, 7, 9], "texture": "#0"},
				"south": {"uv": [6, 8, 7, 9], "texture": "#0"},
				"west": {"uv": [6, 8, 7, 9], "texture": "#0"},
				"up": {"uv": [7, 9, 6, 8], "texture": "#0"},
				"down": {"uv": [7, 9, 6, 8], "texture": "#0"}
			}
		},
		{
			"from": [10.75, 13.5, 4],
			"to": [11.75, 15.5, 5],
			"rotation": {"angle": 0, "axis": "x", "origin": [20, 20, 17]},
			"faces": {
				"north": {"uv": [6, 8, 7, 9], "texture": "#0"},
				"east": {"uv": [6, 8, 7, 9], "texture": "#0"},
				"south": {"uv": [6, 8, 7, 9], "texture": "#0"},
				"west": {"uv": [6, 8, 7, 9], "texture": "#0"},
				"up": {"uv": [7, 9, 6, 8], "texture": "#0"},
				"down": {"uv": [7, 9, 6, 8], "texture": "#0"}
			}
		},
		{
			"from": [4.25, 13.5, 4],
			"to": [5.25, 15.5, 5],
			"rotation": {"angle": 0, "axis": "x", "origin": [20, 20, 17]},
			"faces": {
				"north": {"uv": [6, 8, 7, 9], "texture": "#0"},
				"east": {"uv": [6, 8, 7, 9], "texture": "#0"},
				"south": {"uv": [6, 8, 7, 9], "texture": "#0"},
				"west": {"uv": [6, 8, 7, 9], "texture": "#0"},
				"up": {"uv": [7, 9, 6, 8], "texture": "#0"},
				"down": {"uv": [7, 9, 6, 8], "texture": "#0"}
			}
		},
		{
			"from": [4.25, 13.5, 11],
			"to": [5.25, 15.5, 12],
			"rotation": {"angle": 0, "axis": "x", "origin": [20, 20, 17]},
			"faces": {
				"north": {"uv": [6, 8, 7, 9], "texture": "#0"},
				"east": {"uv": [6, 8, 7, 9], "texture": "#0"},
				"south": {"uv": [6, 8, 7, 9], "texture": "#0"},
				"west": {"uv": [6, 8, 7, 9], "texture": "#0"},
				"up": {"uv": [7, 9, 6, 8], "texture": "#0"},
				"down": {"uv": [7, 9, 6, 8], "texture": "#0"}
			}
		},
		{
			"from": [10.75, 13.5, 11],
			"to": [11.75, 15.5, 12],
			"rotation": {"angle": 0, "axis": "x", "origin": [20, 20, 17]},
			"faces": {
				"north": {"uv": [6, 8, 7, 9], "texture": "#0"},
				"east": {"uv": [6, 8, 7, 9], "texture": "#0"},
				"south": {"uv": [6, 8, 7, 9], "texture": "#0"},
				"west": {"uv": [6, 8, 7, 9], "texture": "#0"},
				"up": {"uv": [7, 9, 6, 8], "texture": "#0"},
				"down": {"uv": [7, 9, 6, 8], "texture": "#0"}
			}
		},
		{
			"from": [5.75, 8, 5],
			"to": [9.75, 11, 6],
			"rotation": {"angle": 0, "axis": "x", "origin": [22, 20, 17]},
			"faces": {
				"north": {"uv": [6, 8, 7, 9], "texture": "#0"},
				"east": {"uv": [6, 8, 7, 9], "texture": "#0"},
				"south": {"uv": [6, 8, 7, 9], "texture": "#0"},
				"west": {"uv": [6, 8, 7, 9], "texture": "#0"},
				"up": {"uv": [7, 9, 6, 8], "texture": "#0"},
				"down": {"uv": [7, 9, 6, 8], "texture": "#0"}
			}
		},
		{
			"from": [4.75, 9, 14],
			"to": [10.75, 14, 15],
			"rotation": {"angle": 22.5, "axis": "x", "origin": [22, 20, 17]},
			"faces": {
				"north": {"uv": [6, 8, 7, 9], "texture": "#0"},
				"east": {"uv": [6, 8, 7, 9], "texture": "#0"},
				"south": {"uv": [6, 8, 7, 9], "texture": "#0"},
				"west": {"uv": [6, 8, 7, 9], "texture": "#0"},
				"up": {"uv": [7, 9, 6, 8], "texture": "#0"},
				"down": {"uv": [7, 9, 6, 8], "texture": "#0"}
			}
		},
		{
			"from": [12.25, 17, 5],
			"to": [13.25, 22, 11],
			"rotation": {"angle": -22.5, "axis": "z", "origin": [-4, 20, -1]},
			"faces": {
				"north": {"uv": [6, 8, 7, 9], "texture": "#0"},
				"east": {"uv": [6, 8, 7, 9], "texture": "#0"},
				"south": {"uv": [6, 8, 7, 9], "texture": "#0"},
				"west": {"uv": [6, 8, 7, 9], "texture": "#0"},
				"up": {"uv": [6, 8, 7, 9], "texture": "#0"},
				"down": {"uv": [6, 8, 7, 9], "texture": "#0"}
			}
		},
		{
			"from": [2.75, 17, 5],
			"to": [3.75, 22, 11],
			"rotation": {"angle": 22.5, "axis": "z", "origin": [20, 20, 17]},
			"faces": {
				"north": {"uv": [6, 8, 7, 9], "texture": "#0"},
				"east": {"uv": [6, 8, 7, 9], "texture": "#0"},
				"south": {"uv": [6, 8, 7, 9], "texture": "#0"},
				"west": {"uv": [6, 8, 7, 9], "texture": "#0"},
				"up": {"uv": [7, 9, 6, 8], "texture": "#0"},
				"down": {"uv": [7, 9, 6, 8], "texture": "#0"}
			}
		},
		{
			"from": [5.25, 9, 1],
			"to": [11.25, 14, 2],
			"rotation": {"angle": -22.5, "axis": "x", "origin": [-6, 20, -1]},
			"faces": {
				"north": {"uv": [6, 8, 7, 9], "texture": "#0"},
				"east": {"uv": [6, 8, 7, 9], "texture": "#0"},
				"south": {"uv": [6, 8, 7, 9], "texture": "#0"},
				"west": {"uv": [6, 8, 7, 9], "texture": "#0"},
				"up": {"uv": [6, 8, 7, 9], "texture": "#0"},
				"down": {"uv": [6, 8, 7, 9], "texture": "#0"}
			}
		},
		{
			"from": [7.5, 1, 7.5],
			"to": [8.5, 5, 8.5],
			"rotation": {"angle": 0, "axis": "x", "origin": [-4, 20, -1]},
			"faces": {
				"north": {"uv": [0, 15, 1, 16], "texture": "#4"},
				"east": {"uv": [0, 15, 1, 16], "texture": "#4"},
				"south": {"uv": [0, 15, 1, 16], "texture": "#4"},
				"west": {"uv": [2, 11, 5, 14], "texture": "#4"},
				"up": {"uv": [0, 0, 1, 1], "texture": "#4"},
				"down": {"uv": [0, 0, 1, 1], "texture": "#4"}
			}
		}
	],
	"display": {
		"gui": {
			"rotation": [4, 0, 0],
			"translation": [0, 1, 0],
			"scale": [0.9, 0.9, 0.9]
		},
		"fixed": {
			"rotation": [-90, 0, 0],
			"translation": [0, 0, -15],
			"scale": [2, 2, 2]
		}
	}
}