{
	"credit": "Made with Blockbench",
	"textures": {
		"2": "block/light_gray_concrete_powder",
		"3": "block/glowstone",
		"4": "block/gray_wool",
		"5": "block/blue_concrete",
		"particle": "block/white_wool"
	},
	"elements": [
		{
			"from": [7, -1, 0.25],
			"to": [9, 4, 1.75],
			"rotation": {"angle": -22.5, "axis": "x", "origin": [-1, 17, -1]},
			"faces": {
				"north": {"uv": [0, 15, 1, 16], "texture": "#4"},
				"east": {"uv": [0, 15, 1, 16], "texture": "#4"},
				"south": {"uv": [0, 15, 1, 16], "texture": "#4"},
				"west": {"uv": [2, 11, 5, 14], "texture": "#4"},
				"up": {"uv": [0, 0, 1, 1], "texture": "#4"},
				"down": {"uv": [0, 0, 1, 1], "texture": "#4"}
			}
		},
		{
			"from": [6, 14, 12],
			"to": [9, 17, 13],
			"rotation": {"angle": 22.5, "axis": "x", "origin": [-1, 17, -3]},
			"faces": {
				"north": {"uv": [0, 15, 1, 16], "texture": "#5"},
				"east": {"uv": [0, 15, 1, 16], "texture": "#5"},
				"south": {"uv": [0, 15, 1, 16], "texture": "#5"},
				"west": {"uv": [2, 11, 5, 14], "texture": "#5"},
				"up": {"uv": [0, 0, 1, 1], "texture": "#5"},
				"down": {"uv": [0, 0, 1, 1], "texture": "#5"}
			}
		},
		{
			"from": [6.5, 13.5, 12],
			"to": [9.5, 14.5, 14],
			"rotation": {"angle": 22.5, "axis": "x", "origin": [-1, 17, -3]},
			"faces": {
				"north": {"uv": [0, 15, 1, 16], "texture": "#5"},
				"east": {"uv": [0, 15, 1, 16], "texture": "#5"},
				"south": {"uv": [0, 15, 1, 16], "texture": "#5"},
				"west": {"uv": [2, 11, 5, 14], "texture": "#5"},
				"up": {"uv": [0, 0, 1, 1], "texture": "#5"},
				"down": {"uv": [0, 0, 1, 1], "texture": "#5"}
			}
		},
		{
			"from": [6.5, 16.5, 12],
			"to": [9.5, 17.5, 14],
			"rotation": {"angle": 22.5, "axis": "x", "origin": [-1, 17, -3]},
			"faces": {
				"north": {"uv": [0, 15, 1, 16], "texture": "#5"},
				"east": {"uv": [0, 15, 1, 16], "texture": "#5"},
				"south": {"uv": [0, 15, 1, 16], "texture": "#5"},
				"west": {"uv": [2, 11, 5, 14], "texture": "#5"},
				"up": {"uv": [0, 0, 1, 1], "texture": "#5"},
				"down": {"uv": [0, 0, 1, 1], "texture": "#5"}
			}
		},
		{
			"from": [6.5, 17, 14],
			"to": [9.5, 18, 15],
			"rotation": {"angle": 22.5, "axis": "x", "origin": [-1, 17, -3]},
			"faces": {
				"north": {"uv": [0, 15, 1, 16], "texture": "#5"},
				"east": {"uv": [0, 15, 1, 16], "texture": "#5"},
				"south": {"uv": [0, 15, 1, 16], "texture": "#5"},
				"west": {"uv": [2, 11, 5, 14], "texture": "#5"},
				"up": {"uv": [0, 0, 1, 1], "texture": "#5"},
				"down": {"uv": [0, 0, 1, 1], "texture": "#5"}
			}
		},
		{
			"from": [6.5, 13, 14],
			"to": [9.5, 14, 15],
			"rotation": {"angle": 22.5, "axis": "x", "origin": [-1, 17, -3]},
			"faces": {
				"north": {"uv": [0, 15, 1, 16], "texture": "#5"},
				"east": {"uv": [0, 15, 1, 16], "texture": "#5"},
				"south": {"uv": [0, 15, 1, 16], "texture": "#5"},
				"west": {"uv": [2, 11, 5, 14], "texture": "#5"},
				"up": {"uv": [0, 0, 1, 1], "texture": "#5"},
				"down": {"uv": [0, 0, 1, 1], "texture": "#5"}
			}
		},
		{
			"from": [6, 14, 12],
			"to": [7, 17, 14],
			"rotation": {"angle": 22.5, "axis": "x", "origin": [-1, 17, -3]},
			"faces": {
				"north": {"uv": [0, 15, 1, 16], "texture": "#5"},
				"east": {"uv": [0, 15, 1, 16], "texture": "#5"},
				"south": {"uv": [0, 15, 1, 16], "texture": "#5"},
				"west": {"uv": [2, 11, 5, 14], "texture": "#5"},
				"up": {"uv": [0, 0, 1, 1], "texture": "#5"},
				"down": {"uv": [0, 0, 1, 1], "texture": "#5"}
			}
		},
		{
			"from": [9, 14, 12],
			"to": [10, 17, 14],
			"rotation": {"angle": 22.5, "axis": "x", "origin": [-1, 17, -3]},
			"faces": {
				"north": {"uv": [0, 15, 1, 16], "texture": "#5"},
				"east": {"uv": [0, 15, 1, 16], "texture": "#5"},
				"south": {"uv": [0, 15, 1, 16], "texture": "#5"},
				"west": {"uv": [2, 11, 5, 14], "texture": "#5"},
				"up": {"uv": [0, 0, 1, 1], "texture": "#5"},
				"down": {"uv": [0, 0, 1, 1], "texture": "#5"}
			}
		},
		{
			"from": [9.5, 13.5, 14],
			"to": [10.5, 17.5, 15],
			"rotation": {"angle": 22.5, "axis": "x", "origin": [-1, 17, -3]},
			"faces": {
				"north": {"uv": [0, 15, 1, 16], "texture": "#5"},
				"east": {"uv": [0, 15, 1, 16], "texture": "#5"},
				"south": {"uv": [0, 15, 1, 16], "texture": "#5"},
				"west": {"uv": [2, 11, 5, 14], "texture": "#5"},
				"up": {"uv": [0, 0, 1, 1], "texture": "#5"},
				"down": {"uv": [0, 0, 1, 1], "texture": "#5"}
			}
		},
		{
			"from": [5.5, 13.5, 14],
			"to": [6.5, 17.5, 15],
			"rotation": {"angle": 22.5, "axis": "x", "origin": [-1, 17, -3]},
			"faces": {
				"north": {"uv": [0, 15, 1, 16], "texture": "#5"},
				"east": {"uv": [0, 15, 1, 16], "texture": "#5"},
				"south": {"uv": [0, 15, 1, 16], "texture": "#5"},
				"west": {"uv": [2, 11, 5, 14], "texture": "#5"},
				"up": {"uv": [0, 0, 1, 1], "texture": "#5"},
				"down": {"uv": [0, 0, 1, 1], "texture": "#5"}
			}
		},
		{
			"from": [10, 13, 15],
			"to": [11, 18, 17],
			"rotation": {"angle": 22.5, "axis": "x", "origin": [-1, 17, -3]},
			"faces": {
				"north": {"uv": [0, 15, 1, 16], "texture": "#5"},
				"east": {"uv": [0, 15, 1, 16], "texture": "#5"},
				"south": {"uv": [0, 15, 1, 16], "texture": "#5"},
				"west": {"uv": [2, 11, 5, 14], "texture": "#5"},
				"up": {"uv": [0, 0, 1, 1], "texture": "#5"},
				"down": {"uv": [0, 0, 1, 1], "texture": "#5"}
			}
		},
		{
			"from": [5, 13, 15],
			"to": [6, 18, 17],
			"rotation": {"angle": 22.5, "axis": "x", "origin": [-1, 17, -3]},
			"faces": {
				"north": {"uv": [0, 15, 1, 16], "texture": "#5"},
				"east": {"uv": [0, 15, 1, 16], "texture": "#5"},
				"south": {"uv": [0, 15, 1, 16], "texture": "#5"},
				"west": {"uv": [2, 11, 5, 14], "texture": "#5"},
				"up": {"uv": [0, 0, 1, 1], "texture": "#5"},
				"down": {"uv": [0, 0, 1, 1], "texture": "#5"}
			}
		},
		{
			"from": [6, 17.5, 15],
			"to": [10, 18.5, 17],
			"rotation": {"angle": 22.5, "axis": "x", "origin": [-1, 17, -3]},
			"faces": {
				"north": {"uv": [0, 15, 1, 16], "texture": "#5"},
				"east": {"uv": [0, 15, 1, 16], "texture": "#5"},
				"south": {"uv": [0, 15, 1, 16], "texture": "#5"},
				"west": {"uv": [2, 11, 5, 14], "texture": "#5"},
				"up": {"uv": [0, 0, 1, 1], "texture": "#5"},
				"down": {"uv": [0, 0, 1, 1], "texture": "#5"}
			}
		},
		{
			"from": [6, 12.5, 15],
			"to": [10, 13.5, 17],
			"rotation": {"angle": 22.5, "axis": "x", "origin": [-1, 17, -3]},
			"faces": {
				"north": {"uv": [0, 15, 1, 16], "texture": "#5"},
				"east": {"uv": [0, 15, 1, 16], "texture": "#5"},
				"south": {"uv": [0, 15, 1, 16], "texture": "#5"},
				"west": {"uv": [2, 11, 5, 14], "texture": "#5"},
				"up": {"uv": [0, 0, 1, 1], "texture": "#5"},
				"down": {"uv": [0, 0, 1, 1], "texture": "#5"}
			}
		},
		{
			"from": [7, 9.5, 9],
			"to": [9, 14.5, 10.5],
			"rotation": {"angle": 22.5, "axis": "x", "origin": [-1, 17, -3]},
			"faces": {
				"north": {"uv": [0, 15, 1, 16], "texture": "#4"},
				"east": {"uv": [0, 15, 1, 16], "texture": "#4"},
				"south": {"uv": [0, 15, 1, 16], "texture": "#4"},
				"west": {"uv": [2, 11, 5, 14], "texture": "#4"},
				"up": {"uv": [0, 0, 1, 1], "texture": "#4"},
				"down": {"uv": [0, 0, 1, 1], "texture": "#4"}
			}
		},
		{
			"from": [7, 5, 3.5],
			"to": [9, 6.5, 7.5],
			"rotation": {"angle": -22.5, "axis": "x", "origin": [-1, 17, -3]},
			"faces": {
				"north": {"uv": [0, 0, 1, 1], "rotation": 180, "texture": "#4"},
				"east": {"uv": [0, 15, 1, 16], "rotation": 270, "texture": "#4"},
				"south": {"uv": [0, 0, 1, 1], "texture": "#4"},
				"west": {"uv": [2, 11, 5, 14], "rotation": 90, "texture": "#4"},
				"up": {"uv": [0, 15, 1, 16], "rotation": 180, "texture": "#4"},
				"down": {"uv": [0, 15, 1, 16], "texture": "#4"}
			}
		},
		{
			"from": [7, 14, 14.5],
			"to": [9, 16, 16.5],
			"rotation": {"angle": 22.5, "axis": "x", "origin": [-1, 17, -1]},
			"faces": {
				"north": {"uv": [2, 13, 4, 15], "texture": "#3"},
				"east": {"uv": [2, 13, 4, 15], "texture": "#3"},
				"south": {"uv": [2, 13, 4, 15], "texture": "#3"},
				"west": {"uv": [2, 13, 4, 15], "texture": "#3"},
				"up": {"uv": [2, 13, 4, 15], "texture": "#3"},
				"down": {"uv": [2, 13, 4, 15], "texture": "#3"}
			}
		},
		{
			"from": [6.5, 13.5, 12.5],
			"to": [9.5, 16.5, 13.5],
			"rotation": {"angle": 22.5, "axis": "x", "origin": [-1, 17, -1]},
			"faces": {
				"north": {"uv": [2, 13, 4, 15], "texture": "#4"},
				"east": {"uv": [2, 13, 4, 15], "texture": "#4"},
				"south": {"uv": [2, 13, 4, 15], "texture": "#4"},
				"west": {"uv": [2, 13, 4, 15], "texture": "#4"},
				"up": {"uv": [2, 13, 4, 15], "texture": "#4"},
				"down": {"uv": [2, 13, 4, 15], "texture": "#4"}
			}
		},
		{
			"from": [5.5, 0, 5.5],
			"to": [10.5, 1, 10.5],
			"rotation": {"angle": 0, "axis": "y", "origin": [-1, 17, -1]},
			"faces": {
				"north": {"uv": [0, 15, 1, 16], "texture": "#2"},
				"east": {"uv": [0, 15, 1, 16], "texture": "#2"},
				"south": {"uv": [0, 15, 1, 16], "texture": "#2"},
				"west": {"uv": [2, 11, 5, 14], "texture": "#2"},
				"up": {"uv": [0, 0, 1, 1], "texture": "#2"},
				"down": {"uv": [0, 0, 1, 1], "texture": "#2"}
			}
		},
		{
			"from": [9.5, 1, 7.5],
			"to": [10.5, 1.5, 9.5],
			"rotation": {"angle": 0, "axis": "y", "origin": [-1, 17, -1]},
			"faces": {
				"north": {"uv": [0, 15, 1, 16], "texture": "#4"},
				"east": {"uv": [0, 15, 1, 16], "texture": "#4"},
				"south": {"uv": [0, 15, 1, 16], "texture": "#4"},
				"west": {"uv": [2, 11, 5, 14], "texture": "#4"},
				"up": {"uv": [0, 0, 1, 1], "texture": "#4"},
				"down": {"uv": [0, 0, 1, 1], "texture": "#4"}
			}
		}
	],
	"display": {
		"gui": {
			"rotation": [4, 0, 0],
			"translation": [0, 1, 0],
			"scale": [0.9, 0.9, 0.9]
		},
		"fixed": {
			"rotation": [-90, 0, 0],
			"translation": [0, 0, -15],
			"scale": [2, 2, 2]
		}
	}
}