{
	"credit": "Made with Blockbench",
	"textures": {
		"2": "block/light_gray_concrete_powder",
		"3": "block/glowstone",
		"6": "block/light_gray_concrete",
		"7": "block/white_stained_glass",
		"particle": "block/white_wool"
	},
	"elements": [
		{
			"from": [10.75, 11, 1.5],
			"to": [12.75, 13, 3.5],
			"rotation": {"angle": -22.5, "axis": "z", "origin": [1, 17, -1]},
			"faces": {
				"north": {"uv": [2, 13, 4, 15], "texture": "#3"},
				"east": {"uv": [2, 13, 4, 15], "texture": "#3"},
				"south": {"uv": [2, 13, 4, 15], "texture": "#3"},
				"west": {"uv": [2, 13, 4, 15], "texture": "#3"},
				"up": {"uv": [2, 13, 4, 15], "texture": "#3"},
				"down": {"uv": [2, 13, 4, 15], "texture": "#3"}
			}
		},
		{
			"from": [1, 0, 1],
			"to": [15, 2, 15],
			"rotation": {"angle": 0, "axis": "y", "origin": [-1, 17, -1]},
			"faces": {
				"north": {"uv": [0, 15, 1, 16], "texture": "#6"},
				"east": {"uv": [0, 15, 1, 16], "texture": "#6"},
				"south": {"uv": [0, 15, 1, 16], "texture": "#6"},
				"west": {"uv": [2, 11, 5, 14], "texture": "#6"},
				"up": {"uv": [0, 0, 1, 1], "texture": "#6"},
				"down": {"uv": [0, 0, 1, 1], "texture": "#6"}
			}
		},
		{
			"from": [2, 2, 2],
			"to": [14, 2.5, 14],
			"rotation": {"angle": 0, "axis": "y", "origin": [-1, 17, -1]},
			"faces": {
				"north": {"uv": [0, 15, 1, 16], "texture": "#2"},
				"east": {"uv": [0, 15, 1, 16], "texture": "#2"},
				"south": {"uv": [0, 15, 1, 16], "texture": "#2"},
				"west": {"uv": [2, 11, 5, 14], "texture": "#2"},
				"up": {"uv": [7, 4, 8, 5], "texture": "#2"},
				"down": {"uv": [0, 0, 1, 1], "texture": "#2"}
			}
		},
		{
			"from": [7, 2, 2],
			"to": [8, 5, 3],
			"rotation": {"angle": 0, "axis": "y", "origin": [1, 17, -1]},
			"faces": {
				"north": {"uv": [0, 15, 1, 16], "texture": "#6"},
				"east": {"uv": [0, 15, 1, 16], "texture": "#6"},
				"south": {"uv": [0, 15, 1, 16], "texture": "#6"},
				"west": {"uv": [2, 11, 5, 14], "texture": "#6"},
				"up": {"uv": [0, 0, 1, 1], "texture": "#6"},
				"down": {"uv": [0, 0, 1, 1], "texture": "#6"}
			}
		},
		{
			"from": [10.25, 8, 1],
			"to": [13.25, 11, 4],
			"rotation": {"angle": -22.5, "axis": "z", "origin": [1, 17, -1]},
			"faces": {
				"north": {"uv": [0, 15, 1, 16], "texture": "#6"},
				"east": {"uv": [0, 15, 1, 16], "texture": "#6"},
				"south": {"uv": [0, 15, 1, 16], "texture": "#6"},
				"west": {"uv": [2, 11, 5, 14], "texture": "#6"},
				"up": {"uv": [0, 0, 1, 1], "texture": "#6"},
				"down": {"uv": [0, 0, 1, 1], "texture": "#6"}
			}
		},
		{
			"from": [12.75, 11, 1],
			"to": [13.75, 13, 4],
			"rotation": {"angle": -22.5, "axis": "z", "origin": [1, 17, -1]},
			"faces": {
				"north": {"uv": [6, 8, 7, 9], "texture": "#7"},
				"east": {"uv": [6, 8, 7, 9], "texture": "#7"},
				"south": {"uv": [6, 8, 7, 9], "texture": "#7"},
				"west": {"uv": [6, 8, 7, 9], "texture": "#7"},
				"up": {"uv": [6, 8, 7, 9], "texture": "#7"},
				"down": {"uv": [6, 8, 7, 9], "texture": "#7"}
			}
		},
		{
			"from": [9.75, 11, 1],
			"to": [10.75, 13, 4],
			"rotation": {"angle": -22.5, "axis": "z", "origin": [1, 17, -1]},
			"faces": {
				"north": {"uv": [6, 8, 7, 9], "texture": "#7"},
				"east": {"uv": [6, 8, 7, 9], "texture": "#7"},
				"south": {"uv": [6, 8, 7, 9], "texture": "#7"},
				"west": {"uv": [6, 8, 7, 9], "texture": "#7"},
				"up": {"uv": [6, 8, 7, 9], "texture": "#7"},
				"down": {"uv": [6, 8, 7, 9], "texture": "#7"}
			}
		},
		{
			"from": [10.25, 11, 0.5],
			"to": [13.25, 13, 1.5],
			"rotation": {"angle": -22.5, "axis": "z", "origin": [1, 17, -1]},
			"faces": {
				"north": {"uv": [6, 8, 7, 9], "texture": "#7"},
				"east": {"uv": [6, 8, 7, 9], "texture": "#7"},
				"south": {"uv": [6, 8, 7, 9], "texture": "#7"},
				"west": {"uv": [6, 8, 7, 9], "texture": "#7"},
				"up": {"uv": [6, 8, 7, 9], "texture": "#7"},
				"down": {"uv": [6, 8, 7, 9], "texture": "#7"}
			}
		},
		{
			"from": [9.75, 13, 0],
			"to": [13.75, 16, 1],
			"rotation": {"angle": -22.5, "axis": "z", "origin": [1, 17, -1]},
			"faces": {
				"north": {"uv": [6, 8, 7, 9], "texture": "#7"},
				"east": {"uv": [6, 8, 7, 9], "texture": "#7"},
				"south": {"uv": [6, 8, 7, 9], "texture": "#7"},
				"west": {"uv": [6, 8, 7, 9], "texture": "#7"},
				"up": {"uv": [6, 8, 7, 9], "texture": "#7"},
				"down": {"uv": [6, 8, 7, 9], "texture": "#7"}
			}
		},
		{
			"from": [9.75, 13, 4],
			"to": [13.75, 16, 5],
			"rotation": {"angle": -22.5, "axis": "z", "origin": [1, 17, -1]},
			"faces": {
				"north": {"uv": [6, 8, 7, 9], "texture": "#7"},
				"east": {"uv": [6, 8, 7, 9], "texture": "#7"},
				"south": {"uv": [6, 8, 7, 9], "texture": "#7"},
				"west": {"uv": [6, 8, 7, 9], "texture": "#7"},
				"up": {"uv": [6, 8, 7, 9], "texture": "#7"},
				"down": {"uv": [6, 8, 7, 9], "texture": "#7"}
			}
		},
		{
			"from": [9.25, 13, 0.5],
			"to": [10.25, 16, 4.5],
			"rotation": {"angle": -22.5, "axis": "z", "origin": [1, 17, -1]},
			"faces": {
				"north": {"uv": [6, 8, 7, 9], "texture": "#7"},
				"east": {"uv": [6, 8, 7, 9], "texture": "#7"},
				"south": {"uv": [6, 8, 7, 9], "texture": "#7"},
				"west": {"uv": [6, 8, 7, 9], "texture": "#7"},
				"up": {"uv": [6, 8, 7, 9], "texture": "#7"},
				"down": {"uv": [6, 8, 7, 9], "texture": "#7"}
			}
		},
		{
			"from": [13.25, 13, 0.5],
			"to": [14.25, 16, 4.5],
			"rotation": {"angle": -22.5, "axis": "z", "origin": [1, 17, -1]},
			"faces": {
				"north": {"uv": [6, 8, 7, 9], "texture": "#7"},
				"east": {"uv": [6, 8, 7, 9], "texture": "#7"},
				"south": {"uv": [6, 8, 7, 9], "texture": "#7"},
				"west": {"uv": [6, 8, 7, 9], "texture": "#7"},
				"up": {"uv": [6, 8, 7, 9], "texture": "#7"},
				"down": {"uv": [6, 8, 7, 9], "texture": "#7"}
			}
		},
		{
			"from": [10.25, 12, 3.5],
			"to": [13.25, 14, 4.5],
			"rotation": {"angle": -22.5, "axis": "z", "origin": [-1, 17, -1]},
			"faces": {
				"north": {"uv": [6, 8, 7, 9], "texture": "#7"},
				"east": {"uv": [6, 8, 7, 9], "texture": "#7"},
				"south": {"uv": [6, 8, 7, 9], "texture": "#7"},
				"west": {"uv": [6, 8, 7, 9], "texture": "#7"},
				"up": {"uv": [6, 8, 7, 9], "texture": "#7"},
				"down": {"uv": [6, 8, 7, 9], "texture": "#7"}
			}
		},
		{
			"from": [11.25, 13, 8.5],
			"to": [12.25, 16, 12.5],
			"rotation": {"angle": 22.5, "axis": "x", "origin": [-4, 17, -1]},
			"faces": {
				"north": {"uv": [6, 8, 7, 9], "texture": "#7"},
				"east": {"uv": [6, 8, 7, 9], "texture": "#7"},
				"south": {"uv": [6, 8, 7, 9], "texture": "#7"},
				"west": {"uv": [6, 8, 7, 9], "texture": "#7"},
				"up": {"uv": [6, 8, 7, 9], "texture": "#7"},
				"down": {"uv": [6, 8, 7, 9], "texture": "#7"}
			}
		},
		{
			"from": [11.75, 13, 12],
			"to": [15.75, 16, 13],
			"rotation": {"angle": 22.5, "axis": "x", "origin": [-4, 17, -1]},
			"faces": {
				"north": {"uv": [6, 8, 7, 9], "texture": "#7"},
				"east": {"uv": [6, 8, 7, 9], "texture": "#7"},
				"south": {"uv": [6, 8, 7, 9], "texture": "#7"},
				"west": {"uv": [6, 8, 7, 9], "texture": "#7"},
				"up": {"uv": [6, 8, 7, 9], "texture": "#7"},
				"down": {"uv": [6, 8, 7, 9], "texture": "#7"}
			}
		},
		{
			"from": [15.25, 13, 8.5],
			"to": [16.25, 16, 12.5],
			"rotation": {"angle": 22.5, "axis": "x", "origin": [-4, 17, -1]},
			"faces": {
				"north": {"uv": [6, 8, 7, 9], "texture": "#7"},
				"east": {"uv": [6, 8, 7, 9], "texture": "#7"},
				"south": {"uv": [6, 8, 7, 9], "texture": "#7"},
				"west": {"uv": [6, 8, 7, 9], "texture": "#7"},
				"up": {"uv": [6, 8, 7, 9], "texture": "#7"},
				"down": {"uv": [6, 8, 7, 9], "texture": "#7"}
			}
		},
		{
			"from": [11.75, 13, 8],
			"to": [15.75, 16, 9],
			"rotation": {"angle": 22.5, "axis": "x", "origin": [-4, 17, -1]},
			"faces": {
				"north": {"uv": [6, 8, 7, 9], "texture": "#7"},
				"east": {"uv": [6, 8, 7, 9], "texture": "#7"},
				"south": {"uv": [6, 8, 7, 9], "texture": "#7"},
				"west": {"uv": [6, 8, 7, 9], "texture": "#7"},
				"up": {"uv": [6, 8, 7, 9], "texture": "#7"},
				"down": {"uv": [6, 8, 7, 9], "texture": "#7"}
			}
		},
		{
			"from": [12.75, 11, 9.5],
			"to": [14.75, 13, 11.5],
			"rotation": {"angle": 22.5, "axis": "x", "origin": [-4, 17, -1]},
			"faces": {
				"north": {"uv": [2, 13, 4, 15], "texture": "#3"},
				"east": {"uv": [2, 13, 4, 15], "texture": "#3"},
				"south": {"uv": [2, 13, 4, 15], "texture": "#3"},
				"west": {"uv": [2, 13, 4, 15], "texture": "#3"},
				"up": {"uv": [2, 13, 4, 15], "texture": "#3"},
				"down": {"uv": [2, 13, 4, 15], "texture": "#3"}
			}
		},
		{
			"from": [12.25, 8, 9],
			"to": [15.25, 11, 12],
			"rotation": {"angle": 22.5, "axis": "x", "origin": [-4, 17, -1]},
			"faces": {
				"north": {"uv": [0, 15, 1, 16], "texture": "#6"},
				"east": {"uv": [0, 15, 1, 16], "texture": "#6"},
				"south": {"uv": [0, 15, 1, 16], "texture": "#6"},
				"west": {"uv": [2, 11, 5, 14], "texture": "#6"},
				"up": {"uv": [0, 0, 1, 1], "texture": "#6"},
				"down": {"uv": [0, 0, 1, 1], "texture": "#6"}
			}
		},
		{
			"from": [12.25, 11, 8.5],
			"to": [15.25, 13, 9.5],
			"rotation": {"angle": 22.5, "axis": "x", "origin": [-4, 17, -1]},
			"faces": {
				"north": {"uv": [6, 8, 7, 9], "texture": "#7"},
				"east": {"uv": [6, 8, 7, 9], "texture": "#7"},
				"south": {"uv": [6, 8, 7, 9], "texture": "#7"},
				"west": {"uv": [6, 8, 7, 9], "texture": "#7"},
				"up": {"uv": [6, 8, 7, 9], "texture": "#7"},
				"down": {"uv": [6, 8, 7, 9], "texture": "#7"}
			}
		},
		{
			"from": [14.75, 11, 9],
			"to": [15.75, 13, 12],
			"rotation": {"angle": 22.5, "axis": "x", "origin": [-4, 17, -1]},
			"faces": {
				"north": {"uv": [6, 8, 7, 9], "texture": "#7"},
				"east": {"uv": [6, 8, 7, 9], "texture": "#7"},
				"south": {"uv": [6, 8, 7, 9], "texture": "#7"},
				"west": {"uv": [6, 8, 7, 9], "texture": "#7"},
				"up": {"uv": [6, 8, 7, 9], "texture": "#7"},
				"down": {"uv": [6, 8, 7, 9], "texture": "#7"}
			}
		},
		{
			"from": [11.75, 11, 9],
			"to": [12.75, 13, 12],
			"rotation": {"angle": 22.5, "axis": "x", "origin": [-4, 17, -1]},
			"faces": {
				"north": {"uv": [6, 8, 7, 9], "texture": "#7"},
				"east": {"uv": [6, 8, 7, 9], "texture": "#7"},
				"south": {"uv": [6, 8, 7, 9], "texture": "#7"},
				"west": {"uv": [6, 8, 7, 9], "texture": "#7"},
				"up": {"uv": [6, 8, 7, 9], "texture": "#7"},
				"down": {"uv": [6, 8, 7, 9], "texture": "#7"}
			}
		},
		{
			"from": [12.25, 12, 11.5],
			"to": [15.25, 14, 12.5],
			"rotation": {"angle": 22.5, "axis": "x", "origin": [-6, 17, -1]},
			"faces": {
				"north": {"uv": [6, 8, 7, 9], "texture": "#7"},
				"east": {"uv": [6, 8, 7, 9], "texture": "#7"},
				"south": {"uv": [6, 8, 7, 9], "texture": "#7"},
				"west": {"uv": [6, 8, 7, 9], "texture": "#7"},
				"up": {"uv": [6, 8, 7, 9], "texture": "#7"},
				"down": {"uv": [6, 8, 7, 9], "texture": "#7"}
			}
		},
		{
			"from": [13, 5, 10],
			"to": [14, 8, 11],
			"rotation": {"angle": 22.5, "axis": "x", "origin": [-4, 17, -1]},
			"faces": {
				"north": {"uv": [0, 15, 1, 16], "texture": "#6"},
				"east": {"uv": [0, 15, 1, 16], "texture": "#6"},
				"south": {"uv": [0, 15, 1, 16], "texture": "#6"},
				"west": {"uv": [2, 11, 5, 14], "texture": "#6"},
				"up": {"uv": [0, 0, 1, 1], "texture": "#6"},
				"down": {"uv": [0, 0, 1, 1], "texture": "#6"}
			}
		},
		{
			"from": [2, -2, 3],
			"to": [3, 1, 4],
			"rotation": {"angle": -22.5, "axis": "x", "origin": [-4, 17, -1]},
			"faces": {
				"north": {"uv": [0, 15, 1, 16], "texture": "#6"},
				"east": {"uv": [0, 15, 1, 16], "texture": "#6"},
				"south": {"uv": [0, 15, 1, 16], "texture": "#6"},
				"west": {"uv": [2, 11, 5, 14], "texture": "#6"},
				"up": {"uv": [0, 0, 1, 1], "texture": "#6"},
				"down": {"uv": [0, 0, 1, 1], "texture": "#6"}
			}
		},
		{
			"from": [1.25, 1, 2],
			"to": [4.25, 4, 5],
			"rotation": {"angle": -22.5, "axis": "x", "origin": [-4, 17, -1]},
			"faces": {
				"north": {"uv": [0, 15, 1, 16], "texture": "#6"},
				"east": {"uv": [0, 15, 1, 16], "texture": "#6"},
				"south": {"uv": [0, 15, 1, 16], "texture": "#6"},
				"west": {"uv": [2, 11, 5, 14], "texture": "#6"},
				"up": {"uv": [0, 0, 1, 1], "texture": "#6"},
				"down": {"uv": [0, 0, 1, 1], "texture": "#6"}
			}
		},
		{
			"from": [4.25, 6, 1.5],
			"to": [5.25, 9, 5.5],
			"rotation": {"angle": -22.5, "axis": "x", "origin": [-4, 17, -1]},
			"faces": {
				"north": {"uv": [6, 8, 7, 9], "texture": "#7"},
				"east": {"uv": [6, 8, 7, 9], "texture": "#7"},
				"south": {"uv": [6, 8, 7, 9], "texture": "#7"},
				"west": {"uv": [6, 8, 7, 9], "texture": "#7"},
				"up": {"uv": [6, 8, 7, 9], "texture": "#7"},
				"down": {"uv": [6, 8, 7, 9], "texture": "#7"}
			}
		},
		{
			"from": [1.75, 4, 2.5],
			"to": [3.75, 6, 4.5],
			"rotation": {"angle": -22.5, "axis": "x", "origin": [-4, 17, -1]},
			"faces": {
				"north": {"uv": [2, 13, 4, 15], "texture": "#3"},
				"east": {"uv": [2, 13, 4, 15], "texture": "#3"},
				"south": {"uv": [2, 13, 4, 15], "texture": "#3"},
				"west": {"uv": [2, 13, 4, 15], "texture": "#3"},
				"up": {"uv": [2, 13, 4, 15], "texture": "#3"},
				"down": {"uv": [2, 13, 4, 15], "texture": "#3"}
			}
		},
		{
			"from": [0.75, 6, 1],
			"to": [4.75, 9, 2],
			"rotation": {"angle": -22.5, "axis": "x", "origin": [-4, 17, -1]},
			"faces": {
				"north": {"uv": [6, 8, 7, 9], "texture": "#7"},
				"east": {"uv": [6, 8, 7, 9], "texture": "#7"},
				"south": {"uv": [6, 8, 7, 9], "texture": "#7"},
				"west": {"uv": [6, 8, 7, 9], "texture": "#7"},
				"up": {"uv": [6, 8, 7, 9], "texture": "#7"},
				"down": {"uv": [6, 8, 7, 9], "texture": "#7"}
			}
		},
		{
			"from": [0.75, 4, 2],
			"to": [1.75, 6, 5],
			"rotation": {"angle": -22.5, "axis": "x", "origin": [-4, 17, -1]},
			"faces": {
				"north": {"uv": [6, 8, 7, 9], "texture": "#7"},
				"east": {"uv": [6, 8, 7, 9], "texture": "#7"},
				"south": {"uv": [6, 8, 7, 9], "texture": "#7"},
				"west": {"uv": [6, 8, 7, 9], "texture": "#7"},
				"up": {"uv": [6, 8, 7, 9], "texture": "#7"},
				"down": {"uv": [6, 8, 7, 9], "texture": "#7"}
			}
		},
		{
			"from": [0.25, 6, 1.5],
			"to": [1.25, 9, 5.5],
			"rotation": {"angle": -22.5, "axis": "x", "origin": [-4, 17, -1]},
			"faces": {
				"north": {"uv": [6, 8, 7, 9], "texture": "#7"},
				"east": {"uv": [6, 8, 7, 9], "texture": "#7"},
				"south": {"uv": [6, 8, 7, 9], "texture": "#7"},
				"west": {"uv": [6, 8, 7, 9], "texture": "#7"},
				"up": {"uv": [6, 8, 7, 9], "texture": "#7"},
				"down": {"uv": [6, 8, 7, 9], "texture": "#7"}
			}
		},
		{
			"from": [0.75, 6, 5],
			"to": [4.75, 9, 6],
			"rotation": {"angle": -22.5, "axis": "x", "origin": [-4, 17, -1]},
			"faces": {
				"north": {"uv": [6, 8, 7, 9], "texture": "#7"},
				"east": {"uv": [6, 8, 7, 9], "texture": "#7"},
				"south": {"uv": [6, 8, 7, 9], "texture": "#7"},
				"west": {"uv": [6, 8, 7, 9], "texture": "#7"},
				"up": {"uv": [6, 8, 7, 9], "texture": "#7"},
				"down": {"uv": [6, 8, 7, 9], "texture": "#7"}
			}
		},
		{
			"from": [3.75, 4, 2],
			"to": [4.75, 6, 5],
			"rotation": {"angle": -22.5, "axis": "x", "origin": [-4, 17, -1]},
			"faces": {
				"north": {"uv": [6, 8, 7, 9], "texture": "#7"},
				"east": {"uv": [6, 8, 7, 9], "texture": "#7"},
				"south": {"uv": [6, 8, 7, 9], "texture": "#7"},
				"west": {"uv": [6, 8, 7, 9], "texture": "#7"},
				"up": {"uv": [6, 8, 7, 9], "texture": "#7"},
				"down": {"uv": [6, 8, 7, 9], "texture": "#7"}
			}
		},
		{
			"from": [1.25, 4, 1.5],
			"to": [4.25, 6, 2.5],
			"rotation": {"angle": -22.5, "axis": "x", "origin": [-4, 17, -1]},
			"faces": {
				"north": {"uv": [6, 8, 7, 9], "texture": "#7"},
				"east": {"uv": [6, 8, 7, 9], "texture": "#7"},
				"south": {"uv": [6, 8, 7, 9], "texture": "#7"},
				"west": {"uv": [6, 8, 7, 9], "texture": "#7"},
				"up": {"uv": [6, 8, 7, 9], "texture": "#7"},
				"down": {"uv": [6, 8, 7, 9], "texture": "#7"}
			}
		},
		{
			"from": [1.25, 5, 4.5],
			"to": [4.25, 7, 5.5],
			"rotation": {"angle": -22.5, "axis": "x", "origin": [-6, 17, -1]},
			"faces": {
				"north": {"uv": [6, 8, 7, 9], "texture": "#7"},
				"east": {"uv": [6, 8, 7, 9], "texture": "#7"},
				"south": {"uv": [6, 8, 7, 9], "texture": "#7"},
				"west": {"uv": [6, 8, 7, 9], "texture": "#7"},
				"up": {"uv": [6, 8, 7, 9], "texture": "#7"},
				"down": {"uv": [6, 8, 7, 9], "texture": "#7"}
			}
		},
		{
			"from": [5.75, 2, 11.5],
			"to": [7.75, 4, 13.5],
			"rotation": {"angle": 22.5, "axis": "z", "origin": [-4, 8, 9]},
			"faces": {
				"north": {"uv": [2, 13, 4, 15], "texture": "#3"},
				"east": {"uv": [2, 13, 4, 15], "texture": "#3"},
				"south": {"uv": [2, 13, 4, 15], "texture": "#3"},
				"west": {"uv": [2, 13, 4, 15], "texture": "#3"},
				"up": {"uv": [2, 13, 4, 15], "texture": "#3"},
				"down": {"uv": [2, 13, 4, 15], "texture": "#3"}
			}
		},
		{
			"from": [6, -3, 12],
			"to": [7, 0, 13],
			"rotation": {"angle": 22.5, "axis": "z", "origin": [-4, 8, 9]},
			"faces": {
				"north": {"uv": [0, 15, 1, 16], "texture": "#6"},
				"east": {"uv": [0, 15, 1, 16], "texture": "#6"},
				"south": {"uv": [0, 15, 1, 16], "texture": "#6"},
				"west": {"uv": [2, 11, 5, 14], "texture": "#6"},
				"up": {"uv": [0, 0, 1, 1], "texture": "#6"},
				"down": {"uv": [0, 0, 1, 1], "texture": "#6"}
			}
		},
		{
			"from": [5.25, -1, 11],
			"to": [8.25, 2, 14],
			"rotation": {"angle": 22.5, "axis": "z", "origin": [-4, 8, 9]},
			"faces": {
				"north": {"uv": [0, 15, 1, 16], "texture": "#6"},
				"east": {"uv": [0, 15, 1, 16], "texture": "#6"},
				"south": {"uv": [0, 15, 1, 16], "texture": "#6"},
				"west": {"uv": [2, 11, 5, 14], "texture": "#6"},
				"up": {"uv": [0, 0, 1, 1], "texture": "#6"},
				"down": {"uv": [0, 0, 1, 1], "texture": "#6"}
			}
		},
		{
			"from": [7.75, 2, 11],
			"to": [8.75, 4, 14],
			"rotation": {"angle": 22.5, "axis": "z", "origin": [-4, 8, 9]},
			"faces": {
				"north": {"uv": [6, 8, 7, 9], "texture": "#7"},
				"east": {"uv": [6, 8, 7, 9], "texture": "#7"},
				"south": {"uv": [6, 8, 7, 9], "texture": "#7"},
				"west": {"uv": [6, 8, 7, 9], "texture": "#7"},
				"up": {"uv": [6, 8, 7, 9], "texture": "#7"},
				"down": {"uv": [6, 8, 7, 9], "texture": "#7"}
			}
		},
		{
			"from": [4.75, 2, 11],
			"to": [5.75, 4, 14],
			"rotation": {"angle": 22.5, "axis": "z", "origin": [-4, 8, 9]},
			"faces": {
				"north": {"uv": [6, 8, 7, 9], "texture": "#7"},
				"east": {"uv": [6, 8, 7, 9], "texture": "#7"},
				"south": {"uv": [6, 8, 7, 9], "texture": "#7"},
				"west": {"uv": [6, 8, 7, 9], "texture": "#7"},
				"up": {"uv": [6, 8, 7, 9], "texture": "#7"},
				"down": {"uv": [6, 8, 7, 9], "texture": "#7"}
			}
		},
		{
			"from": [5.25, 2, 10.5],
			"to": [8.25, 4, 11.5],
			"rotation": {"angle": 22.5, "axis": "z", "origin": [-4, 8, 9]},
			"faces": {
				"north": {"uv": [6, 8, 7, 9], "texture": "#7"},
				"east": {"uv": [6, 8, 7, 9], "texture": "#7"},
				"south": {"uv": [6, 8, 7, 9], "texture": "#7"},
				"west": {"uv": [6, 8, 7, 9], "texture": "#7"},
				"up": {"uv": [6, 8, 7, 9], "texture": "#7"},
				"down": {"uv": [6, 8, 7, 9], "texture": "#7"}
			}
		},
		{
			"from": [5.25, 1, 13.5],
			"to": [8.25, 3, 14.5],
			"rotation": {"angle": 22.5, "axis": "z", "origin": [-6, 8, 9]},
			"faces": {
				"north": {"uv": [6, 8, 7, 9], "texture": "#7"},
				"east": {"uv": [6, 8, 7, 9], "texture": "#7"},
				"south": {"uv": [6, 8, 7, 9], "texture": "#7"},
				"west": {"uv": [6, 8, 7, 9], "texture": "#7"},
				"up": {"uv": [6, 8, 7, 9], "texture": "#7"},
				"down": {"uv": [6, 8, 7, 9], "texture": "#7"}
			}
		},
		{
			"from": [4.25, 4, 10.5],
			"to": [5.25, 7, 14.5],
			"rotation": {"angle": 22.5, "axis": "z", "origin": [-4, 8, 9]},
			"faces": {
				"north": {"uv": [6, 8, 7, 9], "texture": "#7"},
				"east": {"uv": [6, 8, 7, 9], "texture": "#7"},
				"south": {"uv": [6, 8, 7, 9], "texture": "#7"},
				"west": {"uv": [6, 8, 7, 9], "texture": "#7"},
				"up": {"uv": [6, 8, 7, 9], "texture": "#7"},
				"down": {"uv": [6, 8, 7, 9], "texture": "#7"}
			}
		},
		{
			"from": [4.75, 4, 10],
			"to": [8.75, 7, 11],
			"rotation": {"angle": 22.5, "axis": "z", "origin": [-4, 8, 9]},
			"faces": {
				"north": {"uv": [6, 8, 7, 9], "texture": "#7"},
				"east": {"uv": [6, 8, 7, 9], "texture": "#7"},
				"south": {"uv": [6, 8, 7, 9], "texture": "#7"},
				"west": {"uv": [6, 8, 7, 9], "texture": "#7"},
				"up": {"uv": [6, 8, 7, 9], "texture": "#7"},
				"down": {"uv": [6, 8, 7, 9], "texture": "#7"}
			}
		},
		{
			"from": [4.75, 4, 14],
			"to": [8.75, 7, 15],
			"rotation": {"angle": 22.5, "axis": "z", "origin": [-4, 8, 9]},
			"faces": {
				"north": {"uv": [6, 8, 7, 9], "texture": "#7"},
				"east": {"uv": [6, 8, 7, 9], "texture": "#7"},
				"south": {"uv": [6, 8, 7, 9], "texture": "#7"},
				"west": {"uv": [6, 8, 7, 9], "texture": "#7"},
				"up": {"uv": [6, 8, 7, 9], "texture": "#7"},
				"down": {"uv": [6, 8, 7, 9], "texture": "#7"}
			}
		},
		{
			"from": [8.25, 4, 10.5],
			"to": [9.25, 7, 14.5],
			"rotation": {"angle": 22.5, "axis": "z", "origin": [-4, 8, 9]},
			"faces": {
				"north": {"uv": [6, 8, 7, 9], "texture": "#7"},
				"east": {"uv": [6, 8, 7, 9], "texture": "#7"},
				"south": {"uv": [6, 8, 7, 9], "texture": "#7"},
				"west": {"uv": [6, 8, 7, 9], "texture": "#7"},
				"up": {"uv": [6, 8, 7, 9], "texture": "#7"},
				"down": {"uv": [6, 8, 7, 9], "texture": "#7"}
			}
		}
	],
	"display": {
		"gui": {
			"rotation": [4, 0, 0],
			"translation": [0, 1, 0],
			"scale": [0.9, 0.9, 0.9]
		},
		"fixed": {
			"rotation": [-90, 0, 0],
			"translation": [0, 0, -15],
			"scale": [2, 2, 2]
		}
	}
}