{
	"credit": "Made with Blockbench",
	"textures": {
		"0": "block/white_wool",
		"1": "block/glass",
		"2": "block/brown_wool",
		"3": "block/brown_mushroom_block",
		"4": "block/beehive_front",
		"particle": "block/white_wool"
	},
	"elements": [
		{
			"from": [6.5, 0, 6.5],
			"to": [10, 0.5, 10],
			"rotation": {"angle": 0, "axis": "y", "origin": [4, 0, 4]},
			"faces": {
				"north": {"uv": [0, 0, 7, 1], "texture": "#0"},
				"east": {"uv": [0, 0, 7, 1], "texture": "#0"},
				"south": {"uv": [0, 0, 7, 1], "texture": "#0"},
				"west": {"uv": [0, 0, 7, 1], "texture": "#0"},
				"up": {"uv": [0, 0, 7, 7], "texture": "#0"},
				"down": {"uv": [0, 0, 7, 7], "texture": "#0"}
			}
		},
		{
			"from": [7.5, 0.5, 7.5],
			"to": [9, 1.5, 9],
			"rotation": {"angle": 0, "axis": "y", "origin": [4, 0, 4]},
			"faces": {
				"north": {"uv": [7, 6, 10, 8], "texture": "#4"},
				"east": {"uv": [7, 6, 10, 8], "texture": "#4"},
				"south": {"uv": [7, 6, 10, 8], "texture": "#4"},
				"west": {"uv": [7, 6, 10, 8], "texture": "#4"},
				"up": {"uv": [0, 0, 3, 3], "texture": "#4"},
				"down": {"uv": [6, 4, 8, 5], "texture": "#4"}
			}
		},
		{
			"from": [7, 0.5, 7.5],
			"to": [7.5, 1.5, 9],
			"rotation": {"angle": 0, "axis": "y", "origin": [4, 0, 4]},
			"faces": {
				"north": {"uv": [1, 1, 7, 6], "texture": "#1"},
				"east": {"uv": [1, 1, 7, 6], "texture": "#1"},
				"south": {"uv": [1, 1, 7, 6], "texture": "#1"},
				"west": {"uv": [1, 1, 7, 6], "texture": "#1"},
				"up": {"uv": [4, 4, 10, 9], "texture": "#1"},
				"down": {"uv": [8, 5, 10, 6], "texture": "#1"}
			}
		},
		{
			"from": [6.75, 1.5, 7.25],
			"to": [7.25, 3, 9.25],
			"rotation": {"angle": 0, "axis": "y", "origin": [4, 0, 4]},
			"faces": {
				"north": {"uv": [1, 1, 7, 6], "texture": "#1"},
				"east": {"uv": [1, 1, 7, 6], "texture": "#1"},
				"south": {"uv": [1, 1, 7, 6], "texture": "#1"},
				"west": {"uv": [1, 1, 7, 6], "texture": "#1"},
				"up": {"uv": [4, 4, 10, 9], "texture": "#1"},
				"down": {"uv": [8, 5, 10, 6], "texture": "#1"}
			}
		},
		{
			"from": [6.5, 2.75, 7],
			"to": [7, 6.75, 9.5],
			"rotation": {"angle": 0, "axis": "y", "origin": [4, 0, 4]},
			"faces": {
				"north": {"uv": [1, 1, 7, 6], "texture": "#1"},
				"east": {"uv": [1, 1, 7, 6], "texture": "#1"},
				"south": {"uv": [1, 1, 7, 6], "texture": "#1"},
				"west": {"uv": [1, 1, 7, 4], "texture": "#1"},
				"up": {"uv": [5, 0, 11, 1], "texture": "#1"},
				"down": {"uv": [8, 5, 10, 6], "texture": "#1"}
			}
		},
		{
			"from": [9.5, 2.75, 7],
			"to": [10, 6.75, 9.5],
			"rotation": {"angle": 0, "axis": "y", "origin": [12, 0, 4]},
			"faces": {
				"north": {"uv": [7, 1, 1, 6], "texture": "#1"},
				"east": {"uv": [7, 1, 1, 6], "texture": "#1"},
				"south": {"uv": [7, 1, 1, 6], "texture": "#1"},
				"west": {"uv": [7, 1, 1, 6], "texture": "#1"},
				"up": {"uv": [6, 0, 0, 1], "texture": "#1"},
				"down": {"uv": [10, 5, 8, 6], "texture": "#1"}
			}
		},
		{
			"from": [9.25, 1.5, 7.25],
			"to": [9.75, 3, 9.25],
			"rotation": {"angle": 0, "axis": "y", "origin": [12, 0, 4]},
			"faces": {
				"north": {"uv": [7, 1, 1, 6], "texture": "#1"},
				"east": {"uv": [7, 1, 1, 6], "texture": "#1"},
				"south": {"uv": [7, 1, 1, 6], "texture": "#1"},
				"west": {"uv": [7, 1, 1, 6], "texture": "#1"},
				"up": {"uv": [10, 4, 4, 9], "texture": "#1"},
				"down": {"uv": [10, 5, 8, 6], "texture": "#1"}
			}
		},
		{
			"from": [9, 0.5, 7.5],
			"to": [9.5, 1.5, 9],
			"rotation": {"angle": 0, "axis": "y", "origin": [12, 0, 4]},
			"faces": {
				"north": {"uv": [7, 1, 1, 6], "texture": "#1"},
				"east": {"uv": [7, 1, 1, 6], "texture": "#1"},
				"south": {"uv": [7, 1, 1, 6], "texture": "#1"},
				"west": {"uv": [7, 1, 1, 6], "texture": "#1"},
				"up": {"uv": [10, 4, 4, 9], "texture": "#1"},
				"down": {"uv": [10, 5, 8, 6], "texture": "#1"}
			}
		},
		{
			"from": [7, 2.75, 9.5],
			"to": [9.5, 6.75, 10],
			"rotation": {"angle": 0, "axis": "y", "origin": [12, 0, 4]},
			"faces": {
				"north": {"uv": [7, 1, 1, 6], "texture": "#1"},
				"east": {"uv": [7, 1, 1, 6], "texture": "#1"},
				"south": {"uv": [11, 11, 1, 1], "texture": "#1"},
				"west": {"uv": [7, 1, 1, 6], "texture": "#1"},
				"up": {"uv": [10, 0, 6, 1], "rotation": 90, "texture": "#1"},
				"down": {"uv": [10, 5, 8, 6], "rotation": 270, "texture": "#1"}
			}
		},
		{
			"from": [7.25, 1.5, 9.25],
			"to": [9.25, 3, 9.75],
			"rotation": {"angle": 0, "axis": "y", "origin": [12, 0, 4]},
			"faces": {
				"north": {"uv": [7, 1, 1, 6], "texture": "#1"},
				"east": {"uv": [7, 1, 1, 6], "texture": "#1"},
				"south": {"uv": [7, 1, 1, 6], "texture": "#1"},
				"west": {"uv": [7, 1, 1, 6], "texture": "#1"},
				"up": {"uv": [10, 4, 4, 9], "rotation": 90, "texture": "#1"},
				"down": {"uv": [10, 5, 8, 6], "rotation": 270, "texture": "#1"}
			}
		},
		{
			"from": [7.5, 0.5, 9],
			"to": [9, 1.5, 9.5],
			"rotation": {"angle": 0, "axis": "y", "origin": [12, 0, 4]},
			"faces": {
				"north": {"uv": [7, 1, 1, 6], "texture": "#1"},
				"east": {"uv": [7, 1, 1, 6], "texture": "#1"},
				"south": {"uv": [7, 1, 1, 6], "texture": "#1"},
				"west": {"uv": [7, 1, 1, 6], "texture": "#1"},
				"up": {"uv": [10, 4, 4, 9], "rotation": 90, "texture": "#1"},
				"down": {"uv": [10, 5, 8, 6], "rotation": 270, "texture": "#1"}
			}
		},
		{
			"from": [7, 2.75, 6.5],
			"to": [9.5, 6.75, 7],
			"rotation": {"angle": 0, "axis": "y", "origin": [12, 0, 12]},
			"faces": {
				"north": {"uv": [1, 1, 7, 6], "texture": "#1"},
				"east": {"uv": [1, 1, 7, 6], "texture": "#1"},
				"south": {"uv": [2, 2, 12, 7], "texture": "#1"},
				"west": {"uv": [1, 1, 7, 6], "texture": "#1"},
				"up": {"uv": [2, 0, 7, 2], "rotation": 90, "texture": "#1"},
				"down": {"uv": [8, 5, 10, 6], "rotation": 270, "texture": "#1"}
			}
		},
		{
			"from": [7.25, 1.5, 6.75],
			"to": [9.25, 3, 7.25],
			"rotation": {"angle": 0, "axis": "y", "origin": [12, 0, 12]},
			"faces": {
				"north": {"uv": [1, 1, 7, 6], "texture": "#1"},
				"east": {"uv": [1, 1, 7, 6], "texture": "#1"},
				"south": {"uv": [1, 1, 7, 6], "texture": "#1"},
				"west": {"uv": [1, 1, 7, 6], "texture": "#1"},
				"up": {"uv": [4, 4, 10, 9], "rotation": 90, "texture": "#1"},
				"down": {"uv": [8, 5, 10, 6], "rotation": 270, "texture": "#1"}
			}
		},
		{
			"from": [7.5, 0.5, 7],
			"to": [9, 1.5, 7.5],
			"rotation": {"angle": 0, "axis": "y", "origin": [12, 0, 12]},
			"faces": {
				"north": {"uv": [1, 1, 7, 6], "texture": "#1"},
				"east": {"uv": [1, 1, 7, 6], "texture": "#1"},
				"south": {"uv": [1, 1, 7, 6], "texture": "#1"},
				"west": {"uv": [1, 1, 7, 6], "texture": "#1"},
				"up": {"uv": [4, 4, 10, 9], "rotation": 90, "texture": "#1"},
				"down": {"uv": [8, 5, 10, 6], "rotation": 270, "texture": "#1"}
			}
		},
		{
			"from": [7.25, 1.5, 7.25],
			"to": [9.25, 3, 9.25],
			"rotation": {"angle": 0, "axis": "y", "origin": [4, 0, 4]},
			"faces": {
				"north": {"uv": [7, 6, 10, 8], "texture": "#4"},
				"east": {"uv": [7, 6, 10, 8], "texture": "#4"},
				"south": {"uv": [7, 6, 10, 8], "texture": "#4"},
				"west": {"uv": [7, 6, 10, 8], "texture": "#4"},
				"up": {"uv": [0, 0, 4, 4], "texture": "#4"},
				"down": {"uv": [6, 4, 9, 6], "texture": "#4"}
			}
		},
		{
			"from": [7, 3, 7],
			"to": [9.5, 4, 9.5],
			"rotation": {"angle": 0, "axis": "y", "origin": [4, 0, 4]},
			"faces": {
				"north": {"uv": [0, 0, 5, 2], "texture": "#3"},
				"east": {"uv": [0, 0, 5, 2], "texture": "#3"},
				"south": {"uv": [0, 0, 5, 2], "texture": "#3"},
				"west": {"uv": [0, 0, 5, 2], "texture": "#3"},
				"up": {"uv": [0, 0, 5, 5], "texture": "#3"},
				"down": {"uv": [0, 0, 5, 5], "texture": "#3"}
			}
		},
		{
			"from": [7, 4, 7],
			"to": [9.5, 5, 9.5],
			"rotation": {"angle": 0, "axis": "y", "origin": [4, 0, 4]},
			"faces": {
				"north": {"uv": [0, 0, 5, 2], "texture": "#2"},
				"east": {"uv": [0, 0, 5, 2], "texture": "#2"},
				"south": {"uv": [0, 0, 5, 2], "texture": "#2"},
				"west": {"uv": [0, 0, 5, 2], "texture": "#2"},
				"up": {"uv": [0, 0, 5, 5], "texture": "#2"},
				"down": {"uv": [0, 0, 5, 5], "texture": "#2"}
			}
		},
		{
			"from": [6.875, 5, 6.875],
			"to": [9.625, 6, 9.625],
			"rotation": {"angle": 0, "axis": "y", "origin": [4, 0, 4]},
			"faces": {
				"north": {"uv": [0, 0, 5.5, 2], "texture": "#0"},
				"east": {"uv": [0, 0, 5.5, 2], "texture": "#0"},
				"south": {"uv": [0, 0, 5.5, 2], "texture": "#0"},
				"west": {"uv": [0, 0, 5.5, 2], "texture": "#0"},
				"up": {"uv": [0, 0, 5.5, 5.5], "texture": "#0"},
				"down": {"uv": [0, 0, 5.5, 5.5], "texture": "#0"}
			}
		},
		{
			"from": [6.875, 6, 6.875],
			"to": [8.625, 6.5, 7.625],
			"rotation": {"angle": 0, "axis": "y", "origin": [4, 0, 4]},
			"faces": {
				"north": {"uv": [0, 0, 3.5, 1], "texture": "#0"},
				"east": {"uv": [0, 0, 1.5, 1], "texture": "#0"},
				"south": {"uv": [0, 0, 3.5, 1], "texture": "#0"},
				"west": {"uv": [0, 0, 1.5, 1], "texture": "#0"},
				"up": {"uv": [0, 0, 3.5, 1.5], "texture": "#0"},
				"down": {"uv": [0, 0, 3.5, 1.5], "texture": "#0"}
			}
		},
		{
			"from": [8.375, 6, 8.875],
			"to": [9.125, 6.5, 9.625],
			"rotation": {"angle": 0, "axis": "y", "origin": [4, 0, 4]},
			"faces": {
				"north": {"uv": [0, 0, 1.5, 1], "texture": "#0"},
				"east": {"uv": [0, 0, 1.5, 1], "texture": "#0"},
				"south": {"uv": [0, 0, 1.5, 1], "texture": "#0"},
				"west": {"uv": [0, 0, 1.5, 1], "texture": "#0"},
				"up": {"uv": [0, 0, 1.5, 1.5], "texture": "#0"},
				"down": {"uv": [0, 0, 1.5, 1.5], "texture": "#0"}
			}
		}
	],
	"display": {
		"thirdperson_righthand": {
			"translation": [0, 4, -1]
		},
		"thirdperson_lefthand": {
			"translation": [0, 4, -1]
		},
		"firstperson_righthand": {
			"translation": [0, 4, 0]
		},
		"firstperson_lefthand": {
			"translation": [0, 4.5, 0]
		},
		"ground": {
			"translation": [0, 3, 0]
		},
		"gui": {
			"rotation": [7, 22, 0],
			"translation": [0, 8, 0],
			"scale": [2, 2, 2]
		},
		"fixed": {
			"translation": [0, 5, 0],
			"scale": [2, 2, 2]
		}
	}
}