{
	"credit": "Made with Blockbench",
	"textures": {
		"0": "block/gray_wool",
		"1": "block/cyan_wool",
		"3": "block/black_wool",
		"4": "block/warped_nylium_side",
		"5": "block/bone_block_side",
		"particle": "block/gray_wool"
	},
	"elements": [
		{
			"from": [1, 2, 2],
			"to": [3, 16, 13.75],
			"rotation": {"angle": 0, "axis": "y", "origin": [0, 1, 0]},
			"faces": {
				"north": {"uv": [12, 11, 14, 13], "texture": "#0"},
				"east": {"uv": [12, 11, 14, 13], "texture": "#0"},
				"south": {"uv": [12, 11, 14, 13], "texture": "#0"},
				"west": {"uv": [12, 11, 14, 13], "texture": "#0"},
				"up": {"uv": [12, 11, 14, 13], "texture": "#0"},
				"down": {"uv": [12, 11, 14, 13], "texture": "#0"}
			}
		},
		{
			"from": [13, 2, 2],
			"to": [15, 16, 13.75],
			"rotation": {"angle": 0, "axis": "y", "origin": [0, 1, 0]},
			"faces": {
				"north": {"uv": [12, 11, 14, 13], "texture": "#0"},
				"east": {"uv": [12, 11, 14, 13], "texture": "#0"},
				"south": {"uv": [12, 11, 14, 13], "texture": "#0"},
				"west": {"uv": [12, 11, 14, 13], "texture": "#0"},
				"up": {"uv": [12, 11, 14, 13], "texture": "#0"},
				"down": {"uv": [12, 11, 14, 13], "texture": "#0"}
			}
		},
		{
			"from": [13, 12, 1.75],
			"to": [15.1, 16, 14],
			"rotation": {"angle": 0, "axis": "y", "origin": [0, 1, 0]},
			"faces": {
				"north": {"uv": [1, 0, 6, 4], "texture": "#4"},
				"east": {"uv": [1, 0, 16, 4], "texture": "#4"},
				"south": {"uv": [1, 0, 5, 3], "texture": "#4"},
				"west": {"uv": [1, 0, 16, 4], "texture": "#4"},
				"up": {"uv": [1, 0, 16, 4], "texture": "#4"},
				"down": {"uv": [12, 11, 14, 13], "texture": "#4"}
			}
		},
		{
			"from": [0.75, 12, 1.75],
			"to": [2.85, 16, 14],
			"rotation": {"angle": 0, "axis": "y", "origin": [0, 1, 0]},
			"faces": {
				"north": {"uv": [1, 0, 6, 4], "texture": "#4"},
				"east": {"uv": [1, 0, 16, 4], "texture": "#4"},
				"south": {"uv": [1, 0, 5, 3], "texture": "#4"},
				"west": {"uv": [1, 0, 16, 4], "texture": "#4"},
				"up": {"uv": [1, 0, 16, 4], "texture": "#4"},
				"down": {"uv": [12, 11, 14, 13], "texture": "#4"}
			}
		},
		{
			"from": [15, 10, 7],
			"to": [17, 13, 10],
			"rotation": {"angle": 0, "axis": "y", "origin": [0, 1, 0]},
			"faces": {
				"north": {"uv": [12, 11, 14, 13], "texture": "#1"},
				"east": {"uv": [12, 11, 14, 13], "texture": "#1"},
				"south": {"uv": [12, 11, 14, 13], "texture": "#1"},
				"west": {"uv": [12, 11, 14, 13], "texture": "#1"},
				"up": {"uv": [12, 11, 14, 13], "texture": "#1"},
				"down": {"uv": [12, 11, 14, 13], "texture": "#1"}
			}
		},
		{
			"from": [14, 9, 7],
			"to": [16, 14, 11],
			"rotation": {"angle": 0, "axis": "y", "origin": [0, 1, 0]},
			"faces": {
				"north": {"uv": [12, 11, 14, 13], "texture": "#4"},
				"east": {"uv": [12, 11, 14, 13], "texture": "#4"},
				"south": {"uv": [12, 11, 14, 13], "texture": "#4"},
				"west": {"uv": [12, 11, 14, 13], "texture": "#4"},
				"up": {"uv": [12, 11, 14, 13], "texture": "#4"},
				"down": {"uv": [12, 11, 14, 13], "texture": "#4"}
			}
		},
		{
			"from": [14.25, 7, 7],
			"to": [15.25, 9, 8.5],
			"rotation": {"angle": 0, "axis": "y", "origin": [0, 1, 0]},
			"faces": {
				"north": {"uv": [12, 11, 14, 13], "texture": "#4"},
				"east": {"uv": [12, 11, 14, 13], "texture": "#4"},
				"south": {"uv": [12, 11, 14, 13], "texture": "#4"},
				"west": {"uv": [12, 11, 14, 13], "texture": "#4"},
				"up": {"uv": [12, 11, 14, 13], "texture": "#4"},
				"down": {"uv": [12, 11, 14, 13], "texture": "#4"}
			}
		},
		{
			"from": [0, 9, 7],
			"to": [2, 14, 11],
			"rotation": {"angle": 0, "axis": "y", "origin": [0, 1, 0]},
			"faces": {
				"north": {"uv": [12, 11, 14, 13], "texture": "#4"},
				"east": {"uv": [12, 11, 14, 13], "texture": "#4"},
				"south": {"uv": [12, 11, 14, 13], "texture": "#4"},
				"west": {"uv": [12, 11, 14, 13], "texture": "#4"},
				"up": {"uv": [12, 11, 14, 13], "texture": "#4"},
				"down": {"uv": [12, 11, 14, 13], "texture": "#4"}
			}
		},
		{
			"from": [0.5, 7, 7],
			"to": [1.5, 9, 8.5],
			"rotation": {"angle": 0, "axis": "y", "origin": [0, 1, 0]},
			"faces": {
				"north": {"uv": [12, 11, 14, 13], "texture": "#4"},
				"east": {"uv": [12, 11, 14, 13], "texture": "#4"},
				"south": {"uv": [12, 11, 14, 13], "texture": "#4"},
				"west": {"uv": [12, 11, 14, 13], "texture": "#4"},
				"up": {"uv": [12, 11, 14, 13], "texture": "#4"},
				"down": {"uv": [12, 11, 14, 13], "texture": "#4"}
			}
		},
		{
			"from": [14.25, 6, 8],
			"to": [15.25, 8, 9.5],
			"rotation": {"angle": 0, "axis": "y", "origin": [0, 1, 0]},
			"faces": {
				"north": {"uv": [12, 11, 14, 13], "texture": "#4"},
				"east": {"uv": [12, 11, 14, 13], "texture": "#4"},
				"south": {"uv": [12, 11, 14, 13], "texture": "#4"},
				"west": {"uv": [12, 11, 14, 13], "texture": "#4"},
				"up": {"uv": [12, 11, 14, 13], "texture": "#4"},
				"down": {"uv": [12, 11, 14, 13], "texture": "#4"}
			}
		},
		{
			"from": [14.25, 4.75, 7],
			"to": [15.25, 5.75, 7.75],
			"rotation": {"angle": 0, "axis": "y", "origin": [0, 1, 0]},
			"faces": {
				"north": {"uv": [12, 11, 14, 13], "texture": "#4"},
				"east": {"uv": [12, 11, 14, 13], "texture": "#4"},
				"south": {"uv": [12, 11, 14, 13], "texture": "#4"},
				"west": {"uv": [12, 11, 14, 13], "texture": "#4"},
				"up": {"uv": [12, 11, 14, 13], "texture": "#4"},
				"down": {"uv": [12, 11, 14, 13], "texture": "#4"}
			}
		},
		{
			"from": [18.5, -4.75, 7.5],
			"to": [21.5, -1.75, 11.5],
			"rotation": {"angle": 45, "axis": "z", "origin": [0, 1, 0]},
			"faces": {
				"north": {"uv": [12, 11, 14, 13], "texture": "#1"},
				"east": {"uv": [12, 11, 14, 13], "texture": "#1"},
				"south": {"uv": [12, 11, 14, 13], "texture": "#1"},
				"west": {"uv": [12, 11, 14, 13], "texture": "#1"},
				"up": {"uv": [12, 11, 14, 13], "texture": "#1"},
				"down": {"uv": [12, 11, 14, 13], "texture": "#1"}
			}
		},
		{
			"from": [9.75, 19, 7],
			"to": [16.75, 20, 8],
			"rotation": {"angle": -22.5, "axis": "z", "origin": [0, 1, 0]},
			"faces": {
				"north": {"uv": [12, 11, 14, 13], "texture": "#1"},
				"east": {"uv": [12, 11, 14, 13], "texture": "#1"},
				"south": {"uv": [12, 11, 14, 13], "texture": "#1"},
				"west": {"uv": [12, 11, 14, 13], "texture": "#1"},
				"up": {"uv": [12, 11, 14, 13], "texture": "#1"},
				"down": {"uv": [12, 11, 14, 13], "texture": "#1"}
			}
		},
		{
			"from": [10.75, 19, 7],
			"to": [13.75, 24, 10],
			"rotation": {"angle": -22.5, "axis": "z", "origin": [0, 1, 0]},
			"faces": {
				"north": {"uv": [12, 11, 14, 13], "texture": "#1"},
				"east": {"uv": [12, 11, 14, 13], "texture": "#1"},
				"south": {"uv": [12, 11, 14, 13], "texture": "#1"},
				"west": {"uv": [12, 11, 14, 13], "texture": "#1"},
				"up": {"uv": [12, 11, 14, 13], "texture": "#1"},
				"down": {"uv": [12, 11, 14, 13], "texture": "#1"}
			}
		},
		{
			"from": [13.75, 22, 7],
			"to": [15.75, 23, 8],
			"rotation": {"angle": -22.5, "axis": "z", "origin": [0, 1, 0]},
			"faces": {
				"north": {"uv": [12, 11, 14, 13], "texture": "#1"},
				"east": {"uv": [12, 11, 14, 13], "texture": "#1"},
				"south": {"uv": [12, 11, 14, 13], "texture": "#1"},
				"west": {"uv": [12, 11, 14, 13], "texture": "#1"},
				"up": {"uv": [12, 11, 14, 13], "texture": "#1"},
				"down": {"uv": [12, 11, 14, 13], "texture": "#1"}
			}
		},
		{
			"from": [5.75, 20, 7],
			"to": [7.75, 21, 8],
			"rotation": {"angle": -45, "axis": "z", "origin": [0, 1, 0]},
			"faces": {
				"north": {"uv": [12, 11, 14, 13], "texture": "#1"},
				"east": {"uv": [12, 11, 14, 13], "texture": "#1"},
				"south": {"uv": [12, 11, 14, 13], "texture": "#1"},
				"west": {"uv": [12, 11, 14, 13], "texture": "#1"},
				"up": {"uv": [12, 11, 14, 13], "texture": "#1"},
				"down": {"uv": [12, 11, 14, 13], "texture": "#1"}
			}
		},
		{
			"from": [23.75, -2, 7],
			"to": [26.75, 4, 10],
			"rotation": {"angle": 45, "axis": "z", "origin": [0, 1, 0]},
			"faces": {
				"north": {"uv": [12, 11, 14, 13], "texture": "#1"},
				"east": {"uv": [12, 11, 14, 13], "texture": "#1"},
				"south": {"uv": [12, 11, 14, 13], "texture": "#1"},
				"west": {"uv": [12, 11, 14, 13], "texture": "#1"},
				"up": {"uv": [12, 11, 14, 13], "texture": "#1"},
				"down": {"uv": [12, 11, 14, 13], "texture": "#1"}
			}
		},
		{
			"from": [-10.75, -3, 7],
			"to": [-7.75, 3, 10],
			"rotation": {"angle": -45, "axis": "z", "origin": [16, 1, 0]},
			"faces": {
				"north": {"uv": [14, 11, 12, 13], "texture": "#1"},
				"east": {"uv": [14, 11, 12, 13], "texture": "#1"},
				"south": {"uv": [14, 11, 12, 13], "texture": "#1"},
				"west": {"uv": [14, 11, 12, 13], "texture": "#1"},
				"up": {"uv": [14, 11, 12, 13], "texture": "#1"},
				"down": {"uv": [14, 11, 12, 13], "texture": "#1"}
			}
		},
		{
			"from": [0.25, 22, 7],
			"to": [2.25, 23, 8],
			"rotation": {"angle": 22.5, "axis": "z", "origin": [16, 1, 0]},
			"faces": {
				"north": {"uv": [14, 11, 12, 13], "texture": "#1"},
				"east": {"uv": [14, 11, 12, 13], "texture": "#1"},
				"south": {"uv": [14, 11, 12, 13], "texture": "#1"},
				"west": {"uv": [14, 11, 12, 13], "texture": "#1"},
				"up": {"uv": [14, 11, 12, 13], "texture": "#1"},
				"down": {"uv": [14, 11, 12, 13], "texture": "#1"}
			}
		},
		{
			"from": [2.25, 19, 7],
			"to": [5.25, 23, 10],
			"rotation": {"angle": 22.5, "axis": "z", "origin": [16, 1, 0]},
			"faces": {
				"north": {"uv": [14, 11, 12, 13], "texture": "#1"},
				"east": {"uv": [14, 11, 12, 13], "texture": "#1"},
				"south": {"uv": [14, 11, 12, 13], "texture": "#1"},
				"west": {"uv": [14, 11, 12, 13], "texture": "#1"},
				"up": {"uv": [14, 11, 12, 13], "texture": "#1"},
				"down": {"uv": [14, 11, 12, 13], "texture": "#1"}
			}
		},
		{
			"from": [-0.75, 19, 7],
			"to": [6.25, 20, 8],
			"rotation": {"angle": 22.5, "axis": "z", "origin": [16, 1, 0]},
			"faces": {
				"north": {"uv": [14, 11, 12, 13], "texture": "#1"},
				"east": {"uv": [14, 11, 12, 13], "texture": "#1"},
				"south": {"uv": [14, 11, 12, 13], "texture": "#1"},
				"west": {"uv": [14, 11, 12, 13], "texture": "#1"},
				"up": {"uv": [14, 11, 12, 13], "texture": "#1"},
				"down": {"uv": [14, 11, 12, 13], "texture": "#1"}
			}
		},
		{
			"from": [-1, 10, 8],
			"to": [1, 13, 9],
			"rotation": {"angle": 0, "axis": "y", "origin": [16, 1, 0]},
			"faces": {
				"north": {"uv": [14, 11, 12, 13], "texture": "#1"},
				"east": {"uv": [14, 11, 12, 13], "texture": "#1"},
				"south": {"uv": [14, 11, 12, 13], "texture": "#1"},
				"west": {"uv": [14, 11, 12, 13], "texture": "#1"},
				"up": {"uv": [14, 11, 12, 13], "texture": "#1"},
				"down": {"uv": [14, 11, 12, 13], "texture": "#1"}
			}
		},
		{
			"from": [8.25, 20, 7],
			"to": [10.25, 21, 8],
			"rotation": {"angle": 45, "axis": "z", "origin": [16, 1, 0]},
			"faces": {
				"north": {"uv": [14, 11, 12, 13], "texture": "#1"},
				"east": {"uv": [14, 11, 12, 13], "texture": "#1"},
				"south": {"uv": [14, 11, 12, 13], "texture": "#1"},
				"west": {"uv": [14, 11, 12, 13], "texture": "#1"},
				"up": {"uv": [14, 11, 12, 13], "texture": "#1"},
				"down": {"uv": [14, 11, 12, 13], "texture": "#1"}
			}
		},
		{
			"from": [-5.5, -4.75, 6.5],
			"to": [-2.5, -1.75, 10.5],
			"rotation": {"angle": -45, "axis": "z", "origin": [16, 1, 0]},
			"faces": {
				"north": {"uv": [14, 11, 12, 13], "texture": "#1"},
				"east": {"uv": [14, 11, 12, 13], "texture": "#1"},
				"south": {"uv": [14, 11, 12, 13], "texture": "#1"},
				"west": {"uv": [14, 11, 12, 13], "texture": "#1"},
				"up": {"uv": [14, 11, 12, 13], "texture": "#1"},
				"down": {"uv": [14, 11, 12, 13], "texture": "#1"}
			}
		},
		{
			"from": [20.25, 18, 7],
			"to": [24.25, 19, 8],
			"rotation": {"angle": 22.5, "axis": "z", "origin": [16, 1, 0]},
			"faces": {
				"north": {"uv": [14, 11, 12, 13], "texture": "#1"},
				"east": {"uv": [14, 11, 12, 13], "texture": "#1"},
				"south": {"uv": [14, 11, 12, 13], "texture": "#1"},
				"west": {"uv": [14, 11, 12, 13], "texture": "#1"},
				"up": {"uv": [14, 11, 12, 13], "texture": "#1"},
				"down": {"uv": [14, 11, 12, 13], "texture": "#1"}
			}
		},
		{
			"from": [-1, 10, 8],
			"to": [1, 13, 9],
			"rotation": {"angle": 0, "axis": "y", "origin": [16, 1, 0]},
			"faces": {
				"north": {"uv": [14, 11, 12, 13], "texture": "#1"},
				"east": {"uv": [14, 11, 12, 13], "texture": "#1"},
				"south": {"uv": [14, 11, 12, 13], "texture": "#1"},
				"west": {"uv": [14, 11, 12, 13], "texture": "#1"},
				"up": {"uv": [14, 11, 12, 13], "texture": "#1"},
				"down": {"uv": [14, 11, 12, 13], "texture": "#1"}
			}
		},
		{
			"from": [3, 2, 2],
			"to": [13, 4, 14],
			"rotation": {"angle": 0, "axis": "y", "origin": [0, 1, 0]},
			"faces": {
				"north": {"uv": [12, 11, 14, 13], "texture": "#0"},
				"east": {"uv": [12, 11, 14, 13], "texture": "#0"},
				"south": {"uv": [12, 11, 14, 13], "texture": "#0"},
				"west": {"uv": [12, 11, 14, 13], "texture": "#0"},
				"up": {"uv": [12, 11, 14, 13], "texture": "#0"},
				"down": {"uv": [12, 11, 14, 13], "texture": "#0"}
			}
		},
		{
			"from": [5, 4, 4],
			"to": [11, 5, 14],
			"rotation": {"angle": 0, "axis": "y", "origin": [0, 1, 0]},
			"faces": {
				"north": {"uv": [12, 11, 14, 13], "texture": "#1"},
				"east": {"uv": [12, 11, 14, 13], "texture": "#1"},
				"south": {"uv": [12, 11, 14, 13], "texture": "#1"},
				"west": {"uv": [12, 11, 14, 13], "texture": "#1"},
				"up": {"uv": [12, 11, 14, 13], "texture": "#1"},
				"down": {"uv": [12, 11, 14, 13], "texture": "#1"}
			}
		},
		{
			"from": [7, 5, 14],
			"to": [9, 5.5, 14],
			"rotation": {"angle": 0, "axis": "y", "origin": [0, 1, 0]},
			"faces": {
				"north": {"uv": [12, 11, 14, 13], "texture": "#5"},
				"east": {"uv": [12, 11, 14, 13], "texture": "#5"},
				"south": {"uv": [12, 11, 14, 13], "texture": "#5"},
				"west": {"uv": [12, 11, 14, 13], "texture": "#5"},
				"up": {"uv": [12, 11, 14, 13], "texture": "#5"},
				"down": {"uv": [12, 11, 14, 13], "texture": "#5"}
			}
		},
		{
			"from": [4, 6, 14.5],
			"to": [12, 9, 13.5],
			"rotation": {"angle": 0, "axis": "y", "origin": [0, 1, 0]},
			"faces": {
				"north": {"uv": [12, 11, 14, 13], "texture": "#3"},
				"east": {"uv": [12, 11, 14, 13], "texture": "#3"},
				"south": {"uv": [12, 11, 14, 13], "texture": "#3"},
				"west": {"uv": [12, 11, 14, 13], "texture": "#3"},
				"up": {"uv": [12, 11, 14, 13], "texture": "#3"},
				"down": {"uv": [12, 11, 14, 13], "texture": "#3"}
			}
		},
		{
			"from": [5, 9, 4],
			"to": [11, 10, 14],
			"rotation": {"angle": 0, "axis": "y", "origin": [0, 1, 0]},
			"faces": {
				"north": {"uv": [12, 11, 14, 13], "texture": "#1"},
				"east": {"uv": [12, 11, 14, 13], "texture": "#1"},
				"south": {"uv": [12, 11, 14, 13], "texture": "#1"},
				"west": {"uv": [12, 11, 14, 13], "texture": "#1"},
				"up": {"uv": [12, 11, 14, 13], "texture": "#1"},
				"down": {"uv": [12, 11, 14, 13], "texture": "#1"}
			}
		},
		{
			"from": [11, 5, 4],
			"to": [13, 6, 14],
			"rotation": {"angle": 0, "axis": "y", "origin": [0, 1, 0]},
			"faces": {
				"north": {"uv": [12, 11, 14, 13], "texture": "#1"},
				"east": {"uv": [12, 11, 14, 13], "texture": "#1"},
				"south": {"uv": [12, 11, 14, 13], "texture": "#1"},
				"west": {"uv": [12, 11, 14, 13], "texture": "#1"},
				"up": {"uv": [12, 11, 14, 13], "texture": "#1"},
				"down": {"uv": [12, 11, 14, 13], "texture": "#1"}
			}
		},
		{
			"from": [11, 8, 4],
			"to": [12, 9, 14],
			"rotation": {"angle": 0, "axis": "y", "origin": [0, 1, 0]},
			"faces": {
				"north": {"uv": [12, 11, 14, 13], "texture": "#1"},
				"east": {"uv": [12, 11, 14, 13], "texture": "#1"},
				"south": {"uv": [12, 11, 14, 13], "texture": "#1"},
				"west": {"uv": [12, 11, 14, 13], "texture": "#1"},
				"up": {"uv": [12, 11, 14, 13], "texture": "#1"},
				"down": {"uv": [12, 11, 14, 13], "texture": "#1"}
			}
		},
		{
			"from": [12, 6, 4],
			"to": [13, 8, 14],
			"rotation": {"angle": 0, "axis": "y", "origin": [0, 1, 0]},
			"faces": {
				"north": {"uv": [12, 11, 14, 13], "texture": "#1"},
				"east": {"uv": [12, 11, 14, 13], "texture": "#1"},
				"south": {"uv": [12, 11, 14, 13], "texture": "#1"},
				"west": {"uv": [12, 11, 14, 13], "texture": "#1"},
				"up": {"uv": [12, 11, 14, 13], "texture": "#1"},
				"down": {"uv": [12, 11, 14, 13], "texture": "#1"}
			}
		},
		{
			"from": [3, 6, 4],
			"to": [4, 8, 14],
			"rotation": {"angle": 0, "axis": "y", "origin": [0, 1, 0]},
			"faces": {
				"north": {"uv": [12, 11, 14, 13], "texture": "#1"},
				"east": {"uv": [12, 11, 14, 13], "texture": "#1"},
				"south": {"uv": [12, 11, 14, 13], "texture": "#1"},
				"west": {"uv": [12, 11, 14, 13], "texture": "#1"},
				"up": {"uv": [12, 11, 14, 13], "texture": "#1"},
				"down": {"uv": [12, 11, 14, 13], "texture": "#1"}
			}
		},
		{
			"from": [4, 8, 4],
			"to": [5, 9, 14],
			"rotation": {"angle": 0, "axis": "y", "origin": [0, 1, 0]},
			"faces": {
				"north": {"uv": [12, 11, 14, 13], "texture": "#1"},
				"east": {"uv": [12, 11, 14, 13], "texture": "#1"},
				"south": {"uv": [12, 11, 14, 13], "texture": "#1"},
				"west": {"uv": [12, 11, 14, 13], "texture": "#1"},
				"up": {"uv": [12, 11, 14, 13], "texture": "#1"},
				"down": {"uv": [12, 11, 14, 13], "texture": "#1"}
			}
		},
		{
			"from": [4, 11, 2],
			"to": [6, 12.5, 14],
			"rotation": {"angle": 0, "axis": "y", "origin": [0, 1, 0]},
			"faces": {
				"north": {"uv": [12, 11, 14, 13], "texture": "#3"},
				"east": {"uv": [12, 11, 14, 13], "texture": "#3"},
				"south": {"uv": [12, 8, 14, 10], "texture": "#3"},
				"west": {"uv": [12, 11, 14, 13], "texture": "#3"},
				"up": {"uv": [12, 11, 14, 13], "texture": "#3"},
				"down": {"uv": [12, 11, 14, 13], "texture": "#3"}
			}
		},
		{
			"from": [10, 11, 2],
			"to": [12, 13, 14],
			"rotation": {"angle": 0, "axis": "y", "origin": [0, 1, 0]},
			"faces": {
				"north": {"uv": [12, 11, 14, 13], "texture": "#3"},
				"east": {"uv": [12, 11, 14, 13], "texture": "#3"},
				"south": {"uv": [12, 8, 14, 10], "texture": "#3"},
				"west": {"uv": [12, 11, 14, 13], "texture": "#3"},
				"up": {"uv": [12, 11, 14, 13], "texture": "#3"},
				"down": {"uv": [12, 11, 14, 13], "texture": "#3"}
			}
		},
		{
			"from": [3, 5, 4],
			"to": [5, 6, 14],
			"rotation": {"angle": 0, "axis": "y", "origin": [0, 1, 0]},
			"faces": {
				"north": {"uv": [12, 11, 14, 13], "texture": "#1"},
				"east": {"uv": [12, 11, 14, 13], "texture": "#1"},
				"south": {"uv": [12, 11, 14, 13], "texture": "#1"},
				"west": {"uv": [12, 11, 14, 13], "texture": "#1"},
				"up": {"uv": [12, 11, 14, 13], "texture": "#1"},
				"down": {"uv": [12, 11, 14, 13], "texture": "#1"}
			}
		},
		{
			"from": [3, 4, 1],
			"to": [13, 16.5, 12.9],
			"rotation": {"angle": 0, "axis": "y", "origin": [0, 1, 0]},
			"faces": {
				"north": {"uv": [7, 0, 13, 6], "texture": "#4"},
				"east": {"uv": [12, 11, 14, 13], "texture": "#0"},
				"south": {"uv": [12, 11, 14, 13], "texture": "#0"},
				"west": {"uv": [12, 11, 14, 13], "texture": "#0"},
				"up": {"uv": [0, 0, 16, 4], "texture": "#4"},
				"down": {"uv": [12, 11, 14, 13], "texture": "#0"}
			}
		},
		{
			"from": [3, 13, 3],
			"to": [13, 17, 14],
			"rotation": {"angle": 0, "axis": "y", "origin": [0, 1, 0]},
			"faces": {
				"north": {"uv": [12, 11, 14, 13], "texture": "#0"},
				"east": {"uv": [12, 11, 14, 13], "texture": "#0"},
				"south": {"uv": [0, 0, 16, 5], "texture": "#4"},
				"west": {"uv": [12, 11, 14, 13], "texture": "#0"},
				"up": {"uv": [8, 0, 13, 5], "texture": "#4"},
				"down": {"uv": [12, 11, 14, 13], "texture": "#0"}
			}
		}
	],
	"display": {
		"thirdperson_righthand": {
			"scale": [0.5, 0.5, 0.5]
		},
		"head": {
			"rotation": [0, 180, 0]
		}
	}
}