{
	"credit": "Made with Blockbench",
	"textures": {
		"13": "block/light_gray_wool",
		"15": "block/deepslate_copper_ore",
		"red_wool": "block/red_wool",
		"gray_wool": "block/gray_wool",
		"cyan_terracotta": "block/cyan_terracotta",
		"iron_block": "block/iron_block",
		"gray_concrete": "block/gray_concrete"
	},
	"elements": [
		{
			"name": "base",
			"from": [1, 3, -1.2],
			"to": [14.5, 4, 17.8],
			"rotation": {"angle": 0, "axis": "y", "origin": [0, 0, -2]},
			"faces": {
				"north": {"uv": [0, 0, 12, 1], "texture": "#15"},
				"east": {"uv": [0, 0, 16, 1], "texture": "#15"},
				"south": {"uv": [0, 0, 12, 1], "texture": "#15"},
				"west": {"uv": [0, 0, 16, 1], "texture": "#15"},
				"up": {"uv": [0, 0, 16, 8], "rotation": 270, "texture": "#15"},
				"down": {"uv": [0, 0, 16, 8], "rotation": 270, "texture": "#15"}
			}
		},
		{
			"name": "base",
			"from": [1, 2, 14],
			"to": [14.5, 3, 15],
			"rotation": {"angle": 0, "axis": "y", "origin": [0, 0, -2]},
			"faces": {
				"north": {"uv": [0, 0, 12, 1], "texture": "#13"},
				"east": {"uv": [0, 0, 16, 1], "texture": "#13"},
				"south": {"uv": [0, 0, 12, 1], "texture": "#13"},
				"west": {"uv": [0, 0, 16, 1], "texture": "#13"},
				"up": {"uv": [0, 0, 16, 8], "rotation": 270, "texture": "#13"},
				"down": {"uv": [0, 0, 16, 8], "rotation": 270, "texture": "#13"}
			}
		},
		{
			"name": "base",
			"from": [0, 4.5, 12.8],
			"to": [2, 5, 17.8],
			"rotation": {"angle": 0, "axis": "y", "origin": [-2, 0, -2]},
			"faces": {
				"north": {"uv": [0, 0, 12, 1], "texture": "#15"},
				"east": {"uv": [0, 0, 16, 1], "texture": "#15"},
				"south": {"uv": [0, 0, 12, 1], "texture": "#15"},
				"west": {"uv": [0, 0, 16, 1], "texture": "#15"},
				"up": {"uv": [0, 0, 16, 8], "rotation": 270, "texture": "#15"},
				"down": {"uv": [0, 0, 16, 8], "rotation": 270, "texture": "#15"}
			}
		},
		{
			"name": "base",
			"from": [0.5, 4, 17.8],
			"to": [2, 5, 18.3],
			"rotation": {"angle": 0, "axis": "y", "origin": [-2, 0, -2]},
			"faces": {
				"north": {"uv": [0, 0, 12, 1], "texture": "#red_wool"},
				"east": {"uv": [0, 0, 16, 1], "texture": "#red_wool"},
				"south": {"uv": [0, 0, 12, 1], "texture": "#red_wool"},
				"west": {"uv": [0, 0, 16, 1], "texture": "#red_wool"},
				"up": {"uv": [0, 0, 16, 8], "rotation": 270, "texture": "#red_wool"},
				"down": {"uv": [0, 0, 16, 8], "rotation": 270, "texture": "#red_wool"}
			}
		},
		{
			"name": "base",
			"from": [13.5, 4, 17.8],
			"to": [15, 5, 18.3],
			"rotation": {"angle": 0, "axis": "y", "origin": [2, 0, -2]},
			"faces": {
				"north": {"uv": [0, 0, 12, 1], "texture": "#red_wool"},
				"east": {"uv": [0, 0, 16, 1], "texture": "#red_wool"},
				"south": {"uv": [0, 0, 12, 1], "texture": "#red_wool"},
				"west": {"uv": [0, 0, 16, 1], "texture": "#red_wool"},
				"up": {"uv": [0, 0, 16, 8], "rotation": 270, "texture": "#red_wool"},
				"down": {"uv": [0, 0, 16, 8], "rotation": 270, "texture": "#red_wool"}
			}
		},
		{
			"name": "base",
			"from": [0, -7.5, 9.8],
			"to": [2, -7, 11.8],
			"rotation": {"angle": -45, "axis": "x", "origin": [0, 0, -2]},
			"faces": {
				"north": {"uv": [0, 0, 12, 1], "texture": "#15"},
				"east": {"uv": [0, 0, 16, 1], "texture": "#15"},
				"south": {"uv": [0, 0, 12, 1], "texture": "#15"},
				"west": {"uv": [0, 0, 16, 1], "texture": "#15"},
				"up": {"uv": [0, 0, 16, 8], "rotation": 270, "texture": "#15"},
				"down": {"uv": [0, 0, 16, 8], "rotation": 270, "texture": "#15"}
			}
		},
		{
			"name": "base",
			"from": [1, 18, -1.2],
			"to": [1.25, 18.5, 17.05],
			"rotation": {"angle": 0, "axis": "y", "origin": [-2, 0, -2]},
			"faces": {
				"north": {"uv": [0, 0, 12, 1], "texture": "#iron_block"},
				"east": {"uv": [0, 0, 16, 1], "texture": "#iron_block"},
				"south": {"uv": [0, 0, 12, 1], "texture": "#iron_block"},
				"west": {"uv": [0, 0, 16, 1], "texture": "#iron_block"},
				"up": {"uv": [0, 0, 16, 8], "rotation": 270, "texture": "#iron_block"},
				"down": {"uv": [0, 0, 16, 8], "rotation": 270, "texture": "#iron_block"}
			}
		},
		{
			"name": "base",
			"from": [1, 4, 0.3],
			"to": [1.25, 18, 0.55],
			"rotation": {"angle": 0, "axis": "y", "origin": [-2, 0, -2]},
			"faces": {
				"north": {"uv": [0, 0, 12, 1], "texture": "#iron_block"},
				"east": {"uv": [0, 0, 16, 1], "texture": "#iron_block"},
				"south": {"uv": [0, 0, 12, 1], "texture": "#iron_block"},
				"west": {"uv": [0, 0, 16, 1], "texture": "#iron_block"},
				"up": {"uv": [0, 0, 16, 8], "rotation": 270, "texture": "#iron_block"},
				"down": {"uv": [0, 0, 16, 8], "rotation": 270, "texture": "#iron_block"}
			}
		},
		{
			"name": "base",
			"from": [1, 4, 1.8],
			"to": [1.25, 18, 2.05],
			"rotation": {"angle": 0, "axis": "y", "origin": [-2, 0, -2]},
			"faces": {
				"north": {"uv": [0, 0, 12, 1], "texture": "#iron_block"},
				"east": {"uv": [0, 0, 16, 1], "texture": "#iron_block"},
				"south": {"uv": [0, 0, 12, 1], "texture": "#iron_block"},
				"west": {"uv": [0, 0, 16, 1], "texture": "#iron_block"},
				"up": {"uv": [0, 0, 16, 8], "rotation": 270, "texture": "#iron_block"},
				"down": {"uv": [0, 0, 16, 8], "rotation": 270, "texture": "#iron_block"}
			}
		},
		{
			"name": "base",
			"from": [1, 4, 4.8],
			"to": [1.25, 18, 5.05],
			"rotation": {"angle": 0, "axis": "y", "origin": [-2, 0, -2]},
			"faces": {
				"north": {"uv": [0, 0, 12, 1], "texture": "#iron_block"},
				"east": {"uv": [0, 0, 16, 1], "texture": "#iron_block"},
				"south": {"uv": [0, 0, 12, 1], "texture": "#iron_block"},
				"west": {"uv": [0, 0, 16, 1], "texture": "#iron_block"},
				"up": {"uv": [0, 0, 16, 8], "rotation": 270, "texture": "#iron_block"},
				"down": {"uv": [0, 0, 16, 8], "rotation": 270, "texture": "#iron_block"}
			}
		},
		{
			"name": "base",
			"from": [1, 4, 3.3],
			"to": [1.25, 18, 3.55],
			"rotation": {"angle": 0, "axis": "y", "origin": [-2, 0, -2]},
			"faces": {
				"north": {"uv": [0, 0, 12, 1], "texture": "#iron_block"},
				"east": {"uv": [0, 0, 16, 1], "texture": "#iron_block"},
				"south": {"uv": [0, 0, 12, 1], "texture": "#iron_block"},
				"west": {"uv": [0, 0, 16, 1], "texture": "#iron_block"},
				"up": {"uv": [0, 0, 16, 8], "rotation": 270, "texture": "#iron_block"},
				"down": {"uv": [0, 0, 16, 8], "rotation": 270, "texture": "#iron_block"}
			}
		},
		{
			"name": "base",
			"from": [1, 4, 6.3],
			"to": [1.25, 18, 6.55],
			"rotation": {"angle": 0, "axis": "y", "origin": [-2, 0, -2]},
			"faces": {
				"north": {"uv": [0, 0, 12, 1], "texture": "#iron_block"},
				"east": {"uv": [0, 0, 16, 1], "texture": "#iron_block"},
				"south": {"uv": [0, 0, 12, 1], "texture": "#iron_block"},
				"west": {"uv": [0, 0, 16, 1], "texture": "#iron_block"},
				"up": {"uv": [0, 0, 16, 8], "rotation": 270, "texture": "#iron_block"},
				"down": {"uv": [0, 0, 16, 8], "rotation": 270, "texture": "#iron_block"}
			}
		},
		{
			"name": "base",
			"from": [1, 4, 9.3],
			"to": [1.25, 18, 9.55],
			"rotation": {"angle": 0, "axis": "y", "origin": [-2, 0, -2]},
			"faces": {
				"north": {"uv": [0, 0, 12, 1], "texture": "#iron_block"},
				"east": {"uv": [0, 0, 16, 1], "texture": "#iron_block"},
				"south": {"uv": [0, 0, 12, 1], "texture": "#iron_block"},
				"west": {"uv": [0, 0, 16, 1], "texture": "#iron_block"},
				"up": {"uv": [0, 0, 16, 8], "rotation": 270, "texture": "#iron_block"},
				"down": {"uv": [0, 0, 16, 8], "rotation": 270, "texture": "#iron_block"}
			}
		},
		{
			"name": "base",
			"from": [1, 4, 7.8],
			"to": [1.25, 18, 8.05],
			"rotation": {"angle": 0, "axis": "y", "origin": [-2, 0, -2]},
			"faces": {
				"north": {"uv": [0, 0, 12, 1], "texture": "#iron_block"},
				"east": {"uv": [0, 0, 16, 1], "texture": "#iron_block"},
				"south": {"uv": [0, 0, 12, 1], "texture": "#iron_block"},
				"west": {"uv": [0, 0, 16, 1], "texture": "#iron_block"},
				"up": {"uv": [0, 0, 16, 8], "rotation": 270, "texture": "#iron_block"},
				"down": {"uv": [0, 0, 16, 8], "rotation": 270, "texture": "#iron_block"}
			}
		},
		{
			"name": "base",
			"from": [1, 4, 10.8],
			"to": [1.25, 18, 11.05],
			"rotation": {"angle": 0, "axis": "y", "origin": [-2, 0, -2]},
			"faces": {
				"north": {"uv": [0, 0, 12, 1], "texture": "#iron_block"},
				"east": {"uv": [0, 0, 16, 1], "texture": "#iron_block"},
				"south": {"uv": [0, 0, 12, 1], "texture": "#iron_block"},
				"west": {"uv": [0, 0, 16, 1], "texture": "#iron_block"},
				"up": {"uv": [0, 0, 16, 8], "rotation": 270, "texture": "#iron_block"},
				"down": {"uv": [0, 0, 16, 8], "rotation": 270, "texture": "#iron_block"}
			}
		},
		{
			"name": "base",
			"from": [1, 4, 13.8],
			"to": [1.25, 18, 14.05],
			"rotation": {"angle": 0, "axis": "y", "origin": [-2, 0, -2]},
			"faces": {
				"north": {"uv": [0, 0, 12, 1], "texture": "#iron_block"},
				"east": {"uv": [0, 0, 16, 1], "texture": "#iron_block"},
				"south": {"uv": [0, 0, 12, 1], "texture": "#iron_block"},
				"west": {"uv": [0, 0, 16, 1], "texture": "#iron_block"},
				"up": {"uv": [0, 0, 16, 8], "rotation": 270, "texture": "#iron_block"},
				"down": {"uv": [0, 0, 16, 8], "rotation": 270, "texture": "#iron_block"}
			}
		},
		{
			"name": "base",
			"from": [1, 4, 16.8],
			"to": [1.25, 18, 17.05],
			"rotation": {"angle": 0, "axis": "y", "origin": [-2, 0, -2]},
			"faces": {
				"north": {"uv": [0, 0, 12, 1], "texture": "#iron_block"},
				"east": {"uv": [0, 0, 16, 1], "texture": "#iron_block"},
				"south": {"uv": [0, 0, 12, 1], "texture": "#iron_block"},
				"west": {"uv": [0, 0, 16, 1], "texture": "#iron_block"},
				"up": {"uv": [0, 0, 16, 8], "rotation": 270, "texture": "#iron_block"},
				"down": {"uv": [0, 0, 16, 8], "rotation": 270, "texture": "#iron_block"}
			}
		},
		{
			"name": "base",
			"from": [2, 4, 16.8],
			"to": [2.25, 18, 17.05],
			"rotation": {"angle": 0, "axis": "y", "origin": [0, 0, -2]},
			"faces": {
				"north": {"uv": [0, 0, 12, 1], "texture": "#iron_block"},
				"east": {"uv": [0, 0, 16, 1], "texture": "#iron_block"},
				"south": {"uv": [0, 0, 12, 1], "texture": "#iron_block"},
				"west": {"uv": [0, 0, 16, 1], "texture": "#iron_block"},
				"up": {"uv": [0, 0, 16, 8], "rotation": 270, "texture": "#iron_block"},
				"down": {"uv": [0, 0, 16, 8], "rotation": 270, "texture": "#iron_block"}
			}
		},
		{
			"name": "base",
			"from": [1, 18, 16.8],
			"to": [14.25, 18.5, 17.05],
			"rotation": {"angle": 0, "axis": "y", "origin": [0, 0, -2]},
			"faces": {
				"north": {"uv": [0, 0, 12, 1], "texture": "#iron_block"},
				"east": {"uv": [0, 0, 16, 1], "texture": "#iron_block"},
				"south": {"uv": [0, 0, 12, 1], "texture": "#iron_block"},
				"west": {"uv": [0, 0, 16, 1], "texture": "#iron_block"},
				"up": {"uv": [0, 0, 16, 8], "rotation": 270, "texture": "#iron_block"},
				"down": {"uv": [0, 0, 16, 8], "rotation": 270, "texture": "#iron_block"}
			}
		},
		{
			"name": "base",
			"from": [5, 4, 16.8],
			"to": [5.25, 18, 17.05],
			"rotation": {"angle": 0, "axis": "y", "origin": [0, 0, -2]},
			"faces": {
				"north": {"uv": [0, 0, 12, 1], "texture": "#iron_block"},
				"east": {"uv": [0, 0, 16, 1], "texture": "#iron_block"},
				"south": {"uv": [0, 0, 12, 1], "texture": "#iron_block"},
				"west": {"uv": [0, 0, 16, 1], "texture": "#iron_block"},
				"up": {"uv": [0, 0, 16, 8], "rotation": 270, "texture": "#iron_block"},
				"down": {"uv": [0, 0, 16, 8], "rotation": 270, "texture": "#iron_block"}
			}
		},
		{
			"name": "base",
			"from": [3.5, 4, 16.8],
			"to": [3.75, 18, 17.05],
			"rotation": {"angle": 0, "axis": "y", "origin": [0, 0, -2]},
			"faces": {
				"north": {"uv": [0, 0, 12, 1], "texture": "#iron_block"},
				"east": {"uv": [0, 0, 16, 1], "texture": "#iron_block"},
				"south": {"uv": [0, 0, 12, 1], "texture": "#iron_block"},
				"west": {"uv": [0, 0, 16, 1], "texture": "#iron_block"},
				"up": {"uv": [0, 0, 16, 8], "rotation": 270, "texture": "#iron_block"},
				"down": {"uv": [0, 0, 16, 8], "rotation": 270, "texture": "#iron_block"}
			}
		},
		{
			"name": "base",
			"from": [8, 4, 16.8],
			"to": [8.25, 18, 17.05],
			"rotation": {"angle": 0, "axis": "y", "origin": [0, 0, -2]},
			"faces": {
				"north": {"uv": [0, 0, 12, 1], "texture": "#iron_block"},
				"east": {"uv": [0, 0, 16, 1], "texture": "#iron_block"},
				"south": {"uv": [0, 0, 12, 1], "texture": "#iron_block"},
				"west": {"uv": [0, 0, 16, 1], "texture": "#iron_block"},
				"up": {"uv": [0, 0, 16, 8], "rotation": 270, "texture": "#iron_block"},
				"down": {"uv": [0, 0, 16, 8], "rotation": 270, "texture": "#iron_block"}
			}
		},
		{
			"name": "base",
			"from": [6.5, 4, 16.8],
			"to": [6.75, 18, 17.05],
			"rotation": {"angle": 0, "axis": "y", "origin": [0, 0, -2]},
			"faces": {
				"north": {"uv": [0, 0, 12, 1], "texture": "#iron_block"},
				"east": {"uv": [0, 0, 16, 1], "texture": "#iron_block"},
				"south": {"uv": [0, 0, 12, 1], "texture": "#iron_block"},
				"west": {"uv": [0, 0, 16, 1], "texture": "#iron_block"},
				"up": {"uv": [0, 0, 16, 8], "rotation": 270, "texture": "#iron_block"},
				"down": {"uv": [0, 0, 16, 8], "rotation": 270, "texture": "#iron_block"}
			}
		},
		{
			"name": "base",
			"from": [14, 4, 16.8],
			"to": [14.25, 18, 17.05],
			"rotation": {"angle": 0, "axis": "y", "origin": [0, 0, -2]},
			"faces": {
				"north": {"uv": [0, 0, 12, 1], "texture": "#iron_block"},
				"east": {"uv": [0, 0, 16, 1], "texture": "#iron_block"},
				"south": {"uv": [0, 0, 12, 1], "texture": "#iron_block"},
				"west": {"uv": [0, 0, 16, 1], "texture": "#iron_block"},
				"up": {"uv": [0, 0, 16, 8], "rotation": 270, "texture": "#iron_block"},
				"down": {"uv": [0, 0, 16, 8], "rotation": 270, "texture": "#iron_block"}
			}
		},
		{
			"name": "base",
			"from": [12.5, 4, 16.8],
			"to": [12.75, 18, 17.05],
			"rotation": {"angle": 0, "axis": "y", "origin": [0, 0, -2]},
			"faces": {
				"north": {"uv": [0, 0, 12, 1], "texture": "#iron_block"},
				"east": {"uv": [0, 0, 16, 1], "texture": "#iron_block"},
				"south": {"uv": [0, 0, 12, 1], "texture": "#iron_block"},
				"west": {"uv": [0, 0, 16, 1], "texture": "#iron_block"},
				"up": {"uv": [0, 0, 16, 8], "rotation": 270, "texture": "#iron_block"},
				"down": {"uv": [0, 0, 16, 8], "rotation": 270, "texture": "#iron_block"}
			}
		},
		{
			"name": "base",
			"from": [11, 4, 16.8],
			"to": [11.25, 18, 17.05],
			"rotation": {"angle": 0, "axis": "y", "origin": [0, 0, -2]},
			"faces": {
				"north": {"uv": [0, 0, 12, 1], "texture": "#iron_block"},
				"east": {"uv": [0, 0, 16, 1], "texture": "#iron_block"},
				"south": {"uv": [0, 0, 12, 1], "texture": "#iron_block"},
				"west": {"uv": [0, 0, 16, 1], "texture": "#iron_block"},
				"up": {"uv": [0, 0, 16, 8], "rotation": 270, "texture": "#iron_block"},
				"down": {"uv": [0, 0, 16, 8], "rotation": 270, "texture": "#iron_block"}
			}
		},
		{
			"name": "base",
			"from": [9.5, 4, 16.8],
			"to": [9.75, 18, 17.05],
			"rotation": {"angle": 0, "axis": "y", "origin": [0, 0, -2]},
			"faces": {
				"north": {"uv": [0, 0, 12, 1], "texture": "#iron_block"},
				"east": {"uv": [0, 0, 16, 1], "texture": "#iron_block"},
				"south": {"uv": [0, 0, 12, 1], "texture": "#iron_block"},
				"west": {"uv": [0, 0, 16, 1], "texture": "#iron_block"},
				"up": {"uv": [0, 0, 16, 8], "rotation": 270, "texture": "#iron_block"},
				"down": {"uv": [0, 0, 16, 8], "rotation": 270, "texture": "#iron_block"}
			}
		},
		{
			"name": "base",
			"from": [2.5, 4, -1.2],
			"to": [2.75, 18, -0.95],
			"rotation": {"angle": 0, "axis": "y", "origin": [-2, 0, -2]},
			"faces": {
				"north": {"uv": [0, 0, 12, 1], "texture": "#iron_block"},
				"east": {"uv": [0, 0, 16, 1], "texture": "#iron_block"},
				"south": {"uv": [0, 0, 12, 1], "texture": "#iron_block"},
				"west": {"uv": [0, 0, 16, 1], "texture": "#iron_block"},
				"up": {"uv": [0, 0, 16, 8], "rotation": 270, "texture": "#iron_block"},
				"down": {"uv": [0, 0, 16, 8], "rotation": 270, "texture": "#iron_block"}
			}
		},
		{
			"name": "base",
			"from": [1, 18, -1.2],
			"to": [14.25, 18.5, -0.95],
			"rotation": {"angle": 0, "axis": "y", "origin": [0, 0, -2]},
			"faces": {
				"north": {"uv": [0, 0, 12, 1], "texture": "#iron_block"},
				"east": {"uv": [0, 0, 16, 1], "texture": "#iron_block"},
				"south": {"uv": [0, 0, 12, 1], "texture": "#iron_block"},
				"west": {"uv": [0, 0, 16, 1], "texture": "#iron_block"},
				"up": {"uv": [0, 0, 16, 8], "rotation": 270, "texture": "#iron_block"},
				"down": {"uv": [0, 0, 16, 8], "rotation": 270, "texture": "#iron_block"}
			}
		},
		{
			"name": "base",
			"from": [5.5, 4, -1.2],
			"to": [5.75, 18, -0.95],
			"rotation": {"angle": 0, "axis": "y", "origin": [0, 0, -2]},
			"faces": {
				"north": {"uv": [0, 0, 12, 1], "texture": "#iron_block"},
				"east": {"uv": [0, 0, 16, 1], "texture": "#iron_block"},
				"south": {"uv": [0, 0, 12, 1], "texture": "#iron_block"},
				"west": {"uv": [0, 0, 16, 1], "texture": "#iron_block"},
				"up": {"uv": [0, 0, 16, 8], "rotation": 270, "texture": "#iron_block"},
				"down": {"uv": [0, 0, 16, 8], "rotation": 270, "texture": "#iron_block"}
			}
		},
		{
			"name": "base",
			"from": [4, 4, -1.2],
			"to": [4.25, 18, -0.95],
			"rotation": {"angle": 0, "axis": "y", "origin": [0, 0, -2]},
			"faces": {
				"north": {"uv": [0, 0, 12, 1], "texture": "#iron_block"},
				"east": {"uv": [0, 0, 16, 1], "texture": "#iron_block"},
				"south": {"uv": [0, 0, 12, 1], "texture": "#iron_block"},
				"west": {"uv": [0, 0, 16, 1], "texture": "#iron_block"},
				"up": {"uv": [0, 0, 16, 8], "rotation": 270, "texture": "#iron_block"},
				"down": {"uv": [0, 0, 16, 8], "rotation": 270, "texture": "#iron_block"}
			}
		},
		{
			"name": "base",
			"from": [7, 4, -1.2],
			"to": [7.25, 18, -0.95],
			"rotation": {"angle": 0, "axis": "y", "origin": [0, 0, -2]},
			"faces": {
				"north": {"uv": [0, 0, 12, 1], "texture": "#iron_block"},
				"east": {"uv": [0, 0, 16, 1], "texture": "#iron_block"},
				"south": {"uv": [0, 0, 12, 1], "texture": "#iron_block"},
				"west": {"uv": [0, 0, 16, 1], "texture": "#iron_block"},
				"up": {"uv": [0, 0, 16, 8], "rotation": 270, "texture": "#iron_block"},
				"down": {"uv": [0, 0, 16, 8], "rotation": 270, "texture": "#iron_block"}
			}
		},
		{
			"name": "base",
			"from": [14, 4, -1.2],
			"to": [14.25, 18, -0.95],
			"rotation": {"angle": 0, "axis": "y", "origin": [2, 0, -2]},
			"faces": {
				"north": {"uv": [0, 0, 12, 1], "texture": "#iron_block"},
				"east": {"uv": [0, 0, 16, 1], "texture": "#iron_block"},
				"south": {"uv": [0, 0, 12, 1], "texture": "#iron_block"},
				"west": {"uv": [0, 0, 16, 1], "texture": "#iron_block"},
				"up": {"uv": [0, 0, 16, 8], "rotation": 270, "texture": "#iron_block"},
				"down": {"uv": [0, 0, 16, 8], "rotation": 270, "texture": "#iron_block"}
			}
		},
		{
			"name": "base",
			"from": [8.5, 4, -1.2],
			"to": [8.75, 18, -0.95],
			"rotation": {"angle": 0, "axis": "y", "origin": [0, 0, -2]},
			"faces": {
				"north": {"uv": [0, 0, 12, 1], "texture": "#iron_block"},
				"east": {"uv": [0, 0, 16, 1], "texture": "#iron_block"},
				"south": {"uv": [0, 0, 12, 1], "texture": "#iron_block"},
				"west": {"uv": [0, 0, 16, 1], "texture": "#iron_block"},
				"up": {"uv": [0, 0, 16, 8], "rotation": 270, "texture": "#iron_block"},
				"down": {"uv": [0, 0, 16, 8], "rotation": 270, "texture": "#iron_block"}
			}
		},
		{
			"name": "base",
			"from": [11.5, 4, -1.2],
			"to": [11.75, 18, -0.95],
			"rotation": {"angle": 0, "axis": "y", "origin": [0, 0, -2]},
			"faces": {
				"north": {"uv": [0, 0, 12, 1], "texture": "#iron_block"},
				"east": {"uv": [0, 0, 16, 1], "texture": "#iron_block"},
				"south": {"uv": [0, 0, 12, 1], "texture": "#iron_block"},
				"west": {"uv": [0, 0, 16, 1], "texture": "#iron_block"},
				"up": {"uv": [0, 0, 16, 8], "rotation": 270, "texture": "#iron_block"},
				"down": {"uv": [0, 0, 16, 8], "rotation": 270, "texture": "#iron_block"}
			}
		},
		{
			"name": "base",
			"from": [13, 4, -1.2],
			"to": [13.25, 18, -0.95],
			"rotation": {"angle": 0, "axis": "y", "origin": [0, 0, -2]},
			"faces": {
				"north": {"uv": [0, 0, 12, 1], "texture": "#iron_block"},
				"east": {"uv": [0, 0, 16, 1], "texture": "#iron_block"},
				"south": {"uv": [0, 0, 12, 1], "texture": "#iron_block"},
				"west": {"uv": [0, 0, 16, 1], "texture": "#iron_block"},
				"up": {"uv": [0, 0, 16, 8], "rotation": 270, "texture": "#iron_block"},
				"down": {"uv": [0, 0, 16, 8], "rotation": 270, "texture": "#iron_block"}
			}
		},
		{
			"name": "base",
			"from": [10, 4, -1.2],
			"to": [10.25, 18, -0.95],
			"rotation": {"angle": 0, "axis": "y", "origin": [0, 0, -2]},
			"faces": {
				"north": {"uv": [0, 0, 12, 1], "texture": "#iron_block"},
				"east": {"uv": [0, 0, 16, 1], "texture": "#iron_block"},
				"south": {"uv": [0, 0, 12, 1], "texture": "#iron_block"},
				"west": {"uv": [0, 0, 16, 1], "texture": "#iron_block"},
				"up": {"uv": [0, 0, 16, 8], "rotation": 270, "texture": "#iron_block"},
				"down": {"uv": [0, 0, 16, 8], "rotation": 270, "texture": "#iron_block"}
			}
		},
		{
			"name": "base",
			"from": [1, 4, 12.3],
			"to": [1.25, 18, 12.55],
			"rotation": {"angle": 0, "axis": "y", "origin": [-2, 0, -2]},
			"faces": {
				"north": {"uv": [0, 0, 12, 1], "texture": "#iron_block"},
				"east": {"uv": [0, 0, 16, 1], "texture": "#iron_block"},
				"south": {"uv": [0, 0, 12, 1], "texture": "#iron_block"},
				"west": {"uv": [0, 0, 16, 1], "texture": "#iron_block"},
				"up": {"uv": [0, 0, 16, 8], "rotation": 270, "texture": "#iron_block"},
				"down": {"uv": [0, 0, 16, 8], "rotation": 270, "texture": "#iron_block"}
			}
		},
		{
			"name": "base",
			"from": [1, 4, 15.3],
			"to": [1.25, 18, 15.55],
			"rotation": {"angle": 0, "axis": "y", "origin": [-2, 0, -2]},
			"faces": {
				"north": {"uv": [0, 0, 12, 1], "texture": "#iron_block"},
				"east": {"uv": [0, 0, 16, 1], "texture": "#iron_block"},
				"south": {"uv": [0, 0, 12, 1], "texture": "#iron_block"},
				"west": {"uv": [0, 0, 16, 1], "texture": "#iron_block"},
				"up": {"uv": [0, 0, 16, 8], "rotation": 270, "texture": "#iron_block"},
				"down": {"uv": [0, 0, 16, 8], "rotation": 270, "texture": "#iron_block"}
			}
		},
		{
			"name": "base",
			"from": [6, 2, -4.2],
			"to": [10, 3, 1.8],
			"rotation": {"angle": 0, "axis": "y", "origin": [0, 0, -2]},
			"faces": {
				"north": {"uv": [0, 0, 12, 1], "texture": "#gray_concrete"},
				"east": {"uv": [0, 0, 16, 1], "texture": "#gray_concrete"},
				"south": {"uv": [0, 0, 12, 1], "texture": "#gray_concrete"},
				"west": {"uv": [0, 0, 16, 1], "texture": "#gray_concrete"},
				"up": {"uv": [0, 0, 16, 8], "rotation": 270, "texture": "#gray_concrete"},
				"down": {"uv": [0, 0, 16, 8], "rotation": 270, "texture": "#gray_concrete"}
			}
		},
		{
			"name": "wheel5",
			"from": [-0.5, 3.5, 14],
			"to": [1.5, 3.6, 16],
			"rotation": {"angle": 0, "axis": "y", "origin": [0, -0.2, 13]},
			"faces": {
				"north": {"uv": [0, 0, 4, 2], "rotation": 270, "texture": "#13"},
				"east": {"uv": [0, 0, 4, 2], "rotation": 270, "texture": "#13"},
				"south": {"uv": [0, 0, 4, 2], "rotation": 270, "texture": "#13"},
				"west": {"uv": [0, 0, 4, 2], "rotation": 270, "texture": "#13"},
				"up": {"uv": [0, 0, 4, 2], "rotation": 270, "texture": "#13"},
				"down": {"uv": [0, 0, 4, 2], "rotation": 270, "texture": "#13"}
			}
		},
		{
			"name": "wheel3",
			"from": [-0.5, 3.6, 13.5],
			"to": [1.5, 4.4, 16.5],
			"rotation": {"angle": 0, "axis": "y", "origin": [-2, 0, 13]},
			"faces": {
				"north": {"uv": [0, 0, 14, 5], "texture": "#gray_wool"},
				"east": {"uv": [0, 0, 14, 5], "texture": "#gray_wool"},
				"south": {"uv": [0, 0, 14, 5], "texture": "#gray_wool"},
				"west": {"uv": [0, 0, 14, 5], "texture": "#gray_wool"},
				"up": {"uv": [0, 0, 14, 5], "texture": "#gray_wool"},
				"down": {"uv": [0, 0, 16, 1], "rotation": 270, "texture": "#gray_wool"}
			}
		},
		{
			"name": "wheel5",
			"from": [-0.5, 1.3, 16],
			"to": [1.5, 4.1, 16.8],
			"rotation": {"angle": 0, "axis": "y", "origin": [-2, 0, 13]},
			"faces": {
				"north": {"uv": [0, 0, 14, 5], "texture": "#gray_wool"},
				"east": {"uv": [0, 0, 14, 5], "texture": "#gray_wool"},
				"south": {"uv": [0, 0, 14, 5], "texture": "#gray_wool"},
				"west": {"uv": [0, 0, 4, 5], "texture": "#gray_wool"},
				"up": {"uv": [0, 0, 14, 5], "texture": "#gray_wool"},
				"down": {"uv": [0, 0, 16, 1], "rotation": 270, "texture": "#gray_wool"}
			}
		},
		{
			"name": "wheel7",
			"from": [-0.5, 1.45, 15.9],
			"to": [0, 1.75, 16.9],
			"rotation": {"angle": -22.5, "axis": "x", "origin": [-2, -0.2, 13]},
			"faces": {
				"north": {"uv": [0, 0, 4, 2], "rotation": 90, "texture": "#13"},
				"east": {"uv": [0, 0, 4, 2], "rotation": 180, "texture": "#13"},
				"south": {"uv": [0, 0, 4, 2], "rotation": 270, "texture": "#13"},
				"west": {"uv": [0, 0, 4, 2], "texture": "#13"},
				"up": {"uv": [0, 0, 4, 2], "rotation": 90, "texture": "#13"},
				"down": {"uv": [0, 0, 4, 2], "rotation": 270, "texture": "#13"}
			}
		},
		{
			"name": "wheel5",
			"from": [-0.5, 1.7, 15.9],
			"to": [1.5, 3.5, 16],
			"rotation": {"angle": 0, "axis": "y", "origin": [-2, -0.2, 13]},
			"faces": {
				"north": {"uv": [0, 0, 4, 2], "rotation": 270, "texture": "#13"},
				"east": {"uv": [0, 0, 4, 2], "rotation": 270, "texture": "#13"},
				"south": {"uv": [0, 0, 4, 2], "rotation": 270, "texture": "#13"},
				"west": {"uv": [0, 0, 4, 2], "rotation": 270, "texture": "#13"},
				"up": {"uv": [0, 0, 4, 2], "rotation": 270, "texture": "#13"},
				"down": {"uv": [0, 0, 4, 2], "rotation": 270, "texture": "#13"}
			}
		},
		{
			"name": "wheel7",
			"from": [-0.5, -0.9, 16.2],
			"to": [0, 0.3, 16.5],
			"rotation": {"angle": -45, "axis": "x", "origin": [-2, -0.2, 13]},
			"faces": {
				"north": {"uv": [0, 0, 4, 2], "rotation": 270, "texture": "#13"},
				"east": {"uv": [0, 0, 4, 2], "rotation": 270, "texture": "#13"},
				"south": {"uv": [0, 0, 4, 2], "rotation": 270, "texture": "#13"},
				"west": {"uv": [0, 0, 4, 2], "rotation": 270, "texture": "#13"},
				"up": {"uv": [0, 0, 4, 2], "rotation": 270, "texture": "#13"},
				"down": {"uv": [0, 0, 4, 2], "rotation": 270, "texture": "#13"}
			}
		},
		{
			"name": "wheel6",
			"from": [-0.5, 2.7, 14.8],
			"to": [0, 3.5, 15.1],
			"rotation": {"angle": 0, "axis": "y", "origin": [-2, -0.2, 13]},
			"faces": {
				"north": {"uv": [0, 0, 4, 2], "rotation": 270, "texture": "#13"},
				"east": {"uv": [0, 0, 4, 2], "rotation": 270, "texture": "#13"},
				"south": {"uv": [0, 0, 4, 2], "rotation": 270, "texture": "#13"},
				"west": {"uv": [0, 0, 4, 2], "rotation": 270, "texture": "#13"},
				"up": {"uv": [0, 0, 4, 2], "rotation": 270, "texture": "#13"},
				"down": {"uv": [0, 0, 4, 2], "rotation": 270, "texture": "#13"}
			}
		},
		{
			"name": "wheel7",
			"from": [-0.5, 3, 12.8],
			"to": [0, 3.3, 13.5],
			"rotation": {"angle": 22.5, "axis": "x", "origin": [-2, -0.2, 13]},
			"faces": {
				"north": {"uv": [0, 0, 4, 2], "rotation": 270, "texture": "#13"},
				"east": {"uv": [0, 0, 4, 2], "rotation": 270, "texture": "#13"},
				"south": {"uv": [0, 0, 4, 2], "rotation": 270, "texture": "#13"},
				"west": {"uv": [0, 0, 4, 2], "rotation": 270, "texture": "#13"},
				"up": {"uv": [0, 0, 4, 2], "rotation": 270, "texture": "#13"},
				"down": {"uv": [0, 0, 4, 2], "rotation": 270, "texture": "#13"}
			}
		},
		{
			"name": "wheel8",
			"from": [-0.5, 1.9, 12.3],
			"to": [0, 3.1, 12.6],
			"rotation": {"angle": 45, "axis": "x", "origin": [-2, -0.2, 13]},
			"faces": {
				"north": {"uv": [0, 0, 4, 2], "rotation": 270, "texture": "#13"},
				"east": {"uv": [0, 0, 4, 2], "rotation": 270, "texture": "#13"},
				"south": {"uv": [0, 0, 4, 2], "rotation": 270, "texture": "#13"},
				"west": {"uv": [0, 0, 4, 2], "rotation": 270, "texture": "#13"},
				"up": {"uv": [0, 0, 4, 2], "rotation": 270, "texture": "#13"},
				"down": {"uv": [0, 0, 4, 2], "rotation": 270, "texture": "#13"}
			}
		},
		{
			"name": "wheel4",
			"from": [-0.5, 1.6, 14],
			"to": [1.5, 1.7, 16],
			"rotation": {"angle": 0, "axis": "y", "origin": [-2, -0.2, 13]},
			"faces": {
				"north": {"uv": [0, 0, 4, 2], "rotation": 270, "texture": "#13"},
				"east": {"uv": [0, 0, 4, 2], "rotation": 270, "texture": "#13"},
				"south": {"uv": [0, 0, 4, 2], "rotation": 270, "texture": "#13"},
				"west": {"uv": [0, 0, 4, 2], "rotation": 270, "texture": "#13"},
				"up": {"uv": [0, 0, 4, 2], "rotation": 270, "texture": "#13"},
				"down": {"uv": [0, 0, 4, 2], "rotation": 270, "texture": "#13"}
			}
		},
		{
			"name": "wheel2",
			"from": [-0.5, 0.8, 13.5],
			"to": [1.5, 1.6, 16.5],
			"rotation": {"angle": 0, "axis": "y", "origin": [-2, 0, 13]},
			"faces": {
				"north": {"uv": [0, 0, 14, 5], "texture": "#gray_wool"},
				"east": {"uv": [0, 0, 14, 5], "texture": "#gray_wool"},
				"south": {"uv": [0, 0, 14, 5], "texture": "#gray_wool"},
				"west": {"uv": [0, 0, 14, 5], "texture": "#gray_wool"},
				"up": {"uv": [0, 0, 14, 5], "texture": "#gray_wool"},
				"down": {"uv": [0, 0, 16, 1], "rotation": 270, "texture": "#gray_wool"}
			}
		},
		{
			"name": "wheel4",
			"from": [-0.5, 1.3, 13.2],
			"to": [1.5, 4.1, 14],
			"rotation": {"angle": 0, "axis": "y", "origin": [-2, 0, 13]},
			"faces": {
				"north": {"uv": [0, 0, 14, 5], "texture": "#gray_wool"},
				"east": {"uv": [0, 0, 14, 5], "texture": "#gray_wool"},
				"south": {"uv": [0, 0, 14, 5], "texture": "#gray_wool"},
				"west": {"uv": [0, 0, 4, 5], "texture": "#gray_wool"},
				"up": {"uv": [0, 0, 14, 5], "texture": "#gray_wool"},
				"down": {"uv": [0, 0, 16, 1], "rotation": 270, "texture": "#gray_wool"}
			}
		},
		{
			"name": "base",
			"from": [14.25, 4, 15.3],
			"to": [14.5, 18, 15.55],
			"rotation": {"angle": 0, "axis": "y", "origin": [17.5, 0, -2]},
			"faces": {
				"north": {"uv": [12, 0, 0, 1], "texture": "#iron_block"},
				"east": {"uv": [16, 0, 0, 1], "texture": "#iron_block"},
				"south": {"uv": [12, 0, 0, 1], "texture": "#iron_block"},
				"west": {"uv": [16, 0, 0, 1], "texture": "#iron_block"},
				"up": {"uv": [0, 8, 16, 0], "rotation": 270, "texture": "#iron_block"},
				"down": {"uv": [0, 8, 16, 0], "rotation": 270, "texture": "#iron_block"}
			}
		},
		{
			"name": "base",
			"from": [14.25, 18, -1.2],
			"to": [14.5, 18.5, 17.05],
			"rotation": {"angle": 0, "axis": "y", "origin": [17.5, 0, -2]},
			"faces": {
				"north": {"uv": [12, 0, 0, 1], "texture": "#iron_block"},
				"east": {"uv": [16, 0, 0, 1], "texture": "#iron_block"},
				"south": {"uv": [12, 0, 0, 1], "texture": "#iron_block"},
				"west": {"uv": [16, 0, 0, 1], "texture": "#iron_block"},
				"up": {"uv": [0, 8, 16, 0], "rotation": 270, "texture": "#iron_block"},
				"down": {"uv": [0, 8, 16, 0], "rotation": 270, "texture": "#iron_block"}
			}
		},
		{
			"name": "base",
			"from": [14.25, 4, 13.8],
			"to": [14.5, 18, 14.05],
			"rotation": {"angle": 0, "axis": "y", "origin": [17.5, 0, -2]},
			"faces": {
				"north": {"uv": [12, 0, 0, 1], "texture": "#iron_block"},
				"east": {"uv": [16, 0, 0, 1], "texture": "#iron_block"},
				"south": {"uv": [12, 0, 0, 1], "texture": "#iron_block"},
				"west": {"uv": [16, 0, 0, 1], "texture": "#iron_block"},
				"up": {"uv": [0, 8, 16, 0], "rotation": 270, "texture": "#iron_block"},
				"down": {"uv": [0, 8, 16, 0], "rotation": 270, "texture": "#iron_block"}
			}
		},
		{
			"name": "base",
			"from": [14.25, 4, 12.3],
			"to": [14.5, 18, 12.55],
			"rotation": {"angle": 0, "axis": "y", "origin": [17.5, 0, -2]},
			"faces": {
				"north": {"uv": [12, 0, 0, 1], "texture": "#iron_block"},
				"east": {"uv": [16, 0, 0, 1], "texture": "#iron_block"},
				"south": {"uv": [12, 0, 0, 1], "texture": "#iron_block"},
				"west": {"uv": [16, 0, 0, 1], "texture": "#iron_block"},
				"up": {"uv": [0, 8, 16, 0], "rotation": 270, "texture": "#iron_block"},
				"down": {"uv": [0, 8, 16, 0], "rotation": 270, "texture": "#iron_block"}
			}
		},
		{
			"name": "base",
			"from": [14.25, 4, 10.8],
			"to": [14.5, 18, 11.05],
			"rotation": {"angle": 0, "axis": "y", "origin": [17.5, 0, -2]},
			"faces": {
				"north": {"uv": [12, 0, 0, 1], "texture": "#iron_block"},
				"east": {"uv": [16, 0, 0, 1], "texture": "#iron_block"},
				"south": {"uv": [12, 0, 0, 1], "texture": "#iron_block"},
				"west": {"uv": [16, 0, 0, 1], "texture": "#iron_block"},
				"up": {"uv": [0, 8, 16, 0], "rotation": 270, "texture": "#iron_block"},
				"down": {"uv": [0, 8, 16, 0], "rotation": 270, "texture": "#iron_block"}
			}
		},
		{
			"name": "base",
			"from": [14.25, 4, 9.3],
			"to": [14.5, 18, 9.55],
			"rotation": {"angle": 0, "axis": "y", "origin": [17.5, 0, -2]},
			"faces": {
				"north": {"uv": [12, 0, 0, 1], "texture": "#iron_block"},
				"east": {"uv": [16, 0, 0, 1], "texture": "#iron_block"},
				"south": {"uv": [12, 0, 0, 1], "texture": "#iron_block"},
				"west": {"uv": [16, 0, 0, 1], "texture": "#iron_block"},
				"up": {"uv": [0, 8, 16, 0], "rotation": 270, "texture": "#iron_block"},
				"down": {"uv": [0, 8, 16, 0], "rotation": 270, "texture": "#iron_block"}
			}
		},
		{
			"name": "base",
			"from": [14.25, 4, 6.3],
			"to": [14.5, 18, 6.55],
			"rotation": {"angle": 0, "axis": "y", "origin": [17.5, 0, -2]},
			"faces": {
				"north": {"uv": [12, 0, 0, 1], "texture": "#iron_block"},
				"east": {"uv": [16, 0, 0, 1], "texture": "#iron_block"},
				"south": {"uv": [12, 0, 0, 1], "texture": "#iron_block"},
				"west": {"uv": [16, 0, 0, 1], "texture": "#iron_block"},
				"up": {"uv": [0, 8, 16, 0], "rotation": 270, "texture": "#iron_block"},
				"down": {"uv": [0, 8, 16, 0], "rotation": 270, "texture": "#iron_block"}
			}
		},
		{
			"name": "base",
			"from": [14.25, 4, 7.8],
			"to": [14.5, 18, 8.05],
			"rotation": {"angle": 0, "axis": "y", "origin": [17.5, 0, -2]},
			"faces": {
				"north": {"uv": [12, 0, 0, 1], "texture": "#iron_block"},
				"east": {"uv": [16, 0, 0, 1], "texture": "#iron_block"},
				"south": {"uv": [12, 0, 0, 1], "texture": "#iron_block"},
				"west": {"uv": [16, 0, 0, 1], "texture": "#iron_block"},
				"up": {"uv": [0, 8, 16, 0], "rotation": 270, "texture": "#iron_block"},
				"down": {"uv": [0, 8, 16, 0], "rotation": 270, "texture": "#iron_block"}
			}
		},
		{
			"name": "base",
			"from": [14.25, 4, 4.8],
			"to": [14.5, 18, 5.05],
			"rotation": {"angle": 0, "axis": "y", "origin": [17.5, 0, -2]},
			"faces": {
				"north": {"uv": [12, 0, 0, 1], "texture": "#iron_block"},
				"east": {"uv": [16, 0, 0, 1], "texture": "#iron_block"},
				"south": {"uv": [12, 0, 0, 1], "texture": "#iron_block"},
				"west": {"uv": [16, 0, 0, 1], "texture": "#iron_block"},
				"up": {"uv": [0, 8, 16, 0], "rotation": 270, "texture": "#iron_block"},
				"down": {"uv": [0, 8, 16, 0], "rotation": 270, "texture": "#iron_block"}
			}
		},
		{
			"name": "base",
			"from": [14.25, 4, 3.3],
			"to": [14.5, 18, 3.55],
			"rotation": {"angle": 0, "axis": "y", "origin": [17.5, 0, -2]},
			"faces": {
				"north": {"uv": [12, 0, 0, 1], "texture": "#iron_block"},
				"east": {"uv": [16, 0, 0, 1], "texture": "#iron_block"},
				"south": {"uv": [12, 0, 0, 1], "texture": "#iron_block"},
				"west": {"uv": [16, 0, 0, 1], "texture": "#iron_block"},
				"up": {"uv": [0, 8, 16, 0], "rotation": 270, "texture": "#iron_block"},
				"down": {"uv": [0, 8, 16, 0], "rotation": 270, "texture": "#iron_block"}
			}
		},
		{
			"name": "base",
			"from": [14.25, 4, 1.8],
			"to": [14.5, 18, 2.05],
			"rotation": {"angle": 0, "axis": "y", "origin": [17.5, 0, -2]},
			"faces": {
				"north": {"uv": [12, 0, 0, 1], "texture": "#iron_block"},
				"east": {"uv": [16, 0, 0, 1], "texture": "#iron_block"},
				"south": {"uv": [12, 0, 0, 1], "texture": "#iron_block"},
				"west": {"uv": [16, 0, 0, 1], "texture": "#iron_block"},
				"up": {"uv": [0, 8, 16, 0], "rotation": 270, "texture": "#iron_block"},
				"down": {"uv": [0, 8, 16, 0], "rotation": 270, "texture": "#iron_block"}
			}
		},
		{
			"name": "base",
			"from": [14.25, 4, 0.3],
			"to": [14.5, 18, 0.55],
			"rotation": {"angle": 0, "axis": "y", "origin": [17.5, 0, -2]},
			"faces": {
				"north": {"uv": [12, 0, 0, 1], "texture": "#iron_block"},
				"east": {"uv": [16, 0, 0, 1], "texture": "#iron_block"},
				"south": {"uv": [12, 0, 0, 1], "texture": "#iron_block"},
				"west": {"uv": [16, 0, 0, 1], "texture": "#iron_block"},
				"up": {"uv": [0, 8, 16, 0], "rotation": 270, "texture": "#iron_block"},
				"down": {"uv": [0, 8, 16, 0], "rotation": 270, "texture": "#iron_block"}
			}
		},
		{
			"name": "wheel6",
			"from": [14, 1.3, 16],
			"to": [16, 4.1, 16.8],
			"rotation": {"angle": 0, "axis": "y", "origin": [17.5, 0, 13]},
			"faces": {
				"north": {"uv": [14, 0, 0, 5], "texture": "#gray_wool"},
				"east": {"uv": [4, 0, 0, 5], "texture": "#gray_wool"},
				"south": {"uv": [14, 0, 0, 5], "texture": "#gray_wool"},
				"west": {"uv": [14, 0, 0, 5], "texture": "#gray_wool"},
				"up": {"uv": [14, 0, 0, 5], "texture": "#gray_wool"},
				"down": {"uv": [0, 1, 16, 0], "rotation": 270, "texture": "#gray_wool"}
			}
		},
		{
			"name": "wheel4",
			"from": [14, 3.6, 13.5],
			"to": [16, 4.4, 16.5],
			"rotation": {"angle": 0, "axis": "y", "origin": [17.5, 0, 13]},
			"faces": {
				"north": {"uv": [14, 0, 0, 5], "texture": "#gray_wool"},
				"east": {"uv": [14, 0, 0, 5], "texture": "#gray_wool"},
				"south": {"uv": [14, 0, 0, 5], "texture": "#gray_wool"},
				"west": {"uv": [14, 0, 0, 5], "texture": "#gray_wool"},
				"up": {"uv": [14, 0, 0, 5], "texture": "#gray_wool"},
				"down": {"uv": [0, 1, 16, 0], "rotation": 270, "texture": "#gray_wool"}
			}
		},
		{
			"name": "wheel5",
			"from": [14, 1.3, 13.2],
			"to": [16, 4.1, 14],
			"rotation": {"angle": 0, "axis": "y", "origin": [17.5, 0, 13]},
			"faces": {
				"north": {"uv": [14, 0, 0, 5], "texture": "#gray_wool"},
				"east": {"uv": [4, 0, 0, 5], "texture": "#gray_wool"},
				"south": {"uv": [14, 0, 0, 5], "texture": "#gray_wool"},
				"west": {"uv": [14, 0, 0, 5], "texture": "#gray_wool"},
				"up": {"uv": [14, 0, 0, 5], "texture": "#gray_wool"},
				"down": {"uv": [0, 1, 16, 0], "rotation": 270, "texture": "#gray_wool"}
			}
		},
		{
			"name": "base",
			"from": [13.5, -7.5, 9.8],
			"to": [15.5, -7, 11.8],
			"rotation": {"angle": -45, "axis": "x", "origin": [15.5, 0, -2]},
			"faces": {
				"north": {"uv": [12, 0, 0, 1], "texture": "#15"},
				"east": {"uv": [16, 0, 0, 1], "texture": "#15"},
				"south": {"uv": [12, 0, 0, 1], "texture": "#15"},
				"west": {"uv": [16, 0, 0, 1], "texture": "#15"},
				"up": {"uv": [0, 8, 16, 0], "rotation": 270, "texture": "#15"},
				"down": {"uv": [0, 8, 16, 0], "rotation": 270, "texture": "#15"}
			}
		},
		{
			"name": "base",
			"from": [13.5, 4.5, 12.8],
			"to": [15.5, 5, 17.8],
			"rotation": {"angle": 0, "axis": "y", "origin": [17.5, 0, -2]},
			"faces": {
				"north": {"uv": [12, 0, 0, 1], "texture": "#15"},
				"east": {"uv": [16, 0, 0, 1], "texture": "#15"},
				"south": {"uv": [12, 0, 0, 1], "texture": "#15"},
				"west": {"uv": [16, 0, 0, 1], "texture": "#15"},
				"up": {"uv": [0, 8, 16, 0], "rotation": 270, "texture": "#15"},
				"down": {"uv": [0, 8, 16, 0], "rotation": 270, "texture": "#15"}
			}
		},
		{
			"name": "wheel3",
			"from": [14, 0.8, 13.5],
			"to": [16, 1.6, 16.5],
			"rotation": {"angle": 0, "axis": "y", "origin": [17.5, 0, 13]},
			"faces": {
				"north": {"uv": [14, 0, 0, 5], "texture": "#gray_wool"},
				"east": {"uv": [14, 0, 0, 5], "texture": "#gray_wool"},
				"south": {"uv": [14, 0, 0, 5], "texture": "#gray_wool"},
				"west": {"uv": [14, 0, 0, 5], "texture": "#gray_wool"},
				"up": {"uv": [14, 0, 0, 5], "texture": "#gray_wool"},
				"down": {"uv": [0, 1, 16, 0], "rotation": 270, "texture": "#gray_wool"}
			}
		},
		{
			"name": "wheel5",
			"from": [14, 1.6, 14],
			"to": [16, 1.7, 16],
			"rotation": {"angle": 0, "axis": "y", "origin": [17.5, -0.2, 13]},
			"faces": {
				"north": {"uv": [0, 2, 4, 0], "rotation": 270, "texture": "#cyan_terracotta"},
				"east": {"uv": [0, 2, 4, 0], "rotation": 270, "texture": "#cyan_terracotta"},
				"south": {"uv": [0, 2, 4, 0], "rotation": 270, "texture": "#cyan_terracotta"},
				"west": {"uv": [0, 2, 4, 0], "rotation": 270, "texture": "#cyan_terracotta"},
				"up": {"uv": [0, 2, 4, 0], "rotation": 270, "texture": "#cyan_terracotta"},
				"down": {"uv": [0, 2, 4, 0], "rotation": 270, "texture": "#cyan_terracotta"}
			}
		},
		{
			"name": "wheel8",
			"from": [15.5, -0.9, 16.2],
			"to": [16, 0.3, 16.5],
			"rotation": {"angle": -45, "axis": "x", "origin": [17.5, -0.2, 13]},
			"faces": {
				"north": {"uv": [0, 2, 4, 0], "rotation": 270, "texture": "#13"},
				"east": {"uv": [0, 2, 4, 0], "rotation": 270, "texture": "#13"},
				"south": {"uv": [0, 2, 4, 0], "rotation": 270, "texture": "#13"},
				"west": {"uv": [0, 2, 4, 0], "rotation": 270, "texture": "#13"},
				"up": {"uv": [0, 2, 4, 0], "rotation": 270, "texture": "#13"},
				"down": {"uv": [0, 2, 4, 0], "rotation": 270, "texture": "#13"}
			}
		},
		{
			"name": "wheel8",
			"from": [15.5, 1.45, 15.9],
			"to": [16, 1.75, 16.9],
			"rotation": {"angle": -22.5, "axis": "x", "origin": [17.5, -0.2, 13]},
			"faces": {
				"north": {"uv": [0, 2, 4, 0], "rotation": 90, "texture": "#13"},
				"east": {"uv": [4, 0, 0, 2], "texture": "#13"},
				"south": {"uv": [0, 2, 4, 0], "rotation": 270, "texture": "#13"},
				"west": {"uv": [4, 0, 0, 2], "rotation": 180, "texture": "#13"},
				"up": {"uv": [0, 2, 4, 0], "rotation": 90, "texture": "#13"},
				"down": {"uv": [0, 2, 4, 0], "rotation": 270, "texture": "#13"}
			}
		},
		{
			"name": "wheel8",
			"from": [15.5, 3, 12.8],
			"to": [16, 3.3, 13.5],
			"rotation": {"angle": 22.5, "axis": "x", "origin": [15.5, -0.2, 13]},
			"faces": {
				"north": {"uv": [0, 2, 4, 0], "rotation": 270, "texture": "#13"},
				"east": {"uv": [0, 2, 4, 0], "rotation": 270, "texture": "#13"},
				"south": {"uv": [0, 2, 4, 0], "rotation": 270, "texture": "#13"},
				"west": {"uv": [0, 2, 4, 0], "rotation": 270, "texture": "#13"},
				"up": {"uv": [0, 2, 4, 0], "rotation": 270, "texture": "#13"},
				"down": {"uv": [0, 2, 4, 0], "rotation": 270, "texture": "#13"}
			}
		},
		{
			"name": "wheel9",
			"from": [15.5, 1.9, 12.3],
			"to": [16, 3.1, 12.6],
			"rotation": {"angle": 45, "axis": "x", "origin": [17.5, -0.2, 13]},
			"faces": {
				"north": {"uv": [0, 2, 4, 0], "rotation": 270, "texture": "#13"},
				"east": {"uv": [0, 2, 4, 0], "rotation": 270, "texture": "#13"},
				"south": {"uv": [0, 2, 4, 0], "rotation": 270, "texture": "#13"},
				"west": {"uv": [0, 2, 4, 0], "rotation": 270, "texture": "#13"},
				"up": {"uv": [0, 2, 4, 0], "rotation": 270, "texture": "#13"},
				"down": {"uv": [0, 2, 4, 0], "rotation": 270, "texture": "#13"}
			}
		},
		{
			"name": "wheel7",
			"from": [15.5, 2.7, 14.8],
			"to": [16, 3.5, 15.1],
			"rotation": {"angle": 0, "axis": "y", "origin": [15.5, -0.2, 13]},
			"faces": {
				"north": {"uv": [0, 2, 4, 0], "rotation": 270, "texture": "#13"},
				"east": {"uv": [0, 2, 4, 0], "rotation": 270, "texture": "#13"},
				"south": {"uv": [0, 2, 4, 0], "rotation": 270, "texture": "#13"},
				"west": {"uv": [0, 2, 4, 0], "rotation": 270, "texture": "#13"},
				"up": {"uv": [0, 2, 4, 0], "rotation": 270, "texture": "#13"},
				"down": {"uv": [0, 2, 4, 0], "rotation": 270, "texture": "#13"}
			}
		},
		{
			"name": "wheel6",
			"from": [-0.5, 1.7, 14],
			"to": [1.5, 3.5, 14.1],
			"rotation": {"angle": 0, "axis": "y", "origin": [-2, -0.2, 13]},
			"faces": {
				"north": {"uv": [0, 0, 4, 2], "rotation": 270, "texture": "#13"},
				"east": {"uv": [0, 0, 4, 2], "rotation": 270, "texture": "#13"},
				"south": {"uv": [0, 0, 4, 2], "rotation": 270, "texture": "#13"},
				"west": {"uv": [0, 0, 4, 2], "rotation": 270, "texture": "#13"},
				"up": {"uv": [0, 0, 4, 2], "rotation": 270, "texture": "#13"},
				"down": {"uv": [0, 0, 4, 2], "rotation": 270, "texture": "#13"}
			}
		},
		{
			"name": "wheel6",
			"from": [14, 1.7, 15.9],
			"to": [16, 3.5, 16],
			"rotation": {"angle": 0, "axis": "y", "origin": [2, -0.2, 13]},
			"faces": {
				"north": {"uv": [0, 0, 4, 2], "rotation": 270, "texture": "#13"},
				"east": {"uv": [0, 0, 4, 2], "rotation": 270, "texture": "#13"},
				"south": {"uv": [0, 0, 4, 2], "rotation": 270, "texture": "#13"},
				"west": {"uv": [0, 0, 4, 2], "rotation": 270, "texture": "#13"},
				"up": {"uv": [0, 0, 4, 2], "rotation": 270, "texture": "#13"},
				"down": {"uv": [0, 0, 4, 2], "rotation": 270, "texture": "#13"}
			}
		},
		{
			"name": "wheel6",
			"from": [14, 3.5, 14],
			"to": [16, 3.6, 16],
			"rotation": {"angle": 0, "axis": "y", "origin": [0, -0.2, 13]},
			"faces": {
				"north": {"uv": [0, 0, 4, 2], "rotation": 270, "texture": "#13"},
				"east": {"uv": [0, 0, 4, 2], "rotation": 270, "texture": "#13"},
				"south": {"uv": [0, 0, 4, 2], "rotation": 270, "texture": "#13"},
				"west": {"uv": [0, 0, 4, 2], "rotation": 270, "texture": "#13"},
				"up": {"uv": [0, 0, 4, 2], "rotation": 270, "texture": "#13"},
				"down": {"uv": [0, 0, 4, 2], "rotation": 270, "texture": "#13"}
			}
		},
		{
			"name": "wheel7",
			"from": [14, 1.7, 14],
			"to": [16, 3.5, 14.1],
			"rotation": {"angle": 0, "axis": "y", "origin": [2, -0.2, 13]},
			"faces": {
				"north": {"uv": [0, 0, 4, 2], "rotation": 270, "texture": "#13"},
				"east": {"uv": [0, 0, 4, 2], "rotation": 270, "texture": "#13"},
				"south": {"uv": [0, 0, 4, 2], "rotation": 270, "texture": "#13"},
				"west": {"uv": [0, 0, 4, 2], "rotation": 270, "texture": "#13"},
				"up": {"uv": [0, 0, 4, 2], "rotation": 270, "texture": "#13"},
				"down": {"uv": [0, 0, 4, 2], "rotation": 270, "texture": "#13"}
			}
		}
	],
	"display": {
		"thirdperson_righthand": {
			"rotation": [75, 315, 0],
			"translation": [0, 2.5, 0],
			"scale": [0.375, 0.375, 0.375]
		},
		"firstperson_righthand": {
			"rotation": [0, 315, 0],
			"translation": [0, 2.5, 0],
			"scale": [0.4, 0.4, 0.4]
		},
		"ground": {
			"translation": [0, 3, 0],
			"scale": [0.25, 0.25, 0.25]
		},
		"gui": {
			"rotation": [30, 45, 0],
			"scale": [0.625, 0.625, 0.625]
		},
		"head": {
			"scale": [4, 4, 4]
		},
		"fixed": {
			"rotation": [0, 180, 0]
		}
	},
	"groups": [
		{
			"name": "convertible_black",
			"origin": [8, 8, 8],
			"color": 0,
			"children": [
				0,
				1,
				2,
				3,
				4,
				5,
				6,
				7,
				8,
				9,
				10,
				11,
				12,
				13,
				14,
				15,
				16,
				17,
				18,
				19,
				20,
				21,
				22,
				23,
				24,
				25,
				26,
				27,
				28,
				29,
				30,
				31,
				32,
				33,
				34,
				35,
				36,
				37,
				38,
				39,
				40,
				41,
				42,
				43,
				44,
				45,
				46,
				47,
				48,
				49,
				50,
				51,
				52,
				53,
				54,
				55,
				56,
				57,
				58,
				59,
				60,
				61,
				62,
				63,
				64,
				65,
				66,
				67,
				68,
				69,
				70,
				71,
				72,
				73,
				74,
				75,
				76,
				77,
				78,
				79
			]
		}
	]
}