{
	"credit": "Made with Blockbench",
	"textures": {
		"0": "block/blue_glazed_terracotta",
		"1": "block/cyan_wool",
		"3": "block/black_wool",
		"4": "block/warped_nylium_side",
		"5": "block/bone_block_side",
		"particle": "block/blue_glazed_terracotta"
	},
	"elements": [
		{
			"from": [1, 2, 1],
			"to": [3, 16, 14.75],
			"rotation": {"angle": 0, "axis": "y", "origin": [0, 1, 0]},
			"faces": {
				"north": {"uv": [12, 11, 14, 13], "texture": "#0"},
				"east": {"uv": [12, 11, 14, 13], "texture": "#0"},
				"south": {"uv": [12, 11, 14, 13], "texture": "#0"},
				"west": {"uv": [12, 11, 14, 13], "texture": "#0"},
				"up": {"uv": [12, 11, 14, 13], "texture": "#0"},
				"down": {"uv": [12, 11, 14, 13], "texture": "#0"}
			}
		},
		{
			"from": [13, 2, 1],
			"to": [15, 16, 14.75],
			"rotation": {"angle": 0, "axis": "y", "origin": [0, 1, 0]},
			"faces": {
				"north": {"uv": [12, 11, 14, 13], "texture": "#0"},
				"east": {"uv": [12, 11, 14, 13], "texture": "#0"},
				"south": {"uv": [12, 11, 14, 13], "texture": "#0"},
				"west": {"uv": [12, 11, 14, 13], "texture": "#0"},
				"up": {"uv": [12, 11, 14, 13], "texture": "#0"},
				"down": {"uv": [12, 11, 14, 13], "texture": "#0"}
			}
		},
		{
			"from": [13, 12, 0.75],
			"to": [15.1, 16, 15],
			"rotation": {"angle": 0, "axis": "y", "origin": [0, 1, 0]},
			"faces": {
				"north": {"uv": [1, 0, 16, 4], "texture": "#4"},
				"east": {"uv": [1, 0, 16, 4], "texture": "#4"},
				"south": {"uv": [1, 0, 16, 4], "texture": "#4"},
				"west": {"uv": [1, 0, 16, 4], "texture": "#4"},
				"up": {"uv": [1, 0, 16, 4], "texture": "#4"},
				"down": {"uv": [12, 11, 14, 13], "texture": "#4"}
			}
		},
		{
			"from": [0.75, 12, 0.75],
			"to": [2.85, 16, 15],
			"rotation": {"angle": 0, "axis": "y", "origin": [0, 1, 0]},
			"faces": {
				"north": {"uv": [1, 0, 16, 4], "texture": "#4"},
				"east": {"uv": [1, 0, 16, 4], "texture": "#4"},
				"south": {"uv": [1, 0, 16, 4], "texture": "#4"},
				"west": {"uv": [1, 0, 16, 4], "texture": "#4"},
				"up": {"uv": [1, 0, 16, 4], "texture": "#4"},
				"down": {"uv": [12, 11, 14, 13], "texture": "#4"}
			}
		},
		{
			"from": [15, 10, 7],
			"to": [17, 13, 10],
			"rotation": {"angle": 0, "axis": "y", "origin": [0, 1, 0]},
			"faces": {
				"north": {"uv": [12, 11, 14, 13], "texture": "#1"},
				"east": {"uv": [12, 11, 14, 13], "texture": "#1"},
				"south": {"uv": [12, 11, 14, 13], "texture": "#1"},
				"west": {"uv": [12, 11, 14, 13], "texture": "#1"},
				"up": {"uv": [12, 11, 14, 13], "texture": "#1"},
				"down": {"uv": [12, 11, 14, 13], "texture": "#1"}
			}
		},
		{
			"from": [18.5, -4.75, 7],
			"to": [21.5, -1.75, 10],
			"rotation": {"angle": 45, "axis": "z", "origin": [0, 1, 0]},
			"faces": {
				"north": {"uv": [12, 11, 14, 13], "texture": "#1"},
				"east": {"uv": [12, 11, 14, 13], "texture": "#1"},
				"south": {"uv": [12, 11, 14, 13], "texture": "#1"},
				"west": {"uv": [12, 11, 14, 13], "texture": "#1"},
				"up": {"uv": [12, 11, 14, 13], "texture": "#1"},
				"down": {"uv": [12, 11, 14, 13], "texture": "#1"}
			}
		},
		{
			"from": [9.75, 19, 7],
			"to": [16.75, 20, 8],
			"rotation": {"angle": -22.5, "axis": "z", "origin": [0, 1, 0]},
			"faces": {
				"north": {"uv": [12, 11, 14, 13], "texture": "#1"},
				"east": {"uv": [12, 11, 14, 13], "texture": "#1"},
				"south": {"uv": [12, 11, 14, 13], "texture": "#1"},
				"west": {"uv": [12, 11, 14, 13], "texture": "#1"},
				"up": {"uv": [12, 11, 14, 13], "texture": "#1"},
				"down": {"uv": [12, 11, 14, 13], "texture": "#1"}
			}
		},
		{
			"from": [10.75, 19, 7],
			"to": [13.75, 23, 10],
			"rotation": {"angle": -22.5, "axis": "z", "origin": [0, 1, 0]},
			"faces": {
				"north": {"uv": [12, 11, 14, 13], "texture": "#1"},
				"east": {"uv": [12, 11, 14, 13], "texture": "#1"},
				"south": {"uv": [12, 11, 14, 13], "texture": "#1"},
				"west": {"uv": [12, 11, 14, 13], "texture": "#1"},
				"up": {"uv": [12, 11, 14, 13], "texture": "#1"},
				"down": {"uv": [12, 11, 14, 13], "texture": "#1"}
			}
		},
		{
			"from": [13.75, 22, 7],
			"to": [15.75, 23, 8],
			"rotation": {"angle": -22.5, "axis": "z", "origin": [0, 1, 0]},
			"faces": {
				"north": {"uv": [12, 11, 14, 13], "texture": "#1"},
				"east": {"uv": [12, 11, 14, 13], "texture": "#1"},
				"south": {"uv": [12, 11, 14, 13], "texture": "#1"},
				"west": {"uv": [12, 11, 14, 13], "texture": "#1"},
				"up": {"uv": [12, 11, 14, 13], "texture": "#1"},
				"down": {"uv": [12, 11, 14, 13], "texture": "#1"}
			}
		},
		{
			"from": [5.75, 20, 7],
			"to": [7.75, 21, 8],
			"rotation": {"angle": -45, "axis": "z", "origin": [0, 1, 0]},
			"faces": {
				"north": {"uv": [12, 11, 14, 13], "texture": "#1"},
				"east": {"uv": [12, 11, 14, 13], "texture": "#1"},
				"south": {"uv": [12, 11, 14, 13], "texture": "#1"},
				"west": {"uv": [12, 11, 14, 13], "texture": "#1"},
				"up": {"uv": [12, 11, 14, 13], "texture": "#1"},
				"down": {"uv": [12, 11, 14, 13], "texture": "#1"}
			}
		},
		{
			"from": [17.75, 16, 7],
			"to": [20.75, 22, 10],
			"rotation": {"angle": 0, "axis": "y", "origin": [0, 1, 0]},
			"faces": {
				"north": {"uv": [12, 11, 14, 13], "texture": "#1"},
				"east": {"uv": [12, 11, 14, 13], "texture": "#1"},
				"south": {"uv": [12, 11, 14, 13], "texture": "#1"},
				"west": {"uv": [12, 11, 14, 13], "texture": "#1"},
				"up": {"uv": [12, 11, 14, 13], "texture": "#1"},
				"down": {"uv": [12, 11, 14, 13], "texture": "#1"}
			}
		},
		{
			"from": [24.25, 12.75, 7],
			"to": [27.25, 18.75, 10],
			"rotation": {"angle": 22.5, "axis": "z", "origin": [0, 1, 0]},
			"faces": {
				"north": {"uv": [12, 11, 14, 13], "texture": "#1"},
				"east": {"uv": [12, 11, 14, 13], "texture": "#1"},
				"south": {"uv": [12, 11, 14, 13], "texture": "#1"},
				"west": {"uv": [12, 11, 14, 13], "texture": "#1"},
				"up": {"uv": [12, 11, 14, 13], "texture": "#1"},
				"down": {"uv": [12, 11, 14, 13], "texture": "#1"}
			}
		},
		{
			"from": [25.25, 18.75, 8],
			"to": [26.25, 20.75, 9],
			"rotation": {"angle": 22.5, "axis": "z", "origin": [0, 1, 0]},
			"faces": {
				"north": {"uv": [12, 11, 14, 13], "texture": "#4"},
				"east": {"uv": [12, 11, 14, 13], "texture": "#4"},
				"south": {"uv": [12, 11, 14, 13], "texture": "#4"},
				"west": {"uv": [12, 11, 14, 13], "texture": "#4"},
				"up": {"uv": [12, 11, 14, 13], "texture": "#4"},
				"down": {"uv": [12, 11, 14, 13], "texture": "#4"}
			}
		},
		{
			"from": [24.25, 9.75, 9.1],
			"to": [25.5, 12.75, 10.1],
			"rotation": {"angle": 22.5, "axis": "z", "origin": [0, 1, 0]},
			"faces": {
				"north": {"uv": [12, 11, 14, 13], "texture": "#4"},
				"east": {"uv": [12, 11, 14, 13], "texture": "#4"},
				"south": {"uv": [12, 11, 14, 13], "texture": "#4"},
				"west": {"uv": [12, 11, 14, 13], "texture": "#4"},
				"up": {"uv": [12, 11, 14, 13], "texture": "#4"},
				"down": {"uv": [12, 11, 14, 13], "texture": "#4"}
			}
		},
		{
			"from": [23.25, 22, 7],
			"to": [25.25, 23, 8],
			"rotation": {"angle": 22.5, "axis": "z", "origin": [16, 1, 0]},
			"faces": {
				"north": {"uv": [14, 11, 12, 13], "texture": "#1"},
				"east": {"uv": [14, 11, 12, 13], "texture": "#1"},
				"south": {"uv": [14, 11, 12, 13], "texture": "#1"},
				"west": {"uv": [14, 11, 12, 13], "texture": "#1"},
				"up": {"uv": [14, 11, 12, 13], "texture": "#1"},
				"down": {"uv": [14, 11, 12, 13], "texture": "#1"}
			}
		},
		{
			"from": [-10.75, 12.75, 7.5],
			"to": [-8.75, 20.75, 9.5],
			"rotation": {"angle": -22.5, "axis": "z", "origin": [16, 1, 0]},
			"faces": {
				"north": {"uv": [14, 11, 12, 13], "texture": "#1"},
				"east": {"uv": [14, 11, 12, 13], "texture": "#1"},
				"south": {"uv": [14, 11, 12, 13], "texture": "#1"},
				"west": {"uv": [14, 11, 12, 13], "texture": "#1"},
				"up": {"uv": [14, 11, 12, 13], "texture": "#1"},
				"down": {"uv": [14, 11, 12, 13], "texture": "#1"}
			}
		},
		{
			"from": [-10.25, 22, 7],
			"to": [-8.25, 23, 8],
			"rotation": {"angle": -22.5, "axis": "z", "origin": [0, 1, 0]},
			"faces": {
				"north": {"uv": [12, 11, 14, 13], "texture": "#1"},
				"east": {"uv": [12, 11, 14, 13], "texture": "#1"},
				"south": {"uv": [12, 11, 14, 13], "texture": "#1"},
				"west": {"uv": [12, 11, 14, 13], "texture": "#1"},
				"up": {"uv": [12, 11, 14, 13], "texture": "#1"},
				"down": {"uv": [12, 11, 14, 13], "texture": "#1"}
			}
		},
		{
			"from": [-4.75, 16, 7],
			"to": [-1.75, 22, 10],
			"rotation": {"angle": 0, "axis": "y", "origin": [16, 1, 0]},
			"faces": {
				"north": {"uv": [14, 11, 12, 13], "texture": "#1"},
				"east": {"uv": [14, 11, 12, 13], "texture": "#1"},
				"south": {"uv": [14, 11, 12, 13], "texture": "#1"},
				"west": {"uv": [14, 11, 12, 13], "texture": "#1"},
				"up": {"uv": [14, 11, 12, 13], "texture": "#1"},
				"down": {"uv": [14, 11, 12, 13], "texture": "#1"}
			}
		},
		{
			"from": [0.25, 22, 7],
			"to": [2.25, 23, 8],
			"rotation": {"angle": 22.5, "axis": "z", "origin": [16, 1, 0]},
			"faces": {
				"north": {"uv": [14, 11, 12, 13], "texture": "#1"},
				"east": {"uv": [14, 11, 12, 13], "texture": "#1"},
				"south": {"uv": [14, 11, 12, 13], "texture": "#1"},
				"west": {"uv": [14, 11, 12, 13], "texture": "#1"},
				"up": {"uv": [14, 11, 12, 13], "texture": "#1"},
				"down": {"uv": [14, 11, 12, 13], "texture": "#1"}
			}
		},
		{
			"from": [2.25, 19, 7],
			"to": [5.25, 23, 10],
			"rotation": {"angle": 22.5, "axis": "z", "origin": [16, 1, 0]},
			"faces": {
				"north": {"uv": [14, 11, 12, 13], "texture": "#1"},
				"east": {"uv": [14, 11, 12, 13], "texture": "#1"},
				"south": {"uv": [14, 11, 12, 13], "texture": "#1"},
				"west": {"uv": [14, 11, 12, 13], "texture": "#1"},
				"up": {"uv": [14, 11, 12, 13], "texture": "#1"},
				"down": {"uv": [14, 11, 12, 13], "texture": "#1"}
			}
		},
		{
			"from": [-0.75, 19, 7],
			"to": [6.25, 20, 8],
			"rotation": {"angle": 22.5, "axis": "z", "origin": [16, 1, 0]},
			"faces": {
				"north": {"uv": [14, 11, 12, 13], "texture": "#1"},
				"east": {"uv": [14, 11, 12, 13], "texture": "#1"},
				"south": {"uv": [14, 11, 12, 13], "texture": "#1"},
				"west": {"uv": [14, 11, 12, 13], "texture": "#1"},
				"up": {"uv": [14, 11, 12, 13], "texture": "#1"},
				"down": {"uv": [14, 11, 12, 13], "texture": "#1"}
			}
		},
		{
			"from": [-1, 10, 7],
			"to": [1, 13, 10],
			"rotation": {"angle": 0, "axis": "y", "origin": [16, 1, 0]},
			"faces": {
				"north": {"uv": [14, 11, 12, 13], "texture": "#1"},
				"east": {"uv": [14, 11, 12, 13], "texture": "#1"},
				"south": {"uv": [14, 11, 12, 13], "texture": "#1"},
				"west": {"uv": [14, 11, 12, 13], "texture": "#1"},
				"up": {"uv": [14, 11, 12, 13], "texture": "#1"},
				"down": {"uv": [14, 11, 12, 13], "texture": "#1"}
			}
		},
		{
			"from": [8.25, 20, 7],
			"to": [10.25, 21, 8],
			"rotation": {"angle": 45, "axis": "z", "origin": [16, 1, 0]},
			"faces": {
				"north": {"uv": [14, 11, 12, 13], "texture": "#1"},
				"east": {"uv": [14, 11, 12, 13], "texture": "#1"},
				"south": {"uv": [14, 11, 12, 13], "texture": "#1"},
				"west": {"uv": [14, 11, 12, 13], "texture": "#1"},
				"up": {"uv": [14, 11, 12, 13], "texture": "#1"},
				"down": {"uv": [14, 11, 12, 13], "texture": "#1"}
			}
		},
		{
			"from": [-5.5, -4.75, 7],
			"to": [-2.5, -1.75, 10],
			"rotation": {"angle": -45, "axis": "z", "origin": [16, 1, 0]},
			"faces": {
				"north": {"uv": [14, 11, 12, 13], "texture": "#1"},
				"east": {"uv": [14, 11, 12, 13], "texture": "#1"},
				"south": {"uv": [14, 11, 12, 13], "texture": "#1"},
				"west": {"uv": [14, 11, 12, 13], "texture": "#1"},
				"up": {"uv": [14, 11, 12, 13], "texture": "#1"},
				"down": {"uv": [14, 11, 12, 13], "texture": "#1"}
			}
		},
		{
			"from": [23.25, 19, 7],
			"to": [30.25, 20, 8],
			"rotation": {"angle": 22.5, "axis": "z", "origin": [16, 1, 0]},
			"faces": {
				"north": {"uv": [14, 11, 12, 13], "texture": "#1"},
				"east": {"uv": [14, 11, 12, 13], "texture": "#1"},
				"south": {"uv": [14, 11, 12, 13], "texture": "#1"},
				"west": {"uv": [14, 11, 12, 13], "texture": "#1"},
				"up": {"uv": [14, 11, 12, 13], "texture": "#1"},
				"down": {"uv": [14, 11, 12, 13], "texture": "#1"}
			}
		},
		{
			"from": [-1, 10, 7],
			"to": [1, 13, 10],
			"rotation": {"angle": 0, "axis": "y", "origin": [16, 1, 0]},
			"faces": {
				"north": {"uv": [14, 11, 12, 13], "texture": "#1"},
				"east": {"uv": [14, 11, 12, 13], "texture": "#1"},
				"south": {"uv": [14, 11, 12, 13], "texture": "#1"},
				"west": {"uv": [14, 11, 12, 13], "texture": "#1"},
				"up": {"uv": [14, 11, 12, 13], "texture": "#1"},
				"down": {"uv": [14, 11, 12, 13], "texture": "#1"}
			}
		},
		{
			"from": [3, 2, 1],
			"to": [13, 4, 15],
			"rotation": {"angle": 0, "axis": "y", "origin": [0, 1, 0]},
			"faces": {
				"north": {"uv": [12, 11, 14, 13], "texture": "#0"},
				"east": {"uv": [12, 11, 14, 13], "texture": "#0"},
				"south": {"uv": [12, 11, 14, 13], "texture": "#0"},
				"west": {"uv": [12, 11, 14, 13], "texture": "#0"},
				"up": {"uv": [12, 11, 14, 13], "texture": "#0"},
				"down": {"uv": [12, 11, 14, 13], "texture": "#0"}
			}
		},
		{
			"from": [5, 4, 3],
			"to": [11, 5, 15],
			"rotation": {"angle": 0, "axis": "y", "origin": [0, 1, 0]},
			"faces": {
				"north": {"uv": [12, 11, 14, 13], "texture": "#1"},
				"east": {"uv": [12, 11, 14, 13], "texture": "#1"},
				"south": {"uv": [12, 11, 14, 13], "texture": "#1"},
				"west": {"uv": [12, 11, 14, 13], "texture": "#1"},
				"up": {"uv": [12, 11, 14, 13], "texture": "#1"},
				"down": {"uv": [12, 11, 14, 13], "texture": "#1"}
			}
		},
		{
			"from": [4, 6, 13.5],
			"to": [12, 9, 14.5],
			"rotation": {"angle": 0, "axis": "y", "origin": [0, 1, 0]},
			"faces": {
				"north": {"uv": [12, 11, 14, 13], "texture": "#3"},
				"east": {"uv": [12, 11, 14, 13], "texture": "#3"},
				"south": {"uv": [12, 11, 14, 13], "texture": "#3"},
				"west": {"uv": [12, 11, 14, 13], "texture": "#3"},
				"up": {"uv": [12, 11, 14, 13], "texture": "#3"},
				"down": {"uv": [12, 11, 14, 13], "texture": "#3"}
			}
		},
		{
			"from": [5, 9, 3],
			"to": [11, 10, 15],
			"rotation": {"angle": 0, "axis": "y", "origin": [0, 1, 0]},
			"faces": {
				"north": {"uv": [12, 11, 14, 13], "texture": "#1"},
				"east": {"uv": [12, 11, 14, 13], "texture": "#1"},
				"south": {"uv": [12, 11, 14, 13], "texture": "#1"},
				"west": {"uv": [12, 11, 14, 13], "texture": "#1"},
				"up": {"uv": [12, 11, 14, 13], "texture": "#1"},
				"down": {"uv": [12, 11, 14, 13], "texture": "#1"}
			}
		},
		{
			"from": [11, 5, 3],
			"to": [13, 6, 15],
			"rotation": {"angle": 0, "axis": "y", "origin": [0, 1, 0]},
			"faces": {
				"north": {"uv": [12, 11, 14, 13], "texture": "#1"},
				"east": {"uv": [12, 11, 14, 13], "texture": "#1"},
				"south": {"uv": [12, 11, 14, 13], "texture": "#1"},
				"west": {"uv": [12, 11, 14, 13], "texture": "#1"},
				"up": {"uv": [12, 11, 14, 13], "texture": "#1"},
				"down": {"uv": [12, 11, 14, 13], "texture": "#1"}
			}
		},
		{
			"from": [11, 8, 3],
			"to": [12, 9, 15],
			"rotation": {"angle": 0, "axis": "y", "origin": [0, 1, 0]},
			"faces": {
				"north": {"uv": [12, 11, 14, 13], "texture": "#1"},
				"east": {"uv": [12, 11, 14, 13], "texture": "#1"},
				"south": {"uv": [12, 11, 14, 13], "texture": "#1"},
				"west": {"uv": [12, 11, 14, 13], "texture": "#1"},
				"up": {"uv": [12, 11, 14, 13], "texture": "#1"},
				"down": {"uv": [12, 11, 14, 13], "texture": "#1"}
			}
		},
		{
			"from": [9, 8, 14],
			"to": [9.5, 9, 15],
			"rotation": {"angle": 0, "axis": "y", "origin": [0, 1, 0]},
			"faces": {
				"north": {"uv": [12, 11, 14, 13], "texture": "#1"},
				"east": {"uv": [12, 11, 14, 13], "texture": "#1"},
				"south": {"uv": [12, 11, 14, 13], "texture": "#1"},
				"west": {"uv": [12, 11, 14, 13], "texture": "#1"},
				"up": {"uv": [12, 11, 14, 13], "texture": "#1"},
				"down": {"uv": [12, 11, 14, 13], "texture": "#1"}
			}
		},
		{
			"from": [10, 5, 14],
			"to": [10.5, 6, 15],
			"rotation": {"angle": 0, "axis": "y", "origin": [0, 1, 0]},
			"faces": {
				"north": {"uv": [12, 11, 14, 13], "texture": "#1"},
				"east": {"uv": [12, 11, 14, 13], "texture": "#1"},
				"south": {"uv": [12, 11, 14, 13], "texture": "#1"},
				"west": {"uv": [12, 11, 14, 13], "texture": "#1"},
				"up": {"uv": [12, 11, 14, 13], "texture": "#1"},
				"down": {"uv": [12, 11, 14, 13], "texture": "#1"}
			}
		},
		{
			"from": [10, 7, 14],
			"to": [10.5, 9, 15],
			"rotation": {"angle": 0, "axis": "y", "origin": [0, 1, 0]},
			"faces": {
				"north": {"uv": [12, 11, 14, 13], "texture": "#1"},
				"east": {"uv": [12, 11, 14, 13], "texture": "#1"},
				"south": {"uv": [12, 11, 14, 13], "texture": "#1"},
				"west": {"uv": [12, 11, 14, 13], "texture": "#1"},
				"up": {"uv": [12, 11, 14, 13], "texture": "#1"},
				"down": {"uv": [12, 11, 14, 13], "texture": "#1"}
			}
		},
		{
			"from": [8, 8, 14],
			"to": [8.5, 9, 15],
			"rotation": {"angle": 0, "axis": "y", "origin": [0, 1, 0]},
			"faces": {
				"north": {"uv": [12, 11, 14, 13], "texture": "#1"},
				"east": {"uv": [12, 11, 14, 13], "texture": "#1"},
				"south": {"uv": [12, 11, 14, 13], "texture": "#1"},
				"west": {"uv": [12, 11, 14, 13], "texture": "#1"},
				"up": {"uv": [12, 11, 14, 13], "texture": "#1"},
				"down": {"uv": [12, 11, 14, 13], "texture": "#1"}
			}
		},
		{
			"from": [8, 4.5, 14],
			"to": [8.5, 6.5, 15],
			"rotation": {"angle": 0, "axis": "y", "origin": [0, 1, 0]},
			"faces": {
				"north": {"uv": [12, 11, 14, 13], "texture": "#1"},
				"east": {"uv": [12, 11, 14, 13], "texture": "#1"},
				"south": {"uv": [12, 11, 14, 13], "texture": "#1"},
				"west": {"uv": [12, 11, 14, 13], "texture": "#1"},
				"up": {"uv": [12, 11, 14, 13], "texture": "#1"},
				"down": {"uv": [12, 11, 14, 13], "texture": "#1"}
			}
		},
		{
			"from": [7, 5, 14],
			"to": [7.5, 6.25, 15],
			"rotation": {"angle": 0, "axis": "y", "origin": [0, 1, 0]},
			"faces": {
				"north": {"uv": [12, 11, 14, 13], "texture": "#1"},
				"east": {"uv": [12, 11, 14, 13], "texture": "#1"},
				"south": {"uv": [12, 11, 14, 13], "texture": "#1"},
				"west": {"uv": [12, 11, 14, 13], "texture": "#1"},
				"up": {"uv": [12, 11, 14, 13], "texture": "#1"},
				"down": {"uv": [12, 11, 14, 13], "texture": "#1"}
			}
		},
		{
			"from": [6, 5, 14],
			"to": [6.5, 6, 15],
			"rotation": {"angle": 0, "axis": "y", "origin": [0, 1, 0]},
			"faces": {
				"north": {"uv": [12, 11, 14, 13], "texture": "#1"},
				"east": {"uv": [12, 11, 14, 13], "texture": "#1"},
				"south": {"uv": [12, 11, 14, 13], "texture": "#1"},
				"west": {"uv": [12, 11, 14, 13], "texture": "#1"},
				"up": {"uv": [12, 11, 14, 13], "texture": "#1"},
				"down": {"uv": [12, 11, 14, 13], "texture": "#1"}
			}
		},
		{
			"from": [7, 8, 14],
			"to": [7.5, 9, 15],
			"rotation": {"angle": 0, "axis": "y", "origin": [0, 1, 0]},
			"faces": {
				"north": {"uv": [12, 11, 14, 13], "texture": "#1"},
				"east": {"uv": [12, 11, 14, 13], "texture": "#1"},
				"south": {"uv": [12, 11, 14, 13], "texture": "#1"},
				"west": {"uv": [12, 11, 14, 13], "texture": "#1"},
				"up": {"uv": [12, 11, 14, 13], "texture": "#1"},
				"down": {"uv": [12, 11, 14, 13], "texture": "#1"}
			}
		},
		{
			"from": [6, 7.5, 14],
			"to": [6.5, 9, 15],
			"rotation": {"angle": 0, "axis": "y", "origin": [0, 1, 0]},
			"faces": {
				"north": {"uv": [12, 11, 14, 13], "texture": "#1"},
				"east": {"uv": [12, 11, 14, 13], "texture": "#1"},
				"south": {"uv": [12, 11, 14, 13], "texture": "#1"},
				"west": {"uv": [12, 11, 14, 13], "texture": "#1"},
				"up": {"uv": [12, 11, 14, 13], "texture": "#1"},
				"down": {"uv": [12, 11, 14, 13], "texture": "#1"}
			}
		},
		{
			"from": [12, 6, 3],
			"to": [13, 8, 15],
			"rotation": {"angle": 0, "axis": "y", "origin": [0, 1, 0]},
			"faces": {
				"north": {"uv": [12, 11, 14, 13], "texture": "#1"},
				"east": {"uv": [12, 11, 14, 13], "texture": "#1"},
				"south": {"uv": [12, 11, 14, 13], "texture": "#1"},
				"west": {"uv": [12, 11, 14, 13], "texture": "#1"},
				"up": {"uv": [12, 11, 14, 13], "texture": "#1"},
				"down": {"uv": [12, 11, 14, 13], "texture": "#1"}
			}
		},
		{
			"from": [3, 6, 3],
			"to": [4, 8, 15],
			"rotation": {"angle": 0, "axis": "y", "origin": [0, 1, 0]},
			"faces": {
				"north": {"uv": [12, 11, 14, 13], "texture": "#1"},
				"east": {"uv": [12, 11, 14, 13], "texture": "#1"},
				"south": {"uv": [12, 11, 14, 13], "texture": "#1"},
				"west": {"uv": [12, 11, 14, 13], "texture": "#1"},
				"up": {"uv": [12, 11, 14, 13], "texture": "#1"},
				"down": {"uv": [12, 11, 14, 13], "texture": "#1"}
			}
		},
		{
			"from": [4, 8, 3],
			"to": [5, 9, 15],
			"rotation": {"angle": 0, "axis": "y", "origin": [0, 1, 0]},
			"faces": {
				"north": {"uv": [12, 11, 14, 13], "texture": "#1"},
				"east": {"uv": [12, 11, 14, 13], "texture": "#1"},
				"south": {"uv": [12, 11, 14, 13], "texture": "#1"},
				"west": {"uv": [12, 11, 14, 13], "texture": "#1"},
				"up": {"uv": [12, 11, 14, 13], "texture": "#1"},
				"down": {"uv": [12, 11, 14, 13], "texture": "#1"}
			}
		},
		{
			"from": [4, 12, 1],
			"to": [6, 13.5, 15],
			"rotation": {"angle": 0, "axis": "y", "origin": [0, 1, 0]},
			"faces": {
				"north": {"uv": [12, 11, 14, 13], "texture": "#3"},
				"east": {"uv": [12, 11, 14, 13], "texture": "#3"},
				"south": {"uv": [12, 8, 14, 10], "texture": "#3"},
				"west": {"uv": [12, 11, 14, 13], "texture": "#3"},
				"up": {"uv": [12, 11, 14, 13], "texture": "#3"},
				"down": {"uv": [12, 11, 14, 13], "texture": "#3"}
			}
		},
		{
			"from": [-1, 14, 1],
			"to": [1, 15, 15],
			"rotation": {"angle": -22.5, "axis": "z", "origin": [0, 1, 0]},
			"faces": {
				"north": {"uv": [12, 11, 14, 13], "texture": "#3"},
				"east": {"uv": [12, 11, 14, 13], "texture": "#3"},
				"south": {"uv": [12, 8, 14, 10], "texture": "#3"},
				"west": {"uv": [12, 11, 14, 13], "texture": "#3"},
				"up": {"uv": [12, 11, 14, 13], "texture": "#3"},
				"down": {"uv": [12, 11, 14, 13], "texture": "#3"}
			}
		},
		{
			"from": [15, 14, 1],
			"to": [17, 15, 15],
			"rotation": {"angle": 22.5, "axis": "z", "origin": [16, 1, 0]},
			"faces": {
				"north": {"uv": [14, 11, 12, 13], "texture": "#3"},
				"east": {"uv": [14, 11, 12, 13], "texture": "#3"},
				"south": {"uv": [14, 8, 12, 10], "texture": "#3"},
				"west": {"uv": [14, 11, 12, 13], "texture": "#3"},
				"up": {"uv": [14, 11, 12, 13], "texture": "#3"},
				"down": {"uv": [14, 11, 12, 13], "texture": "#3"}
			}
		},
		{
			"from": [10, 12, 1],
			"to": [12, 14, 15],
			"rotation": {"angle": 0, "axis": "y", "origin": [0, 1, 0]},
			"faces": {
				"north": {"uv": [12, 11, 14, 13], "texture": "#3"},
				"east": {"uv": [12, 11, 14, 13], "texture": "#3"},
				"south": {"uv": [12, 8, 14, 10], "texture": "#3"},
				"west": {"uv": [12, 11, 14, 13], "texture": "#3"},
				"up": {"uv": [12, 11, 14, 13], "texture": "#3"},
				"down": {"uv": [12, 11, 14, 13], "texture": "#3"}
			}
		},
		{
			"from": [10.5, 12.5, 1.1],
			"to": [11.5, 13.5, 15.1],
			"rotation": {"angle": 0, "axis": "y", "origin": [0, 1, 0]},
			"faces": {
				"north": {"uv": [12, 11, 14, 13], "texture": "#4"},
				"east": {"uv": [12, 11, 14, 13], "texture": "#4"},
				"south": {"uv": [10, 12, 11, 13], "texture": "#4"},
				"west": {"uv": [12, 11, 14, 13], "texture": "#4"},
				"up": {"uv": [12, 11, 14, 13], "texture": "#4"},
				"down": {"uv": [12, 11, 14, 13], "texture": "#4"}
			}
		},
		{
			"from": [11.75, 11, 0.1],
			"to": [12.25, 12, 14.1],
			"rotation": {"angle": 0, "axis": "y", "origin": [0, 1, 0]},
			"faces": {
				"north": {"uv": [12, 11, 14, 13], "texture": "#4"},
				"east": {"uv": [12, 11, 14, 13], "texture": "#4"},
				"south": {"uv": [10, 12, 11, 13], "texture": "#4"},
				"west": {"uv": [12, 11, 14, 13], "texture": "#4"},
				"up": {"uv": [12, 11, 14, 13], "texture": "#4"},
				"down": {"uv": [12, 11, 14, 13], "texture": "#4"}
			}
		},
		{
			"from": [6.75, 11, 0.1],
			"to": [7.75, 12, 14.1],
			"rotation": {"angle": 0, "axis": "y", "origin": [0, 1, 0]},
			"faces": {
				"north": {"uv": [12, 11, 14, 13], "texture": "#5"},
				"east": {"uv": [12, 11, 14, 13], "texture": "#5"},
				"south": {"uv": [10, 12, 11, 13], "texture": "#5"},
				"west": {"uv": [12, 11, 14, 13], "texture": "#5"},
				"up": {"uv": [12, 11, 14, 13], "texture": "#5"},
				"down": {"uv": [12, 11, 14, 13], "texture": "#5"}
			}
		},
		{
			"from": [11.75, 9, 0.1],
			"to": [12.5, 9.75, 14.1],
			"rotation": {"angle": 0, "axis": "y", "origin": [0, 1, 0]},
			"faces": {
				"north": {"uv": [12, 11, 14, 13], "texture": "#5"},
				"east": {"uv": [12, 11, 14, 13], "texture": "#5"},
				"south": {"uv": [10, 12, 11, 13], "texture": "#5"},
				"west": {"uv": [12, 11, 14, 13], "texture": "#5"},
				"up": {"uv": [12, 11, 14, 13], "texture": "#5"},
				"down": {"uv": [12, 11, 14, 13], "texture": "#5"}
			}
		},
		{
			"from": [4.5, 12.5, 1.1],
			"to": [5.5, 13.5, 15.1],
			"rotation": {"angle": 0, "axis": "y", "origin": [0, 1, 0]},
			"faces": {
				"north": {"uv": [12, 11, 14, 13], "texture": "#4"},
				"east": {"uv": [12, 11, 14, 13], "texture": "#4"},
				"south": {"uv": [10, 12, 11, 13], "texture": "#4"},
				"west": {"uv": [12, 11, 14, 13], "texture": "#4"},
				"up": {"uv": [12, 11, 14, 13], "texture": "#4"},
				"down": {"uv": [12, 11, 14, 13], "texture": "#4"}
			}
		},
		{
			"from": [3, 5, 3],
			"to": [5, 6, 15],
			"rotation": {"angle": 0, "axis": "y", "origin": [0, 1, 0]},
			"faces": {
				"north": {"uv": [12, 11, 14, 13], "texture": "#1"},
				"east": {"uv": [12, 11, 14, 13], "texture": "#1"},
				"south": {"uv": [12, 11, 14, 13], "texture": "#1"},
				"west": {"uv": [12, 11, 14, 13], "texture": "#1"},
				"up": {"uv": [12, 11, 14, 13], "texture": "#1"},
				"down": {"uv": [12, 11, 14, 13], "texture": "#1"}
			}
		},
		{
			"from": [3, 4, 0],
			"to": [13, 16.5, 13.9],
			"rotation": {"angle": 0, "axis": "y", "origin": [0, 1, 0]},
			"faces": {
				"north": {"uv": [12, 11, 14, 13], "texture": "#0"},
				"east": {"uv": [12, 11, 14, 13], "texture": "#0"},
				"south": {"uv": [12, 11, 14, 13], "texture": "#0"},
				"west": {"uv": [12, 11, 14, 13], "texture": "#0"},
				"up": {"uv": [0, 0, 16, 4], "texture": "#4"},
				"down": {"uv": [12, 11, 14, 13], "texture": "#0"}
			}
		},
		{
			"from": [3, 14, 2],
			"to": [13, 17, 15],
			"rotation": {"angle": 0, "axis": "y", "origin": [0, 1, 0]},
			"faces": {
				"north": {"uv": [12, 11, 14, 13], "texture": "#0"},
				"east": {"uv": [12, 11, 14, 13], "texture": "#0"},
				"south": {"uv": [0, 0, 16, 5], "texture": "#4"},
				"west": {"uv": [12, 11, 14, 13], "texture": "#0"},
				"up": {"uv": [8, 0, 13, 5], "texture": "#4"},
				"down": {"uv": [12, 11, 14, 13], "texture": "#0"}
			}
		}
	],
	"display": {
		"head": {
			"rotation": [0, 180, 0]
		}
	}
}