{
	"credit": "Made with Blockbench",
	"textures": {
		"0": "block/blue_glazed_terracotta",
		"1": "block/cyan_wool",
		"3": "block/black_wool",
		"4": "block/warped_nylium_side",
		"particle": "block/blue_glazed_terracotta"
	},
	"elements": [
		{
			"from": [1, 1, 1],
			"to": [3, 15, 14.75],
			"faces": {
				"north": {"uv": [11, 1, 14, 5], "texture": "#4"},
				"east": {"uv": [12, 11, 14, 13], "texture": "#0"},
				"south": {"uv": [12, 11, 14, 13], "texture": "#0"},
				"west": {"uv": [12, 11, 14, 13], "texture": "#0"},
				"up": {"uv": [12, 11, 14, 13], "texture": "#0"},
				"down": {"uv": [12, 11, 14, 13], "texture": "#0"}
			}
		},
		{
			"from": [-1, 3, 1],
			"to": [1, 11, 14.75],
			"faces": {
				"north": {"uv": [11, 1, 14, 5], "texture": "#4"},
				"east": {"uv": [12, 11, 14, 13], "texture": "#0"},
				"south": {"uv": [12, 11, 14, 13], "texture": "#0"},
				"west": {"uv": [12, 11, 14, 13], "texture": "#0"},
				"up": {"uv": [12, 11, 14, 13], "texture": "#0"},
				"down": {"uv": [12, 11, 14, 13], "texture": "#0"}
			}
		},
		{
			"from": [15, 3, 1],
			"to": [17, 11, 14.75],
			"faces": {
				"north": {"uv": [11, 1, 14, 5], "texture": "#4"},
				"east": {"uv": [12, 11, 14, 13], "texture": "#0"},
				"south": {"uv": [12, 11, 14, 13], "texture": "#0"},
				"west": {"uv": [12, 11, 14, 13], "texture": "#0"},
				"up": {"uv": [12, 11, 14, 13], "texture": "#0"},
				"down": {"uv": [12, 11, 14, 13], "texture": "#0"}
			}
		},
		{
			"from": [13, 1, 1],
			"to": [15, 15, 14.75],
			"faces": {
				"north": {"uv": [11, 1, 14, 5], "texture": "#4"},
				"east": {"uv": [12, 11, 14, 13], "texture": "#0"},
				"south": {"uv": [12, 11, 14, 13], "texture": "#0"},
				"west": {"uv": [12, 11, 14, 13], "texture": "#0"},
				"up": {"uv": [12, 11, 14, 13], "texture": "#0"},
				"down": {"uv": [12, 11, 14, 13], "texture": "#0"}
			}
		},
		{
			"from": [13, 11, 0.75],
			"to": [15.1, 16, 15],
			"faces": {
				"north": {"uv": [1, 0, 16, 4], "texture": "#4"},
				"east": {"uv": [1, 0, 16, 4], "texture": "#4"},
				"south": {"uv": [1, 0, 4, 4], "texture": "#4"},
				"west": {"uv": [1, 0, 16, 4], "texture": "#4"},
				"up": {"uv": [1, 0, 16, 4], "texture": "#4"},
				"down": {"uv": [12, 11, 14, 13], "texture": "#4"}
			}
		},
		{
			"from": [0.75, 11, 0.75],
			"to": [2.85, 16, 15],
			"faces": {
				"north": {"uv": [1, 0, 16, 4], "texture": "#4"},
				"east": {"uv": [1, 0, 16, 4], "texture": "#4"},
				"south": {"uv": [1, 0, 5, 4], "texture": "#4"},
				"west": {"uv": [1, 0, 16, 4], "texture": "#4"},
				"up": {"uv": [1, 0, 16, 4], "texture": "#4"},
				"down": {"uv": [12, 11, 14, 13], "texture": "#4"}
			}
		},
		{
			"from": [17, 6, 7],
			"to": [19, 9, 10],
			"rotation": {"angle": 0, "axis": "y", "origin": [2, -3, 0]},
			"faces": {
				"north": {"uv": [12, 11, 14, 13], "texture": "#1"},
				"east": {"uv": [12, 11, 14, 13], "texture": "#1"},
				"south": {"uv": [12, 11, 14, 13], "texture": "#1"},
				"west": {"uv": [12, 11, 14, 13], "texture": "#1"},
				"up": {"uv": [12, 11, 14, 13], "texture": "#1"},
				"down": {"uv": [12, 11, 14, 13], "texture": "#1"}
			}
		},
		{
			"from": [20.5, -8.75, 7],
			"to": [23.5, -5.75, 10],
			"rotation": {"angle": 45, "axis": "z", "origin": [2, -3, 0]},
			"faces": {
				"north": {"uv": [12, 11, 14, 13], "texture": "#1"},
				"east": {"uv": [12, 11, 14, 13], "texture": "#1"},
				"south": {"uv": [12, 11, 14, 13], "texture": "#1"},
				"west": {"uv": [12, 11, 14, 13], "texture": "#1"},
				"up": {"uv": [12, 11, 14, 13], "texture": "#1"},
				"down": {"uv": [12, 11, 14, 13], "texture": "#1"}
			}
		},
		{
			"from": [10.75, 15, 7],
			"to": [17.75, 16, 8],
			"rotation": {"angle": -22.5, "axis": "z", "origin": [2, -3, 0]},
			"faces": {
				"north": {"uv": [12, 11, 14, 13], "texture": "#1"},
				"east": {"uv": [12, 11, 14, 13], "texture": "#1"},
				"south": {"uv": [12, 11, 14, 13], "texture": "#1"},
				"west": {"uv": [12, 11, 14, 13], "texture": "#1"},
				"up": {"uv": [12, 11, 14, 13], "texture": "#1"},
				"down": {"uv": [12, 11, 14, 13], "texture": "#1"}
			}
		},
		{
			"from": [12.75, 15, 7],
			"to": [15.75, 19, 10],
			"rotation": {"angle": -22.5, "axis": "z", "origin": [2, -3, 0]},
			"faces": {
				"north": {"uv": [12, 11, 14, 13], "texture": "#1"},
				"east": {"uv": [12, 11, 14, 13], "texture": "#1"},
				"south": {"uv": [12, 11, 14, 13], "texture": "#1"},
				"west": {"uv": [12, 11, 14, 13], "texture": "#1"},
				"up": {"uv": [12, 11, 14, 13], "texture": "#1"},
				"down": {"uv": [12, 11, 14, 13], "texture": "#1"}
			}
		},
		{
			"from": [15.75, 18, 7],
			"to": [17.75, 19, 8],
			"rotation": {"angle": -22.5, "axis": "z", "origin": [2, -3, 0]},
			"faces": {
				"north": {"uv": [12, 11, 14, 13], "texture": "#1"},
				"east": {"uv": [12, 11, 14, 13], "texture": "#1"},
				"south": {"uv": [12, 11, 14, 13], "texture": "#1"},
				"west": {"uv": [12, 11, 14, 13], "texture": "#1"},
				"up": {"uv": [12, 11, 14, 13], "texture": "#1"},
				"down": {"uv": [12, 11, 14, 13], "texture": "#1"}
			}
		},
		{
			"from": [7.75, 16, 7],
			"to": [9.75, 17, 8],
			"rotation": {"angle": -45, "axis": "z", "origin": [2, -3, 0]},
			"faces": {
				"north": {"uv": [12, 11, 14, 13], "texture": "#1"},
				"east": {"uv": [12, 11, 14, 13], "texture": "#1"},
				"south": {"uv": [12, 11, 14, 13], "texture": "#1"},
				"west": {"uv": [12, 11, 14, 13], "texture": "#1"},
				"up": {"uv": [12, 11, 14, 13], "texture": "#1"},
				"down": {"uv": [12, 11, 14, 13], "texture": "#1"}
			}
		},
		{
			"from": [20.75, 12, 7],
			"to": [22.75, 18, 9],
			"rotation": {"angle": 0, "axis": "z", "origin": [2, -3, 0]},
			"faces": {
				"north": {"uv": [12, 11, 14, 13], "texture": "#1"},
				"east": {"uv": [12, 11, 14, 13], "texture": "#1"},
				"south": {"uv": [12, 11, 14, 13], "texture": "#1"},
				"west": {"uv": [12, 11, 14, 13], "texture": "#1"},
				"up": {"uv": [12, 11, 14, 13], "texture": "#1"},
				"down": {"uv": [12, 11, 14, 13], "texture": "#1"}
			}
		},
		{
			"from": [-1, 9, 7],
			"to": [1, 12, 10],
			"rotation": {"angle": 0, "axis": "y", "origin": [16, 0, 0]},
			"faces": {
				"north": {"uv": [14, 11, 12, 13], "texture": "#1"},
				"east": {"uv": [14, 11, 12, 13], "texture": "#1"},
				"south": {"uv": [14, 11, 12, 13], "texture": "#1"},
				"west": {"uv": [14, 11, 12, 13], "texture": "#1"},
				"up": {"uv": [14, 11, 12, 13], "texture": "#1"},
				"down": {"uv": [14, 11, 12, 13], "texture": "#1"}
			}
		},
		{
			"from": [28, 14, 7],
			"to": [32, 15, 8],
			"rotation": {"angle": 22.5, "axis": "z", "origin": [18, -3, 0]},
			"faces": {
				"north": {"uv": [14, 11, 12, 13], "texture": "#1"},
				"east": {"uv": [14, 11, 12, 13], "texture": "#1"},
				"south": {"uv": [14, 11, 12, 13], "texture": "#1"},
				"west": {"uv": [14, 11, 12, 13], "texture": "#1"},
				"up": {"uv": [14, 11, 12, 13], "texture": "#1"},
				"down": {"uv": [14, 11, 12, 13], "texture": "#1"}
			}
		},
		{
			"from": [-16, 14, 7],
			"to": [-12, 15, 8],
			"rotation": {"angle": -22.5, "axis": "z", "origin": [-2, -3, 0]},
			"faces": {
				"north": {"uv": [12, 11, 14, 13], "texture": "#1"},
				"east": {"uv": [12, 11, 14, 13], "texture": "#1"},
				"south": {"uv": [12, 11, 14, 13], "texture": "#1"},
				"west": {"uv": [12, 11, 14, 13], "texture": "#1"},
				"up": {"uv": [12, 11, 14, 13], "texture": "#1"},
				"down": {"uv": [12, 11, 14, 13], "texture": "#1"}
			}
		},
		{
			"from": [-6.75, 12, 7],
			"to": [-4.75, 18, 9],
			"rotation": {"angle": 0, "axis": "z", "origin": [14, -3, 0]},
			"faces": {
				"north": {"uv": [14, 11, 12, 13], "texture": "#1"},
				"east": {"uv": [14, 11, 12, 13], "texture": "#1"},
				"south": {"uv": [14, 11, 12, 13], "texture": "#1"},
				"west": {"uv": [14, 11, 12, 13], "texture": "#1"},
				"up": {"uv": [14, 11, 12, 13], "texture": "#1"},
				"down": {"uv": [14, 11, 12, 13], "texture": "#1"}
			}
		},
		{
			"from": [0.25, 15, 7],
			"to": [3.25, 19, 10],
			"rotation": {"angle": 22.5, "axis": "z", "origin": [14, -3, 0]},
			"faces": {
				"north": {"uv": [14, 11, 12, 13], "texture": "#1"},
				"east": {"uv": [14, 11, 12, 13], "texture": "#1"},
				"south": {"uv": [14, 11, 12, 13], "texture": "#1"},
				"west": {"uv": [14, 11, 12, 13], "texture": "#1"},
				"up": {"uv": [14, 11, 12, 13], "texture": "#1"},
				"down": {"uv": [14, 11, 12, 13], "texture": "#1"}
			}
		},
		{
			"from": [-1.75, 18, 7],
			"to": [0.25, 19, 8],
			"rotation": {"angle": 22.5, "axis": "z", "origin": [14, -3, 0]},
			"faces": {
				"north": {"uv": [14, 11, 12, 13], "texture": "#1"},
				"east": {"uv": [14, 11, 12, 13], "texture": "#1"},
				"south": {"uv": [14, 11, 12, 13], "texture": "#1"},
				"west": {"uv": [14, 11, 12, 13], "texture": "#1"},
				"up": {"uv": [14, 11, 12, 13], "texture": "#1"},
				"down": {"uv": [14, 11, 12, 13], "texture": "#1"}
			}
		},
		{
			"from": [-1.75, 15, 7],
			"to": [5.25, 16, 8],
			"rotation": {"angle": 22.5, "axis": "z", "origin": [14, -3, 0]},
			"faces": {
				"north": {"uv": [14, 11, 12, 13], "texture": "#1"},
				"east": {"uv": [14, 11, 12, 13], "texture": "#1"},
				"south": {"uv": [14, 11, 12, 13], "texture": "#1"},
				"west": {"uv": [14, 11, 12, 13], "texture": "#1"},
				"up": {"uv": [14, 11, 12, 13], "texture": "#1"},
				"down": {"uv": [14, 11, 12, 13], "texture": "#1"}
			}
		},
		{
			"from": [-7.5, -8.75, 7],
			"to": [-4.5, -5.75, 10],
			"rotation": {"angle": -45, "axis": "z", "origin": [14, -3, 0]},
			"faces": {
				"north": {"uv": [14, 11, 12, 13], "texture": "#1"},
				"east": {"uv": [14, 11, 12, 13], "texture": "#1"},
				"south": {"uv": [14, 11, 12, 13], "texture": "#1"},
				"west": {"uv": [14, 11, 12, 13], "texture": "#1"},
				"up": {"uv": [14, 11, 12, 13], "texture": "#1"},
				"down": {"uv": [14, 11, 12, 13], "texture": "#1"}
			}
		},
		{
			"from": [6.25, 16, 7],
			"to": [8.25, 17, 8],
			"rotation": {"angle": 45, "axis": "z", "origin": [14, -3, 0]},
			"faces": {
				"north": {"uv": [14, 11, 12, 13], "texture": "#1"},
				"east": {"uv": [14, 11, 12, 13], "texture": "#1"},
				"south": {"uv": [14, 11, 12, 13], "texture": "#1"},
				"west": {"uv": [14, 11, 12, 13], "texture": "#1"},
				"up": {"uv": [14, 11, 12, 13], "texture": "#1"},
				"down": {"uv": [14, 11, 12, 13], "texture": "#1"}
			}
		},
		{
			"from": [-3, 6, 7],
			"to": [-1, 9, 10],
			"rotation": {"angle": 0, "axis": "y", "origin": [14, -3, 0]},
			"faces": {
				"north": {"uv": [14, 11, 12, 13], "texture": "#1"},
				"east": {"uv": [14, 11, 12, 13], "texture": "#1"},
				"south": {"uv": [14, 11, 12, 13], "texture": "#1"},
				"west": {"uv": [14, 11, 12, 13], "texture": "#1"},
				"up": {"uv": [14, 11, 12, 13], "texture": "#1"},
				"down": {"uv": [14, 11, 12, 13], "texture": "#1"}
			}
		},
		{
			"from": [3, 1, 1],
			"to": [13, 3, 15],
			"faces": {
				"north": {"uv": [12, 11, 14, 13], "texture": "#0"},
				"east": {"uv": [12, 11, 14, 13], "texture": "#0"},
				"south": {"uv": [12, 11, 14, 13], "texture": "#0"},
				"west": {"uv": [12, 11, 14, 13], "texture": "#0"},
				"up": {"uv": [12, 11, 14, 13], "texture": "#0"},
				"down": {"uv": [12, 11, 14, 13], "texture": "#0"}
			}
		},
		{
			"from": [5, 3, 3],
			"to": [11, 4, 15],
			"faces": {
				"north": {"uv": [12, 11, 14, 13], "texture": "#1"},
				"east": {"uv": [12, 11, 14, 13], "texture": "#1"},
				"south": {"uv": [12, 11, 14, 13], "texture": "#1"},
				"west": {"uv": [12, 11, 14, 13], "texture": "#1"},
				"up": {"uv": [12, 11, 14, 13], "texture": "#1"},
				"down": {"uv": [12, 11, 14, 13], "texture": "#1"}
			}
		},
		{
			"from": [4, 5, 13.5],
			"to": [12, 8, 14.5],
			"faces": {
				"north": {"uv": [12, 11, 14, 13], "texture": "#3"},
				"east": {"uv": [12, 11, 14, 13], "texture": "#3"},
				"south": {"uv": [12, 11, 14, 13], "texture": "#3"},
				"west": {"uv": [12, 11, 14, 13], "texture": "#3"},
				"up": {"uv": [12, 11, 14, 13], "texture": "#3"},
				"down": {"uv": [12, 11, 14, 13], "texture": "#3"}
			}
		},
		{
			"from": [5, 7, 3],
			"to": [11, 8, 15],
			"faces": {
				"north": {"uv": [12, 11, 14, 13], "texture": "#1"},
				"east": {"uv": [12, 11, 14, 13], "texture": "#1"},
				"south": {"uv": [12, 11, 14, 13], "texture": "#1"},
				"west": {"uv": [12, 11, 14, 13], "texture": "#1"},
				"up": {"uv": [12, 11, 14, 13], "texture": "#1"},
				"down": {"uv": [12, 11, 14, 13], "texture": "#1"}
			}
		},
		{
			"from": [11, 4, 3],
			"to": [13, 5, 15],
			"faces": {
				"north": {"uv": [12, 11, 14, 13], "texture": "#1"},
				"east": {"uv": [12, 11, 14, 13], "texture": "#1"},
				"south": {"uv": [12, 11, 14, 13], "texture": "#1"},
				"west": {"uv": [12, 11, 14, 13], "texture": "#1"},
				"up": {"uv": [12, 11, 14, 13], "texture": "#1"},
				"down": {"uv": [12, 11, 14, 13], "texture": "#1"}
			}
		},
		{
			"from": [11, 7, 3],
			"to": [12, 8, 15],
			"faces": {
				"north": {"uv": [12, 11, 14, 13], "texture": "#1"},
				"east": {"uv": [12, 11, 14, 13], "texture": "#1"},
				"south": {"uv": [12, 11, 14, 13], "texture": "#1"},
				"west": {"uv": [12, 11, 14, 13], "texture": "#1"},
				"up": {"uv": [12, 11, 14, 13], "texture": "#1"},
				"down": {"uv": [12, 11, 14, 13], "texture": "#1"}
			}
		},
		{
			"from": [10, 4, 14],
			"to": [10.5, 5, 15],
			"faces": {
				"north": {"uv": [12, 11, 14, 13], "texture": "#1"},
				"east": {"uv": [12, 11, 14, 13], "texture": "#1"},
				"south": {"uv": [12, 11, 14, 13], "texture": "#1"},
				"west": {"uv": [12, 11, 14, 13], "texture": "#1"},
				"up": {"uv": [12, 11, 14, 13], "texture": "#1"},
				"down": {"uv": [12, 11, 14, 13], "texture": "#1"}
			}
		},
		{
			"from": [9, 5, 14],
			"to": [9.5, 7, 15],
			"faces": {
				"north": {"uv": [12, 11, 14, 13], "texture": "#1"},
				"east": {"uv": [12, 11, 14, 13], "texture": "#1"},
				"south": {"uv": [12, 11, 14, 13], "texture": "#1"},
				"west": {"uv": [12, 11, 14, 13], "texture": "#1"},
				"up": {"uv": [12, 11, 14, 13], "texture": "#1"},
				"down": {"uv": [12, 11, 14, 13], "texture": "#1"}
			}
		},
		{
			"from": [8, 6, 14],
			"to": [8.5, 7, 15],
			"faces": {
				"north": {"uv": [12, 11, 14, 13], "texture": "#1"},
				"east": {"uv": [12, 11, 14, 13], "texture": "#1"},
				"south": {"uv": [12, 11, 14, 13], "texture": "#1"},
				"west": {"uv": [12, 11, 14, 13], "texture": "#1"},
				"up": {"uv": [12, 11, 14, 13], "texture": "#1"},
				"down": {"uv": [12, 11, 14, 13], "texture": "#1"}
			}
		},
		{
			"from": [8, 3.5, 14],
			"to": [8.5, 5.5, 15],
			"faces": {
				"north": {"uv": [12, 11, 14, 13], "texture": "#1"},
				"east": {"uv": [12, 11, 14, 13], "texture": "#1"},
				"south": {"uv": [12, 11, 14, 13], "texture": "#1"},
				"west": {"uv": [12, 11, 14, 13], "texture": "#1"},
				"up": {"uv": [12, 11, 14, 13], "texture": "#1"},
				"down": {"uv": [12, 11, 14, 13], "texture": "#1"}
			}
		},
		{
			"from": [7, 4, 14],
			"to": [7.5, 5.25, 15],
			"faces": {
				"north": {"uv": [12, 11, 14, 13], "texture": "#1"},
				"east": {"uv": [12, 11, 14, 13], "texture": "#1"},
				"south": {"uv": [12, 11, 14, 13], "texture": "#1"},
				"west": {"uv": [12, 11, 14, 13], "texture": "#1"},
				"up": {"uv": [12, 11, 14, 13], "texture": "#1"},
				"down": {"uv": [12, 11, 14, 13], "texture": "#1"}
			}
		},
		{
			"from": [6, 4, 14],
			"to": [6.5, 5, 15],
			"faces": {
				"north": {"uv": [12, 11, 14, 13], "texture": "#1"},
				"east": {"uv": [12, 11, 14, 13], "texture": "#1"},
				"south": {"uv": [12, 11, 14, 13], "texture": "#1"},
				"west": {"uv": [12, 11, 14, 13], "texture": "#1"},
				"up": {"uv": [12, 11, 14, 13], "texture": "#1"},
				"down": {"uv": [12, 11, 14, 13], "texture": "#1"}
			}
		},
		{
			"from": [7, 6, 14],
			"to": [7.5, 7, 15],
			"faces": {
				"north": {"uv": [12, 11, 14, 13], "texture": "#1"},
				"east": {"uv": [12, 11, 14, 13], "texture": "#1"},
				"south": {"uv": [12, 11, 14, 13], "texture": "#1"},
				"west": {"uv": [12, 11, 14, 13], "texture": "#1"},
				"up": {"uv": [12, 11, 14, 13], "texture": "#1"},
				"down": {"uv": [12, 11, 14, 13], "texture": "#1"}
			}
		},
		{
			"from": [6, 5.5, 14],
			"to": [6.5, 7, 15],
			"faces": {
				"north": {"uv": [12, 11, 14, 13], "texture": "#1"},
				"east": {"uv": [12, 11, 14, 13], "texture": "#1"},
				"south": {"uv": [12, 11, 14, 13], "texture": "#1"},
				"west": {"uv": [12, 11, 14, 13], "texture": "#1"},
				"up": {"uv": [12, 11, 14, 13], "texture": "#1"},
				"down": {"uv": [12, 11, 14, 13], "texture": "#1"}
			}
		},
		{
			"from": [12, 5, 3],
			"to": [13, 7, 15],
			"faces": {
				"north": {"uv": [12, 11, 14, 13], "texture": "#1"},
				"east": {"uv": [12, 11, 14, 13], "texture": "#1"},
				"south": {"uv": [12, 11, 14, 13], "texture": "#1"},
				"west": {"uv": [12, 11, 14, 13], "texture": "#1"},
				"up": {"uv": [12, 11, 14, 13], "texture": "#1"},
				"down": {"uv": [12, 11, 14, 13], "texture": "#1"}
			}
		},
		{
			"from": [3, 5, 3],
			"to": [4, 7, 15],
			"faces": {
				"north": {"uv": [12, 11, 14, 13], "texture": "#1"},
				"east": {"uv": [12, 11, 14, 13], "texture": "#1"},
				"south": {"uv": [12, 11, 14, 13], "texture": "#1"},
				"west": {"uv": [12, 11, 14, 13], "texture": "#1"},
				"up": {"uv": [12, 11, 14, 13], "texture": "#1"},
				"down": {"uv": [12, 11, 14, 13], "texture": "#1"}
			}
		},
		{
			"from": [4, 7, 3],
			"to": [5, 8, 15],
			"faces": {
				"north": {"uv": [12, 11, 14, 13], "texture": "#1"},
				"east": {"uv": [12, 11, 14, 13], "texture": "#1"},
				"south": {"uv": [12, 11, 14, 13], "texture": "#1"},
				"west": {"uv": [12, 11, 14, 13], "texture": "#1"},
				"up": {"uv": [12, 11, 14, 13], "texture": "#1"},
				"down": {"uv": [12, 11, 14, 13], "texture": "#1"}
			}
		},
		{
			"from": [7, 8, 14.5],
			"to": [9, 12, 15.5],
			"faces": {
				"north": {"uv": [12, 11, 14, 13], "texture": "#0"},
				"east": {"uv": [12, 11, 14, 13], "texture": "#0"},
				"south": {"uv": [8, 0, 10, 4], "texture": "#0"},
				"west": {"uv": [12, 11, 14, 13], "texture": "#0"},
				"up": {"uv": [12, 11, 14, 13], "texture": "#0"},
				"down": {"uv": [12, 11, 14, 13], "texture": "#0"}
			}
		},
		{
			"from": [8.75, 2.6, 14.35],
			"to": [9.5, 4.1, 15.35],
			"faces": {
				"north": {"uv": [12, 11, 14, 13], "texture": "#4"},
				"east": {"uv": [12, 11, 14, 13], "texture": "#4"},
				"south": {"uv": [10, 12, 11, 13], "texture": "#4"},
				"west": {"uv": [12, 11, 14, 13], "texture": "#4"},
				"up": {"uv": [12, 11, 14, 13], "texture": "#4"},
				"down": {"uv": [12, 11, 14, 13], "texture": "#4"}
			}
		},
		{
			"from": [3, 4, 3],
			"to": [5, 5, 15],
			"faces": {
				"north": {"uv": [12, 11, 14, 13], "texture": "#1"},
				"east": {"uv": [12, 11, 14, 13], "texture": "#1"},
				"south": {"uv": [12, 11, 14, 13], "texture": "#1"},
				"west": {"uv": [12, 11, 14, 13], "texture": "#1"},
				"up": {"uv": [12, 11, 14, 13], "texture": "#1"},
				"down": {"uv": [12, 11, 14, 13], "texture": "#1"}
			}
		},
		{
			"from": [3, 3, 0],
			"to": [13, 15.5, 13.9],
			"faces": {
				"north": {"uv": [6, 0, 11, 4], "texture": "#4"},
				"east": {"uv": [12, 11, 14, 13], "texture": "#0"},
				"south": {"uv": [12, 11, 14, 13], "texture": "#0"},
				"west": {"uv": [12, 11, 14, 13], "texture": "#0"},
				"up": {"uv": [0, 0, 16, 4], "texture": "#4"},
				"down": {"uv": [12, 11, 14, 13], "texture": "#0"}
			}
		},
		{
			"from": [3, 13, 2],
			"to": [13, 16, 15],
			"faces": {
				"north": {"uv": [12, 11, 14, 13], "texture": "#0"},
				"east": {"uv": [12, 11, 14, 13], "texture": "#0"},
				"south": {"uv": [6, 0, 10, 2], "texture": "#0"},
				"west": {"uv": [12, 11, 14, 13], "texture": "#0"},
				"up": {"uv": [8, 0, 15, 4], "texture": "#4"},
				"down": {"uv": [12, 11, 14, 13], "texture": "#0"}
			}
		}
	],
	"display": {
		"head": {
			"rotation": [0, 180, 0]
		}
	}
}