{
	"credit": "Made with Blockbench",
	"textures": {
		"1": "block/white_concrete",
		"2": "custom/milk",
		"4": "block/black_wool",
		"particle": "custom/milk"
	},
	"elements": [
		{
			"from": [6, 2, 6],
			"to": [10, 8, 9],
			"rotation": {"angle": 0, "axis": "y", "origin": [-1, 5, 0]},
			"faces": {
				"north": {"uv": [2, 4, 16, 16], "texture": "#1"},
				"east": {"uv": [2, 4, 16, 16], "texture": "#1"},
				"south": {"uv": [2, 4, 16, 16], "texture": "#1"},
				"west": {"uv": [2, 4, 16, 16], "texture": "#1"},
				"up": {"uv": [0, 0, 1, 13], "texture": "#1"},
				"down": {"uv": [0, 0, 1, 13], "texture": "#1"}
			}
		},
		{
			"from": [6, 4, 5.9],
			"to": [10, 8, 6.1],
			"rotation": {"angle": 0, "axis": "y", "origin": [-1, 5, 0]},
			"faces": {
				"north": {"uv": [0, 0, 16, 16], "texture": "#2"},
				"east": {"uv": [2, 4, 16, 16], "texture": "#2"},
				"south": {"uv": [2, 4, 16, 16], "texture": "#2"},
				"west": {"uv": [2, 4, 16, 16], "texture": "#2"},
				"up": {"uv": [0, 0, 1, 13], "texture": "#2"},
				"down": {"uv": [0, 0, 1, 13], "texture": "#2"}
			}
		},
		{
			"from": [6.5, 3, 5.9],
			"to": [8.5, 3.3, 6.1],
			"rotation": {"angle": 0, "axis": "y", "origin": [-1, 5, 0]},
			"faces": {
				"north": {"uv": [0, 0, 16, 16], "texture": "#4"},
				"east": {"uv": [2, 4, 16, 16], "texture": "#4"},
				"south": {"uv": [2, 4, 16, 16], "texture": "#4"},
				"west": {"uv": [2, 4, 16, 16], "texture": "#4"},
				"up": {"uv": [0, 0, 1, 13], "texture": "#4"},
				"down": {"uv": [0, 0, 1, 13], "texture": "#4"}
			}
		},
		{
			"from": [6, 9.5, 7],
			"to": [10, 10.5, 8],
			"rotation": {"angle": 0, "axis": "y", "origin": [-1, 5, 0]},
			"faces": {
				"north": {"uv": [2, 4, 16, 16], "texture": "#1"},
				"east": {"uv": [2, 4, 16, 16], "texture": "#1"},
				"south": {"uv": [2, 4, 16, 16], "texture": "#1"},
				"west": {"uv": [2, 4, 16, 16], "texture": "#1"},
				"up": {"uv": [0, 0, 1, 13], "texture": "#1"},
				"down": {"uv": [0, 0, 1, 13], "texture": "#1"}
			}
		},
		{
			"from": [6, 10, 4.4],
			"to": [10, 12, 6.2],
			"rotation": {"angle": 22.5, "axis": "x", "origin": [-1, 5, -0.1]},
			"faces": {
				"north": {"uv": [2, 4, 16, 16], "texture": "#1"},
				"east": {"uv": [2, 4, 16, 16], "texture": "#1"},
				"south": {"uv": [2, 4, 16, 16], "texture": "#1"},
				"west": {"uv": [2, 4, 16, 16], "texture": "#1"},
				"up": {"uv": [0, 0, 1, 13], "texture": "#1"},
				"down": {"uv": [0, 0, 1, 13], "texture": "#1"}
			}
		},
		{
			"from": [6, 4.25, 8.4],
			"to": [10, 6.25, 9.4],
			"rotation": {"angle": -22.5, "axis": "x", "origin": [-1, 5, -0.1]},
			"faces": {
				"north": {"uv": [2, 4, 16, 16], "texture": "#1"},
				"east": {"uv": [2, 4, 16, 16], "texture": "#1"},
				"south": {"uv": [2, 4, 16, 16], "texture": "#1"},
				"west": {"uv": [2, 4, 16, 16], "texture": "#1"},
				"up": {"uv": [0, 0, 1, 13], "texture": "#1"},
				"down": {"uv": [0, 0, 1, 13], "texture": "#1"}
			}
		}
	],
	"display": {
		"thirdperson_righthand": {
			"scale": [0.75, 0.75, 0.75]
		},
		"thirdperson_lefthand": {
			"scale": [0.5, 0.5, 0.5]
		},
		"firstperson_righthand": {
			"translation": [0, 1, 0],
			"scale": [0.75, 0.75, 0.75]
		},
		"ground": {
			"translation": [0, 1, 0]
		},
		"gui": {
			"rotation": [15, 176, 0],
			"translation": [1, 2, 0],
			"scale": [1.5, 1.5, 1.5]
		},
		"head": {
			"translation": [0, 9, 2],
			"scale": [1.5, 1.5, 1.5]
		}
	}
}