{
	"credit": "Made with Blockbench",
	"textures": {
		"0": "block/quartz_block_bottom",
		"4": "block/gray_stained_glass",
		"5": "block/light_blue_concrete",
		"particle": "block/quartz_block_bottom"
	},
	"elements": [
		{
			"from": [1.5, 0, 1.5],
			"to": [14.5, 17, 2.5],
			"faces": {
				"north": {"uv": [15, 6, 16, 7], "texture": "#0"},
				"east": {"uv": [15, 6, 16, 7], "texture": "#0"},
				"south": {"uv": [15, 6, 16, 7], "texture": "#0"},
				"west": {"uv": [15, 6, 16, 7], "texture": "#0"},
				"up": {"uv": [15, 6, 16, 7], "texture": "#0"},
				"down": {"uv": [0, 0, 2, 2], "texture": "#0"}
			}
		},
		{
			"from": [3.5, 17, 1.5],
			"to": [12.5, 18, 2.5],
			"faces": {
				"north": {"uv": [15, 6, 16, 7], "texture": "#0"},
				"east": {"uv": [15, 6, 16, 7], "texture": "#0"},
				"south": {"uv": [15, 6, 16, 7], "texture": "#0"},
				"west": {"uv": [15, 6, 16, 7], "texture": "#0"},
				"up": {"uv": [15, 6, 16, 7], "texture": "#0"},
				"down": {"uv": [0, 0, 2, 2], "texture": "#0"}
			}
		},
		{
			"from": [2.5, 1, 2.7],
			"to": [13.5, 16, 2.8],
			"faces": {
				"north": {"uv": [15, 6, 16, 7], "texture": "#4"},
				"east": {"uv": [15, 6, 16, 7], "texture": "#4"},
				"south": {"uv": [1, 1, 9, 13], "texture": "#4"},
				"west": {"uv": [15, 6, 16, 7], "texture": "#4"},
				"up": {"uv": [15, 6, 16, 7], "texture": "#4"},
				"down": {"uv": [0, 0, 2, 2], "texture": "#4"}
			}
		},
		{
			"from": [2.5, 1, 2.35],
			"to": [13.5, 16, 2.6],
			"faces": {
				"north": {"uv": [15, 6, 16, 7], "texture": "#5"},
				"east": {"uv": [15, 6, 16, 7], "texture": "#5"},
				"south": {"uv": [1, 1, 8, 9], "texture": "#5"},
				"west": {"uv": [15, 6, 16, 7], "texture": "#5"},
				"up": {"uv": [15, 6, 16, 7], "texture": "#5"},
				"down": {"uv": [0, 0, 2, 2], "texture": "#5"}
			}
		}
	],
	"display": {
		"fixed": {
			"rotation": [0, 180, 0],
			"translation": [0, 0, -14],
			"scale": [2, 2, 2]
		}
	}
}