{
	"credit": "Made with Blockbench",
	"textures": {
		"0": "block/red_terracotta",
		"1": "block/light_gray_wool",
		"2": "block/black_wool",
		"3": "block/white_wool",
		"particle": "block/red_terracotta"
	},
	"elements": [
		{
			"from": [7, 0, 7],
			"to": [8, 20, 8],
			"faces": {
				"north": {"uv": [5, 1, 6, 2], "texture": "#1"},
				"east": {"uv": [5, 1, 6, 2], "texture": "#1"},
				"south": {"uv": [5, 1, 6, 2], "texture": "#1"},
				"west": {"uv": [5, 1, 6, 2], "texture": "#1"},
				"up": {"uv": [5, 1, 6, 2], "texture": "#1"},
				"down": {"uv": [0, 0, 2, 2], "texture": "#1"}
			}
		},
		{
			"from": [7, 20, 7],
			"to": [8, 23, 8],
			"faces": {
				"north": {"uv": [5, 1, 9, 8], "texture": "#2"},
				"east": {"uv": [5, 1, 9, 8], "texture": "#2"},
				"south": {"uv": [5, 1, 9, 8], "texture": "#2"},
				"west": {"uv": [5, 1, 9, 8], "texture": "#2"},
				"up": {"uv": [5, 1, 6, 2], "texture": "#2"},
				"down": {"uv": [0, 0, 2, 2], "texture": "#2"}
			}
		},
		{
			"from": [3, -1, 6.5],
			"to": [12, 0, 8.5],
			"faces": {
				"north": {"uv": [0, 0, 9, 1], "texture": "#0"},
				"east": {"uv": [0, 0, 2, 1], "texture": "#0"},
				"south": {"uv": [0, 0, 9, 1], "texture": "#0"},
				"west": {"uv": [0, 0, 2, 1], "texture": "#0"},
				"up": {"uv": [0, 0, 9, 2], "texture": "#0"},
				"down": {"uv": [0, 0, 9, 2], "texture": "#0"}
			}
		},
		{
			"from": [2, -1, 6],
			"to": [13, -0.25, 9],
			"faces": {
				"north": {"uv": [0, 0, 11, 0.75], "texture": "#3"},
				"east": {"uv": [0, 0, 3, 0.75], "texture": "#3"},
				"south": {"uv": [0, 0, 16, 12], "texture": "#3"},
				"west": {"uv": [0, 0, 16, 12], "texture": "#3"},
				"up": {"uv": [0, 0, 16, 12], "texture": "#3"},
				"down": {"uv": [0, 0, 11, 3], "texture": "#3"}
			}
		}
	],
	"display": {
		"thirdperson_righthand": {
			"rotation": [80, 0, 0]
		},
		"thirdperson_lefthand": {
			"rotation": [80, 0, 0]
		},
		"firstperson_righthand": {
			"scale": [0.75, 0.75, 0.75]
		},
		"firstperson_lefthand": {
			"scale": [0.75, 0.75, 0.75]
		},
		"ground": {
			"rotation": [91, 2, 0]
		},
		"gui": {
			"scale": [0.75, 0.75, 0.75]
		},
		"head": {
			"translation": [0, 3, 0],
			"scale": [2, 2, 2]
		},
		"fixed": {
			"translation": [0, 0, -4],
			"scale": [2, 2, 2]
		}
	}
}