{
	"credit": "Made with Blockbench",
	"textures": {
		"0": "block/black_wool",
		"1": "block/light_gray_wool",
		"2": "block/gray_concrete",
		"3": "block/orange_wool",
		"4": "block/blast_furnace_front",
		"6": "custom/cl",
		"7": "block/red_stained_glass",
		"particle": "block/black_wool"
	},
	"elements": [
		{
			"from": [6.1, 0.75, 1.3],
			"to": [6.6, 1.75, 2.05],
			"rotation": {"angle": 0, "axis": "x", "origin": [6.1, 0.75, 1.3]},
			"faces": {
				"north": {"uv": [0, 0, 1, 1], "texture": "#1"},
				"east": {"uv": [0, 0, 1, 1], "texture": "#1"},
				"south": {"uv": [0, 0, 1, 1], "texture": "#1"},
				"west": {"uv": [0, 0, 1, 1], "texture": "#1"},
				"up": {"uv": [0, 0, 1, 1], "texture": "#1"},
				"down": {"uv": [0, 0, 1, 1], "texture": "#1"}
			}
		},
		{
			"from": [6.1, -0.25, 1.1],
			"to": [6.6, 0.75, 1.85],
			"rotation": {"angle": 0, "axis": "x", "origin": [6.1, -0.25, 1.1]},
			"faces": {
				"north": {"uv": [0, 0, 1, 1], "texture": "#1"},
				"east": {"uv": [0, 0, 1, 1], "texture": "#1"},
				"south": {"uv": [0, 0, 1, 1], "texture": "#1"},
				"west": {"uv": [0, 0, 1, 1], "texture": "#1"},
				"up": {"uv": [0, 0, 1, 1], "texture": "#1"},
				"down": {"uv": [0, 0, 1, 1], "texture": "#1"}
			}
		},
		{
			"from": [6.1, -1.25, 0.9],
			"to": [6.6, -0.25, 1.65],
			"rotation": {"angle": 0, "axis": "x", "origin": [6.1, -1.25, 0.9]},
			"faces": {
				"north": {"uv": [0, 0, 1, 1], "texture": "#1"},
				"east": {"uv": [0, 0, 1, 1], "texture": "#1"},
				"south": {"uv": [0, 0, 1, 1], "texture": "#1"},
				"west": {"uv": [0, 0, 1, 1], "texture": "#1"},
				"up": {"uv": [0, 0, 1, 1], "texture": "#1"},
				"down": {"uv": [0, 0, 1, 1], "texture": "#1"}
			}
		},
		{
			"from": [9.3, 0.75, 1.3],
			"to": [9.8, 1.75, 2.05],
			"rotation": {"angle": 0, "axis": "x", "origin": [9.3, 0.75, 1.3]},
			"faces": {
				"north": {"uv": [0, 0, 1, 1], "texture": "#1"},
				"east": {"uv": [0, 0, 1, 1], "texture": "#1"},
				"south": {"uv": [0, 0, 1, 1], "texture": "#1"},
				"west": {"uv": [0, 0, 1, 1], "texture": "#1"},
				"up": {"uv": [0, 0, 1, 1], "texture": "#1"},
				"down": {"uv": [0, 0, 1, 1], "texture": "#1"}
			}
		},
		{
			"from": [9.3, -0.25, 1.1],
			"to": [9.8, 0.75, 1.85],
			"rotation": {"angle": 0, "axis": "x", "origin": [9.3, -0.25, 1.1]},
			"faces": {
				"north": {"uv": [0, 0, 1, 1], "texture": "#1"},
				"east": {"uv": [0, 0, 1, 1], "texture": "#1"},
				"south": {"uv": [0, 0, 1, 1], "texture": "#1"},
				"west": {"uv": [0, 0, 1, 1], "texture": "#1"},
				"up": {"uv": [0, 0, 1, 1], "texture": "#1"},
				"down": {"uv": [0, 0, 1, 1], "texture": "#1"}
			}
		},
		{
			"from": [9.3, -1.25, 0.9],
			"to": [9.8, -0.25, 1.65],
			"rotation": {"angle": 0, "axis": "x", "origin": [9.3, -1.25, 0.9]},
			"faces": {
				"north": {"uv": [0, 0, 1, 1], "texture": "#1"},
				"east": {"uv": [0, 0, 1, 1], "texture": "#1"},
				"south": {"uv": [0, 0, 1, 1], "texture": "#1"},
				"west": {"uv": [0, 0, 1, 1], "texture": "#1"},
				"up": {"uv": [0, 0, 1, 1], "texture": "#1"},
				"down": {"uv": [0, 0, 1, 1], "texture": "#1"}
			}
		},
		{
			"from": [7, 0.7, 0.42],
			"to": [9, 1.6, 2.22],
			"rotation": {"angle": 0, "axis": "x", "origin": [7, 0.7, 0.42]},
			"faces": {
				"north": {"uv": [0, 0, 5, 3], "texture": "#0"},
				"east": {"uv": [0, 0, 5, 3], "texture": "#0"},
				"south": {"uv": [0, 0, 5, 3], "texture": "#0"},
				"west": {"uv": [0, 0, 5, 3], "texture": "#0"},
				"up": {"uv": [0, 0, 5, 3], "texture": "#0"},
				"down": {"uv": [0, 0, 5, 3], "texture": "#0"}
			}
		},
		{
			"from": [7, -0.29, -0.3],
			"to": [9, 0.61, 1.5],
			"rotation": {"angle": -45, "axis": "x", "origin": [7, -0.29, -0.3]},
			"faces": {
				"north": {"uv": [0, 0, 5, 3], "texture": "#0"},
				"east": {"uv": [0, 0, 5, 3], "texture": "#0"},
				"south": {"uv": [0, 0, 5, 3], "texture": "#0"},
				"west": {"uv": [0, 0, 5, 3], "texture": "#0"},
				"up": {"uv": [0, 0, 5, 3], "texture": "#0"},
				"down": {"uv": [0, 0, 5, 3], "texture": "#0"}
			}
		},
		{
			"from": [7, -0.29, 1.14],
			"to": [9, 0.61, 2.94],
			"rotation": {"angle": 45, "axis": "x", "origin": [7, -0.29, 2.94]},
			"faces": {
				"north": {"uv": [0, 0, 5, 3], "texture": "#0"},
				"east": {"uv": [0, 0, 5, 3], "texture": "#0"},
				"south": {"uv": [0, 0, 5, 3], "texture": "#0"},
				"west": {"uv": [5, 0, 0, 3], "texture": "#0"},
				"up": {"uv": [0, 0, 5, 3], "texture": "#0"},
				"down": {"uv": [0, 0, 5, 3], "texture": "#0"}
			}
		},
		{
			"from": [7, -1.82, 1.14],
			"to": [9, -0.92, 2.94],
			"rotation": {"angle": -45, "axis": "x", "origin": [7, -0.92, 2.94]},
			"faces": {
				"north": {"uv": [0, 3, 5, 0], "texture": "#0"},
				"east": {"uv": [0, 3, 5, 0], "texture": "#0"},
				"south": {"uv": [0, 3, 5, 0], "texture": "#0"},
				"west": {"uv": [5, 3, 0, 0], "texture": "#0"},
				"up": {"uv": [0, 3, 5, 0], "texture": "#0"},
				"down": {"uv": [0, 3, 5, 0], "texture": "#0"}
			}
		},
		{
			"from": [7, -2.81, 0.42],
			"to": [9, -1.91, 2.22],
			"rotation": {"angle": 0, "axis": "x", "origin": [7, -1.91, 0.42]},
			"faces": {
				"north": {"uv": [0, 3, 5, 0], "texture": "#0"},
				"east": {"uv": [0, 3, 5, 0], "texture": "#0"},
				"south": {"uv": [0, 3, 5, 0], "texture": "#0"},
				"west": {"uv": [0, 3, 5, 0], "texture": "#0"},
				"up": {"uv": [0, 3, 5, 0], "texture": "#0"},
				"down": {"uv": [0, 3, 5, 0], "texture": "#0"}
			}
		},
		{
			"from": [7.1, -1.97, 0.42],
			"to": [8.9, -1.73, 2.22],
			"rotation": {"angle": 0, "axis": "x", "origin": [7.1, -0.95, 0.42]},
			"faces": {
				"north": {"uv": [0, 3, 5, 0], "texture": "#1"},
				"east": {"uv": [0, 3, 5, 0], "texture": "#1"},
				"south": {"uv": [0, 3, 5, 0], "texture": "#1"},
				"west": {"uv": [0, 3, 5, 0], "texture": "#1"},
				"up": {"uv": [0, 3, 5, 0], "texture": "#1"},
				"down": {"uv": [0, 3, 5, 0], "texture": "#1"}
			}
		},
		{
			"from": [7.1, -1.37, 0.42],
			"to": [8.9, -1.13, 2.22],
			"rotation": {"angle": 45, "axis": "x", "origin": [7.1, -0.35, 0.42]},
			"faces": {
				"north": {"uv": [0, 3, 5, 0], "texture": "#1"},
				"east": {"uv": [0, 3, 5, 0], "texture": "#1"},
				"south": {"uv": [0, 3, 5, 0], "texture": "#1"},
				"west": {"uv": [0, 3, 5, 0], "texture": "#1"},
				"up": {"uv": [0, 3, 5, 0], "texture": "#1"},
				"down": {"uv": [0, 3, 5, 0], "texture": "#1"}
			}
		},
		{
			"from": [7.1, -1.37, 0.42],
			"to": [8.9, -1.13, 2.22],
			"rotation": {"angle": -45, "axis": "x", "origin": [7.1, -0.35, 2.22]},
			"faces": {
				"north": {"uv": [5, 3, 0, 0], "texture": "#1"},
				"east": {"uv": [5, 3, 0, 0], "texture": "#1"},
				"south": {"uv": [5, 3, 0, 0], "texture": "#1"},
				"west": {"uv": [5, 3, 0, 0], "texture": "#1"},
				"up": {"uv": [0, 0, 5, 3], "texture": "#1"},
				"down": {"uv": [0, 0, 5, 3], "texture": "#1"}
			}
		},
		{
			"from": [7.1, 0.55, 0.42],
			"to": [8.9, 0.79, 2.22],
			"rotation": {"angle": 0, "axis": "x", "origin": [7.1, 1.57, 0.42]},
			"faces": {
				"north": {"uv": [0, 3, 5, 0], "texture": "#1"},
				"east": {"uv": [0, 3, 5, 0], "texture": "#1"},
				"south": {"uv": [0, 3, 5, 0], "texture": "#1"},
				"west": {"uv": [0, 3, 5, 0], "texture": "#1"},
				"up": {"uv": [0, 3, 5, 0], "texture": "#1"},
				"down": {"uv": [0, 3, 5, 0], "texture": "#1"}
			}
		},
		{
			"from": [7.1, 0.55, 2.34],
			"to": [8.9, 0.79, 4.14],
			"rotation": {"angle": 45, "axis": "x", "origin": [7.1, 1.57, 2.34]},
			"faces": {
				"north": {"uv": [0, 3, 5, 0], "texture": "#1"},
				"east": {"uv": [0, 3, 5, 0], "texture": "#1"},
				"south": {"uv": [0, 3, 5, 0], "texture": "#1"},
				"west": {"uv": [0, 3, 5, 0], "texture": "#1"},
				"up": {"uv": [0, 3, 5, 0], "texture": "#1"},
				"down": {"uv": [0, 3, 5, 0], "texture": "#1"}
			}
		},
		{
			"from": [7.1, -0.65, -0.9],
			"to": [8.9, -0.41, 0.9],
			"rotation": {"angle": -45, "axis": "x", "origin": [7.1, 0.37, -0.9]},
			"faces": {
				"north": {"uv": [0, 3, 5, 0], "texture": "#1"},
				"east": {"uv": [0, 3, 5, 0], "texture": "#1"},
				"south": {"uv": [0, 3, 5, 0], "texture": "#1"},
				"west": {"uv": [0, 3, 5, 0], "texture": "#1"},
				"up": {"uv": [0, 3, 5, 0], "texture": "#1"},
				"down": {"uv": [0, 3, 5, 0], "texture": "#1"}
			}
		},
		{
			"from": [7.1, -1.37, 2.58],
			"to": [8.9, 0.43, 2.82],
			"rotation": {"angle": 0, "axis": "x", "origin": [7.1, -0.35, 2.58]},
			"faces": {
				"north": {"uv": [0, 3, 5, 0], "texture": "#1"},
				"east": {"uv": [0, 3, 5, 0], "texture": "#1"},
				"south": {"uv": [0, 3, 5, 0], "texture": "#1"},
				"west": {"uv": [0, 3, 5, 0], "texture": "#1"},
				"up": {"uv": [0, 3, 5, 0], "texture": "#1"},
				"down": {"uv": [0, 3, 5, 0], "texture": "#1"}
			}
		},
		{
			"from": [7.6, -0.89, 1.02],
			"to": [8.4, -0.29, 1.62],
			"rotation": {"angle": 0, "axis": "x", "origin": [7.6, 0.13, 1.02]},
			"faces": {
				"north": {"uv": [0, 3, 5, 0], "texture": "#2"},
				"east": {"uv": [0, 3, 5, 0], "texture": "#2"},
				"south": {"uv": [0, 3, 5, 0], "texture": "#2"},
				"west": {"uv": [0, 3, 5, 0], "texture": "#2"},
				"up": {"uv": [0, 3, 5, 0], "texture": "#2"},
				"down": {"uv": [0, 3, 5, 0], "texture": "#2"}
			}
		},
		{
			"from": [6.5, -0.77, 1.14],
			"to": [9.5, -0.41, 1.5],
			"rotation": {"angle": 0, "axis": "x", "origin": [6.5, 0.25, 1.14]},
			"faces": {
				"north": {"uv": [0, 3, 5, 0], "texture": "#1"},
				"east": {"uv": [0, 3, 5, 0], "texture": "#1"},
				"south": {"uv": [0, 3, 5, 0], "texture": "#1"},
				"west": {"uv": [0, 3, 5, 0], "texture": "#1"},
				"up": {"uv": [0, 3, 5, 0], "texture": "#1"},
				"down": {"uv": [0, 3, 5, 0], "texture": "#1"}
			}
		},
		{
			"from": [7.6, -0.77, 1.32],
			"to": [8.4, -0.41, 2.52],
			"rotation": {"angle": -22.5, "axis": "x", "origin": [7.6, 0.25, 1.32]},
			"faces": {
				"north": {"uv": [0, 3, 5, 0], "texture": "#2"},
				"east": {"uv": [0, 3, 5, 0], "texture": "#2"},
				"south": {"uv": [0, 3, 5, 0], "texture": "#2"},
				"west": {"uv": [0, 3, 5, 0], "texture": "#2"},
				"up": {"uv": [0, 3, 5, 0], "texture": "#2"},
				"down": {"uv": [0, 3, 5, 0], "texture": "#2"}
			}
		},
		{
			"from": [7.6, -0.05, 0.84],
			"to": [8.4, 0.31, 2.04],
			"rotation": {"angle": 45, "axis": "x", "origin": [7.6, 0.97, 0.84]},
			"faces": {
				"north": {"uv": [0, 3, 5, 0], "texture": "#2"},
				"east": {"uv": [0, 3, 5, 0], "texture": "#2"},
				"south": {"uv": [0, 3, 5, 0], "texture": "#2"},
				"west": {"uv": [0, 3, 5, 0], "texture": "#2"},
				"up": {"uv": [0, 3, 5, 0], "texture": "#2"},
				"down": {"uv": [0, 3, 5, 0], "texture": "#2"}
			}
		},
		{
			"from": [7.6, -0.47, 1.26],
			"to": [8.4, 0.73, 1.62],
			"rotation": {"angle": 0, "axis": "x", "origin": [7.6, 0.73, 2.28]},
			"faces": {
				"north": {"uv": [0, 3, 5, 0], "rotation": 180, "texture": "#2"},
				"east": {"uv": [0, 3, 5, 0], "rotation": 270, "texture": "#2"},
				"south": {"uv": [0, 3, 5, 0], "texture": "#2"},
				"west": {"uv": [0, 3, 5, 0], "rotation": 90, "texture": "#2"},
				"up": {"uv": [0, 3, 5, 0], "rotation": 180, "texture": "#2"},
				"down": {"uv": [0, 3, 5, 0], "texture": "#2"}
			}
		},
		{
			"from": [7.6, -1.55, 1.2],
			"to": [8.4, -0.35, 1.56],
			"rotation": {"angle": -22.5, "axis": "x", "origin": [7.6, -0.35, 2.22]},
			"faces": {
				"north": {"uv": [0, 3, 5, 0], "rotation": 180, "texture": "#2"},
				"east": {"uv": [0, 3, 5, 0], "rotation": 270, "texture": "#2"},
				"south": {"uv": [0, 3, 5, 0], "texture": "#2"},
				"west": {"uv": [0, 3, 5, 0], "rotation": 90, "texture": "#2"},
				"up": {"uv": [0, 3, 5, 0], "rotation": 180, "texture": "#2"},
				"down": {"uv": [0, 3, 5, 0], "texture": "#2"}
			}
		},
		{
			"from": [7.6, -2.57, 0.72],
			"to": [8.4, -1.37, 1.08],
			"rotation": {"angle": 45, "axis": "x", "origin": [7.6, -1.37, 1.74]},
			"faces": {
				"north": {"uv": [0, 3, 5, 0], "rotation": 180, "texture": "#2"},
				"east": {"uv": [0, 3, 5, 0], "rotation": 270, "texture": "#2"},
				"south": {"uv": [0, 3, 5, 0], "texture": "#2"},
				"west": {"uv": [0, 3, 5, 0], "rotation": 90, "texture": "#2"},
				"up": {"uv": [0, 3, 5, 0], "rotation": 180, "texture": "#2"},
				"down": {"uv": [0, 3, 5, 0], "texture": "#2"}
			}
		},
		{
			"from": [7.1, -1.25, -0.18],
			"to": [8.9, -0.05, 0.06],
			"rotation": {"angle": 0, "axis": "x", "origin": [7.1, -0.23, -0.18]},
			"faces": {
				"north": {"uv": [0, 3, 5, 0], "texture": "#1"},
				"east": {"uv": [0, 3, 5, 0], "texture": "#1"},
				"south": {"uv": [0, 3, 5, 0], "texture": "#1"},
				"west": {"uv": [0, 3, 5, 0], "texture": "#1"},
				"up": {"uv": [0, 3, 5, 0], "texture": "#1"},
				"down": {"uv": [0, 3, 5, 0], "texture": "#1"}
			}
		},
		{
			"from": [7, -1.55, -0.93],
			"to": [9, 0.25, -0.03],
			"rotation": {"angle": 0, "axis": "x", "origin": [7, -0.65, 8.07]},
			"faces": {
				"north": {"uv": [0, 3, 5, 0], "texture": "#0"},
				"east": {"uv": [0, 3, 5, 0], "texture": "#0"},
				"south": {"uv": [0, 3, 5, 0], "texture": "#0"},
				"west": {"uv": [0, 3, 5, 0], "texture": "#0"},
				"up": {"uv": [0, 3, 5, 0], "texture": "#0"},
				"down": {"uv": [0, 3, 5, 0], "texture": "#0"}
			}
		},
		{
			"from": [7, -1.55, 2.67],
			"to": [9, 0.25, 3.57],
			"rotation": {"angle": 0, "axis": "x", "origin": [7, -0.65, 11.67]},
			"faces": {
				"north": {"uv": [0, 3, 5, 0], "texture": "#0"},
				"east": {"uv": [0, 3, 5, 0], "texture": "#0"},
				"south": {"uv": [0, 3, 5, 0], "texture": "#0"},
				"west": {"uv": [0, 3, 5, 0], "texture": "#0"},
				"up": {"uv": [0, 3, 5, 0], "texture": "#0"},
				"down": {"uv": [0, 3, 5, 0], "texture": "#0"}
			}
		},
		{
			"from": [7, -1.82, -0.3],
			"to": [9, -0.92, 1.5],
			"rotation": {"angle": 45, "axis": "x", "origin": [7, -0.92, -0.3]},
			"faces": {
				"north": {"uv": [0, 3, 5, 0], "texture": "#0"},
				"east": {"uv": [0, 3, 5, 0], "texture": "#0"},
				"south": {"uv": [0, 3, 5, 0], "texture": "#0"},
				"west": {"uv": [0, 3, 5, 0], "texture": "#0"},
				"up": {"uv": [0, 3, 5, 0], "texture": "#0"},
				"down": {"uv": [0, 3, 5, 0], "texture": "#0"}
			}
		},
		{
			"from": [7, -0.29, 11],
			"to": [9, 0.61, 12.8],
			"rotation": {"angle": -45, "axis": "x", "origin": [7, -0.29, 11]},
			"faces": {
				"north": {"uv": [0, 0, 5, 3], "texture": "#0"},
				"east": {"uv": [0, 0, 5, 3], "texture": "#0"},
				"south": {"uv": [0, 0, 5, 3], "texture": "#0"},
				"west": {"uv": [0, 0, 5, 3], "texture": "#0"},
				"up": {"uv": [0, 0, 5, 3], "texture": "#0"},
				"down": {"uv": [0, 0, 5, 3], "texture": "#0"}
			}
		},
		{
			"from": [7, -1.55, 10.37],
			"to": [9, 0.25, 11.27],
			"rotation": {"angle": 0, "axis": "x", "origin": [7, -0.65, 19.37]},
			"faces": {
				"north": {"uv": [0, 3, 5, 0], "texture": "#0"},
				"east": {"uv": [0, 3, 5, 0], "texture": "#0"},
				"south": {"uv": [0, 3, 5, 0], "texture": "#0"},
				"west": {"uv": [0, 3, 5, 0], "texture": "#0"},
				"up": {"uv": [0, 3, 5, 0], "texture": "#0"},
				"down": {"uv": [0, 3, 5, 0], "texture": "#0"}
			}
		},
		{
			"from": [7, -1.82, 11],
			"to": [9, -0.92, 12.8],
			"rotation": {"angle": 45, "axis": "x", "origin": [7, -0.92, 11]},
			"faces": {
				"north": {"uv": [0, 3, 5, 0], "texture": "#0"},
				"east": {"uv": [0, 3, 5, 0], "texture": "#0"},
				"south": {"uv": [0, 3, 5, 0], "texture": "#0"},
				"west": {"uv": [0, 3, 5, 0], "texture": "#0"},
				"up": {"uv": [0, 3, 5, 0], "texture": "#0"},
				"down": {"uv": [0, 3, 5, 0], "texture": "#0"}
			}
		},
		{
			"from": [7, -2.81, 11.72],
			"to": [9, -1.91, 13.52],
			"rotation": {"angle": 0, "axis": "x", "origin": [7, -1.91, 11.72]},
			"faces": {
				"north": {"uv": [0, 3, 5, 0], "texture": "#0"},
				"east": {"uv": [0, 3, 5, 0], "texture": "#0"},
				"south": {"uv": [0, 3, 5, 0], "texture": "#0"},
				"west": {"uv": [0, 3, 5, 0], "texture": "#0"},
				"up": {"uv": [0, 3, 5, 0], "texture": "#0"},
				"down": {"uv": [0, 3, 5, 0], "texture": "#0"}
			}
		},
		{
			"from": [7, -0.29, 12.44],
			"to": [9, 0.61, 14.24],
			"rotation": {"angle": 45, "axis": "x", "origin": [7, -0.29, 14.24]},
			"faces": {
				"north": {"uv": [0, 0, 5, 3], "texture": "#0"},
				"east": {"uv": [0, 0, 5, 3], "texture": "#0"},
				"south": {"uv": [0, 0, 5, 3], "texture": "#0"},
				"west": {"uv": [5, 0, 0, 3], "texture": "#0"},
				"up": {"uv": [0, 0, 5, 3], "texture": "#0"},
				"down": {"uv": [0, 0, 5, 3], "texture": "#0"}
			}
		},
		{
			"from": [7.1, -1.37, 13.88],
			"to": [8.9, 0.43, 14.12],
			"rotation": {"angle": 0, "axis": "x", "origin": [7.1, -0.35, 13.88]},
			"faces": {
				"north": {"uv": [0, 3, 5, 0], "texture": "#1"},
				"east": {"uv": [0, 3, 5, 0], "texture": "#1"},
				"south": {"uv": [0, 3, 5, 0], "texture": "#1"},
				"west": {"uv": [0, 3, 5, 0], "texture": "#1"},
				"up": {"uv": [0, 3, 5, 0], "texture": "#1"},
				"down": {"uv": [0, 3, 5, 0], "texture": "#1"}
			}
		},
		{
			"from": [7.6, -0.77, 12.62],
			"to": [8.4, -0.41, 13.82],
			"rotation": {"angle": -22.5, "axis": "x", "origin": [7.6, 0.25, 12.62]},
			"faces": {
				"north": {"uv": [0, 3, 5, 0], "texture": "#2"},
				"east": {"uv": [0, 3, 5, 0], "texture": "#2"},
				"south": {"uv": [0, 3, 5, 0], "texture": "#2"},
				"west": {"uv": [0, 3, 5, 0], "texture": "#2"},
				"up": {"uv": [0, 3, 5, 0], "texture": "#2"},
				"down": {"uv": [0, 3, 5, 0], "texture": "#2"}
			}
		},
		{
			"from": [7.1, -1.97, 11.72],
			"to": [8.9, -1.73, 13.52],
			"rotation": {"angle": 0, "axis": "x", "origin": [7.1, -0.95, 11.72]},
			"faces": {
				"north": {"uv": [0, 3, 5, 0], "texture": "#1"},
				"east": {"uv": [0, 3, 5, 0], "texture": "#1"},
				"south": {"uv": [0, 3, 5, 0], "texture": "#1"},
				"west": {"uv": [0, 3, 5, 0], "texture": "#1"},
				"up": {"uv": [0, 3, 5, 0], "texture": "#1"},
				"down": {"uv": [0, 3, 5, 0], "texture": "#1"}
			}
		},
		{
			"from": [7.1, -1.37, 11.72],
			"to": [8.9, -1.13, 13.52],
			"rotation": {"angle": -45, "axis": "x", "origin": [7.1, -0.35, 13.52]},
			"faces": {
				"north": {"uv": [5, 3, 0, 0], "texture": "#1"},
				"east": {"uv": [5, 3, 0, 0], "texture": "#1"},
				"south": {"uv": [5, 3, 0, 0], "texture": "#1"},
				"west": {"uv": [5, 3, 0, 0], "texture": "#1"},
				"up": {"uv": [0, 0, 5, 3], "texture": "#1"},
				"down": {"uv": [0, 0, 5, 3], "texture": "#1"}
			}
		},
		{
			"from": [7, -1.55, 13.97],
			"to": [9, 0.25, 14.87],
			"rotation": {"angle": 0, "axis": "x", "origin": [7, -0.65, 22.97]},
			"faces": {
				"north": {"uv": [0, 3, 5, 0], "texture": "#0"},
				"east": {"uv": [0, 3, 5, 0], "texture": "#0"},
				"south": {"uv": [0, 3, 5, 0], "texture": "#0"},
				"west": {"uv": [0, 3, 5, 0], "texture": "#0"},
				"up": {"uv": [0, 3, 5, 0], "texture": "#0"},
				"down": {"uv": [0, 3, 5, 0], "texture": "#0"}
			}
		},
		{
			"from": [7, -1.82, 12.44],
			"to": [9, -0.92, 14.24],
			"rotation": {"angle": -45, "axis": "x", "origin": [7, -0.92, 14.24]},
			"faces": {
				"north": {"uv": [0, 3, 5, 0], "texture": "#0"},
				"east": {"uv": [0, 3, 5, 0], "texture": "#0"},
				"south": {"uv": [0, 3, 5, 0], "texture": "#0"},
				"west": {"uv": [5, 3, 0, 0], "texture": "#0"},
				"up": {"uv": [0, 3, 5, 0], "texture": "#0"},
				"down": {"uv": [0, 3, 5, 0], "texture": "#0"}
			}
		},
		{
			"from": [7.1, -1.37, 11.72],
			"to": [8.9, -1.13, 13.52],
			"rotation": {"angle": 45, "axis": "x", "origin": [7.1, -0.35, 11.72]},
			"faces": {
				"north": {"uv": [0, 3, 5, 0], "texture": "#1"},
				"east": {"uv": [0, 3, 5, 0], "texture": "#1"},
				"south": {"uv": [0, 3, 5, 0], "texture": "#1"},
				"west": {"uv": [0, 3, 5, 0], "texture": "#1"},
				"up": {"uv": [0, 3, 5, 0], "texture": "#1"},
				"down": {"uv": [0, 3, 5, 0], "texture": "#1"}
			}
		},
		{
			"from": [7.1, -1.25, 11.12],
			"to": [8.9, -0.05, 11.36],
			"rotation": {"angle": 0, "axis": "x", "origin": [7.1, -0.23, 11.12]},
			"faces": {
				"north": {"uv": [0, 3, 5, 0], "texture": "#1"},
				"east": {"uv": [0, 3, 5, 0], "texture": "#1"},
				"south": {"uv": [0, 3, 5, 0], "texture": "#1"},
				"west": {"uv": [0, 3, 5, 0], "texture": "#1"},
				"up": {"uv": [0, 3, 5, 0], "texture": "#1"},
				"down": {"uv": [0, 3, 5, 0], "texture": "#1"}
			}
		},
		{
			"from": [7.1, -0.65, 10.4],
			"to": [8.9, -0.41, 12.2],
			"rotation": {"angle": -45, "axis": "x", "origin": [7.1, 0.37, 10.4]},
			"faces": {
				"north": {"uv": [0, 3, 5, 0], "texture": "#1"},
				"east": {"uv": [0, 3, 5, 0], "texture": "#1"},
				"south": {"uv": [0, 3, 5, 0], "texture": "#1"},
				"west": {"uv": [0, 3, 5, 0], "texture": "#1"},
				"up": {"uv": [0, 3, 5, 0], "texture": "#1"},
				"down": {"uv": [0, 3, 5, 0], "texture": "#1"}
			}
		},
		{
			"from": [7.6, -0.05, 12.14],
			"to": [8.4, 0.31, 13.34],
			"rotation": {"angle": 45, "axis": "x", "origin": [7.6, 0.97, 12.14]},
			"faces": {
				"north": {"uv": [0, 3, 5, 0], "texture": "#2"},
				"east": {"uv": [0, 3, 5, 0], "texture": "#2"},
				"south": {"uv": [0, 3, 5, 0], "texture": "#2"},
				"west": {"uv": [0, 3, 5, 0], "texture": "#2"},
				"up": {"uv": [0, 3, 5, 0], "texture": "#2"},
				"down": {"uv": [0, 3, 5, 0], "texture": "#2"}
			}
		},
		{
			"from": [7.6, -2.57, 12.02],
			"to": [8.4, -1.37, 12.38],
			"rotation": {"angle": 45, "axis": "x", "origin": [7.6, -1.37, 13.04]},
			"faces": {
				"north": {"uv": [0, 3, 5, 0], "rotation": 180, "texture": "#2"},
				"east": {"uv": [0, 3, 5, 0], "rotation": 270, "texture": "#2"},
				"south": {"uv": [0, 3, 5, 0], "texture": "#2"},
				"west": {"uv": [0, 3, 5, 0], "rotation": 90, "texture": "#2"},
				"up": {"uv": [0, 3, 5, 0], "rotation": 180, "texture": "#2"},
				"down": {"uv": [0, 3, 5, 0], "texture": "#2"}
			}
		},
		{
			"from": [7.6, -1.55, 12.5],
			"to": [8.4, -0.35, 12.86],
			"rotation": {"angle": -22.5, "axis": "x", "origin": [7.6, -0.35, 13.52]},
			"faces": {
				"north": {"uv": [0, 3, 5, 0], "rotation": 180, "texture": "#2"},
				"east": {"uv": [0, 3, 5, 0], "rotation": 270, "texture": "#2"},
				"south": {"uv": [0, 3, 5, 0], "texture": "#2"},
				"west": {"uv": [0, 3, 5, 0], "rotation": 90, "texture": "#2"},
				"up": {"uv": [0, 3, 5, 0], "rotation": 180, "texture": "#2"},
				"down": {"uv": [0, 3, 5, 0], "texture": "#2"}
			}
		},
		{
			"from": [7.1, 0.55, 13.64],
			"to": [8.9, 0.79, 15.44],
			"rotation": {"angle": 45, "axis": "x", "origin": [7.1, 1.57, 13.64]},
			"faces": {
				"north": {"uv": [0, 3, 5, 0], "texture": "#1"},
				"east": {"uv": [0, 3, 5, 0], "texture": "#1"},
				"south": {"uv": [0, 3, 5, 0], "texture": "#1"},
				"west": {"uv": [0, 3, 5, 0], "texture": "#1"},
				"up": {"uv": [0, 3, 5, 0], "texture": "#1"},
				"down": {"uv": [0, 3, 5, 0], "texture": "#1"}
			}
		},
		{
			"from": [7.1, 0.55, 11.72],
			"to": [8.9, 0.79, 13.52],
			"rotation": {"angle": 0, "axis": "x", "origin": [7.1, 1.57, 11.72]},
			"faces": {
				"north": {"uv": [0, 3, 5, 0], "texture": "#1"},
				"east": {"uv": [0, 3, 5, 0], "texture": "#1"},
				"south": {"uv": [0, 3, 5, 0], "texture": "#1"},
				"west": {"uv": [0, 3, 5, 0], "texture": "#1"},
				"up": {"uv": [0, 3, 5, 0], "texture": "#1"},
				"down": {"uv": [0, 3, 5, 0], "texture": "#1"}
			}
		},
		{
			"from": [7.6, -0.47, 12.56],
			"to": [8.4, 0.73, 12.92],
			"rotation": {"angle": 0, "axis": "x", "origin": [7.6, 0.73, 13.58]},
			"faces": {
				"north": {"uv": [0, 3, 5, 0], "rotation": 180, "texture": "#2"},
				"east": {"uv": [0, 3, 5, 0], "rotation": 270, "texture": "#2"},
				"south": {"uv": [0, 3, 5, 0], "texture": "#2"},
				"west": {"uv": [0, 3, 5, 0], "rotation": 90, "texture": "#2"},
				"up": {"uv": [0, 3, 5, 0], "rotation": 180, "texture": "#2"},
				"down": {"uv": [0, 3, 5, 0], "texture": "#2"}
			}
		},
		{
			"from": [7.6, -0.89, 12.32],
			"to": [8.4, -0.29, 12.92],
			"rotation": {"angle": 0, "axis": "x", "origin": [7.6, 0.13, 12.32]},
			"faces": {
				"north": {"uv": [0, 3, 5, 0], "texture": "#2"},
				"east": {"uv": [0, 3, 5, 0], "texture": "#2"},
				"south": {"uv": [0, 3, 5, 0], "texture": "#2"},
				"west": {"uv": [0, 3, 5, 0], "texture": "#2"},
				"up": {"uv": [0, 3, 5, 0], "texture": "#2"},
				"down": {"uv": [0, 3, 5, 0], "texture": "#2"}
			}
		},
		{
			"from": [7.5, -0.77, 12.44],
			"to": [8.5, -0.41, 12.8],
			"rotation": {"angle": 0, "axis": "x", "origin": [7.5, 0.25, 12.44]},
			"faces": {
				"north": {"uv": [0, 3, 5, 0], "texture": "#1"},
				"east": {"uv": [0, 3, 5, 0], "texture": "#1"},
				"south": {"uv": [0, 3, 5, 0], "texture": "#1"},
				"west": {"uv": [0, 3, 5, 0], "texture": "#1"},
				"up": {"uv": [0, 3, 5, 0], "texture": "#1"},
				"down": {"uv": [0, 3, 5, 0], "texture": "#1"}
			}
		},
		{
			"from": [7, 0.7, 11.72],
			"to": [9, 1.6, 13.52],
			"rotation": {"angle": 0, "axis": "x", "origin": [7, 0.7, 11.72]},
			"faces": {
				"north": {"uv": [0, 0, 5, 3], "texture": "#0"},
				"east": {"uv": [0, 0, 5, 3], "texture": "#0"},
				"south": {"uv": [0, 0, 5, 3], "texture": "#0"},
				"west": {"uv": [0, 0, 5, 3], "texture": "#0"},
				"up": {"uv": [0, 0, 5, 3], "texture": "#0"},
				"down": {"uv": [0, 0, 5, 3], "texture": "#0"}
			}
		},
		{
			"from": [6.5, 1.75, 1.3],
			"to": [9.5, 2.25, 2.3],
			"rotation": {"angle": 0, "axis": "x", "origin": [6.5, 1.75, 1.3]},
			"faces": {
				"north": {"uv": [0, 0, 1, 1], "texture": "#1"},
				"east": {"uv": [0, 0, 1, 1], "texture": "#1"},
				"south": {"uv": [0, 0, 1, 1], "texture": "#1"},
				"west": {"uv": [0, 0, 1, 1], "texture": "#1"},
				"up": {"uv": [0, 0, 1, 1], "texture": "#1"},
				"down": {"uv": [0, 0, 1, 1], "texture": "#1"}
			}
		},
		{
			"from": [6, 2.3, 5.9],
			"to": [10, 3.1, 7.9],
			"rotation": {"angle": 0, "axis": "x", "origin": [6, 2.3, 5.9]},
			"faces": {
				"north": {"uv": [0, 0, 1, 1], "texture": "#0"},
				"east": {"uv": [0, 0, 1, 1], "texture": "#0"},
				"south": {"uv": [0, 0, 1, 1], "texture": "#0"},
				"west": {"uv": [0, 0, 1, 1], "texture": "#0"},
				"up": {"uv": [0, 0, 10, 5], "texture": "#0"},
				"down": {"uv": [0, 0, 1, 1], "texture": "#0"}
			}
		},
		{
			"from": [6, 2.5, 7.9],
			"to": [10, 3.3, 10.4],
			"rotation": {"angle": 0, "axis": "x", "origin": [6, 2.5, 7.9]},
			"faces": {
				"north": {"uv": [0, 0, 1, 1], "texture": "#0"},
				"east": {"uv": [0, 0, 1, 1], "texture": "#0"},
				"south": {"uv": [0, 0, 1, 1], "texture": "#0"},
				"west": {"uv": [0, 0, 1, 1], "texture": "#0"},
				"up": {"uv": [0, 0, 10, 5], "texture": "#0"},
				"down": {"uv": [0, 0, 1, 1], "texture": "#0"}
			}
		},
		{
			"from": [6, 1.2, 9.9],
			"to": [10, 2.7, 10.9],
			"rotation": {"angle": 0, "axis": "x", "origin": [6, 1.2, 9.9]},
			"faces": {
				"north": {"uv": [0, 0, 1, 1], "texture": "#3"},
				"east": {"uv": [0, 0, 1, 1], "texture": "#3"},
				"south": {"uv": [0, 0, 1, 1], "texture": "#3"},
				"west": {"uv": [0, 0, 1, 1], "texture": "#3"},
				"up": {"uv": [0, 0, 1, 1], "texture": "#3"},
				"down": {"uv": [0, 0, 1, 1], "texture": "#3"}
			}
		},
		{
			"from": [6.1, 1.8, 10.8],
			"to": [9.9, 3, 12.3],
			"rotation": {"angle": -22.5, "axis": "x", "origin": [6.1, 1.8, 10.8]},
			"faces": {
				"north": {"uv": [0, 0, 1, 1], "texture": "#3"},
				"east": {"uv": [0, 0, 1, 1], "texture": "#3"},
				"south": {"uv": [0, 0, 1, 1], "texture": "#3"},
				"west": {"uv": [0, 0, 1, 1], "texture": "#3"},
				"up": {"uv": [0, 0, 1, 1], "texture": "#3"},
				"down": {"uv": [0, 0, 1, 1], "texture": "#3"}
			}
		},
		{
			"from": [6.25, 2.55, 12.05],
			"to": [9.75, 3.25, 14.05],
			"rotation": {"angle": -22.5, "axis": "x", "origin": [6.25, 2.55, 12.05]},
			"faces": {
				"north": {"uv": [0, 0, 1, 1], "texture": "#3"},
				"east": {"uv": [0, 0, 1, 1], "texture": "#3"},
				"south": {"uv": [0, 0, 1, 1], "texture": "#3"},
				"west": {"uv": [0, 0, 1, 1], "texture": "#3"},
				"up": {"uv": [0, 0, 1, 1], "texture": "#3"},
				"down": {"uv": [0, 0, 1, 1], "texture": "#3"}
			}
		},
		{
			"from": [6.25, 3.15, 13.5],
			"to": [9.75, 3.85, 14],
			"rotation": {"angle": 0, "axis": "x", "origin": [6.25, 3.15, 13.65]},
			"faces": {
				"north": {"uv": [0, 0, 1, 1], "texture": "#3"},
				"east": {"uv": [0, 0, 1, 1], "texture": "#3"},
				"south": {"uv": [0, 0, 1, 1], "texture": "#3"},
				"west": {"uv": [0, 0, 1, 1], "texture": "#3"},
				"up": {"uv": [0, 0, 1, 1], "texture": "#3"},
				"down": {"uv": [0, 0, 1, 1], "texture": "#3"}
			}
		},
		{
			"from": [6.25, 3.15, 14],
			"to": [7.45, 3.75, 14.1],
			"rotation": {"angle": 0, "axis": "x", "origin": [6.25, 3.15, 13.65]},
			"faces": {
				"north": {"uv": [0, 0, 1, 1], "texture": "#7"},
				"east": {"uv": [0, 0, 1, 1], "texture": "#7"},
				"south": {"uv": [0, 0, 1, 1], "texture": "#7"},
				"west": {"uv": [0, 0, 1, 1], "texture": "#7"},
				"up": {"uv": [0, 0, 1, 1], "texture": "#7"},
				"down": {"uv": [0, 0, 1, 1], "texture": "#7"}
			}
		},
		{
			"from": [8.65, 3.15, 14],
			"to": [9.85, 3.75, 14.1],
			"rotation": {"angle": 0, "axis": "x", "origin": [8.65, 3.15, 13.65]},
			"faces": {
				"north": {"uv": [0, 0, 1, 1], "texture": "#7"},
				"east": {"uv": [0, 0, 1, 1], "texture": "#7"},
				"south": {"uv": [0, 0, 1, 1], "texture": "#7"},
				"west": {"uv": [0, 0, 1, 1], "texture": "#7"},
				"up": {"uv": [0, 0, 1, 1], "texture": "#7"},
				"down": {"uv": [0, 0, 1, 1], "texture": "#7"}
			}
		},
		{
			"from": [6, 1, 7.9],
			"to": [10, 2.5, 9.9],
			"rotation": {"angle": 0, "axis": "x", "origin": [6, 1, 7.9]},
			"faces": {
				"north": {"uv": [0, 0, 1, 1], "texture": "#3"},
				"east": {"uv": [0, 0, 1, 1], "texture": "#3"},
				"south": {"uv": [0, 0, 1, 1], "texture": "#3"},
				"west": {"uv": [0, 0, 1, 1], "texture": "#3"},
				"up": {"uv": [0, 0, 1, 1], "texture": "#3"},
				"down": {"uv": [0, 0, 1, 1], "texture": "#3"}
			}
		},
		{
			"from": [6, 0.8, 5.9],
			"to": [10, 2.3, 7.9],
			"rotation": {"angle": 0, "axis": "x", "origin": [6, 0.8, 5.9]},
			"faces": {
				"north": {"uv": [0, 0, 1, 1], "texture": "#3"},
				"east": {"uv": [0, 0, 1, 1], "texture": "#3"},
				"south": {"uv": [0, 0, 1, 1], "texture": "#3"},
				"west": {"uv": [0, 0, 1, 1], "texture": "#3"},
				"up": {"uv": [0, 0, 1, 1], "texture": "#3"},
				"down": {"uv": [0, 0, 1, 1], "texture": "#3"}
			}
		},
		{
			"from": [6, -0.25, 3.75],
			"to": [10, 4.75, 5.75],
			"rotation": {"angle": -22.5, "axis": "x", "origin": [6, 0.75, 3.75]},
			"faces": {
				"north": {"uv": [0, 0, 1, 1], "texture": "#3"},
				"east": {"uv": [0, 0, 1, 1], "texture": "#3"},
				"south": {"uv": [0, 0, 1, 1], "texture": "#3"},
				"west": {"uv": [0, 0, 1, 1], "texture": "#3"},
				"up": {"uv": [0, 0, 1, 1], "texture": "#3"},
				"down": {"uv": [0, 0, 1, 1], "texture": "#3"}
			}
		},
		{
			"from": [5.9, -0.05, 4.15],
			"to": [10.1, 5.45, 5.65],
			"rotation": {"angle": -22.5, "axis": "x", "origin": [5.9, 0.95, 4.15]},
			"faces": {
				"north": {"uv": [0, 0, 1, 1], "texture": "#2"},
				"east": {"uv": [0, 0, 1, 1], "texture": "#2"},
				"south": {"uv": [0, 0, 1, 1], "texture": "#2"},
				"west": {"uv": [0, 0, 1, 1], "texture": "#2"},
				"up": {"uv": [0, 0, 1, 1], "texture": "#2"},
				"down": {"uv": [0, 0, 1, 1], "texture": "#2"}
			}
		},
		{
			"from": [6.5, -1, 4.25],
			"to": [9.5, 0.5, 6.25],
			"rotation": {"angle": 0, "axis": "x", "origin": [6.5, 0, 4.25]},
			"faces": {
				"north": {"uv": [5, 1, 7, 4], "texture": "#4"},
				"east": {"uv": [5, 1, 7, 4], "texture": "#4"},
				"south": {"uv": [5, 1, 7, 4], "texture": "#4"},
				"west": {"uv": [2, 5, 15, 15], "texture": "#4"},
				"up": {"uv": [5, 1, 7, 4], "texture": "#4"},
				"down": {"uv": [0, 0, 1, 1], "texture": "#4"}
			}
		},
		{
			"from": [8.75, -0.5, 7.25],
			"to": [9.75, 0, 8.5],
			"rotation": {"angle": 0, "axis": "x", "origin": [8.75, 0.5, 7.25]},
			"faces": {
				"north": {"uv": [5, 1, 7, 4], "texture": "#4"},
				"east": {"uv": [5, 7, 12, 11], "texture": "#4"},
				"south": {"uv": [5, 1, 7, 4], "texture": "#4"},
				"west": {"uv": [2, 5, 15, 15], "texture": "#4"},
				"up": {"uv": [5, 1, 7, 4], "texture": "#4"},
				"down": {"uv": [0, 0, 1, 1], "texture": "#4"}
			}
		},
		{
			"from": [5.5, -0.5, 4.75],
			"to": [6.5, 0, 5.75],
			"rotation": {"angle": 0, "axis": "x", "origin": [5.5, 0.5, 4.75]},
			"faces": {
				"north": {"uv": [5, 1, 7, 4], "texture": "#3"},
				"east": {"uv": [5, 1, 7, 4], "texture": "#3"},
				"south": {"uv": [5, 1, 7, 4], "texture": "#3"},
				"west": {"uv": [2, 5, 15, 15], "texture": "#3"},
				"up": {"uv": [5, 1, 7, 4], "texture": "#3"},
				"down": {"uv": [0, 0, 1, 1], "texture": "#3"}
			}
		},
		{
			"from": [5.45, -0.6, 4.85],
			"to": [5.85, 0.15, 6.85],
			"rotation": {"angle": 0, "axis": "x", "origin": [5.45, 0.4, 4.85]},
			"faces": {
				"north": {"uv": [9, 11, 12, 13], "texture": "#3"},
				"east": {"uv": [9, 11, 12, 13], "texture": "#3"},
				"south": {"uv": [9, 11, 12, 13], "texture": "#3"},
				"west": {"uv": [9, 11, 12, 13], "texture": "#3"},
				"up": {"uv": [9, 11, 12, 13], "texture": "#3"},
				"down": {"uv": [0, 0, 1, 1], "texture": "#3"}
			}
		},
		{
			"from": [5.45, -0.4, 7.8],
			"to": [5.85, 0.35, 9.8],
			"rotation": {"angle": 0, "axis": "x", "origin": [5.45, 0.6, 7.8]},
			"faces": {
				"north": {"uv": [9, 11, 12, 13], "texture": "#3"},
				"east": {"uv": [9, 11, 12, 13], "texture": "#3"},
				"south": {"uv": [9, 11, 12, 13], "texture": "#3"},
				"west": {"uv": [9, 11, 12, 13], "texture": "#3"},
				"up": {"uv": [9, 11, 12, 13], "texture": "#3"},
				"down": {"uv": [0, 0, 1, 1], "texture": "#3"}
			}
		},
		{
			"from": [5.45, -0.5, 6.8],
			"to": [5.85, 0.3, 7.8],
			"rotation": {"angle": 0, "axis": "x", "origin": [5.45, 0.5, 6.8]},
			"faces": {
				"north": {"uv": [9, 11, 12, 13], "texture": "#3"},
				"east": {"uv": [9, 11, 12, 13], "texture": "#3"},
				"south": {"uv": [9, 11, 12, 13], "texture": "#3"},
				"west": {"uv": [9, 11, 12, 13], "texture": "#3"},
				"up": {"uv": [9, 11, 12, 13], "texture": "#3"},
				"down": {"uv": [0, 0, 1, 1], "texture": "#3"}
			}
		},
		{
			"from": [6.15, -0.2, 11.2],
			"to": [6.75, 0.55, 13.2],
			"rotation": {"angle": 22.5, "axis": "x", "origin": [6.15, 0.8, 11.45]},
			"faces": {
				"north": {"uv": [5, 1, 7, 4], "texture": "#2"},
				"east": {"uv": [5, 1, 7, 4], "texture": "#2"},
				"south": {"uv": [5, 1, 7, 4], "texture": "#2"},
				"west": {"uv": [2, 5, 15, 15], "texture": "#2"},
				"up": {"uv": [5, 1, 7, 4], "texture": "#2"},
				"down": {"uv": [0, 0, 1, 1], "texture": "#2"}
			}
		},
		{
			"from": [6.65, -0.7, 12.7],
			"to": [7.25, -0.1, 13.3],
			"rotation": {"angle": 22.5, "axis": "x", "origin": [6.65, 0.3, 12.95]},
			"faces": {
				"north": {"uv": [5, 1, 7, 4], "texture": "#2"},
				"east": {"uv": [5, 1, 7, 4], "texture": "#2"},
				"south": {"uv": [5, 1, 7, 4], "texture": "#2"},
				"west": {"uv": [2, 5, 15, 15], "texture": "#2"},
				"up": {"uv": [5, 1, 7, 4], "texture": "#2"},
				"down": {"uv": [0, 0, 1, 1], "texture": "#2"}
			}
		},
		{
			"from": [5.75, -0.1, 10.2],
			"to": [6.35, 0.65, 11.2],
			"rotation": {"angle": 0, "axis": "x", "origin": [5.75, 0.9, 10.45]},
			"faces": {
				"north": {"uv": [5, 1, 7, 4], "texture": "#2"},
				"east": {"uv": [5, 1, 7, 4], "texture": "#2"},
				"south": {"uv": [5, 1, 7, 4], "texture": "#2"},
				"west": {"uv": [2, 5, 15, 15], "texture": "#2"},
				"up": {"uv": [5, 1, 7, 4], "texture": "#2"},
				"down": {"uv": [0, 0, 1, 1], "texture": "#2"}
			}
		},
		{
			"from": [5.75, -0.2, 9.2],
			"to": [6.35, 0.55, 10.2],
			"rotation": {"angle": 0, "axis": "x", "origin": [5.75, 0.8, 9.45]},
			"faces": {
				"north": {"uv": [5, 1, 7, 4], "texture": "#2"},
				"east": {"uv": [5, 1, 7, 4], "texture": "#2"},
				"south": {"uv": [5, 1, 7, 4], "texture": "#2"},
				"west": {"uv": [2, 5, 15, 15], "texture": "#2"},
				"up": {"uv": [5, 1, 7, 4], "texture": "#2"},
				"down": {"uv": [0, 0, 1, 1], "texture": "#2"}
			}
		},
		{
			"from": [8.75, -0.7, 12.7],
			"to": [9.35, -0.1, 13.3],
			"rotation": {"angle": 22.5, "axis": "x", "origin": [9.35, 0.3, 12.95]},
			"faces": {
				"north": {"uv": [7, 1, 5, 4], "texture": "#2"},
				"east": {"uv": [15, 5, 2, 15], "texture": "#2"},
				"south": {"uv": [7, 1, 5, 4], "texture": "#2"},
				"west": {"uv": [7, 1, 5, 4], "texture": "#2"},
				"up": {"uv": [7, 1, 5, 4], "texture": "#2"},
				"down": {"uv": [1, 0, 0, 1], "texture": "#2"}
			}
		},
		{
			"from": [9.25, -0.2, 11.2],
			"to": [9.85, 0.55, 13.2],
			"rotation": {"angle": 22.5, "axis": "x", "origin": [9.85, 0.8, 11.45]},
			"faces": {
				"north": {"uv": [7, 1, 5, 4], "texture": "#2"},
				"east": {"uv": [15, 5, 2, 15], "texture": "#2"},
				"south": {"uv": [7, 1, 5, 4], "texture": "#2"},
				"west": {"uv": [7, 1, 5, 4], "texture": "#2"},
				"up": {"uv": [7, 1, 5, 4], "texture": "#2"},
				"down": {"uv": [1, 0, 0, 1], "texture": "#2"}
			}
		},
		{
			"from": [9.65, -0.1, 10.2],
			"to": [10.25, 0.65, 11.2],
			"rotation": {"angle": 0, "axis": "x", "origin": [10.25, 0.9, 10.45]},
			"faces": {
				"north": {"uv": [7, 1, 5, 4], "texture": "#2"},
				"east": {"uv": [15, 5, 2, 15], "texture": "#2"},
				"south": {"uv": [7, 1, 5, 4], "texture": "#2"},
				"west": {"uv": [7, 1, 5, 4], "texture": "#2"},
				"up": {"uv": [7, 1, 5, 4], "texture": "#2"},
				"down": {"uv": [1, 0, 0, 1], "texture": "#2"}
			}
		},
		{
			"from": [9.65, -0.2, 9.2],
			"to": [10.25, 0.55, 10.2],
			"rotation": {"angle": 0, "axis": "x", "origin": [10.25, 0.8, 9.45]},
			"faces": {
				"north": {"uv": [7, 1, 5, 4], "texture": "#2"},
				"east": {"uv": [15, 5, 2, 15], "texture": "#2"},
				"south": {"uv": [7, 1, 5, 4], "texture": "#2"},
				"west": {"uv": [7, 1, 5, 4], "texture": "#2"},
				"up": {"uv": [7, 1, 5, 4], "texture": "#2"},
				"down": {"uv": [1, 0, 0, 1], "texture": "#2"}
			}
		},
		{
			"from": [6.5, 0, 6.25],
			"to": [9.5, 1.5, 9.25],
			"rotation": {"angle": 0, "axis": "x", "origin": [6.5, 1, 6.25]},
			"faces": {
				"north": {"uv": [5, 1, 7, 4], "texture": "#2"},
				"east": {"uv": [5, 1, 7, 4], "texture": "#2"},
				"south": {"uv": [5, 1, 7, 4], "texture": "#2"},
				"west": {"uv": [2, 5, 15, 15], "texture": "#2"},
				"up": {"uv": [5, 1, 7, 4], "texture": "#2"},
				"down": {"uv": [0, 0, 1, 1], "texture": "#2"}
			}
		},
		{
			"from": [6.5, 0, 9.25],
			"to": [9.5, 1.5, 10.25],
			"rotation": {"angle": 0, "axis": "x", "origin": [6.5, 1, 9.25]},
			"faces": {
				"north": {"uv": [1, 1, 6, 4], "texture": "#4"},
				"east": {"uv": [1, 1, 6, 4], "texture": "#4"},
				"south": {"uv": [1, 1, 6, 4], "texture": "#4"},
				"west": {"uv": [1, 1, 6, 4], "texture": "#4"},
				"up": {"uv": [1, 1, 6, 4], "texture": "#4"},
				"down": {"uv": [0, 0, 1, 1], "texture": "#4"}
			}
		},
		{
			"from": [6.3, 2, 2.6],
			"to": [9.7, 5.8, 4.6],
			"rotation": {"angle": 0, "axis": "x", "origin": [6.25, 2, 2.6]},
			"faces": {
				"north": {"uv": [0, 0, 1, 1], "texture": "#3"},
				"east": {"uv": [0, 0, 1, 1], "texture": "#3"},
				"south": {"uv": [0, 0, 1, 1], "texture": "#3"},
				"west": {"uv": [0, 0, 1, 1], "texture": "#3"},
				"up": {"uv": [0, 0, 1, 1], "texture": "#3"},
				"down": {"uv": [0, 0, 1, 1], "texture": "#3"}
			}
		},
		{
			"from": [6.3, 2.2, 2.8],
			"to": [9.7, 4.7, 3.8],
			"rotation": {"angle": -22.5, "axis": "x", "origin": [6.25, 2.2, 2.8]},
			"faces": {
				"north": {"uv": [0, 0, 1, 1], "texture": "#3"},
				"east": {"uv": [0, 0, 1, 1], "texture": "#3"},
				"south": {"uv": [0, 0, 1, 1], "texture": "#3"},
				"west": {"uv": [0, 0, 1, 1], "texture": "#3"},
				"up": {"uv": [0, 0, 1, 1], "texture": "#3"},
				"down": {"uv": [0, 0, 1, 1], "texture": "#3"}
			}
		},
		{
			"from": [6.3, 4.75, 1.25],
			"to": [9.7, 6.25, 4.25],
			"rotation": {"angle": 22.5, "axis": "x", "origin": [6.25, 4.75, 1.75]},
			"faces": {
				"north": {"uv": [0, 0, 1, 1], "texture": "#3"},
				"east": {"uv": [0, 0, 1, 1], "texture": "#3"},
				"south": {"uv": [0, 0, 1, 1], "texture": "#3"},
				"west": {"uv": [0, 0, 1, 1], "texture": "#3"},
				"up": {"uv": [0, 0, 1, 1], "texture": "#3"},
				"down": {"uv": [0, 0, 1, 1], "texture": "#3"}
			}
		},
		{
			"from": [7.3, 5, 1.25],
			"to": [8.8, 6, 2.25],
			"rotation": {"angle": 0, "axis": "x", "origin": [7.25, 5, 1.75]},
			"faces": {
				"north": {"uv": [0, 0, 16, 13], "texture": "#6"},
				"east": {"uv": [12, 8, 13, 9], "texture": "#4"},
				"south": {"uv": [12, 8, 13, 9], "texture": "#4"},
				"west": {"uv": [12, 8, 13, 9], "texture": "#4"},
				"up": {"uv": [12, 8, 13, 9], "texture": "#4"},
				"down": {"uv": [0, 0, 1, 1], "texture": "#4"}
			}
		},
		{
			"from": [6.3, 4, 1.25],
			"to": [9.7, 5.5, 2.25],
			"rotation": {"angle": 22.5, "axis": "x", "origin": [6.25, 4, 1.75]},
			"faces": {
				"north": {"uv": [0, 0, 1, 1], "texture": "#3"},
				"east": {"uv": [0, 0, 1, 1], "texture": "#3"},
				"south": {"uv": [0, 0, 1, 1], "texture": "#3"},
				"west": {"uv": [0, 0, 1, 1], "texture": "#3"},
				"up": {"uv": [0, 0, 1, 1], "texture": "#3"},
				"down": {"uv": [0, 0, 1, 1], "texture": "#3"}
			}
		},
		{
			"from": [6, 1, 3.5],
			"to": [10, 2, 4],
			"rotation": {"angle": -22.5, "axis": "x", "origin": [6, 1, 3.5]},
			"faces": {
				"north": {"uv": [0, 0, 1, 1], "texture": "#3"},
				"east": {"uv": [0, 0, 1, 1], "texture": "#3"},
				"south": {"uv": [0, 0, 1, 1], "texture": "#3"},
				"west": {"uv": [0, 0, 1, 1], "texture": "#3"},
				"up": {"uv": [0, 0, 1, 1], "texture": "#3"},
				"down": {"uv": [0, 0, 1, 1], "texture": "#3"}
			}
		},
		{
			"from": [6.25, 0.1, 4.9],
			"to": [9.75, 5.5, 6.9],
			"rotation": {"angle": -22.5, "axis": "x", "origin": [6.25, 0, 4.9]},
			"faces": {
				"north": {"uv": [0, 0, 1, 1], "texture": "#3"},
				"east": {"uv": [0, 0, 1, 1], "texture": "#3"},
				"south": {"uv": [0, 0, 1, 1], "texture": "#3"},
				"west": {"uv": [0, 0, 1, 1], "texture": "#3"},
				"up": {"uv": [0, 0, 1, 1], "texture": "#3"},
				"down": {"uv": [0, 0, 1, 1], "texture": "#3"}
			}
		},
		{
			"from": [7.5, 2, 1.55],
			"to": [8.5, 3, 2.35],
			"rotation": {"angle": 0, "axis": "x", "origin": [7.5, 2, 1.55]},
			"faces": {
				"north": {"uv": [0, 0, 1, 1], "texture": "#1"},
				"east": {"uv": [0, 0, 1, 1], "texture": "#1"},
				"south": {"uv": [0, 0, 1, 1], "texture": "#1"},
				"west": {"uv": [0, 0, 1, 1], "texture": "#1"},
				"up": {"uv": [0, 0, 1, 1], "texture": "#1"},
				"down": {"uv": [0, 0, 1, 1], "texture": "#1"}
			}
		},
		{
			"from": [7.5, 3, 1.65],
			"to": [8.5, 4, 2.45],
			"rotation": {"angle": 0, "axis": "x", "origin": [7.5, 3, 1.65]},
			"faces": {
				"north": {"uv": [0, 0, 1, 1], "texture": "#1"},
				"east": {"uv": [0, 0, 1, 1], "texture": "#1"},
				"south": {"uv": [0, 0, 1, 1], "texture": "#1"},
				"west": {"uv": [0, 0, 1, 1], "texture": "#1"},
				"up": {"uv": [0, 0, 1, 1], "texture": "#1"},
				"down": {"uv": [0, 0, 1, 1], "texture": "#1"}
			}
		},
		{
			"from": [7.5, 4, 1.65],
			"to": [8.5, 5, 2.45],
			"rotation": {"angle": 0, "axis": "x", "origin": [7.5, 4, 1.65]},
			"faces": {
				"north": {"uv": [0, 0, 1, 1], "texture": "#1"},
				"east": {"uv": [0, 0, 1, 1], "texture": "#1"},
				"south": {"uv": [0, 0, 1, 1], "texture": "#1"},
				"west": {"uv": [0, 0, 1, 1], "texture": "#1"},
				"up": {"uv": [0, 0, 1, 1], "texture": "#1"},
				"down": {"uv": [0, 0, 1, 1], "texture": "#1"}
			}
		},
		{
			"from": [7.5, 5, 1.75],
			"to": [8.5, 6, 2.55],
			"rotation": {"angle": 0, "axis": "x", "origin": [7.5, 5, 1.75]},
			"faces": {
				"north": {"uv": [0, 0, 1, 1], "texture": "#1"},
				"east": {"uv": [0, 0, 1, 1], "texture": "#1"},
				"south": {"uv": [0, 0, 1, 1], "texture": "#1"},
				"west": {"uv": [0, 0, 1, 1], "texture": "#1"},
				"up": {"uv": [0, 0, 1, 1], "texture": "#1"},
				"down": {"uv": [0, 0, 1, 1], "texture": "#1"}
			}
		},
		{
			"from": [7.5, 6, 2.8],
			"to": [8.5, 7, 3.6],
			"rotation": {"angle": 22.5, "axis": "x", "origin": [7.5, 6, 2.8]},
			"faces": {
				"north": {"uv": [0, 0, 1, 1], "texture": "#1"},
				"east": {"uv": [0, 0, 1, 1], "texture": "#1"},
				"south": {"uv": [0, 0, 1, 1], "texture": "#1"},
				"west": {"uv": [0, 0, 1, 1], "texture": "#1"},
				"up": {"uv": [0, 0, 1, 1], "texture": "#1"},
				"down": {"uv": [0, 0, 1, 1], "texture": "#1"}
			}
		},
		{
			"from": [7, 6.7, 3.25],
			"to": [9, 7.4, 3.95],
			"rotation": {"angle": 22.5, "axis": "x", "origin": [7, 6.7, 3.25]},
			"faces": {
				"north": {"uv": [0, 0, 1, 1], "texture": "#1"},
				"east": {"uv": [0, 0, 1, 1], "texture": "#1"},
				"south": {"uv": [0, 0, 1, 1], "texture": "#1"},
				"west": {"uv": [0, 0, 1, 1], "texture": "#1"},
				"up": {"uv": [0, 0, 1, 1], "texture": "#1"},
				"down": {"uv": [0, 0, 1, 1], "texture": "#1"}
			}
		},
		{
			"from": [5, 6.6, 3.25],
			"to": [7, 7.2, 3.95],
			"rotation": {"angle": 22.5, "axis": "y", "origin": [7, 6.6, 3.25]},
			"faces": {
				"north": {"uv": [1, 0, 0, 1], "texture": "#1"},
				"east": {"uv": [1, 0, 0, 1], "texture": "#1"},
				"south": {"uv": [1, 0, 0, 1], "texture": "#1"},
				"west": {"uv": [1, 0, 0, 1], "texture": "#1"},
				"up": {"uv": [1, 0, 0, 1], "texture": "#1"},
				"down": {"uv": [1, 0, 0, 1], "texture": "#1"}
			}
		},
		{
			"from": [4, 6.5, 3.65],
			"to": [5.5, 7.3, 4.45],
			"rotation": {"angle": 22.5, "axis": "y", "origin": [6, 6.6, 3.65]},
			"faces": {
				"north": {"uv": [1, 0, 0, 1], "texture": "#2"},
				"east": {"uv": [1, 0, 0, 1], "texture": "#2"},
				"south": {"uv": [1, 0, 0, 1], "texture": "#2"},
				"west": {"uv": [1, 0, 0, 1], "texture": "#2"},
				"up": {"uv": [1, 0, 0, 1], "texture": "#2"},
				"down": {"uv": [1, 0, 0, 1], "texture": "#2"}
			}
		},
		{
			"from": [9, 6.6, 3.25],
			"to": [11, 7.2, 3.95],
			"rotation": {"angle": -22.5, "axis": "y", "origin": [9, 6.6, 3.25]},
			"faces": {
				"north": {"uv": [0, 0, 1, 1], "texture": "#1"},
				"east": {"uv": [0, 0, 1, 1], "texture": "#1"},
				"south": {"uv": [0, 0, 1, 1], "texture": "#1"},
				"west": {"uv": [0, 0, 1, 1], "texture": "#1"},
				"up": {"uv": [0, 0, 1, 1], "texture": "#1"},
				"down": {"uv": [0, 0, 1, 1], "texture": "#1"}
			}
		},
		{
			"from": [10.5, 6.5, 3.65],
			"to": [12, 7.3, 4.45],
			"rotation": {"angle": -22.5, "axis": "y", "origin": [10, 6.6, 3.65]},
			"faces": {
				"north": {"uv": [0, 0, 1, 1], "texture": "#2"},
				"east": {"uv": [0, 0, 1, 1], "texture": "#2"},
				"south": {"uv": [0, 0, 1, 1], "texture": "#2"},
				"west": {"uv": [0, 0, 1, 1], "texture": "#2"},
				"up": {"uv": [0, 0, 1, 1], "texture": "#2"},
				"down": {"uv": [0, 0, 1, 1], "texture": "#2"}
			}
		}
	],
	"display": {
		"head": {
			"translation": [0, 13, 0],
			"scale": [4, 4, 4]
		}
	}
}