{
	"credit": "Made with Blockbench",
	"textures": {
		"0": "block/gold_ore",
		"particle": "block/gold_ore"
	},
	"elements": [
		{
			"from": [3, 4.5, 3.75],
			"to": [4, 6.5, 4.75],
			"rotation": {"angle": 0, "axis": "y", "origin": [0, -1, 2]},
			"faces": {
				"north": {"uv": [13, 13, 11, 11], "rotation": 90, "texture": "#0"},
				"east": {"uv": [13, 13, 11, 11], "rotation": 90, "texture": "#0"},
				"south": {"uv": [13, 13, 11, 11], "rotation": 90, "texture": "#0"},
				"west": {"uv": [13, 13, 11, 11], "rotation": 90, "texture": "#0"},
				"up": {"uv": [13, 13, 11, 11], "rotation": 90, "texture": "#0"},
				"down": {"uv": [13, 13, 11, 11], "rotation": 90, "texture": "#0"}
			}
		},
		{
			"from": [3.25, 3, 3.5],
			"to": [4.25, 4.5, 4.5],
			"rotation": {"angle": 0, "axis": "y", "origin": [0, -1, 2]},
			"faces": {
				"north": {"uv": [13, 13, 11, 11], "rotation": 90, "texture": "#0"},
				"east": {"uv": [13, 13, 11, 11], "rotation": 90, "texture": "#0"},
				"south": {"uv": [13, 13, 11, 11], "rotation": 90, "texture": "#0"},
				"west": {"uv": [13, 13, 11, 11], "rotation": 90, "texture": "#0"},
				"up": {"uv": [13, 13, 11, 11], "rotation": 90, "texture": "#0"},
				"down": {"uv": [13, 13, 11, 11], "rotation": 90, "texture": "#0"}
			}
		},
		{
			"from": [3.75, 2, 3.25],
			"to": [4.75, 3, 4.25],
			"rotation": {"angle": 0, "axis": "y", "origin": [0, -1, 2]},
			"faces": {
				"north": {"uv": [13, 13, 11, 11], "rotation": 90, "texture": "#0"},
				"east": {"uv": [13, 13, 11, 11], "rotation": 90, "texture": "#0"},
				"south": {"uv": [13, 13, 11, 11], "rotation": 90, "texture": "#0"},
				"west": {"uv": [13, 13, 11, 11], "rotation": 90, "texture": "#0"},
				"up": {"uv": [13, 13, 11, 11], "rotation": 90, "texture": "#0"},
				"down": {"uv": [13, 13, 11, 11], "rotation": 90, "texture": "#0"}
			}
		},
		{
			"from": [4.25, 1, 3],
			"to": [5.75, 2, 4],
			"rotation": {"angle": 0, "axis": "y", "origin": [0, -1, 2]},
			"faces": {
				"north": {"uv": [13, 13, 11, 11], "rotation": 90, "texture": "#0"},
				"east": {"uv": [13, 13, 11, 11], "rotation": 90, "texture": "#0"},
				"south": {"uv": [13, 13, 11, 11], "rotation": 90, "texture": "#0"},
				"west": {"uv": [13, 13, 11, 11], "rotation": 90, "texture": "#0"},
				"up": {"uv": [13, 13, 11, 11], "rotation": 90, "texture": "#0"},
				"down": {"uv": [13, 13, 11, 11], "rotation": 90, "texture": "#0"}
			}
		},
		{
			"from": [5.25, 0, 3],
			"to": [7.25, 1, 4],
			"rotation": {"angle": 0, "axis": "y", "origin": [0, -1, 2]},
			"faces": {
				"north": {"uv": [13, 13, 11, 11], "rotation": 90, "texture": "#0"},
				"east": {"uv": [13, 13, 11, 11], "rotation": 90, "texture": "#0"},
				"south": {"uv": [13, 13, 11, 11], "rotation": 90, "texture": "#0"},
				"west": {"uv": [13, 13, 11, 11], "rotation": 90, "texture": "#0"},
				"up": {"uv": [13, 13, 11, 11], "rotation": 90, "texture": "#0"},
				"down": {"uv": [13, 13, 11, 11], "rotation": 90, "texture": "#0"}
			}
		},
		{
			"from": [6.75, 1, 3],
			"to": [7.25, 2, 4],
			"rotation": {"angle": 0, "axis": "y", "origin": [0, -1, 2]},
			"faces": {
				"north": {"uv": [13, 13, 11, 11], "rotation": 90, "texture": "#0"},
				"east": {"uv": [13, 13, 11, 11], "rotation": 90, "texture": "#0"},
				"south": {"uv": [13, 13, 11, 11], "rotation": 90, "texture": "#0"},
				"west": {"uv": [13, 13, 11, 11], "rotation": 90, "texture": "#0"},
				"up": {"uv": [13, 13, 11, 11], "rotation": 90, "texture": "#0"},
				"down": {"uv": [13, 13, 11, 11], "rotation": 90, "texture": "#0"}
			}
		},
		{
			"from": [6.75, -1, 3],
			"to": [7.25, 0, 4],
			"rotation": {"angle": 0, "axis": "y", "origin": [0, -1, 2]},
			"faces": {
				"north": {"uv": [13, 13, 11, 11], "rotation": 90, "texture": "#0"},
				"east": {"uv": [13, 13, 11, 11], "rotation": 90, "texture": "#0"},
				"south": {"uv": [13, 13, 11, 11], "rotation": 90, "texture": "#0"},
				"west": {"uv": [13, 13, 11, 11], "rotation": 90, "texture": "#0"},
				"up": {"uv": [13, 13, 11, 11], "rotation": 90, "texture": "#0"},
				"down": {"uv": [13, 13, 11, 11], "rotation": 90, "texture": "#0"}
			}
		},
		{
			"from": [7.25, -1.5, 3],
			"to": [8.25, -1, 4],
			"rotation": {"angle": 0, "axis": "y", "origin": [0, -1, 2]},
			"faces": {
				"north": {"uv": [13, 13, 11, 11], "rotation": 90, "texture": "#0"},
				"east": {"uv": [13, 13, 11, 11], "rotation": 90, "texture": "#0"},
				"south": {"uv": [13, 13, 11, 11], "rotation": 90, "texture": "#0"},
				"west": {"uv": [13, 13, 11, 11], "rotation": 90, "texture": "#0"},
				"up": {"uv": [13, 13, 11, 11], "rotation": 90, "texture": "#0"},
				"down": {"uv": [13, 13, 11, 11], "rotation": 90, "texture": "#0"}
			}
		},
		{
			"from": [7.25, 2, 3],
			"to": [8.25, 2.5, 4],
			"rotation": {"angle": 0, "axis": "y", "origin": [0, -1, 2]},
			"faces": {
				"north": {"uv": [13, 13, 11, 11], "rotation": 90, "texture": "#0"},
				"east": {"uv": [13, 13, 11, 11], "rotation": 90, "texture": "#0"},
				"south": {"uv": [13, 13, 11, 11], "rotation": 90, "texture": "#0"},
				"west": {"uv": [13, 13, 11, 11], "rotation": 90, "texture": "#0"},
				"up": {"uv": [13, 13, 11, 11], "rotation": 90, "texture": "#0"},
				"down": {"uv": [13, 13, 11, 11], "rotation": 90, "texture": "#0"}
			}
		},
		{
			"from": [2.75, 6.5, 4],
			"to": [3.75, 9.5, 5],
			"rotation": {"angle": 0, "axis": "y", "origin": [0, -1, 2]},
			"faces": {
				"north": {"uv": [13, 13, 11, 11], "rotation": 90, "texture": "#0"},
				"east": {"uv": [13, 13, 11, 11], "rotation": 90, "texture": "#0"},
				"south": {"uv": [13, 13, 11, 11], "rotation": 90, "texture": "#0"},
				"west": {"uv": [13, 13, 11, 11], "rotation": 90, "texture": "#0"},
				"up": {"uv": [13, 13, 11, 11], "rotation": 90, "texture": "#0"},
				"down": {"uv": [13, 13, 11, 11], "rotation": 90, "texture": "#0"}
			}
		},
		{
			"from": [8.25, -1.5, 3],
			"to": [9.25, -1, 4],
			"rotation": {"angle": 0, "axis": "y", "origin": [16, -1, 2]},
			"faces": {
				"north": {"uv": [13, 11, 11, 13], "rotation": 90, "texture": "#0"},
				"east": {"uv": [13, 11, 11, 13], "rotation": 90, "texture": "#0"},
				"south": {"uv": [13, 11, 11, 13], "rotation": 90, "texture": "#0"},
				"west": {"uv": [13, 11, 11, 13], "rotation": 90, "texture": "#0"},
				"up": {"uv": [13, 11, 11, 13], "rotation": 90, "texture": "#0"},
				"down": {"uv": [13, 11, 11, 13], "rotation": 90, "texture": "#0"}
			}
		},
		{
			"from": [12.5, 4.5, 3.75],
			"to": [13.5, 6.5, 4.75],
			"rotation": {"angle": 0, "axis": "y", "origin": [16, -1, 2]},
			"faces": {
				"north": {"uv": [13, 11, 11, 13], "rotation": 90, "texture": "#0"},
				"east": {"uv": [13, 11, 11, 13], "rotation": 90, "texture": "#0"},
				"south": {"uv": [13, 11, 11, 13], "rotation": 90, "texture": "#0"},
				"west": {"uv": [13, 11, 11, 13], "rotation": 90, "texture": "#0"},
				"up": {"uv": [13, 11, 11, 13], "rotation": 90, "texture": "#0"},
				"down": {"uv": [13, 11, 11, 13], "rotation": 90, "texture": "#0"}
			}
		},
		{
			"from": [12.75, 6.5, 4],
			"to": [13.75, 9.5, 5],
			"rotation": {"angle": 0, "axis": "y", "origin": [16, -1, 2]},
			"faces": {
				"north": {"uv": [13, 11, 11, 13], "rotation": 90, "texture": "#0"},
				"east": {"uv": [13, 11, 11, 13], "rotation": 90, "texture": "#0"},
				"south": {"uv": [13, 11, 11, 13], "rotation": 90, "texture": "#0"},
				"west": {"uv": [13, 11, 11, 13], "rotation": 90, "texture": "#0"},
				"up": {"uv": [13, 11, 11, 13], "rotation": 90, "texture": "#0"},
				"down": {"uv": [13, 11, 11, 13], "rotation": 90, "texture": "#0"}
			}
		},
		{
			"from": [12.25, 3, 3.5],
			"to": [13.25, 4.5, 4.5],
			"rotation": {"angle": 0, "axis": "y", "origin": [16, -1, 2]},
			"faces": {
				"north": {"uv": [13, 11, 11, 13], "rotation": 90, "texture": "#0"},
				"east": {"uv": [13, 11, 11, 13], "rotation": 90, "texture": "#0"},
				"south": {"uv": [13, 11, 11, 13], "rotation": 90, "texture": "#0"},
				"west": {"uv": [13, 11, 11, 13], "rotation": 90, "texture": "#0"},
				"up": {"uv": [13, 11, 11, 13], "rotation": 90, "texture": "#0"},
				"down": {"uv": [13, 11, 11, 13], "rotation": 90, "texture": "#0"}
			}
		},
		{
			"from": [11.75, 2, 3.25],
			"to": [12.75, 3, 4.25],
			"rotation": {"angle": 0, "axis": "y", "origin": [16, -1, 2]},
			"faces": {
				"north": {"uv": [13, 11, 11, 13], "rotation": 90, "texture": "#0"},
				"east": {"uv": [13, 11, 11, 13], "rotation": 90, "texture": "#0"},
				"south": {"uv": [13, 11, 11, 13], "rotation": 90, "texture": "#0"},
				"west": {"uv": [13, 11, 11, 13], "rotation": 90, "texture": "#0"},
				"up": {"uv": [13, 11, 11, 13], "rotation": 90, "texture": "#0"},
				"down": {"uv": [13, 11, 11, 13], "rotation": 90, "texture": "#0"}
			}
		},
		{
			"from": [10.75, 1, 3],
			"to": [12.25, 2, 4],
			"rotation": {"angle": 0, "axis": "y", "origin": [16, -1, 2]},
			"faces": {
				"north": {"uv": [13, 11, 11, 13], "rotation": 90, "texture": "#0"},
				"east": {"uv": [13, 11, 11, 13], "rotation": 90, "texture": "#0"},
				"south": {"uv": [13, 11, 11, 13], "rotation": 90, "texture": "#0"},
				"west": {"uv": [13, 11, 11, 13], "rotation": 90, "texture": "#0"},
				"up": {"uv": [13, 11, 11, 13], "rotation": 90, "texture": "#0"},
				"down": {"uv": [13, 11, 11, 13], "rotation": 90, "texture": "#0"}
			}
		},
		{
			"from": [9.25, 0, 3],
			"to": [11.25, 1, 4],
			"rotation": {"angle": 0, "axis": "y", "origin": [16, -1, 2]},
			"faces": {
				"north": {"uv": [13, 11, 11, 13], "rotation": 90, "texture": "#0"},
				"east": {"uv": [13, 11, 11, 13], "rotation": 90, "texture": "#0"},
				"south": {"uv": [13, 11, 11, 13], "rotation": 90, "texture": "#0"},
				"west": {"uv": [13, 11, 11, 13], "rotation": 90, "texture": "#0"},
				"up": {"uv": [13, 11, 11, 13], "rotation": 90, "texture": "#0"},
				"down": {"uv": [13, 11, 11, 13], "rotation": 90, "texture": "#0"}
			}
		},
		{
			"from": [9.25, 1, 3],
			"to": [9.75, 2, 4],
			"rotation": {"angle": 0, "axis": "y", "origin": [16, -1, 2]},
			"faces": {
				"north": {"uv": [13, 11, 11, 13], "rotation": 90, "texture": "#0"},
				"east": {"uv": [13, 11, 11, 13], "rotation": 90, "texture": "#0"},
				"south": {"uv": [13, 11, 11, 13], "rotation": 90, "texture": "#0"},
				"west": {"uv": [13, 11, 11, 13], "rotation": 90, "texture": "#0"},
				"up": {"uv": [13, 11, 11, 13], "rotation": 90, "texture": "#0"},
				"down": {"uv": [13, 11, 11, 13], "rotation": 90, "texture": "#0"}
			}
		},
		{
			"from": [9.25, -1, 3],
			"to": [9.75, 0, 4],
			"rotation": {"angle": 0, "axis": "y", "origin": [16, -1, 2]},
			"faces": {
				"north": {"uv": [13, 11, 11, 13], "rotation": 90, "texture": "#0"},
				"east": {"uv": [13, 11, 11, 13], "rotation": 90, "texture": "#0"},
				"south": {"uv": [13, 11, 11, 13], "rotation": 90, "texture": "#0"},
				"west": {"uv": [13, 11, 11, 13], "rotation": 90, "texture": "#0"},
				"up": {"uv": [13, 11, 11, 13], "rotation": 90, "texture": "#0"},
				"down": {"uv": [13, 11, 11, 13], "rotation": 90, "texture": "#0"}
			}
		},
		{
			"from": [8.25, 2, 3],
			"to": [9.25, 2.5, 4],
			"rotation": {"angle": 0, "axis": "y", "origin": [16, -1, 2]},
			"faces": {
				"north": {"uv": [13, 11, 11, 13], "rotation": 90, "texture": "#0"},
				"east": {"uv": [13, 11, 11, 13], "rotation": 90, "texture": "#0"},
				"south": {"uv": [13, 11, 11, 13], "rotation": 90, "texture": "#0"},
				"west": {"uv": [13, 11, 11, 13], "rotation": 90, "texture": "#0"},
				"up": {"uv": [13, 11, 11, 13], "rotation": 90, "texture": "#0"},
				"down": {"uv": [13, 11, 11, 13], "rotation": 90, "texture": "#0"}
			}
		}
	],
	"display": {
		"thirdperson_righthand": {
			"translation": [0, 0, 2],
			"scale": [0.5, 0.5, 0.5]
		},
		"thirdperson_lefthand": {
			"translation": [0, 0, 2],
			"scale": [0.5, 0.5, 0.5]
		},
		"ground": {
			"rotation": [-90, 0, 0],
			"scale": [0.8, 0.8, 0.8]
		},
		"gui": {
			"translation": [0, 5, 0],
			"scale": [1.5, 1.5, 1.5]
		},
		"head": {
			"translation": [0, -8, 0]
		}
	}
}