{
	"credit": "Made with Blockbench",
	"textures": {
		"0": "block/red_terracotta",
		"1": "block/blue_wool",
		"2": "block/stripped_oak_log",
		"3": "block/white_wool",
		"particle": "block/red_terracotta"
	},
	"elements": [
		{
			"from": [4.5, 1, 5.5],
			"to": [12.5, 12, 9.5],
			"faces": {
				"north": {"uv": [0, 0, 3, 4], "texture": "#1"},
				"east": {"uv": [0, 0, 4, 11], "texture": "#1"},
				"south": {"uv": [0, 0, 3, 4], "texture": "#1"},
				"west": {"uv": [0, 0, 3, 4], "texture": "#1"},
				"up": {"uv": [0, 0, 8, 4], "texture": "#1"},
				"down": {"uv": [0, 0, 8, 4], "texture": "#1"}
			}
		},
		{
			"from": [5.5, 9, 8.65],
			"to": [11.5, 11, 9.65],
			"faces": {
				"north": {"uv": [0, 0, 3, 4], "texture": "#0"},
				"east": {"uv": [0, 0, 4, 11], "texture": "#0"},
				"south": {"uv": [0, 0, 3, 4], "texture": "#0"},
				"west": {"uv": [0, 0, 3, 4], "texture": "#0"},
				"up": {"uv": [0, 0, 8, 4], "texture": "#0"},
				"down": {"uv": [0, 0, 8, 4], "texture": "#0"}
			}
		},
		{
			"from": [5.75, 9.25, 8.75],
			"to": [11.25, 10.75, 9.75],
			"faces": {
				"north": {"uv": [0, 0, 3, 4], "texture": "#3"},
				"east": {"uv": [0, 0, 4, 11], "texture": "#3"},
				"south": {"uv": [0, 0, 3, 4], "texture": "#3"},
				"west": {"uv": [0, 0, 3, 4], "texture": "#3"},
				"up": {"uv": [0, 0, 8, 4], "texture": "#3"},
				"down": {"uv": [0, 0, 8, 4], "texture": "#3"}
			}
		},
		{
			"from": [9.5, 3, 8.75],
			"to": [11.5, 4, 9.75],
			"rotation": {"angle": 22.5, "axis": "z", "origin": [0, 0, 0]},
			"faces": {
				"north": {"uv": [0, 0, 3, 4], "texture": "#2"},
				"east": {"uv": [0, 0, 4, 11], "texture": "#2"},
				"south": {"uv": [0, 0, 3, 4], "texture": "#2"},
				"west": {"uv": [0, 0, 3, 4], "texture": "#2"},
				"up": {"uv": [0, 0, 8, 4], "texture": "#2"},
				"down": {"uv": [0, 0, 8, 4], "texture": "#2"}
			}
		},
		{
			"from": [6, 3, 8.6],
			"to": [11, 6, 9.6],
			"faces": {
				"north": {"uv": [0, 0, 3, 4], "texture": "#3"},
				"east": {"uv": [0, 0, 4, 11], "texture": "#3"},
				"south": {"uv": [0, 0, 3, 4], "texture": "#3"},
				"west": {"uv": [0, 0, 3, 4], "texture": "#3"},
				"up": {"uv": [0, 0, 8, 4], "texture": "#3"},
				"down": {"uv": [0, 0, 8, 4], "texture": "#3"}
			}
		},
		{
			"from": [6.25, 3, 8.75],
			"to": [6.75, 6, 9.75],
			"faces": {
				"north": {"uv": [0, 0, 3, 4], "texture": "#2"},
				"east": {"uv": [0, 0, 4, 11], "texture": "#2"},
				"south": {"uv": [0, 0, 3, 4], "texture": "#2"},
				"west": {"uv": [0, 0, 3, 4], "texture": "#2"},
				"up": {"uv": [0, 0, 8, 4], "texture": "#2"},
				"down": {"uv": [0, 0, 8, 4], "texture": "#2"}
			}
		},
		{
			"from": [6.75, 3, 8.75],
			"to": [7.25, 6, 9.75],
			"faces": {
				"north": {"uv": [0, 0, 3, 4], "texture": "#2"},
				"east": {"uv": [0, 0, 4, 11], "texture": "#2"},
				"south": {"uv": [0, 0, 3, 4], "texture": "#2"},
				"west": {"uv": [0, 0, 3, 4], "texture": "#2"},
				"up": {"uv": [0, 0, 8, 4], "texture": "#2"},
				"down": {"uv": [0, 0, 8, 4], "texture": "#2"}
			}
		},
		{
			"from": [7.35, 3, 8.75],
			"to": [7.85, 6, 9.75],
			"faces": {
				"north": {"uv": [0, 0, 3, 4], "texture": "#2"},
				"east": {"uv": [0, 0, 4, 11], "texture": "#2"},
				"south": {"uv": [0, 0, 3, 4], "texture": "#2"},
				"west": {"uv": [0, 0, 3, 4], "texture": "#2"},
				"up": {"uv": [0, 0, 8, 4], "texture": "#2"},
				"down": {"uv": [0, 0, 8, 4], "texture": "#2"}
			}
		},
		{
			"from": [8.1, 3, 8.75],
			"to": [8.6, 6, 9.75],
			"faces": {
				"north": {"uv": [0, 0, 3, 4], "texture": "#2"},
				"east": {"uv": [0, 0, 4, 11], "texture": "#2"},
				"south": {"uv": [0, 0, 3, 4], "texture": "#2"},
				"west": {"uv": [0, 0, 3, 4], "texture": "#2"},
				"up": {"uv": [0, 0, 8, 4], "texture": "#2"},
				"down": {"uv": [0, 0, 8, 4], "texture": "#2"}
			}
		},
		{
			"from": [8.6, 3, 8.75],
			"to": [9.1, 6, 9.75],
			"faces": {
				"north": {"uv": [0, 0, 3, 4], "texture": "#2"},
				"east": {"uv": [0, 0, 4, 11], "texture": "#2"},
				"south": {"uv": [0, 0, 3, 4], "texture": "#2"},
				"west": {"uv": [0, 0, 3, 4], "texture": "#2"},
				"up": {"uv": [0, 0, 8, 4], "texture": "#2"},
				"down": {"uv": [0, 0, 8, 4], "texture": "#2"}
			}
		},
		{
			"from": [9.25, 3, 8.75],
			"to": [9.75, 6, 9.75],
			"faces": {
				"north": {"uv": [0, 0, 3, 4], "texture": "#2"},
				"east": {"uv": [0, 0, 4, 11], "texture": "#2"},
				"south": {"uv": [0, 0, 3, 4], "texture": "#2"},
				"west": {"uv": [0, 0, 3, 4], "texture": "#2"},
				"up": {"uv": [0, 0, 8, 4], "texture": "#2"},
				"down": {"uv": [0, 0, 8, 4], "texture": "#2"}
			}
		},
		{
			"from": [10, 3, 8.75],
			"to": [10.5, 6, 9.75],
			"faces": {
				"north": {"uv": [0, 0, 3, 4], "texture": "#2"},
				"east": {"uv": [0, 0, 4, 11], "texture": "#2"},
				"south": {"uv": [0, 0, 3, 4], "texture": "#2"},
				"west": {"uv": [0, 0, 3, 4], "texture": "#2"},
				"up": {"uv": [0, 0, 8, 4], "texture": "#2"},
				"down": {"uv": [0, 0, 8, 4], "texture": "#2"}
			}
		},
		{
			"from": [10.5, 3, 8.75],
			"to": [11, 6, 9.75],
			"faces": {
				"north": {"uv": [0, 0, 3, 4], "texture": "#2"},
				"east": {"uv": [0, 0, 4, 11], "texture": "#2"},
				"south": {"uv": [0, 0, 3, 4], "texture": "#2"},
				"west": {"uv": [0, 0, 3, 4], "texture": "#2"},
				"up": {"uv": [0, 0, 8, 4], "texture": "#2"},
				"down": {"uv": [0, 0, 8, 4], "texture": "#2"}
			}
		}
	],
	"display": {
		"gui": {
			"scale": [1.5, 1.5, 1.5]
		},
		"head": {
			"rotation": [0, 178, 0],
			"translation": [0, 5, 0]
		},
		"fixed": {
			"rotation": [-91, 0, 0],
			"translation": [0, 0, -4],
			"scale": [2, 2, 2]
		}
	}
}