{
	"credit": "Made with Blockbench",
	"textures": {
		"3": "block/white_wool",
		"4": "custom/noodle",
		"particle": "block/red_terracotta"
	},
	"elements": [
		{
			"from": [4.5, 5, 3.5],
			"to": [12.5, 6, 9.5],
			"faces": {
				"north": {"uv": [0, 0, 3, 4], "texture": "#3"},
				"east": {"uv": [0, 0, 4, 11], "texture": "#3"},
				"south": {"uv": [0, 0, 3, 4], "texture": "#3"},
				"west": {"uv": [0, 0, 3, 4], "texture": "#3"},
				"up": {"uv": [11, 2, 13, 4], "texture": "#3"},
				"down": {"uv": [0, 0, 8, 4], "texture": "#3"}
			}
		},
		{
			"from": [6, 6, 4],
			"to": [11, 7, 9],
			"faces": {
				"north": {"uv": [0, 0.5, 16, 16], "texture": "#4"},
				"east": {"uv": [0, 0.5, 16, 16], "texture": "#4"},
				"south": {"uv": [0, 0.5, 16, 16], "texture": "#4"},
				"west": {"uv": [0, 0.5, 16, 16], "texture": "#4"},
				"up": {"uv": [0, 0.5, 16, 16], "texture": "#4"},
				"down": {"uv": [0, 0, 8, 4], "texture": "#4"}
			}
		},
		{
			"from": [5.5, 5, 2.5],
			"to": [11.5, 6, 10.5],
			"faces": {
				"north": {"uv": [0, 0, 3, 4], "texture": "#3"},
				"east": {"uv": [0, 0, 4, 11], "texture": "#3"},
				"south": {"uv": [0, 0, 3, 4], "texture": "#3"},
				"west": {"uv": [0, 0, 3, 4], "texture": "#3"},
				"up": {"uv": [11, 2, 13, 4], "texture": "#3"},
				"down": {"uv": [0, 0, 8, 4], "texture": "#3"}
			}
		}
	],
	"display": {
		"ground": {
			"scale": [1.5, 1.5, 1.5]
		},
		"gui": {
			"rotation": [25, 0, 0],
			"scale": [1.8, 1.8, 1.8]
		},
		"fixed": {
			"rotation": [-91, 0, 0],
			"translation": [0, 0, -4],
			"scale": [2, 2, 2]
		}
	}
}