{
	"credit": "Made with Blockbench",
	"textures": {
		"1": "block/sweet_berry_bush_stage1",
		"2": "custom/orangjuice",
		"3": "block/white_concrete_powder",
		"4": "block/grass_block_side",
		"5": "custom/dsign1",
		"particle": "block/orange_wool"
	},
	"elements": [
		{
			"from": [6, 2, 6],
			"to": [10, 7.5, 9],
			"rotation": {"angle": 0, "axis": "y", "origin": [-1, 5, 0]},
			"faces": {
				"north": {"uv": [14, 0, 15, 1], "texture": "#4"},
				"east": {"uv": [14, 0, 15, 1], "texture": "#4"},
				"south": {"uv": [14, 0, 15, 1], "texture": "#4"},
				"west": {"uv": [14, 0, 15, 1], "texture": "#4"},
				"up": {"uv": [14, 0, 15, 1], "texture": "#4"},
				"down": {"uv": [14, 0, 15, 1], "texture": "#4"}
			}
		},
		{
			"from": [6, 7.25, 6],
			"to": [10, 9.75, 9],
			"rotation": {"angle": 0, "axis": "y", "origin": [-1, 5, 0]},
			"faces": {
				"north": {"uv": [12, 5, 13, 6], "texture": "#1"},
				"east": {"uv": [12, 5, 13, 6], "texture": "#1"},
				"south": {"uv": [12, 5, 13, 6], "texture": "#1"},
				"west": {"uv": [12, 5, 13, 6], "texture": "#1"},
				"up": {"uv": [12, 5, 13, 6], "texture": "#1"},
				"down": {"uv": [12, 5, 13, 6], "texture": "#1"}
			}
		},
		{
			"from": [7, 9.75, 6.25],
			"to": [8.5, 10.25, 7.75],
			"rotation": {"angle": 0, "axis": "y", "origin": [-1, 5, 0]},
			"faces": {
				"north": {"uv": [12, 5, 13, 6], "texture": "#3"},
				"east": {"uv": [12, 5, 13, 6], "texture": "#3"},
				"south": {"uv": [12, 5, 13, 6], "texture": "#3"},
				"west": {"uv": [12, 5, 13, 6], "texture": "#3"},
				"up": {"uv": [12, 5, 13, 6], "texture": "#3"},
				"down": {"uv": [12, 5, 13, 6], "texture": "#3"}
			}
		},
		{
			"from": [7, 8.25, 5.9],
			"to": [9, 8.75, 7.4],
			"rotation": {"angle": 0, "axis": "y", "origin": [-1, 5, 0]},
			"faces": {
				"north": {"uv": [12, 5, 13, 6], "texture": "#3"},
				"east": {"uv": [12, 5, 13, 6], "texture": "#3"},
				"south": {"uv": [12, 5, 13, 6], "texture": "#3"},
				"west": {"uv": [12, 5, 13, 6], "texture": "#3"},
				"up": {"uv": [12, 5, 13, 6], "texture": "#3"},
				"down": {"uv": [12, 5, 13, 6], "texture": "#3"}
			}
		},
		{
			"from": [7.5, 8.85, 5.9],
			"to": [7.6, 8.95, 7.4],
			"rotation": {"angle": 0, "axis": "y", "origin": [-1, 5, 0]},
			"faces": {
				"north": {"uv": [12, 5, 13, 6], "texture": "#3"},
				"east": {"uv": [12, 5, 13, 6], "texture": "#3"},
				"south": {"uv": [12, 5, 13, 6], "texture": "#3"},
				"west": {"uv": [12, 5, 13, 6], "texture": "#3"},
				"up": {"uv": [12, 5, 13, 6], "texture": "#3"},
				"down": {"uv": [12, 5, 13, 6], "texture": "#3"}
			}
		},
		{
			"from": [8.5, 8.75, 5.9],
			"to": [8.6, 8.85, 7.4],
			"rotation": {"angle": 0, "axis": "y", "origin": [-1, 5, 0]},
			"faces": {
				"north": {"uv": [12, 5, 13, 6], "texture": "#3"},
				"east": {"uv": [12, 5, 13, 6], "texture": "#3"},
				"south": {"uv": [12, 5, 13, 6], "texture": "#3"},
				"west": {"uv": [12, 5, 13, 6], "texture": "#3"},
				"up": {"uv": [12, 5, 13, 6], "texture": "#3"},
				"down": {"uv": [12, 5, 13, 6], "texture": "#3"}
			}
		},
		{
			"from": [6, 3, 5.9],
			"to": [10, 7.75, 6.1],
			"rotation": {"angle": 0, "axis": "y", "origin": [-1, 5, 0]},
			"faces": {
				"north": {"uv": [1, 0, 15, 16], "texture": "#2"},
				"east": {"uv": [2, 4, 16, 16], "texture": "#2"},
				"south": {"uv": [2, 4, 16, 16], "texture": "#2"},
				"west": {"uv": [15, 11, 16, 12], "texture": "#1"},
				"up": {"uv": [15, 11, 16, 12], "texture": "#1"},
				"down": {"uv": [15, 11, 16, 12], "texture": "#1"}
			}
		},
		{
			"from": [6, 3, 8.9],
			"to": [10, 7.5, 9.1],
			"rotation": {"angle": 0, "axis": "y", "origin": [-1, 5, 0]},
			"faces": {
				"north": {"uv": [0, 0, 16, 16], "texture": "#2"},
				"east": {"uv": [2, 4, 16, 16], "texture": "#2"},
				"south": {"uv": [0, 0, 16, 16], "texture": "#2"},
				"west": {"uv": [15, 11, 16, 12], "texture": "#1"},
				"up": {"uv": [15, 11, 16, 12], "texture": "#1"},
				"down": {"uv": [15, 11, 16, 12], "texture": "#1"}
			}
		},
		{
			"from": [6, 8, 8.9],
			"to": [10, 9, 9.1],
			"rotation": {"angle": 0, "axis": "y", "origin": [-1, 5, 0]},
			"faces": {
				"north": {"uv": [0, 0, 16, 16], "texture": "#3"},
				"east": {"uv": [2, 4, 16, 16], "texture": "#3"},
				"south": {"uv": [0, 0, 16, 16], "texture": "#5"},
				"west": {"uv": [15, 11, 16, 12], "texture": "#3"},
				"up": {"uv": [15, 11, 16, 12], "texture": "#3"},
				"down": {"uv": [15, 11, 16, 12], "texture": "#3"}
			}
		}
	],
	"display": {
		"thirdperson_righthand": {
			"rotation": [26, 0, 0]
		},
		"thirdperson_lefthand": {
			"rotation": [26, 0, 0]
		},
		"firstperson_righthand": {
			"rotation": [0, 123, 0],
			"translation": [0, 1, 0],
			"scale": [0.75, 0.75, 0.75]
		},
		"firstperson_lefthand": {
			"rotation": [0, 97, 0]
		},
		"ground": {
			"translation": [0, 1, 0]
		},
		"gui": {
			"rotation": [2, 179, 0],
			"translation": [1, 2, 0],
			"scale": [2, 2, 2]
		},
		"head": {
			"translation": [0, 6, 0],
			"scale": [1.5, 1.5, 1.5]
		}
	}
}