{
	"credit": "Made with Blockbench",
	"textures": {
		"1": "block/quartz_block_bottom",
		"3": "block/light_blue_wool",
		"4": "block/black_terracotta",
		"6": "block/gold_block",
		"7": "block/white_wool",
		"particle": "block/quartz_block_bottom"
	},
	"elements": [
		{
			"from": [5.75, 3, 6.5],
			"to": [11.25, 8, 8],
			"rotation": {"angle": 0, "axis": "y", "origin": [16, 1, 0]},
			"faces": {
				"north": {"uv": [1, 15, 0, 16], "texture": "#1"},
				"east": {"uv": [1, 15, 0, 16], "texture": "#1"},
				"south": {"uv": [1, 15, 0, 16], "texture": "#1"},
				"west": {"uv": [5, 11, 2, 14], "texture": "#1"},
				"up": {"uv": [1, 0, 0, 1], "rotation": 180, "texture": "#4"},
				"down": {"uv": [1, 0, 0, 1], "rotation": 180, "texture": "#1"}
			}
		},
		{
			"from": [10.5, 5, 6.3],
			"to": [10.75, 6, 6.5],
			"rotation": {"angle": 0, "axis": "y", "origin": [16, 1, 0]},
			"faces": {
				"north": {"uv": [1, 15, 0, 16], "texture": "#4"},
				"east": {"uv": [1, 15, 0, 16], "texture": "#4"},
				"south": {"uv": [1, 15, 0, 16], "texture": "#4"},
				"west": {"uv": [5, 11, 2, 14], "texture": "#4"},
				"up": {"uv": [1, 0, 0, 1], "rotation": 180, "texture": "#4"},
				"down": {"uv": [1, 0, 0, 1], "rotation": 180, "texture": "#4"}
			}
		},
		{
			"from": [9.5, 5, 6.3],
			"to": [9.75, 6.25, 6.5],
			"rotation": {"angle": 0, "axis": "y", "origin": [16, 1, 0]},
			"faces": {
				"north": {"uv": [1, 15, 0, 16], "texture": "#4"},
				"east": {"uv": [1, 15, 0, 16], "texture": "#4"},
				"south": {"uv": [1, 15, 0, 16], "texture": "#4"},
				"west": {"uv": [5, 11, 2, 14], "texture": "#4"},
				"up": {"uv": [1, 0, 0, 1], "rotation": 180, "texture": "#4"},
				"down": {"uv": [1, 0, 0, 1], "rotation": 180, "texture": "#4"}
			}
		},
		{
			"from": [8.6, 5, 6.3],
			"to": [8.85, 6, 6.5],
			"rotation": {"angle": 0, "axis": "y", "origin": [16, 1, 0]},
			"faces": {
				"north": {"uv": [1, 15, 0, 16], "texture": "#4"},
				"east": {"uv": [1, 15, 0, 16], "texture": "#4"},
				"south": {"uv": [1, 15, 0, 16], "texture": "#4"},
				"west": {"uv": [5, 11, 2, 14], "texture": "#4"},
				"up": {"uv": [1, 0, 0, 1], "rotation": 180, "texture": "#4"},
				"down": {"uv": [1, 0, 0, 1], "rotation": 180, "texture": "#4"}
			}
		},
		{
			"from": [8.1, 5, 6.3],
			"to": [8.35, 6, 6.5],
			"rotation": {"angle": 0, "axis": "y", "origin": [16, 1, 0]},
			"faces": {
				"north": {"uv": [1, 15, 0, 16], "texture": "#4"},
				"east": {"uv": [1, 15, 0, 16], "texture": "#4"},
				"south": {"uv": [1, 15, 0, 16], "texture": "#4"},
				"west": {"uv": [5, 11, 2, 14], "texture": "#4"},
				"up": {"uv": [1, 0, 0, 1], "rotation": 180, "texture": "#4"},
				"down": {"uv": [1, 0, 0, 1], "rotation": 180, "texture": "#4"}
			}
		},
		{
			"from": [10, 6, 6.3],
			"to": [10.75, 6.25, 6.5],
			"rotation": {"angle": 0, "axis": "y", "origin": [16, 1, 0]},
			"faces": {
				"north": {"uv": [1, 15, 0, 16], "texture": "#4"},
				"east": {"uv": [1, 15, 0, 16], "texture": "#4"},
				"south": {"uv": [1, 15, 0, 16], "texture": "#4"},
				"west": {"uv": [5, 11, 2, 14], "texture": "#4"},
				"up": {"uv": [1, 0, 0, 1], "rotation": 180, "texture": "#4"},
				"down": {"uv": [1, 0, 0, 1], "rotation": 180, "texture": "#4"}
			}
		},
		{
			"from": [10.15, 5.5, 6.3],
			"to": [10.75, 5.75, 6.5],
			"rotation": {"angle": 0, "axis": "y", "origin": [16, 1, 0]},
			"faces": {
				"north": {"uv": [1, 15, 0, 16], "texture": "#4"},
				"east": {"uv": [1, 15, 0, 16], "texture": "#4"},
				"south": {"uv": [1, 15, 0, 16], "texture": "#4"},
				"west": {"uv": [5, 11, 2, 14], "texture": "#4"},
				"up": {"uv": [1, 0, 0, 1], "rotation": 180, "texture": "#4"},
				"down": {"uv": [1, 0, 0, 1], "rotation": 180, "texture": "#4"}
			}
		},
		{
			"from": [6.15, 5.5, 6.3],
			"to": [6.75, 5.75, 6.5],
			"rotation": {"angle": 0, "axis": "y", "origin": [16, 1, 0]},
			"faces": {
				"north": {"uv": [1, 15, 0, 16], "texture": "#4"},
				"east": {"uv": [1, 15, 0, 16], "texture": "#4"},
				"south": {"uv": [1, 15, 0, 16], "texture": "#4"},
				"west": {"uv": [5, 11, 2, 14], "texture": "#4"},
				"up": {"uv": [1, 0, 0, 1], "rotation": 180, "texture": "#4"},
				"down": {"uv": [1, 0, 0, 1], "rotation": 180, "texture": "#4"}
			}
		},
		{
			"from": [6.15, 6, 6.3],
			"to": [6.75, 6.25, 6.5],
			"rotation": {"angle": 0, "axis": "y", "origin": [16, 1, 0]},
			"faces": {
				"north": {"uv": [1, 15, 0, 16], "texture": "#4"},
				"east": {"uv": [1, 15, 0, 16], "texture": "#4"},
				"south": {"uv": [1, 15, 0, 16], "texture": "#4"},
				"west": {"uv": [5, 11, 2, 14], "texture": "#4"},
				"up": {"uv": [1, 0, 0, 1], "rotation": 180, "texture": "#4"},
				"down": {"uv": [1, 0, 0, 1], "rotation": 180, "texture": "#4"}
			}
		},
		{
			"from": [6.1, 5.75, 6.3],
			"to": [6.35, 6, 6.5],
			"rotation": {"angle": 0, "axis": "y", "origin": [16, 1, 0]},
			"faces": {
				"north": {"uv": [1, 15, 0, 16], "texture": "#4"},
				"east": {"uv": [1, 15, 0, 16], "texture": "#4"},
				"south": {"uv": [1, 15, 0, 16], "texture": "#4"},
				"west": {"uv": [5, 11, 2, 14], "texture": "#4"},
				"up": {"uv": [1, 0, 0, 1], "rotation": 180, "texture": "#4"},
				"down": {"uv": [1, 0, 0, 1], "rotation": 180, "texture": "#4"}
			}
		},
		{
			"from": [9.15, 5, 6.3],
			"to": [9.75, 5.25, 6.5],
			"rotation": {"angle": 0, "axis": "y", "origin": [16, 1, 0]},
			"faces": {
				"north": {"uv": [1, 15, 0, 16], "texture": "#4"},
				"east": {"uv": [1, 15, 0, 16], "texture": "#4"},
				"south": {"uv": [1, 15, 0, 16], "texture": "#4"},
				"west": {"uv": [5, 11, 2, 14], "texture": "#4"},
				"up": {"uv": [1, 0, 0, 1], "rotation": 180, "texture": "#4"},
				"down": {"uv": [1, 0, 0, 1], "rotation": 180, "texture": "#4"}
			}
		},
		{
			"from": [8, 7.5, 6.3],
			"to": [9, 8.5, 6.5],
			"rotation": {"angle": 0, "axis": "y", "origin": [16, 1, 0]},
			"faces": {
				"north": {"uv": [1, 15, 0, 16], "texture": "#missing"},
				"east": {"uv": [1, 15, 0, 16], "texture": "#missing"},
				"south": {"uv": [1, 15, 0, 16], "texture": "#missing"},
				"west": {"uv": [5, 11, 2, 14], "texture": "#missing"},
				"up": {"uv": [1, 0, 0, 1], "rotation": 180, "texture": "#missing"},
				"down": {"uv": [1, 0, 0, 1], "rotation": 180, "texture": "#missing"}
			}
		},
		{
			"from": [8.15, 7.6, 6.2],
			"to": [8.9, 8.35, 6.4],
			"rotation": {"angle": 0, "axis": "y", "origin": [16, 1, 0]},
			"faces": {
				"north": {"uv": [1, 15, 0, 16], "texture": "#6"},
				"east": {"uv": [1, 15, 0, 16], "texture": "#6"},
				"south": {"uv": [1, 15, 0, 16], "texture": "#6"},
				"west": {"uv": [5, 11, 2, 14], "texture": "#6"},
				"up": {"uv": [1, 0, 0, 1], "rotation": 180, "texture": "#6"},
				"down": {"uv": [1, 0, 0, 1], "rotation": 180, "texture": "#6"}
			}
		},
		{
			"from": [8.15, 5, 6.3],
			"to": [8.75, 5.25, 6.5],
			"rotation": {"angle": 0, "axis": "y", "origin": [16, 1, 0]},
			"faces": {
				"north": {"uv": [1, 15, 0, 16], "texture": "#4"},
				"east": {"uv": [1, 15, 0, 16], "texture": "#4"},
				"south": {"uv": [1, 15, 0, 16], "texture": "#4"},
				"west": {"uv": [5, 11, 2, 14], "texture": "#4"},
				"up": {"uv": [1, 0, 0, 1], "rotation": 180, "texture": "#4"},
				"down": {"uv": [1, 0, 0, 1], "rotation": 180, "texture": "#4"}
			}
		},
		{
			"from": [7.1, 5, 6.3],
			"to": [7.35, 6.2, 6.5],
			"rotation": {"angle": 0, "axis": "y", "origin": [16, 1, 0]},
			"faces": {
				"north": {"uv": [1, 15, 0, 16], "texture": "#4"},
				"east": {"uv": [1, 15, 0, 16], "texture": "#4"},
				"south": {"uv": [1, 15, 0, 16], "texture": "#4"},
				"west": {"uv": [5, 11, 2, 14], "texture": "#4"},
				"up": {"uv": [1, 0, 0, 1], "rotation": 180, "texture": "#4"},
				"down": {"uv": [1, 0, 0, 1], "rotation": 180, "texture": "#4"}
			}
		},
		{
			"from": [7.15, 5, 6.3],
			"to": [7.75, 5.25, 6.5],
			"rotation": {"angle": 0, "axis": "y", "origin": [16, 1, 0]},
			"faces": {
				"north": {"uv": [1, 15, 0, 16], "texture": "#4"},
				"east": {"uv": [1, 15, 0, 16], "texture": "#4"},
				"south": {"uv": [1, 15, 0, 16], "texture": "#4"},
				"west": {"uv": [5, 11, 2, 14], "texture": "#4"},
				"up": {"uv": [1, 0, 0, 1], "rotation": 180, "texture": "#4"},
				"down": {"uv": [1, 0, 0, 1], "rotation": 180, "texture": "#4"}
			}
		},
		{
			"from": [8.75, 3.5, 6.3],
			"to": [9.75, 3.75, 6.5],
			"rotation": {"angle": 0, "axis": "y", "origin": [16, 1, 0]},
			"faces": {
				"north": {"uv": [1, 15, 0, 16], "texture": "#4"},
				"east": {"uv": [1, 15, 0, 16], "texture": "#4"},
				"south": {"uv": [1, 15, 0, 16], "texture": "#4"},
				"west": {"uv": [5, 11, 2, 14], "texture": "#4"},
				"up": {"uv": [1, 0, 0, 1], "rotation": 180, "texture": "#4"},
				"down": {"uv": [1, 0, 0, 1], "rotation": 180, "texture": "#4"}
			}
		},
		{
			"from": [6.75, 3.25, 6.3],
			"to": [7.75, 3.75, 6.5],
			"rotation": {"angle": 0, "axis": "y", "origin": [16, 1, 0]},
			"faces": {
				"north": {"uv": [1, 15, 0, 16], "texture": "#7"},
				"east": {"uv": [1, 15, 0, 16], "texture": "#7"},
				"south": {"uv": [1, 15, 0, 16], "texture": "#7"},
				"west": {"uv": [5, 11, 2, 14], "texture": "#7"},
				"up": {"uv": [1, 0, 0, 1], "rotation": 180, "texture": "#7"},
				"down": {"uv": [1, 0, 0, 1], "rotation": 180, "texture": "#7"}
			}
		},
		{
			"from": [6.9, 3.75, 6.3],
			"to": [7.5, 4, 6.5],
			"rotation": {"angle": 0, "axis": "y", "origin": [16, 1, 0]},
			"faces": {
				"north": {"uv": [1, 15, 0, 16], "texture": "#7"},
				"east": {"uv": [1, 15, 0, 16], "texture": "#7"},
				"south": {"uv": [1, 15, 0, 16], "texture": "#7"},
				"west": {"uv": [5, 11, 2, 14], "texture": "#7"},
				"up": {"uv": [1, 0, 0, 1], "rotation": 180, "texture": "#7"},
				"down": {"uv": [1, 0, 0, 1], "rotation": 180, "texture": "#7"}
			}
		},
		{
			"from": [6.85, 4, 6.3],
			"to": [7.25, 4.25, 6.5],
			"rotation": {"angle": 0, "axis": "y", "origin": [16, 1, 0]},
			"faces": {
				"north": {"uv": [1, 15, 0, 16], "texture": "#7"},
				"east": {"uv": [1, 15, 0, 16], "texture": "#7"},
				"south": {"uv": [1, 15, 0, 16], "texture": "#7"},
				"west": {"uv": [5, 11, 2, 14], "texture": "#7"},
				"up": {"uv": [1, 0, 0, 1], "rotation": 180, "texture": "#7"},
				"down": {"uv": [1, 0, 0, 1], "rotation": 180, "texture": "#7"}
			}
		},
		{
			"from": [7.6, 5, 6.3],
			"to": [7.85, 6.2, 6.5],
			"rotation": {"angle": 0, "axis": "y", "origin": [16, 1, 0]},
			"faces": {
				"north": {"uv": [1, 15, 0, 16], "texture": "#4"},
				"east": {"uv": [1, 15, 0, 16], "texture": "#4"},
				"south": {"uv": [1, 15, 0, 16], "texture": "#4"},
				"west": {"uv": [5, 11, 2, 14], "texture": "#4"},
				"up": {"uv": [1, 0, 0, 1], "rotation": 180, "texture": "#4"},
				"down": {"uv": [1, 0, 0, 1], "rotation": 180, "texture": "#4"}
			}
		},
		{
			"from": [6.6, 5, 6.3],
			"to": [6.85, 6.2, 6.5],
			"rotation": {"angle": 0, "axis": "y", "origin": [16, 1, 0]},
			"faces": {
				"north": {"uv": [1, 15, 0, 16], "texture": "#4"},
				"east": {"uv": [1, 15, 0, 16], "texture": "#4"},
				"south": {"uv": [1, 15, 0, 16], "texture": "#4"},
				"west": {"uv": [5, 11, 2, 14], "texture": "#4"},
				"up": {"uv": [1, 0, 0, 1], "rotation": 180, "texture": "#4"},
				"down": {"uv": [1, 0, 0, 1], "rotation": 180, "texture": "#4"}
			}
		},
		{
			"from": [5.3, 0.9, 6.3],
			"to": [5.55, 1.65, 6.5],
			"rotation": {"angle": -22.5, "axis": "z", "origin": [16, 1, 0]},
			"faces": {
				"north": {"uv": [1, 15, 0, 16], "texture": "#4"},
				"east": {"uv": [1, 15, 0, 16], "texture": "#4"},
				"south": {"uv": [1, 15, 0, 16], "texture": "#4"},
				"west": {"uv": [5, 11, 2, 14], "texture": "#4"},
				"up": {"uv": [1, 0, 0, 1], "rotation": 180, "texture": "#4"},
				"down": {"uv": [1, 0, 0, 1], "rotation": 180, "texture": "#4"}
			}
		},
		{
			"from": [8.15, 6, 6.3],
			"to": [8.75, 6.25, 6.5],
			"rotation": {"angle": 0, "axis": "y", "origin": [16, 1, 0]},
			"faces": {
				"north": {"uv": [1, 15, 0, 16], "texture": "#4"},
				"east": {"uv": [1, 15, 0, 16], "texture": "#4"},
				"south": {"uv": [1, 15, 0, 16], "texture": "#4"},
				"west": {"uv": [5, 11, 2, 14], "texture": "#4"},
				"up": {"uv": [1, 0, 0, 1], "rotation": 180, "texture": "#4"},
				"down": {"uv": [1, 0, 0, 1], "rotation": 180, "texture": "#4"}
			}
		},
		{
			"from": [5.75, 8, 6.5],
			"to": [11.25, 9, 7],
			"rotation": {"angle": 0, "axis": "y", "origin": [16, 1, 0]},
			"faces": {
				"north": {"uv": [1, 15, 0, 16], "texture": "#3"},
				"east": {"uv": [1, 15, 0, 16], "texture": "#3"},
				"south": {"uv": [1, 15, 0, 16], "texture": "#3"},
				"west": {"uv": [5, 11, 2, 14], "texture": "#3"},
				"up": {"uv": [1, 0, 0, 1], "rotation": 180, "texture": "#3"},
				"down": {"uv": [1, 0, 0, 1], "rotation": 180, "texture": "#3"}
			}
		},
		{
			"from": [5.75, 8, 7.5],
			"to": [11.25, 9, 8],
			"rotation": {"angle": 0, "axis": "y", "origin": [16, 1, 0]},
			"faces": {
				"north": {"uv": [1, 15, 0, 16], "texture": "#3"},
				"east": {"uv": [1, 15, 0, 16], "texture": "#3"},
				"south": {"uv": [1, 15, 0, 16], "texture": "#3"},
				"west": {"uv": [5, 11, 2, 14], "texture": "#3"},
				"up": {"uv": [1, 0, 0, 1], "rotation": 180, "texture": "#3"},
				"down": {"uv": [1, 0, 0, 1], "rotation": 180, "texture": "#3"}
			}
		},
		{
			"from": [5, 7.5, 3],
			"to": [8, 11, 4],
			"rotation": {"angle": 22.5, "axis": "x", "origin": [16, 1, 0]},
			"faces": {
				"north": {"uv": [1, 0, 0, 1], "texture": "#3"},
				"east": {"uv": [1, 15, 0, 16], "rotation": 90, "texture": "#3"},
				"south": {"uv": [1, 0, 0, 1], "rotation": 180, "texture": "#3"},
				"west": {"uv": [5, 11, 2, 14], "rotation": 270, "texture": "#3"},
				"up": {"uv": [1, 15, 0, 16], "texture": "#3"},
				"down": {"uv": [1, 15, 0, 16], "rotation": 180, "texture": "#3"}
			}
		},
		{
			"from": [6, 1, 7],
			"to": [11, 2, 8],
			"rotation": {"angle": 0, "axis": "y", "origin": [16, 1, 0]},
			"faces": {
				"north": {"uv": [1, 15, 0, 16], "texture": "#3"},
				"east": {"uv": [1, 15, 0, 16], "texture": "#3"},
				"south": {"uv": [1, 15, 0, 16], "texture": "#3"},
				"west": {"uv": [5, 11, 2, 14], "texture": "#3"},
				"up": {"uv": [1, 0, 0, 1], "rotation": 180, "texture": "#3"},
				"down": {"uv": [1, 0, 0, 1], "rotation": 180, "texture": "#3"}
			}
		},
		{
			"from": [5.75, 2, 6.8],
			"to": [11.25, 3, 8],
			"rotation": {"angle": 0, "axis": "y", "origin": [16, 1, 0]},
			"faces": {
				"north": {"uv": [1, 15, 0, 16], "texture": "#3"},
				"east": {"uv": [1, 15, 0, 16], "texture": "#3"},
				"south": {"uv": [1, 15, 0, 16], "texture": "#3"},
				"west": {"uv": [5, 11, 2, 14], "texture": "#3"},
				"up": {"uv": [1, 0, 0, 1], "rotation": 180, "texture": "#3"},
				"down": {"uv": [1, 0, 0, 1], "rotation": 180, "texture": "#3"}
			}
		}
	],
	"display": {
		"firstperson_righthand": {
			"rotation": [72, 0, 0],
			"translation": [0, 0.75, 3]
		},
		"firstperson_lefthand": {
			"rotation": [57, 0, 0],
			"translation": [0, 2, 4]
		},
		"ground": {
			"rotation": [81, 0, 0],
			"translation": [0, -3, 0]
		},
		"gui": {
			"rotation": [-59, 174, 59],
			"translation": [5, -2, 0],
			"scale": [2, 2, 2]
		},
		"head": {
			"rotation": [0, 2, 0],
			"translation": [0, 11, 0],
			"scale": [1.5, 1.5, 1.5]
		}
	}
}