{
	"credit": "Made with Blockbench",
	"textures": {
		"3": "block/white_wool",
		"4": "block/andesite",
		"6": "custom/cookie3",
		"8": "block/purple_concrete",
		"9": "custom/cookie1",
		"particle": "block/purple_concrete"
	},
	"elements": [
		{
			"from": [5, 5, 6],
			"to": [12, 10, 9],
			"rotation": {"angle": 0, "axis": "y", "origin": [17, 3, 0]},
			"faces": {
				"north": {"uv": [16, 4, 15, 6], "texture": "#8"},
				"east": {"uv": [16, 4, 15, 6], "texture": "#8"},
				"south": {"uv": [10, 13, 9, 14], "texture": "#8"},
				"west": {"uv": [16, 4, 15, 6], "texture": "#8"},
				"up": {"uv": [16, 4, 15, 6], "texture": "#8"},
				"down": {"uv": [2, 2, 1, 3], "texture": "#8"}
			}
		},
		{
			"from": [11, 7, 5.5],
			"to": [14, 12, 8.5],
			"rotation": {"angle": 22.5, "axis": "z", "origin": [17, 3, 0]},
			"faces": {
				"north": {"uv": [16, 4, 15, 6], "texture": "#8"},
				"east": {"uv": [16, 4, 15, 6], "texture": "#8"},
				"south": {"uv": [10, 13, 9, 14], "texture": "#8"},
				"west": {"uv": [16, 4, 15, 6], "texture": "#8"},
				"up": {"uv": [16, 4, 15, 6], "texture": "#8"},
				"down": {"uv": [2, 2, 1, 3], "texture": "#8"}
			}
		},
		{
			"from": [5, 4, 8.1],
			"to": [11, 9, 9.1],
			"rotation": {"angle": 0, "axis": "y", "origin": [16, 1, 0]},
			"faces": {
				"north": {"uv": [16, 4, 15, 6], "texture": "#8"},
				"east": {"uv": [16, 4, 15, 6], "texture": "#8"},
				"south": {"uv": [10, 0, 0, 14], "texture": "#3"},
				"west": {"uv": [16, 4, 15, 6], "texture": "#8"},
				"up": {"uv": [16, 4, 15, 6], "texture": "#8"},
				"down": {"uv": [2, 2, 1, 3], "texture": "#8"}
			}
		},
		{
			"from": [5.25, 5, 8.2],
			"to": [10.25, 7, 9.2],
			"rotation": {"angle": 0, "axis": "y", "origin": [16, 3, 0]},
			"faces": {
				"north": {"uv": [16, 4, 15, 6], "texture": "#8"},
				"east": {"uv": [16, 4, 15, 6], "texture": "#8"},
				"south": {"uv": [16, 0, 0, 16], "texture": "#9"},
				"west": {"uv": [16, 4, 15, 6], "texture": "#8"},
				"up": {"uv": [16, 4, 15, 6], "texture": "#8"},
				"down": {"uv": [2, 2, 1, 3], "texture": "#8"}
			}
		},
		{
			"from": [3, 11, 6],
			"to": [5, 12, 8.5],
			"rotation": {"angle": 0, "axis": "y", "origin": [16, 1, 0]},
			"faces": {
				"north": {"uv": [16, 4, 15, 6], "texture": "#8"},
				"east": {"uv": [16, 4, 15, 6], "texture": "#8"},
				"south": {"uv": [10, 13, 9, 14], "texture": "#8"},
				"west": {"uv": [16, 4, 15, 6], "texture": "#8"},
				"up": {"uv": [16, 4, 15, 6], "texture": "#8"},
				"down": {"uv": [8, 0, 0, 4], "texture": "#8"}
			}
		},
		{
			"from": [10, 3, 11],
			"to": [12, 7, 12],
			"rotation": {"angle": -22.5, "axis": "x", "origin": [16, 1, 0]},
			"faces": {
				"north": {"uv": [8, 0, 0, 4], "rotation": 180, "texture": "#8"},
				"east": {"uv": [16, 4, 15, 6], "rotation": 270, "texture": "#8"},
				"south": {"uv": [16, 4, 15, 6], "texture": "#8"},
				"west": {"uv": [16, 4, 15, 6], "rotation": 90, "texture": "#8"},
				"up": {"uv": [16, 4, 15, 6], "rotation": 180, "texture": "#8"},
				"down": {"uv": [10, 13, 9, 14], "texture": "#8"}
			}
		},
		{
			"from": [3.75, 9.5, 6],
			"to": [11.75, 10.5, 8.5],
			"rotation": {"angle": 0, "axis": "z", "origin": [0, 1, 0]},
			"faces": {
				"north": {"uv": [16, 4, 15, 6], "texture": "#8"},
				"east": {"uv": [16, 4, 15, 6], "texture": "#8"},
				"south": {"uv": [9, 13, 10, 14], "texture": "#8"},
				"west": {"uv": [16, 4, 15, 6], "texture": "#8"},
				"up": {"uv": [16, 4, 15, 6], "texture": "#4"},
				"down": {"uv": [0, 0, 8, 4], "texture": "#8"}
			}
		},
		{
			"from": [3.75, 2, 10.75],
			"to": [9.75, 6, 11.75],
			"rotation": {"angle": -22.5, "axis": "x", "origin": [0, 1, 0]},
			"faces": {
				"north": {"uv": [0, 0, 8, 4], "rotation": 180, "texture": "#8"},
				"east": {"uv": [16, 4, 15, 6], "rotation": 270, "texture": "#8"},
				"south": {"uv": [16, 4, 15, 6], "texture": "#8"},
				"west": {"uv": [16, 4, 15, 6], "rotation": 90, "texture": "#8"},
				"up": {"uv": [16, 4, 15, 6], "rotation": 180, "texture": "#8"},
				"down": {"uv": [9, 13, 10, 14], "texture": "#8"}
			}
		},
		{
			"from": [7.75, 12, 6],
			"to": [8.75, 15, 8.5],
			"rotation": {"angle": 22.5, "axis": "z", "origin": [16, 1, 0]},
			"faces": {
				"north": {"uv": [16, 4, 15, 6], "texture": "#8"},
				"east": {"uv": [16, 4, 15, 6], "texture": "#8"},
				"south": {"uv": [10, 13, 9, 14], "texture": "#8"},
				"west": {"uv": [16, 4, 15, 6], "texture": "#8"},
				"up": {"uv": [16, 4, 15, 6], "texture": "#8"},
				"down": {"uv": [8, 0, 0, 4], "texture": "#8"}
			}
		},
		{
			"from": [7.25, 12, 6],
			"to": [8.25, 15, 8.5],
			"rotation": {"angle": -22.5, "axis": "z", "origin": [0, 1, 0]},
			"faces": {
				"north": {"uv": [16, 4, 15, 6], "texture": "#8"},
				"east": {"uv": [16, 4, 15, 6], "texture": "#8"},
				"south": {"uv": [9, 13, 10, 14], "texture": "#8"},
				"west": {"uv": [16, 4, 15, 6], "texture": "#8"},
				"up": {"uv": [16, 4, 15, 6], "texture": "#8"},
				"down": {"uv": [0, 0, 8, 4], "texture": "#8"}
			}
		},
		{
			"from": [6.75, 1, 6],
			"to": [7.75, 4, 8.5],
			"rotation": {"angle": 22.5, "axis": "z", "origin": [0, 16, 0]},
			"faces": {
				"north": {"uv": [16, 6, 15, 4], "texture": "#8"},
				"east": {"uv": [16, 6, 15, 4], "texture": "#8"},
				"south": {"uv": [9, 14, 10, 13], "texture": "#8"},
				"west": {"uv": [16, 6, 15, 4], "texture": "#8"},
				"up": {"uv": [0, 4, 8, 0], "texture": "#8"},
				"down": {"uv": [16, 6, 15, 4], "texture": "#8"}
			}
		},
		{
			"from": [11, 4, 6],
			"to": [12.5, 5, 8.5],
			"rotation": {"angle": 0, "axis": "y", "origin": [16, 16, 0]},
			"faces": {
				"north": {"uv": [16, 6, 15, 4], "texture": "#8"},
				"east": {"uv": [16, 6, 15, 4], "texture": "#8"},
				"south": {"uv": [10, 14, 9, 13], "texture": "#8"},
				"west": {"uv": [16, 6, 15, 4], "texture": "#8"},
				"up": {"uv": [8, 4, 0, 0], "texture": "#8"},
				"down": {"uv": [16, 6, 15, 4], "texture": "#8"}
			}
		},
		{
			"from": [12.5, 3, 6],
			"to": [16.5, 4, 8.5],
			"rotation": {"angle": -22.5, "axis": "z", "origin": [16, 16, 0]},
			"faces": {
				"north": {"uv": [16, 6, 15, 4], "texture": "#8"},
				"east": {"uv": [16, 6, 15, 4], "texture": "#8"},
				"south": {"uv": [10, 14, 9, 13], "texture": "#8"},
				"west": {"uv": [16, 6, 15, 4], "texture": "#8"},
				"up": {"uv": [8, 4, 0, 0], "texture": "#8"},
				"down": {"uv": [16, 6, 15, 4], "texture": "#8"}
			}
		},
		{
			"from": [4.75, 4.25, 6],
			"to": [10.75, 5.25, 8.5],
			"rotation": {"angle": 0, "axis": "z", "origin": [0, 16, 0]},
			"faces": {
				"north": {"uv": [16, 6, 15, 4], "texture": "#8"},
				"east": {"uv": [16, 6, 15, 4], "texture": "#8"},
				"south": {"uv": [9, 14, 10, 13], "texture": "#8"},
				"west": {"uv": [16, 6, 15, 4], "texture": "#8"},
				"up": {"uv": [0, 4, 8, 0], "texture": "#8"},
				"down": {"uv": [16, 6, 15, 4], "texture": "#8"}
			}
		},
		{
			"from": [4.5, 4, 6],
			"to": [5, 5, 8.5],
			"rotation": {"angle": 0, "axis": "y", "origin": [17, 16, 0]},
			"faces": {
				"north": {"uv": [16, 6, 15, 4], "texture": "#8"},
				"east": {"uv": [16, 6, 15, 4], "texture": "#8"},
				"south": {"uv": [10, 14, 9, 13], "texture": "#8"},
				"west": {"uv": [16, 6, 15, 4], "texture": "#8"},
				"up": {"uv": [8, 4, 0, 0], "texture": "#8"},
				"down": {"uv": [16, 6, 15, 4], "texture": "#8"}
			}
		},
		{
			"from": [9.25, 1, 6],
			"to": [9.25, 4, 8.5],
			"rotation": {"angle": -22.5, "axis": "z", "origin": [17, 16, 0]},
			"faces": {
				"north": {"uv": [16, 6, 15, 4], "texture": "#8"},
				"east": {"uv": [16, 6, 15, 4], "texture": "#8"},
				"south": {"uv": [10, 14, 9, 13], "texture": "#8"},
				"west": {"uv": [16, 6, 15, 4], "texture": "#8"},
				"up": {"uv": [8, 4, 0, 0], "texture": "#8"},
				"down": {"uv": [16, 6, 15, 4], "texture": "#8"}
			}
		},
		{
			"from": [4, 4, 5.75],
			"to": [12, 9, 6],
			"rotation": {"angle": 0, "axis": "y", "origin": [16, 3, 0]},
			"faces": {
				"north": {"uv": [15.5, 0, 1, 16], "texture": "#6"},
				"east": {"uv": [3, 0, 0, 4], "texture": "#8"},
				"south": {"uv": [3, 0, 0, 4], "texture": "#8"},
				"west": {"uv": [4, 0, 0, 11], "texture": "#8"},
				"up": {"uv": [11, 2, 9, 4], "texture": "#8"},
				"down": {"uv": [8, 0, 0, 4], "texture": "#8"}
			}
		}
	],
	"display": {
		"firstperson_righthand": {
			"rotation": [0, 92, 0],
			"translation": [0, 0, -2]
		},
		"firstperson_lefthand": {
			"rotation": [0, 86, 0],
			"translation": [0, 0, -2]
		},
		"ground": {
			"rotation": [90, 0, 0],
			"translation": [0, -5, 0]
		},
		"gui": {
			"rotation": [-13, 160, 0],
			"translation": [0, -2, 0],
			"scale": [1.5, 1.5, 1.5]
		},
		"head": {
			"scale": [1.5, 1.5, 1.5]
		},
		"fixed": {
			"rotation": [-91, 0, 0],
			"translation": [0, 0, -4],
			"scale": [2, 2, 2]
		}
	}
}