{
	"credit": "Model generated using MrCrayfish's Model Creator (https://mrcrayfish.com/tools?id=mc)",
	"textures": {
		"4": "block/mushroom_block_inside",
		"5": "block/andesite",
		"white_wool": "block/white_wool",
		"red_mushroom_block": "block/red_mushroom_block",
		"yellow_concrete_powder": "block/yellow_concrete_powder",
		"particle": "block/yellow_wool"
	},
	"elements": [
		{
			"name": "Cube",
			"from": [1, 0, 4],
			"to": [15, 5, 12],
			"rotation": {"angle": 0, "axis": "y", "origin": [0, 0, -1]},
			"faces": {
				"north": {"uv": [0, 0, 14, 16], "texture": "#red_mushroom_block"},
				"east": {"uv": [0, 0, 11, 16], "texture": "#red_mushroom_block"},
				"south": {"uv": [0, 0, 14, 16], "texture": "#red_mushroom_block"},
				"west": {"uv": [0, 0, 11, 16], "texture": "#red_mushroom_block"},
				"up": {"uv": [9, 6, 11, 7], "texture": "#red_mushroom_block"},
				"down": {"uv": [0, 0, 14, 11], "texture": "#red_mushroom_block"}
			}
		},
		{
			"name": "Cube",
			"from": [1, 5, 5],
			"to": [15, 11, 11],
			"rotation": {"angle": 0, "axis": "y", "origin": [0, 0, -1]},
			"faces": {
				"north": {"uv": [0, 0, 14, 16], "texture": "#red_mushroom_block"},
				"east": {"uv": [0, 0, 11, 16], "texture": "#red_mushroom_block"},
				"south": {"uv": [0, 0, 14, 16], "texture": "#red_mushroom_block"},
				"west": {"uv": [0, 0, 11, 16], "texture": "#red_mushroom_block"},
				"up": {"uv": [9, 6, 11, 7], "texture": "#5"},
				"down": {"uv": [0, 0, 14, 11], "texture": "#red_mushroom_block"}
			}
		},
		{
			"name": "Cube",
			"from": [1, 10.5, 4],
			"to": [15, 17.5, 12],
			"rotation": {"angle": 0, "axis": "y", "origin": [0, 0, -1]},
			"faces": {
				"north": {"uv": [0, 0, 14, 16], "texture": "#red_mushroom_block"},
				"east": {"uv": [0, 0, 11, 16], "texture": "#red_mushroom_block"},
				"south": {"uv": [0, 0, 14, 16], "texture": "#red_mushroom_block"},
				"west": {"uv": [0, 0, 11, 16], "texture": "#red_mushroom_block"},
				"up": {"uv": [9, 6, 11, 7], "texture": "#5"},
				"down": {"uv": [0, 0, 14, 11], "texture": "#red_mushroom_block"}
			}
		},
		{
			"name": "Cube",
			"from": [-6, 21, 4],
			"to": [8, 22, 12],
			"rotation": {"angle": -22.5, "axis": "z", "origin": [0, 0, -1]},
			"faces": {
				"north": {"uv": [0, 0, 14, 16], "texture": "#red_mushroom_block"},
				"east": {"uv": [0, 0, 11, 16], "texture": "#red_mushroom_block"},
				"south": {"uv": [0, 0, 14, 16], "texture": "#red_mushroom_block"},
				"west": {"uv": [0, 0, 11, 16], "texture": "#red_mushroom_block"},
				"up": {"uv": [0, 0, 14, 11], "texture": "#red_mushroom_block"},
				"down": {"uv": [12, 9, 14, 11], "texture": "#5"}
			}
		},
		{
			"name": "Cube",
			"from": [1, 9, 3.9],
			"to": [15, 17, 4.15],
			"rotation": {"angle": 0, "axis": "y", "origin": [0, 0, -1]},
			"faces": {
				"north": {"uv": [0, 0, 2, 1], "texture": "#4"},
				"east": {"uv": [0, 0, 11, 16], "texture": "#4"},
				"south": {"uv": [0, 0, 14, 16], "texture": "#4"},
				"west": {"uv": [0, 0, 11, 16], "texture": "#4"},
				"up": {"uv": [0, 0, 14, 11], "texture": "#4"},
				"down": {"uv": [0, 0, 14, 11], "texture": "#4"}
			}
		},
		{
			"name": "Cube",
			"from": [4, -1, 11.75],
			"to": [9, 1, 12.75],
			"rotation": {"angle": -22.5, "axis": "x", "origin": [0, 0, -1]},
			"faces": {
				"north": {"uv": [0, 0, 5, 2], "texture": "#yellow_concrete_powder"},
				"east": {"uv": [0, 0, 1, 2], "texture": "#yellow_concrete_powder"},
				"south": {"uv": [0, 0, 5, 2], "texture": "#yellow_concrete_powder"},
				"west": {"uv": [0, 0, 1, 2], "texture": "#yellow_concrete_powder"},
				"up": {"uv": [0, 0, 5, 1], "texture": "#yellow_concrete_powder"},
				"down": {"uv": [0, 0, 5, 1], "texture": "#yellow_concrete_powder"}
			}
		},
		{
			"name": "Cube",
			"from": [12, 3, 11],
			"to": [16, 6, 12],
			"rotation": {"angle": 22.5, "axis": "z", "origin": [0, 0, -1]},
			"faces": {
				"north": {"uv": [0, 0, 4, 3], "texture": "#yellow_concrete_powder"},
				"east": {"uv": [0, 0, 1, 3], "texture": "#yellow_concrete_powder"},
				"south": {"uv": [0, 0, 4, 3], "texture": "#yellow_concrete_powder"},
				"west": {"uv": [0, 0, 1, 3], "texture": "#yellow_concrete_powder"},
				"up": {"uv": [0, 0, 4, 1], "texture": "#yellow_concrete_powder"},
				"down": {"uv": [0, 0, 4, 1], "texture": "#yellow_concrete_powder"}
			}
		},
		{
			"name": "Cube",
			"from": [2, 14, 11.5],
			"to": [2.5, 17, 12.5],
			"rotation": {"angle": 0, "axis": "y", "origin": [0, 0, -1]},
			"faces": {
				"north": {"uv": [0, 0, 0.5, 3], "texture": "#yellow_concrete_powder"},
				"east": {"uv": [0, 0, 1, 3], "texture": "#yellow_concrete_powder"},
				"south": {"uv": [0, 0, 0.5, 3], "texture": "#yellow_concrete_powder"},
				"west": {"uv": [0, 0, 1, 3], "texture": "#yellow_concrete_powder"},
				"up": {"uv": [0, 0, 0.5, 1], "texture": "#yellow_concrete_powder"},
				"down": {"uv": [0, 0, 0.5, 1], "texture": "#yellow_concrete_powder"}
			}
		},
		{
			"name": "Cube",
			"from": [4.5, 14, 11.5],
			"to": [5, 17, 12.5],
			"rotation": {"angle": 0, "axis": "y", "origin": [0, 0, -1]},
			"faces": {
				"north": {"uv": [0, 0, 0.5, 3], "texture": "#yellow_concrete_powder"},
				"east": {"uv": [0, 0, 1, 3], "texture": "#yellow_concrete_powder"},
				"south": {"uv": [0, 0, 0.5, 3], "texture": "#yellow_concrete_powder"},
				"west": {"uv": [0, 0, 1, 3], "texture": "#yellow_concrete_powder"},
				"up": {"uv": [0, 0, 0.5, 1], "texture": "#yellow_concrete_powder"},
				"down": {"uv": [0, 0, 0.5, 1], "texture": "#yellow_concrete_powder"}
			}
		},
		{
			"name": "Cube",
			"from": [6, 14, 11.5],
			"to": [6.5, 17, 12.5],
			"rotation": {"angle": 0, "axis": "y", "origin": [0, 0, -1]},
			"faces": {
				"north": {"uv": [0, 0, 0.5, 3], "texture": "#yellow_concrete_powder"},
				"east": {"uv": [0, 0, 1, 3], "texture": "#yellow_concrete_powder"},
				"south": {"uv": [0, 0, 0.5, 3], "texture": "#yellow_concrete_powder"},
				"west": {"uv": [0, 0, 1, 3], "texture": "#yellow_concrete_powder"},
				"up": {"uv": [0, 0, 0.5, 1], "texture": "#yellow_concrete_powder"},
				"down": {"uv": [0, 0, 0.5, 1], "texture": "#yellow_concrete_powder"}
			}
		},
		{
			"name": "Cube",
			"from": [7.5, 14, 11.5],
			"to": [8, 17, 12.5],
			"rotation": {"angle": 0, "axis": "y", "origin": [0, 0, -1]},
			"faces": {
				"north": {"uv": [0, 0, 0.5, 3], "texture": "#yellow_concrete_powder"},
				"east": {"uv": [0, 0, 1, 3], "texture": "#yellow_concrete_powder"},
				"south": {"uv": [0, 0, 0.5, 3], "texture": "#yellow_concrete_powder"},
				"west": {"uv": [0, 0, 1, 3], "texture": "#yellow_concrete_powder"},
				"up": {"uv": [0, 0, 0.5, 1], "texture": "#yellow_concrete_powder"},
				"down": {"uv": [0, 0, 0.5, 1], "texture": "#yellow_concrete_powder"}
			}
		},
		{
			"name": "Cube",
			"from": [9, 14, 11.5],
			"to": [9.5, 17, 12.5],
			"rotation": {"angle": 0, "axis": "y", "origin": [0, 0, -1]},
			"faces": {
				"north": {"uv": [0, 0, 0.5, 3], "texture": "#yellow_concrete_powder"},
				"east": {"uv": [0, 0, 1, 3], "texture": "#yellow_concrete_powder"},
				"south": {"uv": [0, 0, 0.5, 3], "texture": "#yellow_concrete_powder"},
				"west": {"uv": [0, 0, 1, 3], "texture": "#yellow_concrete_powder"},
				"up": {"uv": [0, 0, 0.5, 1], "texture": "#yellow_concrete_powder"},
				"down": {"uv": [0, 0, 0.5, 1], "texture": "#yellow_concrete_powder"}
			}
		},
		{
			"name": "Cube",
			"from": [4.5, 15, 11.5],
			"to": [6, 15.5, 12.5],
			"rotation": {"angle": 0, "axis": "y", "origin": [0, 0, -1]},
			"faces": {
				"north": {"uv": [0, 0, 1.5, 0.5], "texture": "#yellow_concrete_powder"},
				"east": {"uv": [0, 0, 1, 0.5], "texture": "#yellow_concrete_powder"},
				"south": {"uv": [0, 0, 1.5, 0.5], "texture": "#yellow_concrete_powder"},
				"west": {"uv": [0, 0, 1, 0.5], "texture": "#yellow_concrete_powder"},
				"up": {"uv": [0, 0, 1.5, 1], "texture": "#yellow_concrete_powder"},
				"down": {"uv": [0, 0, 1.5, 1], "texture": "#yellow_concrete_powder"}
			}
		},
		{
			"name": "Cube",
			"from": [9, 16.5, 11.5],
			"to": [10.5, 17, 12.5],
			"rotation": {"angle": 0, "axis": "y", "origin": [0, 0, -1]},
			"faces": {
				"north": {"uv": [0, 0, 1.5, 0.5], "texture": "#yellow_concrete_powder"},
				"east": {"uv": [0, 0, 1, 0.5], "texture": "#yellow_concrete_powder"},
				"south": {"uv": [0, 0, 1.5, 0.5], "texture": "#yellow_concrete_powder"},
				"west": {"uv": [0, 0, 1, 0.5], "texture": "#yellow_concrete_powder"},
				"up": {"uv": [0, 0, 1.5, 1], "texture": "#yellow_concrete_powder"},
				"down": {"uv": [0, 0, 1.5, 1], "texture": "#yellow_concrete_powder"}
			}
		},
		{
			"name": "Cube",
			"from": [9, 15, 11.5],
			"to": [10.5, 15.5, 12.5],
			"rotation": {"angle": 0, "axis": "y", "origin": [0, 0, -1]},
			"faces": {
				"north": {"uv": [0, 0, 1.5, 0.5], "texture": "#yellow_concrete_powder"},
				"east": {"uv": [0, 0, 1, 0.5], "texture": "#yellow_concrete_powder"},
				"south": {"uv": [0, 0, 1.5, 0.5], "texture": "#yellow_concrete_powder"},
				"west": {"uv": [0, 0, 1, 0.5], "texture": "#yellow_concrete_powder"},
				"up": {"uv": [0, 0, 1.5, 1], "texture": "#yellow_concrete_powder"},
				"down": {"uv": [0, 0, 1.5, 1], "texture": "#yellow_concrete_powder"}
			}
		},
		{
			"name": "Cube",
			"from": [10, 15, 11.5],
			"to": [10.5, 16.5, 12.5],
			"rotation": {"angle": 0, "axis": "y", "origin": [0, 0, -1]},
			"faces": {
				"north": {"uv": [0, 0, 0.5, 1.5], "texture": "#yellow_concrete_powder"},
				"east": {"uv": [0, 0, 1, 1.5], "texture": "#yellow_concrete_powder"},
				"south": {"uv": [0, 0, 0.5, 1.5], "texture": "#yellow_concrete_powder"},
				"west": {"uv": [0, 0, 1, 1.5], "texture": "#yellow_concrete_powder"},
				"up": {"uv": [0, 0, 0.5, 1], "texture": "#yellow_concrete_powder"},
				"down": {"uv": [0, 0, 0.5, 1], "texture": "#yellow_concrete_powder"}
			}
		},
		{
			"name": "Cube",
			"from": [11.7, 16.5, 11.5],
			"to": [13.2, 17, 12.5],
			"rotation": {"angle": 0, "axis": "y", "origin": [0, 0, -1]},
			"faces": {
				"north": {"uv": [0, 0, 1.5, 0.5], "texture": "#yellow_concrete_powder"},
				"east": {"uv": [0, 0, 1, 0.5], "texture": "#yellow_concrete_powder"},
				"south": {"uv": [0, 0, 1.5, 0.5], "texture": "#yellow_concrete_powder"},
				"west": {"uv": [0, 0, 1, 0.5], "texture": "#yellow_concrete_powder"},
				"up": {"uv": [0, 0, 1.5, 1], "texture": "#yellow_concrete_powder"},
				"down": {"uv": [0, 0, 1.5, 1], "texture": "#yellow_concrete_powder"}
			}
		},
		{
			"name": "Cube",
			"from": [11.7, 14, 11.5],
			"to": [13.2, 14.5, 12.5],
			"rotation": {"angle": 0, "axis": "y", "origin": [0, 0, -1]},
			"faces": {
				"north": {"uv": [0, 0, 1.5, 0.5], "texture": "#yellow_concrete_powder"},
				"east": {"uv": [0, 0, 1, 0.5], "texture": "#yellow_concrete_powder"},
				"south": {"uv": [0, 0, 1.5, 0.5], "texture": "#yellow_concrete_powder"},
				"west": {"uv": [0, 0, 1, 0.5], "texture": "#yellow_concrete_powder"},
				"up": {"uv": [0, 0, 1.5, 1], "texture": "#yellow_concrete_powder"},
				"down": {"uv": [0, 0, 1.5, 1], "texture": "#yellow_concrete_powder"}
			}
		},
		{
			"name": "Cube",
			"from": [11.7, 16, 11.5],
			"to": [12.2, 17, 12.5],
			"rotation": {"angle": 0, "axis": "y", "origin": [0, 0, -1]},
			"faces": {
				"north": {"uv": [0, 0, 0.5, 1], "texture": "#yellow_concrete_powder"},
				"east": {"uv": [0, 0, 1, 1], "texture": "#yellow_concrete_powder"},
				"south": {"uv": [0, 0, 0.5, 1], "texture": "#yellow_concrete_powder"},
				"west": {"uv": [0, 0, 1, 1], "texture": "#yellow_concrete_powder"},
				"up": {"uv": [0, 0, 0.5, 1], "texture": "#yellow_concrete_powder"},
				"down": {"uv": [0, 0, 0.5, 1], "texture": "#yellow_concrete_powder"}
			}
		},
		{
			"name": "Cube",
			"from": [12.7, 14, 11.5],
			"to": [13.2, 15.5, 12.5],
			"rotation": {"angle": 0, "axis": "y", "origin": [0, 0, -1]},
			"faces": {
				"north": {"uv": [0, 0, 0.5, 1.5], "texture": "#yellow_concrete_powder"},
				"east": {"uv": [0, 0, 1, 1.5], "texture": "#yellow_concrete_powder"},
				"south": {"uv": [0, 0, 0.5, 1.5], "texture": "#yellow_concrete_powder"},
				"west": {"uv": [0, 0, 1, 1.5], "texture": "#yellow_concrete_powder"},
				"up": {"uv": [0, 0, 0.5, 1], "texture": "#yellow_concrete_powder"},
				"down": {"uv": [0, 0, 0.5, 1], "texture": "#yellow_concrete_powder"}
			}
		},
		{
			"name": "Cube",
			"from": [11.7, 15.5, 11.5],
			"to": [13.2, 16, 12.5],
			"rotation": {"angle": 0, "axis": "y", "origin": [0, 0, -1]},
			"faces": {
				"north": {"uv": [0, 0, 1.5, 0.5], "texture": "#yellow_concrete_powder"},
				"east": {"uv": [0, 0, 1, 0.5], "texture": "#yellow_concrete_powder"},
				"south": {"uv": [0, 0, 1.5, 0.5], "texture": "#yellow_concrete_powder"},
				"west": {"uv": [0, 0, 1, 0.5], "texture": "#yellow_concrete_powder"},
				"up": {"uv": [0, 0, 1.5, 1], "texture": "#yellow_concrete_powder"},
				"down": {"uv": [0, 0, 1.5, 1], "texture": "#yellow_concrete_powder"}
			}
		},
		{
			"name": "Cube",
			"from": [2.5, 14, 11.5],
			"to": [3.5, 14.5, 12.5],
			"rotation": {"angle": 0, "axis": "y", "origin": [0, 0, -1]},
			"faces": {
				"north": {"uv": [0, 0, 1, 0.5], "texture": "#yellow_concrete_powder"},
				"east": {"uv": [0, 0, 1, 0.5], "texture": "#yellow_concrete_powder"},
				"south": {"uv": [0, 0, 1, 0.5], "texture": "#yellow_concrete_powder"},
				"west": {"uv": [0, 0, 1, 0.5], "texture": "#yellow_concrete_powder"},
				"up": {"uv": [0, 0, 1, 1], "texture": "#yellow_concrete_powder"},
				"down": {"uv": [0, 0, 1, 1], "texture": "#yellow_concrete_powder"}
			}
		},
		{
			"name": "Cube",
			"from": [2.5, 16.5, 11.5],
			"to": [3.5, 17, 12.5],
			"rotation": {"angle": 0, "axis": "y", "origin": [0, 0, -1]},
			"faces": {
				"north": {"uv": [0, 0, 1, 0.5], "texture": "#yellow_concrete_powder"},
				"east": {"uv": [0, 0, 1, 0.5], "texture": "#yellow_concrete_powder"},
				"south": {"uv": [0, 0, 1, 0.5], "texture": "#yellow_concrete_powder"},
				"west": {"uv": [0, 0, 1, 0.5], "texture": "#yellow_concrete_powder"},
				"up": {"uv": [0, 0, 1, 1], "texture": "#yellow_concrete_powder"},
				"down": {"uv": [0, 0, 1, 1], "texture": "#yellow_concrete_powder"}
			}
		},
		{
			"name": "Cube",
			"from": [1.5, 13.5, 11.3],
			"to": [14, 17.5, 12.3],
			"rotation": {"angle": 0, "axis": "y", "origin": [0, 0, -1]},
			"faces": {
				"north": {"uv": [0, 0, 12.5, 4], "texture": "#white_wool"},
				"east": {"uv": [0, 0, 1, 4], "texture": "#white_wool"},
				"south": {"uv": [0, 0, 12.5, 4], "texture": "#white_wool"},
				"west": {"uv": [0, 0, 1, 4], "texture": "#white_wool"},
				"up": {"uv": [0, 0, 12.5, 1], "texture": "#white_wool"},
				"down": {"uv": [0, 0, 12.5, 1], "texture": "#white_wool"}
			}
		},
		{
			"name": "Cube",
			"from": [2, 8, 10.5],
			"to": [7, 10, 11.5],
			"rotation": {"angle": 0, "axis": "y", "origin": [0, 0, -1]},
			"faces": {
				"north": {"uv": [0, 0, 5, 2], "texture": "#yellow_concrete_powder"},
				"east": {"uv": [0, 0, 1, 2], "texture": "#yellow_concrete_powder"},
				"south": {"uv": [0, 0, 5, 2], "texture": "#yellow_concrete_powder"},
				"west": {"uv": [0, 0, 1, 2], "texture": "#yellow_concrete_powder"},
				"up": {"uv": [0, 0, 5, 1], "texture": "#yellow_concrete_powder"},
				"down": {"uv": [0, 0, 5, 1], "texture": "#yellow_concrete_powder"}
			}
		},
		{
			"name": "Cube",
			"from": [6, 9, 10.5],
			"to": [8, 11, 11.5],
			"rotation": {"angle": 0, "axis": "y", "origin": [0, 0, -1]},
			"faces": {
				"north": {"uv": [0, 0, 2, 2], "texture": "#yellow_concrete_powder"},
				"east": {"uv": [0, 0, 1, 2], "texture": "#yellow_concrete_powder"},
				"south": {"uv": [0, 0, 2, 2], "texture": "#yellow_concrete_powder"},
				"west": {"uv": [0, 0, 1, 2], "texture": "#yellow_concrete_powder"},
				"up": {"uv": [0, 0, 2, 1], "texture": "#yellow_concrete_powder"},
				"down": {"uv": [0, 0, 2, 1], "texture": "#yellow_concrete_powder"}
			}
		},
		{
			"name": "Cube",
			"from": [0.8, 3, 5],
			"to": [1.8, 16, 11],
			"rotation": {"angle": 0, "axis": "y", "origin": [0, 0, -1]},
			"faces": {
				"north": {"uv": [0, 0, 1, 13], "texture": "#white_wool"},
				"east": {"uv": [0, 0, 5, 13], "texture": "#white_wool"},
				"south": {"uv": [0, 0, 1, 13], "texture": "#white_wool"},
				"west": {"uv": [0, 0, 5, 13], "texture": "#white_wool"},
				"up": {"uv": [0, 0, 1, 5], "texture": "#white_wool"},
				"down": {"uv": [0, 0, 1, 5], "texture": "#white_wool"}
			}
		}
	],
	"display": {
		"thirdperson_righthand": {
			"scale": [0.4, 0.4, 0.4]
		},
		"thirdperson_lefthand": {
			"scale": [0.4, 0.4, 0.4]
		},
		"firstperson_righthand": {
			"rotation": [0, 315, 0],
			"translation": [0, 2.5, 0],
			"scale": [0.4, 0.4, 0.4]
		},
		"ground": {
			"rotation": [-90, 0, 0],
			"scale": [0.5, 0.5, 0.5]
		},
		"gui": {
			"rotation": [0, -10, 0]
		},
		"head": {
			"rotation": [0, 180, 0],
			"translation": [0, 2, 0],
			"scale": [0.8, 0.8, 0.8]
		},
		"fixed": {
			"rotation": [0, 180, 0]
		}
	}
}