{
	"credit": "Made with Blockbench",
	"textures": {
		"0": "block/red_terracotta",
		"1": "block/mushroom_block_inside",
		"2": "block/light_gray_concrete_powder",
		"3": "block/white_concrete_powder",
		"particle": "block/red_terracotta"
	},
	"elements": [
		{
			"from": [4.5, 1, 6.5],
			"to": [12.5, 4, 7.5],
			"faces": {
				"north": {"uv": [0, 0, 2, 2], "texture": "#1"},
				"east": {"uv": [0, 0, 2, 2], "texture": "#1"},
				"south": {"uv": [0, 0, 2, 2], "texture": "#1"},
				"west": {"uv": [0, 0, 2, 2], "texture": "#1"},
				"up": {"uv": [0, 0, 2, 2], "texture": "#1"},
				"down": {"uv": [0, 0, 8, 4], "texture": "#1"}
			}
		},
		{
			"from": [4.5, 4, 7],
			"to": [12, 6, 7.5],
			"faces": {
				"north": {"uv": [0, 0, 2, 2], "texture": "#1"},
				"east": {"uv": [0, 0, 2, 2], "texture": "#1"},
				"south": {"uv": [0, 0, 2, 2], "texture": "#1"},
				"west": {"uv": [0, 0, 2, 2], "texture": "#1"},
				"up": {"uv": [0, 0, 2, 2], "texture": "#1"},
				"down": {"uv": [0, 0, 8, 4], "texture": "#1"}
			}
		},
		{
			"from": [4.5, 7, 7],
			"to": [12, 9, 7.5],
			"rotation": {"angle": 0, "axis": "y", "origin": [0, 16, 0]},
			"faces": {
				"north": {"uv": [0, 2, 2, 0], "texture": "#1"},
				"east": {"uv": [0, 2, 2, 0], "texture": "#1"},
				"south": {"uv": [0, 2, 2, 0], "texture": "#1"},
				"west": {"uv": [0, 2, 2, 0], "texture": "#1"},
				"up": {"uv": [0, 4, 8, 0], "texture": "#1"},
				"down": {"uv": [0, 2, 2, 0], "texture": "#1"}
			}
		},
		{
			"from": [4.5, 7, 9],
			"to": [12, 9, 9.25],
			"rotation": {"angle": 0, "axis": "y", "origin": [0, 16, 0]},
			"faces": {
				"north": {"uv": [0, 2, 2, 0], "texture": "#1"},
				"east": {"uv": [0, 2, 2, 0], "texture": "#1"},
				"south": {"uv": [0, 2, 2, 0], "texture": "#1"},
				"west": {"uv": [0, 2, 2, 0], "texture": "#1"},
				"up": {"uv": [0, 4, 8, 0], "texture": "#1"},
				"down": {"uv": [0, 2, 2, 0], "texture": "#1"}
			}
		},
		{
			"from": [4.5, 9, 6.5],
			"to": [12.5, 12, 7.5],
			"rotation": {"angle": 0, "axis": "y", "origin": [0, 16, 0]},
			"faces": {
				"north": {"uv": [0, 2, 2, 0], "texture": "#1"},
				"east": {"uv": [0, 2, 2, 0], "texture": "#1"},
				"south": {"uv": [0, 2, 2, 0], "texture": "#1"},
				"west": {"uv": [0, 2, 2, 0], "texture": "#1"},
				"up": {"uv": [0, 4, 8, 0], "texture": "#3"},
				"down": {"uv": [0, 2, 2, 0], "texture": "#1"}
			}
		},
		{
			"from": [4.5, 9, 7.5],
			"to": [12.5, 12, 9.5],
			"rotation": {"angle": 0, "axis": "y", "origin": [0, 16, 16]},
			"faces": {
				"north": {"uv": [2, 2, 0, 0], "texture": "#1"},
				"east": {"uv": [2, 2, 0, 0], "texture": "#1"},
				"south": {"uv": [2, 2, 0, 0], "texture": "#1"},
				"west": {"uv": [2, 2, 0, 0], "texture": "#1"},
				"up": {"uv": [0, 0, 8, 4], "texture": "#3"},
				"down": {"uv": [0, 0, 2, 2], "texture": "#1"}
			}
		},
		{
			"from": [4.75, 6, 7.5],
			"to": [11.75, 9, 8.8],
			"rotation": {"angle": 0, "axis": "y", "origin": [0, 16, 16]},
			"faces": {
				"north": {"uv": [2, 2, 0, 0], "texture": "#1"},
				"east": {"uv": [2, 2, 0, 0], "texture": "#1"},
				"south": {"uv": [2, 2, 0, 0], "texture": "#1"},
				"west": {"uv": [2, 2, 0, 0], "texture": "#1"},
				"up": {"uv": [0, 0, 8, 4], "texture": "#1"},
				"down": {"uv": [0, 0, 2, 2], "texture": "#1"}
			}
		},
		{
			"from": [4.75, 4, 7.5],
			"to": [11.75, 6, 8.8],
			"rotation": {"angle": 0, "axis": "y", "origin": [0, 0, 16]},
			"faces": {
				"north": {"uv": [2, 0, 0, 2], "texture": "#1"},
				"east": {"uv": [2, 0, 0, 2], "texture": "#1"},
				"south": {"uv": [2, 0, 0, 2], "texture": "#1"},
				"west": {"uv": [2, 0, 0, 2], "texture": "#1"},
				"up": {"uv": [0, 2, 2, 0], "texture": "#1"},
				"down": {"uv": [0, 4, 8, 0], "texture": "#1"}
			}
		},
		{
			"from": [4.5, 1, 7.5],
			"to": [12.5, 4, 9.5],
			"rotation": {"angle": 0, "axis": "y", "origin": [0, 0, 16]},
			"faces": {
				"north": {"uv": [2, 0, 0, 2], "texture": "#1"},
				"east": {"uv": [2, 0, 0, 2], "texture": "#1"},
				"south": {"uv": [2, 0, 0, 2], "texture": "#1"},
				"west": {"uv": [2, 0, 0, 2], "texture": "#1"},
				"up": {"uv": [0, 2, 2, 0], "texture": "#1"},
				"down": {"uv": [0, 4, 8, 0], "texture": "#1"}
			}
		},
		{
			"from": [4.5, 3.5, 12.75],
			"to": [12.5, 4, 15.75],
			"rotation": {"angle": -45, "axis": "x", "origin": [0, 0, 0]},
			"faces": {
				"north": {"uv": [0, 0, 2, 2], "texture": "#1"},
				"east": {"uv": [0, 0, 2, 2], "texture": "#1"},
				"south": {"uv": [0, 0, 2, 2], "texture": "#1"},
				"west": {"uv": [0, 0, 2, 2], "texture": "#1"},
				"up": {"uv": [0, 0, 2, 2], "texture": "#1"},
				"down": {"uv": [0, 0, 8, 4], "texture": "#3"}
			}
		},
		{
			"from": [5.5, 9, 8.65],
			"to": [11.5, 11, 9.65],
			"faces": {
				"north": {"uv": [0, 0, 3, 4], "texture": "#0"},
				"east": {"uv": [0, 0, 4, 11], "texture": "#0"},
				"south": {"uv": [0, 0, 3, 4], "texture": "#0"},
				"west": {"uv": [0, 0, 3, 4], "texture": "#0"},
				"up": {"uv": [0, 0, 8, 4], "texture": "#0"},
				"down": {"uv": [0, 0, 8, 4], "texture": "#0"}
			}
		},
		{
			"from": [5.75, 9.25, 8.75],
			"to": [11.25, 10.75, 9.75],
			"faces": {
				"north": {"uv": [0, 0, 3, 4], "texture": "#3"},
				"east": {"uv": [0, 0, 4, 11], "texture": "#3"},
				"south": {"uv": [0, 0, 2, 1], "texture": "#3"},
				"west": {"uv": [0, 0, 3, 4], "texture": "#3"},
				"up": {"uv": [0, 0, 8, 4], "texture": "#3"},
				"down": {"uv": [0, 0, 8, 4], "texture": "#3"}
			}
		},
		{
			"from": [6.5, 9.25, 9.75],
			"to": [6.75, 10.75, 9.85],
			"faces": {
				"north": {"uv": [0, 0, 3, 4], "texture": "#2"},
				"east": {"uv": [0, 0, 4, 11], "texture": "#2"},
				"south": {"uv": [0, 0, 2, 1], "texture": "#2"},
				"west": {"uv": [0, 0, 3, 4], "texture": "#2"},
				"up": {"uv": [0, 0, 8, 4], "texture": "#2"},
				"down": {"uv": [0, 0, 8, 4], "texture": "#2"}
			}
		},
		{
			"from": [7.6, 9.25, 9.75],
			"to": [7.85, 10.75, 9.85],
			"faces": {
				"north": {"uv": [0, 0, 3, 4], "texture": "#2"},
				"east": {"uv": [0, 0, 4, 11], "texture": "#2"},
				"south": {"uv": [0, 0, 2, 1], "texture": "#2"},
				"west": {"uv": [0, 0, 3, 4], "texture": "#2"},
				"up": {"uv": [0, 0, 8, 4], "texture": "#2"},
				"down": {"uv": [0, 0, 8, 4], "texture": "#2"}
			}
		},
		{
			"from": [9.35, 9.25, 9.75],
			"to": [9.6, 10.75, 9.85],
			"faces": {
				"north": {"uv": [0, 0, 3, 4], "texture": "#2"},
				"east": {"uv": [0, 0, 4, 11], "texture": "#2"},
				"south": {"uv": [0, 0, 2, 1], "texture": "#2"},
				"west": {"uv": [0, 0, 3, 4], "texture": "#2"},
				"up": {"uv": [0, 0, 8, 4], "texture": "#2"},
				"down": {"uv": [0, 0, 8, 4], "texture": "#2"}
			}
		},
		{
			"from": [8.25, 9.5, 9.75],
			"to": [8.5, 10.5, 9.85],
			"faces": {
				"north": {"uv": [0, 0, 3, 4], "texture": "#2"},
				"east": {"uv": [0, 0, 4, 11], "texture": "#2"},
				"south": {"uv": [0, 0, 2, 1], "texture": "#2"},
				"west": {"uv": [0, 0, 3, 4], "texture": "#2"},
				"up": {"uv": [0, 0, 8, 4], "texture": "#2"},
				"down": {"uv": [0, 0, 8, 4], "texture": "#2"}
			}
		},
		{
			"from": [6.75, 10.5, 9.75],
			"to": [7, 10.75, 9.85],
			"faces": {
				"north": {"uv": [0, 0, 3, 4], "texture": "#2"},
				"east": {"uv": [0, 0, 4, 11], "texture": "#2"},
				"south": {"uv": [0, 0, 2, 1], "texture": "#2"},
				"west": {"uv": [0, 0, 3, 4], "texture": "#2"},
				"up": {"uv": [0, 0, 8, 4], "texture": "#2"},
				"down": {"uv": [0, 0, 8, 4], "texture": "#2"}
			}
		},
		{
			"from": [7, 10, 9.75],
			"to": [7.25, 10.5, 9.85],
			"faces": {
				"north": {"uv": [0, 0, 3, 4], "texture": "#2"},
				"east": {"uv": [0, 0, 4, 11], "texture": "#2"},
				"south": {"uv": [0, 0, 2, 1], "texture": "#2"},
				"west": {"uv": [0, 0, 3, 4], "texture": "#2"},
				"up": {"uv": [0, 0, 8, 4], "texture": "#2"},
				"down": {"uv": [0, 0, 8, 4], "texture": "#2"}
			}
		},
		{
			"from": [6.75, 9.75, 9.75],
			"to": [7, 10, 9.85],
			"faces": {
				"north": {"uv": [0, 0, 3, 4], "texture": "#2"},
				"east": {"uv": [0, 0, 4, 11], "texture": "#2"},
				"south": {"uv": [0, 0, 2, 1], "texture": "#2"},
				"west": {"uv": [0, 0, 3, 4], "texture": "#2"},
				"up": {"uv": [0, 0, 8, 4], "texture": "#2"},
				"down": {"uv": [0, 0, 8, 4], "texture": "#2"}
			}
		},
		{
			"from": [8.5, 9.25, 9.75],
			"to": [9, 9.5, 9.85],
			"faces": {
				"north": {"uv": [0, 0, 3, 4], "texture": "#2"},
				"east": {"uv": [0, 0, 4, 11], "texture": "#2"},
				"south": {"uv": [0, 0, 2, 1], "texture": "#2"},
				"west": {"uv": [0, 0, 3, 4], "texture": "#2"},
				"up": {"uv": [0, 0, 8, 4], "texture": "#2"},
				"down": {"uv": [0, 0, 8, 4], "texture": "#2"}
			}
		},
		{
			"from": [8.5, 10.5, 9.75],
			"to": [9, 10.75, 9.85],
			"faces": {
				"north": {"uv": [0, 0, 3, 4], "texture": "#2"},
				"east": {"uv": [0, 0, 4, 11], "texture": "#2"},
				"south": {"uv": [0, 0, 2, 1], "texture": "#2"},
				"west": {"uv": [0, 0, 3, 4], "texture": "#2"},
				"up": {"uv": [0, 0, 8, 4], "texture": "#2"},
				"down": {"uv": [0, 0, 8, 4], "texture": "#2"}
			}
		},
		{
			"from": [9.6, 9.25, 9.75],
			"to": [10.1, 9.5, 9.85],
			"faces": {
				"north": {"uv": [0, 0, 3, 4], "texture": "#2"},
				"east": {"uv": [0, 0, 4, 11], "texture": "#2"},
				"south": {"uv": [0, 0, 2, 1], "texture": "#2"},
				"west": {"uv": [0, 0, 3, 4], "texture": "#2"},
				"up": {"uv": [0, 0, 8, 4], "texture": "#2"},
				"down": {"uv": [0, 0, 8, 4], "texture": "#2"}
			}
		},
		{
			"from": [9.6, 10.5, 9.75],
			"to": [10.1, 10.75, 9.85],
			"faces": {
				"north": {"uv": [0, 0, 3, 4], "texture": "#2"},
				"east": {"uv": [0, 0, 4, 11], "texture": "#2"},
				"south": {"uv": [0, 0, 2, 1], "texture": "#2"},
				"west": {"uv": [0, 0, 3, 4], "texture": "#2"},
				"up": {"uv": [0, 0, 8, 4], "texture": "#2"},
				"down": {"uv": [0, 0, 8, 4], "texture": "#2"}
			}
		},
		{
			"from": [9.6, 9.9, 9.75],
			"to": [10.1, 10.15, 9.85],
			"faces": {
				"north": {"uv": [0, 0, 3, 4], "texture": "#2"},
				"east": {"uv": [0, 0, 4, 11], "texture": "#2"},
				"south": {"uv": [0, 0, 2, 1], "texture": "#2"},
				"west": {"uv": [0, 0, 3, 4], "texture": "#2"},
				"up": {"uv": [0, 0, 8, 4], "texture": "#2"},
				"down": {"uv": [0, 0, 8, 4], "texture": "#2"}
			}
		},
		{
			"from": [7, 9.25, 9.75],
			"to": [7.25, 9.75, 9.85],
			"faces": {
				"north": {"uv": [0, 0, 3, 4], "texture": "#2"},
				"east": {"uv": [0, 0, 4, 11], "texture": "#2"},
				"south": {"uv": [0, 0, 2, 1], "texture": "#2"},
				"west": {"uv": [0, 0, 3, 4], "texture": "#2"},
				"up": {"uv": [0, 0, 8, 4], "texture": "#2"},
				"down": {"uv": [0, 0, 8, 4], "texture": "#2"}
			}
		},
		{
			"from": [9.5, 3, 8.25],
			"to": [10.25, 3.25, 9.25],
			"rotation": {"angle": 22.5, "axis": "z", "origin": [0, 0, -0.5]},
			"faces": {
				"north": {"uv": [0, 0, 3, 4], "texture": "#3"},
				"east": {"uv": [0, 0, 4, 11], "texture": "#3"},
				"south": {"uv": [0, 0, 3, 4], "texture": "#3"},
				"west": {"uv": [0, 0, 3, 4], "texture": "#3"},
				"up": {"uv": [0, 0, 8, 4], "texture": "#3"},
				"down": {"uv": [0, 0, 8, 4], "texture": "#3"}
			}
		},
		{
			"from": [8.5, 6, 8.25],
			"to": [9, 6.25, 9.25],
			"rotation": {"angle": 0, "axis": "y", "origin": [0, 0, -0.5]},
			"faces": {
				"north": {"uv": [0, 0, 3, 4], "texture": "#3"},
				"east": {"uv": [0, 0, 4, 11], "texture": "#3"},
				"south": {"uv": [0, 0, 3, 4], "texture": "#3"},
				"west": {"uv": [0, 0, 3, 4], "texture": "#3"},
				"up": {"uv": [0, 0, 8, 4], "texture": "#3"},
				"down": {"uv": [0, 0, 8, 4], "texture": "#3"}
			}
		},
		{
			"from": [8.5, 7, 8.25],
			"to": [9.25, 7.25, 9.25],
			"rotation": {"angle": 0, "axis": "y", "origin": [0, 0, -0.5]},
			"faces": {
				"north": {"uv": [0, 0, 3, 4], "texture": "#3"},
				"east": {"uv": [0, 0, 4, 11], "texture": "#3"},
				"south": {"uv": [0, 0, 3, 4], "texture": "#3"},
				"west": {"uv": [0, 0, 3, 4], "texture": "#3"},
				"up": {"uv": [0, 0, 8, 4], "texture": "#3"},
				"down": {"uv": [0, 0, 8, 4], "texture": "#3"}
			}
		},
		{
			"from": [8, 6.25, 8.25],
			"to": [8.6, 6.5, 9.25],
			"rotation": {"angle": 0, "axis": "y", "origin": [0, 0, -0.5]},
			"faces": {
				"north": {"uv": [0, 0, 3, 4], "texture": "#3"},
				"east": {"uv": [0, 0, 4, 11], "texture": "#3"},
				"south": {"uv": [0, 0, 3, 4], "texture": "#3"},
				"west": {"uv": [0, 0, 3, 4], "texture": "#3"},
				"up": {"uv": [0, 0, 8, 4], "texture": "#3"},
				"down": {"uv": [0, 0, 8, 4], "texture": "#3"}
			}
		},
		{
			"from": [5.5, 9.25, 8.35],
			"to": [6.25, 9.5, 9.35],
			"rotation": {"angle": -22.5, "axis": "z", "origin": [0, 0, 0]},
			"faces": {
				"north": {"uv": [0, 0, 3, 4], "texture": "#3"},
				"east": {"uv": [0, 0, 4, 11], "texture": "#3"},
				"south": {"uv": [0, 0, 3, 4], "texture": "#3"},
				"west": {"uv": [0, 0, 3, 4], "texture": "#3"},
				"up": {"uv": [0, 0, 8, 4], "texture": "#3"},
				"down": {"uv": [0, 0, 8, 4], "texture": "#3"}
			}
		},
		{
			"from": [7, -0.5, 9.35],
			"to": [10, 1.5, 10.35],
			"rotation": {"angle": -22.5, "axis": "x", "origin": [0, 0, 0]},
			"faces": {
				"north": {"uv": [0, 0, 3, 4], "texture": "#2"},
				"east": {"uv": [0, 0, 4, 11], "texture": "#2"},
				"south": {"uv": [0, 0, 3, 4], "texture": "#2"},
				"west": {"uv": [0, 0, 3, 4], "texture": "#2"},
				"up": {"uv": [0, 0, 8, 4], "texture": "#2"},
				"down": {"uv": [0, 0, 8, 4], "texture": "#2"}
			}
		},
		{
			"from": [7.25, 3, 8.25],
			"to": [9.75, 5, 9.25],
			"rotation": {"angle": 0, "axis": "y", "origin": [0, 0, -0.5]},
			"faces": {
				"north": {"uv": [0, 0, 3, 4], "texture": "#3"},
				"east": {"uv": [0, 0, 4, 11], "texture": "#3"},
				"south": {"uv": [0, 0, 16, 15], "texture": "#3"},
				"west": {"uv": [0, 0, 3, 4], "texture": "#3"},
				"up": {"uv": [0, 0, 8, 4], "texture": "#3"},
				"down": {"uv": [0, 0, 8, 4], "texture": "#3"}
			}
		}
	],
	"display": {
		"ground": {
			"rotation": [-89, 0, 0],
			"translation": [0, -3, 0]
		},
		"gui": {
			"scale": [1.5, 1.5, 1.5]
		},
		"head": {
			"translation": [0, 3, 0]
		},
		"fixed": {
			"rotation": [-91, 0, 0],
			"translation": [0, 0, -4],
			"scale": [2, 2, 2]
		}
	}
}