{
	"credit": "Made with Blockbench",
	"textures": {
		"4": "block/light_gray_stained_glass",
		"5": "custom/sausage",
		"6": "block/green_terracotta",
		"particle": "block/light_gray_stained_glass"
	},
	"elements": [
		{
			"from": [-4.5, 6, 4.5],
			"to": [4.5, 6.25, 11.5],
			"rotation": {"angle": 22.5, "axis": "y", "origin": [0, 1, 0]},
			"faces": {
				"north": {"uv": [5, 0, 10.5, 16], "texture": "#4"},
				"east": {"uv": [2.5, 0, 4.5, 14.5], "texture": "#4"},
				"south": {"uv": [0, 0, 2, 2], "texture": "#4"},
				"west": {"uv": [11, 0, 13, 16], "texture": "#4"},
				"up": {"uv": [1, 1, 11, 9], "texture": "#4"},
				"down": {"uv": [0, 0, 8, 4], "texture": "#4"}
			}
		},
		{
			"from": [-1.5, 3, 4.5],
			"to": [14.5, 3.25, 11.5],
			"rotation": {"angle": 0, "axis": "y", "origin": [0, 1, 0]},
			"faces": {
				"north": {"uv": [5, 0, 10.5, 16], "texture": "#4"},
				"east": {"uv": [2.5, 0, 4.5, 14.5], "texture": "#4"},
				"south": {"uv": [0, 0, 2, 2], "texture": "#4"},
				"west": {"uv": [11, 0, 13, 16], "texture": "#4"},
				"up": {"uv": [1, 1, 11, 9], "texture": "#4"},
				"down": {"uv": [0, 0, 8, 4], "texture": "#4"}
			}
		},
		{
			"from": [-0.5, 2.5, 4.5],
			"to": [0, 6.5, 11.5],
			"rotation": {"angle": 0, "axis": "y", "origin": [0, 1, 0]},
			"faces": {
				"north": {"uv": [5, 0, 10.5, 16], "texture": "#4"},
				"east": {"uv": [2.5, 0, 4.5, 14.5], "texture": "#4"},
				"south": {"uv": [0, 0, 2, 2], "texture": "#4"},
				"west": {"uv": [11, 0, 13, 16], "texture": "#4"},
				"up": {"uv": [1, 1, 11, 9], "texture": "#4"},
				"down": {"uv": [0, 0, 8, 4], "texture": "#4"}
			}
		},
		{
			"from": [15.5, 2.5, 4.5],
			"to": [16, 6.5, 11.5],
			"rotation": {"angle": 0, "axis": "y", "origin": [0, 1, 0]},
			"faces": {
				"north": {"uv": [5, 0, 10.5, 16], "texture": "#4"},
				"east": {"uv": [2.5, 0, 4.5, 14.5], "texture": "#4"},
				"south": {"uv": [0, 0, 2, 2], "texture": "#4"},
				"west": {"uv": [11, 0, 13, 16], "texture": "#4"},
				"up": {"uv": [1, 1, 11, 9], "texture": "#4"},
				"down": {"uv": [0, 0, 8, 4], "texture": "#4"}
			}
		},
		{
			"from": [-1.5, 6.25, 4.5],
			"to": [2.5, 6.5, 11.5],
			"rotation": {"angle": 22.5, "axis": "y", "origin": [0, 1, 0]},
			"faces": {
				"north": {"uv": [5, 0, 10.5, 16], "texture": "#6"},
				"east": {"uv": [2.5, 0, 4.5, 14.5], "texture": "#6"},
				"south": {"uv": [0, 0, 2, 2], "texture": "#6"},
				"west": {"uv": [11, 0, 13, 16], "texture": "#6"},
				"up": {"uv": [0, 0, 16, 16], "rotation": 90, "texture": "#5"},
				"down": {"uv": [0, 0, 8, 4], "texture": "#6"}
			}
		},
		{
			"from": [6.5, 4, 13.5],
			"to": [10.5, 8, 14],
			"rotation": {"angle": -22.5, "axis": "x", "origin": [0, 1, 16]},
			"faces": {
				"north": {"uv": [8, 0, 0, 4], "texture": "#6"},
				"east": {"uv": [2.5, 14.5, 4.5, 0], "rotation": 90, "texture": "#6"},
				"south": {"uv": [0, 16, 16, 0], "rotation": 270, "texture": "#6"},
				"west": {"uv": [11, 16, 13, 0], "rotation": 270, "texture": "#6"},
				"up": {"uv": [0, 2, 2, 0], "texture": "#6"},
				"down": {"uv": [5, 16, 10.5, 0], "rotation": 180, "texture": "#6"}
			}
		},
		{
			"from": [-0.5, 4, 2.25],
			"to": [11.5, 8, 2.75],
			"rotation": {"angle": 22.5, "axis": "x", "origin": [0, 1, 0]},
			"faces": {
				"north": {"uv": [5, 0, 10.5, 16], "texture": "#4"},
				"east": {"uv": [2.5, 0, 4.5, 14.5], "texture": "#4"},
				"south": {"uv": [0, 0, 2, 2], "texture": "#4"},
				"west": {"uv": [11, 0, 13, 16], "texture": "#4"},
				"up": {"uv": [1, 1, 11, 9], "texture": "#4"},
				"down": {"uv": [0, 0, 8, 4], "texture": "#4"}
			}
		},
		{
			"from": [-0.5, 4, 13],
			"to": [15.5, 8, 13.5],
			"rotation": {"angle": -22.5, "axis": "x", "origin": [16, 1, 16]},
			"faces": {
				"north": {"uv": [0, 0, 2, 2], "texture": "#4"},
				"east": {"uv": [11, 0, 13, 16], "texture": "#4"},
				"south": {"uv": [5, 0, 10.5, 16], "texture": "#4"},
				"west": {"uv": [2.5, 0, 4.5, 14.5], "texture": "#4"},
				"up": {"uv": [11, 9, 1, 1], "texture": "#4"},
				"down": {"uv": [8, 4, 0, 0], "texture": "#4"}
			}
		}
	],
	"display": {
		"thirdperson_righthand": {
			"translation": [0, 2, 0],
			"scale": [0.75, 0.75, 0.75]
		},
		"thirdperson_lefthand": {
			"translation": [0, 2, 0],
			"scale": [0.75, 0.75, 0.75]
		},
		"firstperson_righthand": {
			"rotation": [0, 119, 0],
			"translation": [0, 0, -6]
		},
		"firstperson_lefthand": {
			"rotation": [0, -75, 0],
			"translation": [0, 0, -6]
		},
		"ground": {
			"rotation": [0, 0, 4],
			"scale": [0.8, 0.8, 0.8]
		},
		"gui": {
			"rotation": [35, 140, 4],
			"translation": [0, 1, 0],
			"scale": [1.2, 1.2, 1.2]
		},
		"head": {
			"translation": [0, 3, 0]
		},
		"fixed": {
			"rotation": [-91, 0, 0],
			"translation": [0, 0, -4],
			"scale": [2, 2, 2]
		}
	}
}