{
	"credit": "Made with Blockbench",
	"textures": {
		"0": "block/red_terracotta",
		"2": "block/stripped_oak_log",
		"3": "block/white_wool",
		"4": "block/green_wool",
		"5": "block/end_stone",
		"particle": "block/red_terracotta"
	},
	"elements": [
		{
			"from": [4, 6, 4],
			"to": [12, 14, 5],
			"rotation": {"angle": 0, "axis": "y", "origin": [16, 2, 8]},
			"faces": {
				"north": {"uv": [14, 3, 13, 4], "rotation": 180, "texture": "#5"},
				"east": {"uv": [3, 0, 0, 4], "rotation": 90, "texture": "#0"},
				"south": {"uv": [8, 0, 0, 4], "texture": "#3"},
				"west": {"uv": [4, 0, 0, 11], "rotation": 270, "texture": "#0"},
				"up": {"uv": [3, 0, 0, 4], "texture": "#0"},
				"down": {"uv": [3, 0, 0, 4], "rotation": 180, "texture": "#0"}
			}
		},
		{
			"from": [4, 5, 4],
			"to": [12, 5.5, 12],
			"rotation": {"angle": 0, "axis": "y", "origin": [16, 3, 0]},
			"faces": {
				"north": {"uv": [3, 0, 0, 4], "texture": "#4"},
				"east": {"uv": [3, 0, 0, 4], "texture": "#4"},
				"south": {"uv": [3, 0, 0, 4], "texture": "#4"},
				"west": {"uv": [4, 0, 0, 11], "texture": "#4"},
				"up": {"uv": [11, 2, 9, 4], "texture": "#3"},
				"down": {"uv": [8, 0, 0, 4], "texture": "#4"}
			}
		},
		{
			"from": [5, 5, 5],
			"to": [6, 5.6, 6],
			"rotation": {"angle": 0, "axis": "y", "origin": [16, 3, 0]},
			"faces": {
				"north": {"uv": [3, 0, 0, 4], "texture": "#0"},
				"east": {"uv": [3, 0, 0, 4], "texture": "#0"},
				"south": {"uv": [3, 0, 0, 4], "texture": "#0"},
				"west": {"uv": [4, 0, 0, 11], "texture": "#0"},
				"up": {"uv": [11, 2, 9, 4], "texture": "#0"},
				"down": {"uv": [8, 0, 0, 4], "texture": "#0"}
			}
		},
		{
			"from": [5, 5, 5],
			"to": [6.75, 5.6, 6],
			"rotation": {"angle": 22.5, "axis": "y", "origin": [16, 3, 0]},
			"faces": {
				"north": {"uv": [3, 0, 0, 4], "texture": "#0"},
				"east": {"uv": [3, 0, 0, 4], "texture": "#0"},
				"south": {"uv": [3, 0, 0, 4], "texture": "#0"},
				"west": {"uv": [4, 0, 0, 11], "texture": "#0"},
				"up": {"uv": [11, 2, 9, 4], "texture": "#0"},
				"down": {"uv": [8, 0, 0, 4], "texture": "#0"}
			}
		},
		{
			"from": [7, 5, 2],
			"to": [9, 5.6, 3.5],
			"rotation": {"angle": 22.5, "axis": "y", "origin": [16, 3, 0]},
			"faces": {
				"north": {"uv": [3, 0, 0, 4], "texture": "#2"},
				"east": {"uv": [3, 0, 0, 4], "texture": "#2"},
				"south": {"uv": [3, 0, 0, 4], "texture": "#2"},
				"west": {"uv": [4, 0, 0, 11], "texture": "#2"},
				"up": {"uv": [11, 2, 9, 4], "texture": "#2"},
				"down": {"uv": [8, 0, 0, 4], "texture": "#2"}
			}
		},
		{
			"from": [5, 5, 2],
			"to": [5.25, 5.6, 2.5],
			"rotation": {"angle": 22.5, "axis": "y", "origin": [16, 3, 0]},
			"faces": {
				"north": {"uv": [3, 0, 0, 4], "texture": "#2"},
				"east": {"uv": [3, 0, 0, 4], "texture": "#2"},
				"south": {"uv": [3, 0, 0, 4], "texture": "#2"},
				"west": {"uv": [4, 0, 0, 11], "texture": "#2"},
				"up": {"uv": [11, 2, 9, 4], "texture": "#2"},
				"down": {"uv": [8, 0, 0, 4], "texture": "#2"}
			}
		},
		{
			"from": [5, 5, 8],
			"to": [5.25, 5.6, 8.5],
			"rotation": {"angle": 0, "axis": "y", "origin": [16, 3, 0]},
			"faces": {
				"north": {"uv": [3, 0, 0, 4], "texture": "#2"},
				"east": {"uv": [3, 0, 0, 4], "texture": "#2"},
				"south": {"uv": [3, 0, 0, 4], "texture": "#2"},
				"west": {"uv": [4, 0, 0, 11], "texture": "#2"},
				"up": {"uv": [11, 2, 9, 4], "texture": "#2"},
				"down": {"uv": [8, 0, 0, 4], "texture": "#2"}
			}
		},
		{
			"from": [6, 5, 10],
			"to": [6.5, 5.6, 11],
			"rotation": {"angle": 0, "axis": "y", "origin": [16, 3, 0]},
			"faces": {
				"north": {"uv": [3, 0, 0, 4], "texture": "#4"},
				"east": {"uv": [3, 0, 0, 4], "texture": "#4"},
				"south": {"uv": [3, 0, 0, 4], "texture": "#4"},
				"west": {"uv": [4, 0, 0, 11], "texture": "#4"},
				"up": {"uv": [11, 2, 9, 4], "texture": "#4"},
				"down": {"uv": [8, 0, 0, 4], "texture": "#4"}
			}
		},
		{
			"from": [4, 5.5, 4],
			"to": [4.5, 6.5, 12],
			"rotation": {"angle": 0, "axis": "y", "origin": [16, 3, 0]},
			"faces": {
				"north": {"uv": [3, 0, 0, 4], "texture": "#3"},
				"east": {"uv": [3, 0, 0, 4], "texture": "#3"},
				"south": {"uv": [3, 0, 0, 4], "texture": "#3"},
				"west": {"uv": [4, 0, 0, 11], "texture": "#3"},
				"up": {"uv": [11, 2, 9, 4], "texture": "#3"},
				"down": {"uv": [8, 0, 0, 4], "texture": "#3"}
			}
		},
		{
			"from": [11.5, 5.5, 4],
			"to": [12, 6.5, 12],
			"rotation": {"angle": 0, "axis": "y", "origin": [16, 3, 0]},
			"faces": {
				"north": {"uv": [3, 0, 0, 4], "texture": "#3"},
				"east": {"uv": [3, 0, 0, 4], "texture": "#3"},
				"south": {"uv": [3, 0, 0, 4], "texture": "#3"},
				"west": {"uv": [4, 0, 0, 11], "texture": "#3"},
				"up": {"uv": [11, 2, 9, 4], "texture": "#3"},
				"down": {"uv": [8, 0, 0, 4], "texture": "#3"}
			}
		},
		{
			"from": [4.5, 5.5, 11.5],
			"to": [11.5, 6.5, 12.1],
			"rotation": {"angle": 0, "axis": "y", "origin": [16, 3, 0]},
			"faces": {
				"north": {"uv": [3, 0, 0, 4], "texture": "#3"},
				"east": {"uv": [3, 0, 0, 4], "texture": "#3"},
				"south": {"uv": [3, 0, 0, 4], "texture": "#3"},
				"west": {"uv": [4, 0, 0, 11], "texture": "#3"},
				"up": {"uv": [11, 2, 9, 4], "texture": "#3"},
				"down": {"uv": [8, 0, 0, 4], "texture": "#3"}
			}
		},
		{
			"name": "Cube2",
			"from": [8, 7.75, 3.75],
			"to": [8.75, 8.25, 4.25],
			"rotation": {"angle": -45, "axis": "z", "origin": [8, 10, 0]},
			"faces": {
				"north": {"uv": [2, 1, 3.5, 2], "rotation": 180, "texture": "#0"},
				"east": {"uv": [0, 0, 1, 1], "rotation": 90, "texture": "#0"},
				"south": {"uv": [0, 0, 1.5, 1], "texture": "#0"},
				"west": {"uv": [0, 0, 1, 1], "rotation": 270, "texture": "#0"},
				"up": {"uv": [0, 0, 1.5, 1], "texture": "#0"},
				"down": {"uv": [0, 2, 1.5, 3], "rotation": 180, "texture": "#0"}
			}
		},
		{
			"name": "Cube2",
			"from": [8, 10, 3.75],
			"to": [8.5, 11, 4],
			"rotation": {"angle": 22.5, "axis": "z", "origin": [8, 10, 0]},
			"faces": {
				"north": {"uv": [2, 1, 3, 3], "rotation": 180, "texture": "#4"},
				"east": {"uv": [0, 0, 2, 1], "rotation": 90, "texture": "#4"},
				"south": {"uv": [0, 0, 1, 2], "texture": "#4"},
				"west": {"uv": [0, 0, 2, 1], "rotation": 270, "texture": "#4"},
				"up": {"uv": [0, 0, 1, 1], "texture": "#4"},
				"down": {"uv": [0, 2, 1, 3], "rotation": 180, "texture": "#4"}
			}
		},
		{
			"name": "Cube2",
			"from": [7.5, 9.5, 3.7],
			"to": [8, 10.5, 4.2],
			"rotation": {"angle": -22.5, "axis": "z", "origin": [8, 10, 0]},
			"faces": {
				"north": {"uv": [2, 1, 3, 3], "rotation": 180, "texture": "#4"},
				"east": {"uv": [0, 0, 2, 1], "rotation": 90, "texture": "#4"},
				"south": {"uv": [0, 0, 1, 2], "texture": "#4"},
				"west": {"uv": [0, 0, 2, 1], "rotation": 270, "texture": "#4"},
				"up": {"uv": [0, 0, 1, 1], "texture": "#4"},
				"down": {"uv": [0, 2, 1, 3], "rotation": 180, "texture": "#4"}
			}
		},
		{
			"name": "Cube2",
			"from": [8, 11, 3.75],
			"to": [8.75, 12, 4.25],
			"rotation": {"angle": -22.5, "axis": "z", "origin": [8, 10, 0]},
			"faces": {
				"north": {"uv": [2, 1, 3.5, 3], "rotation": 180, "texture": "#0"},
				"east": {"uv": [0, 0, 2, 1], "rotation": 90, "texture": "#0"},
				"south": {"uv": [0, 0, 1.5, 2], "texture": "#0"},
				"west": {"uv": [0, 0, 2, 1], "rotation": 270, "texture": "#0"},
				"up": {"uv": [0, 0, 1.5, 1], "texture": "#0"},
				"down": {"uv": [0, 2, 1.5, 3], "rotation": 180, "texture": "#0"}
			}
		},
		{
			"name": "Cube2",
			"from": [5.8, 10, 3.75],
			"to": [6.55, 10.75, 4.25],
			"rotation": {"angle": 22.5, "axis": "z", "origin": [8, 10, 0]},
			"faces": {
				"north": {"uv": [2, 1, 3.5, 2.5], "rotation": 180, "texture": "#0"},
				"east": {"uv": [0, 0, 1.5, 1], "rotation": 90, "texture": "#0"},
				"south": {"uv": [0, 0, 1.5, 1.5], "texture": "#0"},
				"west": {"uv": [0, 0, 1.5, 1], "rotation": 270, "texture": "#0"},
				"up": {"uv": [0, 0, 1.5, 1], "texture": "#0"},
				"down": {"uv": [0, 2, 1.5, 3], "rotation": 180, "texture": "#0"}
			}
		},
		{
			"name": "Cube2",
			"from": [9, 9, 3.75],
			"to": [10, 10.25, 4.25],
			"rotation": {"angle": -22.5, "axis": "z", "origin": [8, 10, 0]},
			"faces": {
				"north": {"uv": [2, 1, 4, 3.5], "rotation": 180, "texture": "#0"},
				"east": {"uv": [0, 0, 2.5, 1], "rotation": 90, "texture": "#0"},
				"south": {"uv": [0, 0, 2, 2.5], "texture": "#0"},
				"west": {"uv": [0, 0, 2.5, 1], "rotation": 270, "texture": "#0"},
				"up": {"uv": [0, 0, 2, 1], "texture": "#0"},
				"down": {"uv": [0, 2, 2, 3], "rotation": 180, "texture": "#0"}
			}
		},
		{
			"name": "Cube2",
			"from": [7.75, 8, 3.75],
			"to": [8.75, 9.25, 4.25],
			"rotation": {"angle": 0, "axis": "y", "origin": [4, 6, 4]},
			"faces": {
				"north": {"uv": [2, 1, 4, 3.5], "rotation": 180, "texture": "#0"},
				"east": {"uv": [0, 0, 2.5, 1], "rotation": 90, "texture": "#0"},
				"south": {"uv": [0, 0, 2, 2.5], "texture": "#0"},
				"west": {"uv": [0, 0, 2.5, 1], "rotation": 270, "texture": "#0"},
				"up": {"uv": [0, 0, 2, 1], "texture": "#0"},
				"down": {"uv": [0, 2, 2, 3], "rotation": 180, "texture": "#0"}
			}
		},
		{
			"name": "Cube2",
			"from": [6, 9, 3.75],
			"to": [7, 10, 4.25],
			"rotation": {"angle": 0, "axis": "y", "origin": [4, 6, 4]},
			"faces": {
				"north": {"uv": [2, 1, 4, 3], "rotation": 180, "texture": "#0"},
				"east": {"uv": [0, 0, 2, 1], "rotation": 90, "texture": "#0"},
				"south": {"uv": [0, 0, 2, 2], "texture": "#0"},
				"west": {"uv": [0, 0, 2, 1], "rotation": 270, "texture": "#0"},
				"up": {"uv": [0, 0, 2, 1], "texture": "#0"},
				"down": {"uv": [0, 2, 2, 3], "rotation": 180, "texture": "#0"}
			}
		},
		{
			"name": "Cube2",
			"from": [5.5, 9, 3.8],
			"to": [10.5, 10.25, 4.3],
			"rotation": {"angle": -22.5, "axis": "z", "origin": [8, 10, 0]},
			"faces": {
				"north": {"uv": [0, 0, 10, 2.5], "rotation": 180, "texture": "#5"},
				"east": {"uv": [0, 0, 2.5, 1], "rotation": 90, "texture": "#5"},
				"south": {"uv": [0, 0, 10, 2.5], "texture": "#5"},
				"west": {"uv": [0, 0, 2.5, 1], "rotation": 270, "texture": "#5"},
				"up": {"uv": [0, 0, 10, 1], "texture": "#5"},
				"down": {"uv": [0, 0, 10, 1], "rotation": 180, "texture": "#5"}
			}
		},
		{
			"name": "Cube2",
			"from": [5.5, 9, 3.8],
			"to": [10.5, 10.25, 4.3],
			"rotation": {"angle": 22.5, "axis": "z", "origin": [8, 10, 0]},
			"faces": {
				"north": {"uv": [0, 0, 10, 2.5], "rotation": 180, "texture": "#5"},
				"east": {"uv": [0, 0, 2.5, 1], "rotation": 90, "texture": "#5"},
				"south": {"uv": [0, 0, 10, 2.5], "texture": "#5"},
				"west": {"uv": [0, 0, 2.5, 1], "rotation": 270, "texture": "#5"},
				"up": {"uv": [0, 0, 10, 1], "texture": "#5"},
				"down": {"uv": [0, 0, 10, 1], "rotation": 180, "texture": "#5"}
			}
		},
		{
			"name": "Cube2",
			"from": [5.5, 9, 3.8],
			"to": [10.5, 10.25, 4.3],
			"rotation": {"angle": 0, "axis": "y", "origin": [4, 6, 4]},
			"faces": {
				"north": {"uv": [0, 0, 10, 2.5], "rotation": 180, "texture": "#5"},
				"east": {"uv": [0, 0, 2.5, 1], "rotation": 90, "texture": "#5"},
				"south": {"uv": [0, 0, 10, 2.5], "texture": "#5"},
				"west": {"uv": [0, 0, 2.5, 1], "rotation": 270, "texture": "#5"},
				"up": {"uv": [0, 0, 10, 1], "texture": "#5"},
				"down": {"uv": [0, 0, 10, 1], "rotation": 180, "texture": "#5"}
			}
		},
		{
			"name": "Cube2",
			"from": [7.5, 7.5, 3.8],
			"to": [8.75, 12.5, 4.3],
			"rotation": {"angle": -45, "axis": "z", "origin": [8, 10, 0]},
			"faces": {
				"north": {"uv": [0, 0, 2.5, 10], "rotation": 180, "texture": "#5"},
				"east": {"uv": [0, 0, 10, 1], "rotation": 90, "texture": "#5"},
				"south": {"uv": [0, 0, 2.5, 10], "texture": "#5"},
				"west": {"uv": [0, 0, 10, 1], "rotation": 270, "texture": "#5"},
				"up": {"uv": [0, 0, 2.5, 1], "texture": "#5"},
				"down": {"uv": [0, 0, 2.5, 1], "rotation": 180, "texture": "#5"}
			}
		},
		{
			"name": "Cube2",
			"from": [7.5, 7.5, 3.8],
			"to": [8.75, 12.5, 4.3],
			"rotation": {"angle": -22.5, "axis": "z", "origin": [8, 10, 0]},
			"faces": {
				"north": {"uv": [0, 0, 2.5, 10], "rotation": 180, "texture": "#5"},
				"east": {"uv": [0, 0, 10, 1], "rotation": 90, "texture": "#5"},
				"south": {"uv": [0, 0, 2.5, 10], "texture": "#5"},
				"west": {"uv": [0, 0, 10, 1], "rotation": 270, "texture": "#5"},
				"up": {"uv": [0, 0, 2.5, 1], "texture": "#5"},
				"down": {"uv": [0, 0, 2.5, 1], "rotation": 180, "texture": "#5"}
			}
		},
		{
			"name": "Cube2",
			"from": [7.5, 7.5, 3.8],
			"to": [8.75, 12.5, 4.3],
			"rotation": {"angle": 45, "axis": "z", "origin": [8, 10, 0]},
			"faces": {
				"north": {"uv": [0, 0, 2.5, 10], "rotation": 180, "texture": "#5"},
				"east": {"uv": [0, 0, 10, 1], "rotation": 90, "texture": "#5"},
				"south": {"uv": [0, 0, 2.5, 10], "texture": "#5"},
				"west": {"uv": [0, 0, 10, 1], "rotation": 270, "texture": "#5"},
				"up": {"uv": [0, 0, 2.5, 1], "texture": "#5"},
				"down": {"uv": [0, 0, 2.5, 1], "rotation": 180, "texture": "#5"}
			}
		},
		{
			"name": "Cube2",
			"from": [7.5, 7.5, 3.8],
			"to": [8.75, 12.5, 4.3],
			"rotation": {"angle": 22.5, "axis": "z", "origin": [8, 10, 0]},
			"faces": {
				"north": {"uv": [0, 0, 2.5, 10], "rotation": 180, "texture": "#5"},
				"east": {"uv": [0, 0, 10, 1], "rotation": 90, "texture": "#5"},
				"south": {"uv": [0, 0, 2.5, 10], "texture": "#5"},
				"west": {"uv": [0, 0, 10, 1], "rotation": 270, "texture": "#5"},
				"up": {"uv": [0, 0, 2.5, 1], "texture": "#5"},
				"down": {"uv": [0, 0, 2.5, 1], "rotation": 180, "texture": "#5"}
			}
		},
		{
			"name": "Cube2",
			"from": [7.5, 7.5, 3.8],
			"to": [8.75, 12.5, 4.3],
			"rotation": {"angle": 0, "axis": "y", "origin": [4, 6, 4]},
			"faces": {
				"north": {"uv": [0, 0, 2.5, 10], "rotation": 180, "texture": "#5"},
				"east": {"uv": [0, 0, 10, 1], "rotation": 90, "texture": "#5"},
				"south": {"uv": [0, 0, 2.5, 10], "texture": "#5"},
				"west": {"uv": [0, 0, 10, 1], "rotation": 270, "texture": "#5"},
				"up": {"uv": [0, 0, 2.5, 1], "texture": "#5"},
				"down": {"uv": [0, 0, 2.5, 1], "rotation": 180, "texture": "#5"}
			}
		},
		{
			"name": "Cube",
			"from": [5, 9.25, 3.9],
			"to": [11, 10.75, 4.4],
			"rotation": {"angle": 22.5, "axis": "z", "origin": [8, 10, 0]},
			"faces": {
				"north": {"uv": [0, 0, 12, 3], "rotation": 180, "texture": "#2"},
				"east": {"uv": [0, 0, 3, 1], "rotation": 90, "texture": "#2"},
				"south": {"uv": [0, 0, 12, 3], "texture": "#2"},
				"west": {"uv": [0, 0, 3, 1], "rotation": 270, "texture": "#2"},
				"up": {"uv": [0, 0, 12, 1], "texture": "#2"},
				"down": {"uv": [0, 0, 12, 1], "rotation": 180, "texture": "#2"}
			}
		},
		{
			"name": "Cube",
			"from": [7.5, 7, 3.9],
			"to": [8.75, 13, 4.4],
			"rotation": {"angle": -45, "axis": "z", "origin": [8, 10, 0]},
			"faces": {
				"north": {"uv": [0, 0, 2.5, 12], "rotation": 180, "texture": "#2"},
				"east": {"uv": [0, 0, 12, 1], "rotation": 90, "texture": "#2"},
				"south": {"uv": [0, 0, 2.5, 12], "texture": "#2"},
				"west": {"uv": [0, 0, 12, 1], "rotation": 270, "texture": "#2"},
				"up": {"uv": [0, 0, 2.5, 1], "texture": "#2"},
				"down": {"uv": [0, 0, 2.5, 1], "rotation": 180, "texture": "#2"}
			}
		},
		{
			"name": "Cube",
			"from": [7.5, 7, 3.9],
			"to": [8.75, 13, 4.4],
			"rotation": {"angle": -22.5, "axis": "z", "origin": [8, 10, 0]},
			"faces": {
				"north": {"uv": [0, 0, 2.5, 12], "rotation": 180, "texture": "#2"},
				"east": {"uv": [0, 0, 12, 1], "rotation": 90, "texture": "#2"},
				"south": {"uv": [0, 0, 2.5, 12], "texture": "#2"},
				"west": {"uv": [0, 0, 12, 1], "rotation": 270, "texture": "#2"},
				"up": {"uv": [0, 0, 2.5, 1], "texture": "#2"},
				"down": {"uv": [0, 0, 2.5, 1], "rotation": 180, "texture": "#2"}
			}
		},
		{
			"name": "Cube",
			"from": [5, 9.25, 3.9],
			"to": [11, 10.5, 4.4],
			"rotation": {"angle": -22.5, "axis": "z", "origin": [8, 10, 0]},
			"faces": {
				"north": {"uv": [0, 0, 2.5, 12], "rotation": 180, "texture": "#2"},
				"east": {"uv": [0, 0, 2.5, 1], "rotation": 90, "texture": "#2"},
				"south": {"uv": [0, 0, 2.5, 12], "texture": "#2"},
				"west": {"uv": [0, 0, 2.5, 1], "rotation": 270, "texture": "#2"},
				"up": {"uv": [0, 0, 12, 1], "texture": "#2"},
				"down": {"uv": [0, 0, 12, 1], "rotation": 180, "texture": "#2"}
			}
		},
		{
			"name": "Cube",
			"from": [5, 9, 3.9],
			"to": [11, 10.5, 4.4],
			"rotation": {"angle": 0, "axis": "y", "origin": [4, 6, 4]},
			"faces": {
				"north": {"uv": [0, 0, 3, 12], "rotation": 180, "texture": "#2"},
				"east": {"uv": [0, 0, 3, 1], "rotation": 90, "texture": "#2"},
				"south": {"uv": [0, 0, 3, 12], "texture": "#2"},
				"west": {"uv": [0, 0, 3, 1], "rotation": 270, "texture": "#2"},
				"up": {"uv": [0, 0, 12, 1], "texture": "#2"},
				"down": {"uv": [0, 0, 12, 1], "rotation": 180, "texture": "#2"}
			}
		},
		{
			"name": "Cube",
			"from": [7.5, 7, 3.9],
			"to": [8.75, 13, 4.4],
			"rotation": {"angle": 45, "axis": "z", "origin": [8, 10, 0]},
			"faces": {
				"north": {"uv": [0, 0, 2.5, 12], "rotation": 180, "texture": "#2"},
				"east": {"uv": [0, 0, 12, 1], "rotation": 90, "texture": "#2"},
				"south": {"uv": [0, 0, 2.5, 12], "texture": "#2"},
				"west": {"uv": [0, 0, 12, 1], "rotation": 270, "texture": "#2"},
				"up": {"uv": [0, 0, 2.5, 1], "texture": "#2"},
				"down": {"uv": [0, 0, 2.5, 1], "rotation": 180, "texture": "#2"}
			}
		},
		{
			"name": "Cube",
			"from": [7.5, 7, 3.9],
			"to": [8.75, 13, 4.4],
			"rotation": {"angle": 22.5, "axis": "z", "origin": [8, 10, 0]},
			"faces": {
				"north": {"uv": [0, 0, 2.5, 12], "rotation": 180, "texture": "#2"},
				"east": {"uv": [0, 0, 12, 1], "rotation": 90, "texture": "#2"},
				"south": {"uv": [0, 0, 2.5, 12], "texture": "#2"},
				"west": {"uv": [0, 0, 12, 1], "rotation": 270, "texture": "#2"},
				"up": {"uv": [0, 0, 2.5, 1], "texture": "#2"},
				"down": {"uv": [0, 0, 2.5, 1], "rotation": 180, "texture": "#2"}
			}
		},
		{
			"name": "Cube",
			"from": [7.5, 7, 3.9],
			"to": [8.75, 13, 4.4],
			"rotation": {"angle": 0, "axis": "y", "origin": [4, 6, 4]},
			"faces": {
				"north": {"uv": [0, 0, 2.5, 12], "rotation": 180, "texture": "#2"},
				"east": {"uv": [0, 0, 12, 1], "rotation": 90, "texture": "#2"},
				"south": {"uv": [0, 0, 2.5, 12], "texture": "#2"},
				"west": {"uv": [0, 0, 12, 1], "rotation": 270, "texture": "#2"},
				"up": {"uv": [0, 0, 2.5, 1], "texture": "#2"},
				"down": {"uv": [0, 0, 2.5, 1], "rotation": 180, "texture": "#2"}
			}
		}
	],
	"display": {
		"ground": {
			"scale": [1.2, 1.2, 1.2]
		},
		"gui": {
			"rotation": [15, 0, 0],
			"scale": [2, 2, 2]
		},
		"head": {
			"scale": [1.5, 1.5, 1.5]
		},
		"fixed": {
			"rotation": [-91, 0, 0],
			"translation": [0, 0, -4],
			"scale": [2, 2, 2]
		}
	}
}