{
	"credit": "Made with Blockbench",
	"textures": {
		"1": "custom/sunset",
		"4": "block/white_wool",
		"particle": "block/stone"
	},
	"elements": [
		{
			"from": [-7, 1, 0.5],
			"to": [23, 2, 17.5],
			"faces": {
				"north": {"uv": [1, 1, 16, 2], "rotation": 90, "texture": "#4"},
				"east": {"uv": [0, 0, 2, 2], "rotation": 270, "texture": "#4"},
				"south": {"uv": [0, 0, 16, 4], "rotation": 270, "texture": "#4"},
				"west": {"uv": [0, 0, 16, 6], "rotation": 270, "texture": "#4"},
				"up": {"uv": [0, 0, 16, 16], "rotation": 180, "texture": "#1"},
				"down": {"uv": [0, 0, 4, 3], "rotation": 270, "texture": "#4"}
			}
		}
	],
	"display": {
		"fixed": {
			"rotation": [-90, 0, 0],
			"translation": [0, 0, -14],
			"scale": [2, 2, 2]
		}
	}
}