{
	"credit": "Made with Blockbench",
	"textures": {
		"4": "block/black_terracotta",
		"8": "block/stripped_oak_log",
		"particle": "block/quartz_block_bottom"
	},
	"elements": [
		{
			"from": [5, 1.8, 4.8],
			"to": [12.2, 2.6, 12],
			"rotation": {"angle": 0, "axis": "y", "origin": [15.4, 1.8, 1.6]},
			"faces": {
				"north": {"uv": [1, 15, 0, 16], "texture": "#8"},
				"east": {"uv": [1, 15, 0, 16], "texture": "#8"},
				"south": {"uv": [1, 15, 0, 16], "texture": "#8"},
				"west": {"uv": [5, 11, 2, 14], "texture": "#8"},
				"up": {"uv": [12, 2, 3, 12], "rotation": 180, "texture": "#8"},
				"down": {"uv": [1, 0, 0, 1], "rotation": 180, "texture": "#8"}
			}
		},
		{
			"from": [5, 3.4, 4.8],
			"to": [12.2, 4.2, 11.04],
			"rotation": {"angle": 0, "axis": "y", "origin": [15.4, 1.8, 1.6]},
			"faces": {
				"north": {"uv": [1, 15, 0, 16], "texture": "#8"},
				"east": {"uv": [1, 15, 0, 16], "texture": "#8"},
				"south": {"uv": [1, 15, 0, 16], "texture": "#8"},
				"west": {"uv": [5, 11, 2, 14], "texture": "#8"},
				"up": {"uv": [12, 2, 3, 12], "rotation": 180, "texture": "#8"},
				"down": {"uv": [1, 0, 0, 1], "rotation": 180, "texture": "#8"}
			}
		},
		{
			"from": [6.6, 4.2, 5.6],
			"to": [10.6, 4.6, 10.4],
			"rotation": {"angle": 0, "axis": "y", "origin": [15.4, 1.8, 1.6]},
			"faces": {
				"north": {"uv": [1, 15, 0, 16], "texture": "#4"},
				"east": {"uv": [1, 15, 0, 16], "texture": "#4"},
				"south": {"uv": [1, 15, 0, 16], "texture": "#4"},
				"west": {"uv": [5, 11, 2, 14], "texture": "#4"},
				"up": {"uv": [12, 2, 3, 12], "rotation": 180, "texture": "#4"},
				"down": {"uv": [1, 0, 0, 1], "rotation": 180, "texture": "#4"}
			}
		},
		{
			"from": [7.4, 4.2, 4],
			"to": [9, 4.6, 5.6],
			"rotation": {"angle": 0, "axis": "y", "origin": [15.4, 1.8, 1.6]},
			"faces": {
				"north": {"uv": [1, 15, 0, 16], "texture": "#4"},
				"east": {"uv": [1, 15, 0, 16], "texture": "#4"},
				"south": {"uv": [1, 15, 0, 16], "texture": "#4"},
				"west": {"uv": [5, 11, 2, 14], "texture": "#4"},
				"up": {"uv": [12, 2, 3, 12], "rotation": 180, "texture": "#4"},
				"down": {"uv": [1, 0, 0, 1], "rotation": 180, "texture": "#4"}
			}
		},
		{
			"from": [5.8, 4.2, 8.8],
			"to": [6.6, 4.6, 9.6],
			"rotation": {"angle": 0, "axis": "y", "origin": [15.4, 1.8, 1.6]},
			"faces": {
				"north": {"uv": [1, 15, 0, 16], "texture": "#4"},
				"east": {"uv": [1, 15, 0, 16], "texture": "#4"},
				"south": {"uv": [1, 15, 0, 16], "texture": "#4"},
				"west": {"uv": [5, 11, 2, 14], "texture": "#4"},
				"up": {"uv": [12, 2, 3, 12], "rotation": 180, "texture": "#4"},
				"down": {"uv": [1, 0, 0, 1], "rotation": 180, "texture": "#4"}
			}
		},
		{
			"from": [10.6, 4.2, 7.2],
			"to": [11.4, 4.6, 9.6],
			"rotation": {"angle": 0, "axis": "y", "origin": [15.4, 1.8, 1.6]},
			"faces": {
				"north": {"uv": [1, 15, 0, 16], "texture": "#4"},
				"east": {"uv": [1, 15, 0, 16], "texture": "#4"},
				"south": {"uv": [1, 15, 0, 16], "texture": "#4"},
				"west": {"uv": [5, 11, 2, 14], "texture": "#4"},
				"up": {"uv": [12, 2, 3, 12], "rotation": 180, "texture": "#4"},
				"down": {"uv": [1, 0, 0, 1], "rotation": 180, "texture": "#4"}
			}
		},
		{
			"from": [7.4, 9.8, 6],
			"to": [10.6, 10.2, 7.6],
			"rotation": {"angle": 45, "axis": "x", "origin": [15.4, 1.8, 1.6]},
			"faces": {
				"north": {"uv": [1, 15, 0, 16], "texture": "#4"},
				"east": {"uv": [1, 15, 0, 16], "texture": "#4"},
				"south": {"uv": [1, 15, 0, 16], "texture": "#4"},
				"west": {"uv": [5, 11, 2, 14], "texture": "#4"},
				"up": {"uv": [12, 2, 3, 12], "rotation": 180, "texture": "#4"},
				"down": {"uv": [1, 0, 0, 1], "rotation": 180, "texture": "#4"}
			}
		},
		{
			"from": [2.6, 2.6, 1.6],
			"to": [9.8, 3.4, 8.8],
			"rotation": {"angle": 22.5, "axis": "y", "origin": [15.4, 1.8, 1.6]},
			"faces": {
				"north": {"uv": [1, 15, 0, 16], "texture": "#8"},
				"east": {"uv": [1, 15, 0, 16], "texture": "#8"},
				"south": {"uv": [1, 15, 0, 16], "texture": "#8"},
				"west": {"uv": [5, 11, 2, 14], "texture": "#8"},
				"up": {"uv": [12, 2, 3, 12], "rotation": 180, "texture": "#8"},
				"down": {"uv": [1, 0, 0, 1], "rotation": 180, "texture": "#8"}
			}
		}
	],
	"display": {
		"firstperson_righthand": {
			"translation": [0, 4, 0]
		},
		"firstperson_lefthand": {
			"translation": [0, 4, 0]
		},
		"ground": {
			"translation": [0, 2, 0]
		},
		"gui": {
			"rotation": [17, 0, 0],
			"translation": [0, 8, 0],
			"scale": [1.75, 1.75, 1.5]
		},
		"head": {
			"rotation": [0, 2, 0],
			"translation": [0, 5, 0],
			"scale": [1.5, 1.5, 1.5]
		}
	}
}