{
	"credit": "Made with Blockbench",
	"textures": {
		"0": "block/white_wool",
		"1": "block/yellow_terracotta",
		"2": "block/black_terracotta",
		"3": "block/ancient_debris_side",
		"4": "block/birch_log_top",
		"particle": "block/white_wool"
	},
	"elements": [
		{
			"from": [7, 0.6, 6],
			"to": [7.5, 10.6, 6.5],
			"rotation": {"angle": 22.5, "axis": "x", "origin": [3.2, 2, 12.8]},
			"faces": {
				"north": {"uv": [5, 0, 0, 4], "texture": "#1"},
				"east": {"uv": [5, 0, 0, 4], "texture": "#1"},
				"south": {"uv": [5, 0, 0, 4], "texture": "#1"},
				"west": {"uv": [5, 0, 0, 4], "texture": "#1"},
				"up": {"uv": [0, 5, 5, 0], "rotation": 90, "texture": "#1"},
				"down": {"uv": [0, 5, 5, 0], "rotation": 270, "texture": "#1"}
			}
		},
		{
			"from": [7.25, 10.6, 5.75],
			"to": [8.25, 11.1, 6.75],
			"rotation": {"angle": 22.5, "axis": "x", "origin": [3.2, 2, 12.8]},
			"faces": {
				"north": {"uv": [5, 0, 0, 4], "texture": "#3"},
				"east": {"uv": [5, 0, 0, 4], "texture": "#3"},
				"south": {"uv": [5, 0, 0, 4], "texture": "#3"},
				"west": {"uv": [5, 0, 0, 4], "texture": "#3"},
				"up": {"uv": [0, 2, 2, 0], "rotation": 90, "texture": "#3"},
				"down": {"uv": [0, 5, 5, 0], "rotation": 270, "texture": "#3"}
			}
		},
		{
			"from": [7, 10.6, 5.75],
			"to": [8, 10.7, 6.75],
			"rotation": {"angle": 22.5, "axis": "x", "origin": [3.2, 2, 12.8]},
			"faces": {
				"north": {"uv": [5, 0, 0, 4], "texture": "#0"},
				"east": {"uv": [5, 0, 0, 4], "texture": "#0"},
				"south": {"uv": [5, 0, 0, 4], "texture": "#0"},
				"west": {"uv": [5, 0, 0, 4], "texture": "#0"},
				"up": {"uv": [0, 2, 2, 0], "rotation": 90, "texture": "#0"},
				"down": {"uv": [0, 5, 5, 0], "rotation": 270, "texture": "#0"}
			}
		},
		{
			"from": [7.2, 10.6, 5.5],
			"to": [8.2, 10.7, 6.9],
			"rotation": {"angle": 22.5, "axis": "x", "origin": [3.2, 2, 12.8]},
			"faces": {
				"north": {"uv": [5, 0, 0, 4], "texture": "#0"},
				"east": {"uv": [5, 0, 0, 4], "texture": "#0"},
				"south": {"uv": [5, 0, 0, 4], "texture": "#0"},
				"west": {"uv": [5, 0, 0, 4], "texture": "#0"},
				"up": {"uv": [0, 2, 2, 0], "rotation": 90, "texture": "#0"},
				"down": {"uv": [0, 5, 5, 0], "rotation": 270, "texture": "#0"}
			}
		},
		{
			"from": [7.5, 11.1, 6],
			"to": [8.1, 11.3, 6.6],
			"rotation": {"angle": 22.5, "axis": "x", "origin": [3.2, 2, 12.8]},
			"faces": {
				"north": {"uv": [5, 0, 0, 4], "texture": "#3"},
				"east": {"uv": [5, 0, 0, 4], "texture": "#3"},
				"south": {"uv": [5, 0, 0, 4], "texture": "#3"},
				"west": {"uv": [5, 0, 0, 4], "texture": "#3"},
				"up": {"uv": [0, 2, 2, 0], "rotation": 90, "texture": "#3"},
				"down": {"uv": [0, 5, 5, 0], "rotation": 270, "texture": "#3"}
			}
		},
		{
			"from": [7.5, 0.6, 5.5],
			"to": [8, 10.6, 6],
			"rotation": {"angle": 22.5, "axis": "x", "origin": [3.2, 2, 12.8]},
			"faces": {
				"north": {"uv": [5, 0, 0, 4], "texture": "#2"},
				"east": {"uv": [5, 0, 0, 4], "texture": "#2"},
				"south": {"uv": [5, 0, 0, 4], "texture": "#2"},
				"west": {"uv": [5, 0, 0, 4], "texture": "#2"},
				"up": {"uv": [0, 5, 5, 0], "rotation": 90, "texture": "#2"},
				"down": {"uv": [0, 5, 5, 0], "rotation": 270, "texture": "#2"}
			}
		},
		{
			"from": [7.25, -0.4, 5.5],
			"to": [8.25, 0.6, 7],
			"rotation": {"angle": 22.5, "axis": "x", "origin": [3.2, 2, 12.8]},
			"faces": {
				"north": {"uv": [6, 3, 3, 6], "texture": "#4"},
				"east": {"uv": [5, 0, 0, 4], "texture": "#4"},
				"south": {"uv": [6, 2, 3, 5], "texture": "#4"},
				"west": {"uv": [6, 3, 3, 5], "texture": "#4"},
				"up": {"uv": [0, 5, 5, 0], "rotation": 90, "texture": "#4"},
				"down": {"uv": [0, 5, 5, 0], "rotation": 270, "texture": "#4"}
			}
		},
		{
			"from": [7, -0.4, 5.75],
			"to": [8.5, 0.6, 6.75],
			"rotation": {"angle": 22.5, "axis": "x", "origin": [3.2, 2, 12.8]},
			"faces": {
				"north": {"uv": [6, 3, 3, 6], "texture": "#4"},
				"east": {"uv": [5, 0, 0, 4], "texture": "#4"},
				"south": {"uv": [6, 2, 3, 5], "texture": "#4"},
				"west": {"uv": [6, 3, 3, 5], "texture": "#4"},
				"up": {"uv": [0, 5, 5, 0], "rotation": 90, "texture": "#4"},
				"down": {"uv": [0, 5, 5, 0], "rotation": 270, "texture": "#4"}
			}
		},
		{
			"from": [7.25, -1.15, 6],
			"to": [8.25, -0.15, 6.5],
			"rotation": {"angle": 22.5, "axis": "x", "origin": [3.2, 2, 12.8]},
			"faces": {
				"north": {"uv": [6, 3, 3, 6], "texture": "#4"},
				"east": {"uv": [5, 0, 0, 4], "texture": "#4"},
				"south": {"uv": [6, 2, 3, 5], "texture": "#4"},
				"west": {"uv": [6, 3, 3, 5], "texture": "#4"},
				"up": {"uv": [0, 5, 5, 0], "rotation": 90, "texture": "#4"},
				"down": {"uv": [0, 5, 5, 0], "rotation": 270, "texture": "#4"}
			}
		},
		{
			"from": [7.5, -1.15, 5.75],
			"to": [8, -0.15, 6.75],
			"rotation": {"angle": 22.5, "axis": "x", "origin": [3.2, 2, 12.8]},
			"faces": {
				"north": {"uv": [6, 3, 3, 6], "texture": "#4"},
				"east": {"uv": [5, 0, 0, 4], "texture": "#4"},
				"south": {"uv": [6, 2, 3, 5], "texture": "#4"},
				"west": {"uv": [6, 3, 3, 5], "texture": "#4"},
				"up": {"uv": [0, 5, 5, 0], "rotation": 90, "texture": "#4"},
				"down": {"uv": [0, 5, 5, 0], "rotation": 270, "texture": "#4"}
			}
		},
		{
			"from": [7.25, -1.95, 6.1],
			"to": [8, -0.95, 6.35],
			"rotation": {"angle": 22.5, "axis": "x", "origin": [3.2, 2, 12.8]},
			"faces": {
				"north": {"uv": [6, 3, 3, 6], "texture": "#4"},
				"east": {"uv": [5, 0, 0, 4], "texture": "#4"},
				"south": {"uv": [6, 2, 3, 5], "texture": "#4"},
				"west": {"uv": [6, 3, 3, 5], "texture": "#4"},
				"up": {"uv": [0, 5, 5, 0], "rotation": 90, "texture": "#4"},
				"down": {"uv": [0, 5, 5, 0], "rotation": 270, "texture": "#4"}
			}
		},
		{
			"from": [7.25, -2.45, 6.1],
			"to": [8, -1.95, 6.35],
			"rotation": {"angle": 22.5, "axis": "x", "origin": [3.2, 2, 12.8]},
			"faces": {
				"north": {"uv": [6, 3, 3, 6], "texture": "#2"},
				"east": {"uv": [5, 0, 0, 4], "texture": "#2"},
				"south": {"uv": [6, 2, 3, 5], "texture": "#2"},
				"west": {"uv": [6, 3, 3, 5], "texture": "#2"},
				"up": {"uv": [0, 5, 5, 0], "rotation": 90, "texture": "#2"},
				"down": {"uv": [0, 5, 5, 0], "rotation": 270, "texture": "#2"}
			}
		},
		{
			"from": [7.25, -1.95, 5.85],
			"to": [7.5, -0.95, 6.6],
			"rotation": {"angle": 22.5, "axis": "x", "origin": [3.2, 2, 12.8]},
			"faces": {
				"north": {"uv": [6, 3, 3, 6], "texture": "#4"},
				"east": {"uv": [5, 0, 0, 4], "texture": "#4"},
				"south": {"uv": [6, 2, 3, 5], "texture": "#4"},
				"west": {"uv": [6, 3, 3, 5], "texture": "#4"},
				"up": {"uv": [0, 5, 5, 0], "rotation": 90, "texture": "#4"},
				"down": {"uv": [0, 5, 5, 0], "rotation": 270, "texture": "#4"}
			}
		},
		{
			"from": [6.9, 0.6, 6.15],
			"to": [7.4, 10.6, 6.35],
			"rotation": {"angle": 22.5, "axis": "x", "origin": [3.2, 2, 12.8]},
			"faces": {
				"north": {"uv": [5, 0, 0, 4], "texture": "#2"},
				"east": {"uv": [5, 0, 0, 4], "texture": "#2"},
				"south": {"uv": [5, 0, 0, 4], "texture": "#2"},
				"west": {"uv": [5, 0, 0, 4], "texture": "#2"},
				"up": {"uv": [0, 5, 5, 0], "rotation": 90, "texture": "#2"},
				"down": {"uv": [0, 5, 5, 0], "rotation": 270, "texture": "#2"}
			}
		},
		{
			"from": [8.15, 0.6, 6.15],
			"to": [8.65, 10.6, 6.35],
			"rotation": {"angle": 22.5, "axis": "x", "origin": [3.2, 2, 12.8]},
			"faces": {
				"north": {"uv": [5, 0, 0, 4], "texture": "#2"},
				"east": {"uv": [5, 0, 0, 4], "texture": "#2"},
				"south": {"uv": [5, 0, 0, 4], "texture": "#2"},
				"west": {"uv": [5, 0, 0, 4], "texture": "#2"},
				"up": {"uv": [0, 5, 5, 0], "rotation": 90, "texture": "#2"},
				"down": {"uv": [0, 5, 5, 0], "rotation": 270, "texture": "#2"}
			}
		},
		{
			"from": [7.5, 0.6, 6.5],
			"to": [8, 10.6, 7],
			"rotation": {"angle": 22.5, "axis": "x", "origin": [3.2, 2, 12.8]},
			"faces": {
				"north": {"uv": [5, 0, 0, 4], "texture": "#2"},
				"east": {"uv": [5, 0, 0, 4], "texture": "#2"},
				"south": {"uv": [5, 0, 0, 4], "texture": "#2"},
				"west": {"uv": [5, 0, 0, 4], "texture": "#2"},
				"up": {"uv": [0, 5, 5, 0], "rotation": 90, "texture": "#2"},
				"down": {"uv": [0, 5, 5, 0], "rotation": 270, "texture": "#2"}
			}
		},
		{
			"from": [8, 0.6, 6],
			"to": [8.5, 10.6, 6.5],
			"rotation": {"angle": 22.5, "axis": "x", "origin": [3.2, 2, 12.8]},
			"faces": {
				"north": {"uv": [5, 0, 0, 4], "texture": "#1"},
				"east": {"uv": [5, 0, 0, 4], "texture": "#1"},
				"south": {"uv": [5, 0, 0, 4], "texture": "#1"},
				"west": {"uv": [5, 0, 0, 4], "texture": "#1"},
				"up": {"uv": [0, 5, 5, 0], "rotation": 90, "texture": "#1"},
				"down": {"uv": [0, 5, 5, 0], "rotation": 270, "texture": "#1"}
			}
		}
	],
	"display": {
		"thirdperson_righthand": {
			"scale": [0.75, 0.75, 0.76]
		},
		"thirdperson_lefthand": {
			"scale": [0.75, 0.75, 0.75]
		},
		"ground": {
			"rotation": [70, 0, 0]
		},
		"gui": {
			"rotation": [15, 110, 0],
			"translation": [1, 1, 0]
		}
	}
}