{
	"credit": "Made with Blockbench",
	"textures": {
		"2": "block/cyan_terracotta",
		"5": "block/lime_concrete",
		"8": "block/andesite",
		"particle": "block/cyan_terracotta"
	},
	"elements": [
		{
			"from": [-0.5, 0, 1.5],
			"to": [0.5, 6, 13.5],
			"faces": {
				"north": {"uv": [1, 1, 16, 2], "rotation": 90, "texture": "#5"},
				"east": {"uv": [0, 0, 2, 2], "rotation": 270, "texture": "#5"},
				"south": {"uv": [0, 0, 16, 4], "rotation": 270, "texture": "#5"},
				"west": {"uv": [0, 0, 16, 6], "rotation": 270, "texture": "#5"},
				"up": {"uv": [0, 0, 4, 3], "rotation": 270, "texture": "#5"},
				"down": {"uv": [0, 0, 4, 3], "rotation": 270, "texture": "#5"}
			}
		},
		{
			"from": [15.5, 0, 1.5],
			"to": [16.5, 6, 13.5],
			"faces": {
				"north": {"uv": [1, 1, 16, 2], "rotation": 90, "texture": "#5"},
				"east": {"uv": [0, 0, 2, 2], "rotation": 270, "texture": "#5"},
				"south": {"uv": [0, 0, 16, 4], "rotation": 270, "texture": "#5"},
				"west": {"uv": [0, 0, 16, 6], "rotation": 270, "texture": "#5"},
				"up": {"uv": [0, 0, 4, 3], "rotation": 270, "texture": "#5"},
				"down": {"uv": [0, 0, 4, 3], "rotation": 270, "texture": "#5"}
			}
		},
		{
			"from": [0, 2, 1.5],
			"to": [16, 3, 13.5],
			"faces": {
				"north": {"uv": [1, 1, 16, 2], "rotation": 90, "texture": "#8"},
				"east": {"uv": [0, 0, 2, 2], "rotation": 270, "texture": "#8"},
				"south": {"uv": [0, 0, 16, 4], "rotation": 270, "texture": "#8"},
				"west": {"uv": [0, 0, 16, 6], "rotation": 270, "texture": "#8"},
				"up": {"uv": [0, 0, 16, 16], "rotation": 270, "texture": "#8"},
				"down": {"uv": [0, 0, 4, 3], "rotation": 270, "texture": "#8"}
			}
		},
		{
			"from": [-0.5, 0, 0.5],
			"to": [16.5, 6, 1.5],
			"faces": {
				"north": {"uv": [1, 1, 16, 2], "rotation": 90, "texture": "#5"},
				"east": {"uv": [0, 0, 2, 2], "rotation": 270, "texture": "#5"},
				"south": {"uv": [0, 0, 16, 4], "rotation": 270, "texture": "#5"},
				"west": {"uv": [0, 0, 16, 6], "rotation": 270, "texture": "#5"},
				"up": {"uv": [0, 0, 4, 3], "rotation": 270, "texture": "#5"},
				"down": {"uv": [0, 0, 4, 3], "rotation": 270, "texture": "#5"}
			}
		},
		{
			"from": [-0.5, 0, 13.5],
			"to": [16.5, 6, 14.5],
			"faces": {
				"north": {"uv": [1, 1, 16, 2], "rotation": 90, "texture": "#5"},
				"east": {"uv": [0, 0, 2, 2], "rotation": 270, "texture": "#5"},
				"south": {"uv": [0, 0, 16, 4], "rotation": 270, "texture": "#5"},
				"west": {"uv": [0, 0, 16, 6], "rotation": 270, "texture": "#5"},
				"up": {"uv": [0, 0, 4, 3], "rotation": 270, "texture": "#5"},
				"down": {"uv": [0, 0, 4, 3], "rotation": 270, "texture": "#5"}
			}
		},
		{
			"from": [-0.5, 6, 13.5],
			"to": [16.5, 6.5, 15],
			"faces": {
				"north": {"uv": [1, 1, 16, 2], "rotation": 90, "texture": "#2"},
				"east": {"uv": [0, 0, 2, 2], "rotation": 270, "texture": "#2"},
				"south": {"uv": [0, 0, 16, 4], "rotation": 270, "texture": "#2"},
				"west": {"uv": [0, 0, 16, 6], "rotation": 270, "texture": "#2"},
				"up": {"uv": [0, 0, 4, 3], "rotation": 270, "texture": "#2"},
				"down": {"uv": [0, 0, 4, 3], "rotation": 270, "texture": "#2"}
			}
		},
		{
			"from": [-1, 6, 1.5],
			"to": [0.5, 6.5, 13.5],
			"faces": {
				"north": {"uv": [1, 1, 16, 2], "rotation": 90, "texture": "#2"},
				"east": {"uv": [0, 0, 2, 2], "rotation": 270, "texture": "#2"},
				"south": {"uv": [0, 0, 16, 4], "rotation": 270, "texture": "#2"},
				"west": {"uv": [0, 0, 16, 6], "rotation": 270, "texture": "#2"},
				"up": {"uv": [0, 0, 4, 3], "rotation": 270, "texture": "#2"},
				"down": {"uv": [0, 0, 4, 3], "rotation": 270, "texture": "#2"}
			}
		},
		{
			"from": [15.5, 6, 1.5],
			"to": [17, 6.5, 13.5],
			"faces": {
				"north": {"uv": [1, 1, 16, 2], "rotation": 90, "texture": "#2"},
				"east": {"uv": [0, 0, 2, 2], "rotation": 270, "texture": "#2"},
				"south": {"uv": [0, 0, 16, 4], "rotation": 270, "texture": "#2"},
				"west": {"uv": [0, 0, 16, 6], "rotation": 270, "texture": "#2"},
				"up": {"uv": [0, 0, 4, 3], "rotation": 270, "texture": "#2"},
				"down": {"uv": [0, 0, 4, 3], "rotation": 270, "texture": "#2"}
			}
		},
		{
			"from": [-0.5, 6, 0],
			"to": [16.5, 6.5, 1.5],
			"faces": {
				"north": {"uv": [1, 1, 16, 2], "rotation": 90, "texture": "#2"},
				"east": {"uv": [0, 0, 2, 2], "rotation": 270, "texture": "#2"},
				"south": {"uv": [0, 0, 16, 4], "rotation": 270, "texture": "#2"},
				"west": {"uv": [0, 0, 16, 6], "rotation": 270, "texture": "#2"},
				"up": {"uv": [0, 0, 4, 3], "rotation": 270, "texture": "#2"},
				"down": {"uv": [0, 0, 4, 3], "rotation": 270, "texture": "#2"}
			}
		}
	],
	"display": {
		"fixed": {
			"rotation": [-90, 0, 0],
			"translation": [0, 0, -14],
			"scale": [2, 2, 2]
		}
	}
}