{
    "__comment": "Model generated using MrCrayfish's Model Creator (https://mrcrayfish.com/tools?id=mc)",
    "textures": {
        "stripped_birch_log": "minecraft:block/stripped_birch_log"
    },
    "display": {
        "gui": {
            "rotation": [ 30, 43, 0 ],
            "translation": [ 0, 8, 0 ],
            "scale": [ 1, 1, 1 ]
        },
        "ground": {
            "rotation": [ 0, 0, 0 ],
            "translation": [ 0, 3, 0 ],
            "scale": [ 1, 1, 1 ]
        },
        "fixed": {
            "rotation": [ 0, 180, 0 ],
            "translation": [ 0, 0, 0 ],
            "scale": [ 1, 1, 1 ]
        },
        "head": {
            "rotation": [ 0, 180, 0 ],
            "translation": [ 0, 0, 0 ],
            "scale": [ 1, 1, 1 ]
        },
        "firstperson_righthand": {
            "rotation": [ 0, 315, 0 ],
            "translation": [ 0, 2.5, 0 ],
            "scale": [ 0.75, 0.75, 0.75 ]
        },
        "thirdperson_righthand": {
            "rotation": [ 75, 315, 0 ],
            "translation": [ 0, 2.5, 0 ],
            "scale": [ 0.375, 0.375, 0.375 ]
        }
    },
    "elements": [
        {
            "name": "Cube",
            "from": [ 7, 0, 2 ], 
            "to": [ 9.5, 1, 14 ], 
            "faces": {
                "north": { "texture": "#stripped_birch_log", "uv": [ 0, 0, 2.5, 1 ] },
                "east": { "texture": "#stripped_birch_log", "uv": [ 0, 0, 12, 1 ] },
                "south": { "texture": "#stripped_birch_log", "uv": [ 0, 0, 2.5, 1 ] },
                "west": { "texture": "#stripped_birch_log", "uv": [ 0, 0, 12, 1 ] },
                "up": { "texture": "#stripped_birch_log", "uv": [ 0, 0, 2.5, 12 ] },
                "down": { "texture": "#stripped_birch_log", "uv": [ 0, 0, 2.5, 12 ] }
            }
        },
        {
            "name": "Cube",
            "from": [ 7, 0, 2 ], 
            "to": [ 9.5, 1, 14 ], 
            "rotation": { "origin": [ 8, 8, 8 ], "axis": "y", "angle": 22.5 },
            "faces": {
                "north": { "texture": "#stripped_birch_log", "uv": [ 0, 0, 2.5, 1 ] },
                "east": { "texture": "#stripped_birch_log", "uv": [ 0, 0, 12, 1 ] },
                "south": { "texture": "#stripped_birch_log", "uv": [ 0, 0, 2.5, 1 ] },
                "west": { "texture": "#stripped_birch_log", "uv": [ 0, 0, 12, 1 ] },
                "up": { "texture": "#stripped_birch_log", "uv": [ 0, 0, 2.5, 12 ] },
                "down": { "texture": "#stripped_birch_log", "uv": [ 0, 0, 2.5, 12 ] }
            }
        },
        {
            "name": "Cube",
            "from": [ 7, 0, 2 ], 
            "to": [ 9.5, 1, 14 ], 
            "rotation": { "origin": [ 8, 8, 8 ], "axis": "y", "angle": 45.0 },
            "faces": {
                "north": { "texture": "#stripped_birch_log", "uv": [ 0, 0, 2.5, 1 ] },
                "east": { "texture": "#stripped_birch_log", "uv": [ 0, 0, 12, 1 ] },
                "south": { "texture": "#stripped_birch_log", "uv": [ 0, 0, 2.5, 1 ] },
                "west": { "texture": "#stripped_birch_log", "uv": [ 0, 0, 12, 1 ] },
                "up": { "texture": "#stripped_birch_log", "uv": [ 0, 0, 2.5, 12 ] },
                "down": { "texture": "#stripped_birch_log", "uv": [ 0, 0, 2.5, 12 ] }
            }
        },
        {
            "name": "Cube",
            "from": [ 2, 0, 6 ], 
            "to": [ 14, 1, 9 ], 
            "faces": {
                "north": { "texture": "#stripped_birch_log", "uv": [ 0, 0, 12, 1 ] },
                "east": { "texture": "#stripped_birch_log", "uv": [ 0, 0, 3, 1 ] },
                "south": { "texture": "#stripped_birch_log", "uv": [ 0, 0, 12, 1 ] },
                "west": { "texture": "#stripped_birch_log", "uv": [ 0, 0, 3, 1 ] },
                "up": { "texture": "#stripped_birch_log", "uv": [ 0, 0, 3, 12 ] },
                "down": { "texture": "#stripped_birch_log", "uv": [ 0, 0, 3, 12 ] }
            }
        },
        {
            "name": "Cube",
            "from": [ 2, 0, 6.5 ], 
            "to": [ 14, 1, 9 ], 
            "rotation": { "origin": [ 8, 8, 8 ], "axis": "y", "angle": -22.5 },
            "faces": {
                "north": { "texture": "#stripped_birch_log", "uv": [ 0, 0, 12, 1 ] },
                "east": { "texture": "#stripped_birch_log", "uv": [ 0, 0, 2.5, 1 ] },
                "south": { "texture": "#stripped_birch_log", "uv": [ 0, 0, 12, 1 ] },
                "west": { "texture": "#stripped_birch_log", "uv": [ 0, 0, 2.5, 1 ] },
                "up": { "texture": "#stripped_birch_log", "uv": [ 0, 0, 2.5, 12 ] },
                "down": { "texture": "#stripped_birch_log", "uv": [ 0, 0, 2.5, 12 ] }
            }
        },
        {
            "name": "Cube",
            "from": [ 7, 0, 2 ], 
            "to": [ 9.5, 1, 14 ], 
            "rotation": { "origin": [ 8, 8, 8 ], "axis": "y", "angle": -22.5 },
            "faces": {
                "north": { "texture": "#stripped_birch_log", "uv": [ 0, 0, 2.5, 1 ] },
                "east": { "texture": "#stripped_birch_log", "uv": [ 0, 0, 12, 1 ] },
                "south": { "texture": "#stripped_birch_log", "uv": [ 0, 0, 2.5, 1 ] },
                "west": { "texture": "#stripped_birch_log", "uv": [ 0, 0, 12, 1 ] },
                "up": { "texture": "#stripped_birch_log", "uv": [ 0, 0, 2.5, 12 ] },
                "down": { "texture": "#stripped_birch_log", "uv": [ 0, 0, 2.5, 12 ] }
            }
        },
        {
            "name": "Cube",
            "from": [ 7, 0, 2 ], 
            "to": [ 9.5, 1, 14 ], 
            "rotation": { "origin": [ 8, 8, 8 ], "axis": "y", "angle": -45.0 },
            "faces": {
                "north": { "texture": "#stripped_birch_log", "uv": [ 0, 0, 2.5, 1 ] },
                "east": { "texture": "#stripped_birch_log", "uv": [ 0, 0, 12, 1 ] },
                "south": { "texture": "#stripped_birch_log", "uv": [ 0, 0, 2.5, 1 ] },
                "west": { "texture": "#stripped_birch_log", "uv": [ 0, 0, 12, 1 ] },
                "up": { "texture": "#stripped_birch_log", "uv": [ 0, 0, 2.5, 12 ] },
                "down": { "texture": "#stripped_birch_log", "uv": [ 0, 0, 2.5, 12 ] }
            }
        },
        {
            "name": "Cube",
            "from": [ 2, 0, 6.5 ], 
            "to": [ 14, 1, 9.5 ], 
            "rotation": { "origin": [ 8, 8, 8 ], "axis": "y", "angle": 22.5 },
            "faces": {
                "north": { "texture": "#stripped_birch_log", "uv": [ 0, 0, 12, 1 ] },
                "east": { "texture": "#stripped_birch_log", "uv": [ 0, 0, 3, 1 ] },
                "south": { "texture": "#stripped_birch_log", "uv": [ 0, 0, 12, 1 ] },
                "west": { "texture": "#stripped_birch_log", "uv": [ 0, 0, 3, 1 ] },
                "up": { "texture": "#stripped_birch_log", "uv": [ 0, 0, 12, 3 ] },
                "down": { "texture": "#stripped_birch_log", "uv": [ 0, 0, 12, 3 ] }
            }
        }
    ],
	"display": {
		"ground": {
			"scale": [0.75, 0.75, 0.75]
		},
		"head": {
			"translation": [0, 7, 0],
			"scale": [1, 1.2, 1]
		},
		"gui": {
			"rotation": [10, 176, 0],
			"translation": [0, 1, 0],
			"scale": [1.25, 1.25, 1.25]
		}
	}
}