{
    "__comment": "Model generated using MrCrayfish's Model Creator (https://mrcrayfish.com/tools?id=mc)",
    "textures": {
        "end_stone": "minecraft:block/end_stone",
        "green_wool": "minecraft:block/green_wool",
        "netherrack": "minecraft:block/netherrack",
        "stripped_oak_log": "minecraft:block/stripped_oak_log",
	"particle": "block/end_stone"
    },
    "display": {
        "gui": {
            "rotation": [ 30, 43, 0 ],
            "translation": [ 0, 8, 0 ],
            "scale": [ 1.5, 1.5, 1.5 ]
        },
        "ground": {
            "rotation": [ 0, 0, 0 ],
            "translation": [ 0, 3, 0 ],
            "scale": [ 1, 1, 1 ]
        },
        "fixed": {
            "rotation": [ 0, 180, 0 ],
            "translation": [ 0, 0, 0 ],
            "scale": [ 1, 1, 1 ]
        },
        "head": {
            "rotation": [ 0, 180, 0 ],
            "translation": [ 0, 6, 0 ],
            "scale": [ 1, 1, 1 ]
        },
        "firstperson_righthand": {
            "rotation": [ 0, 315, 0 ],
            "translation": [ 0, 8, 0 ],
            "scale": [ 0.8, 0.8, 0.8 ]
        },
        "thirdperson_righthand": {
            "rotation": [ 75, 315, 0 ],
            "translation": [ 0, 2.5, 0 ],
            "scale": [ 0.375, 0.375, 0.375 ]
        }
    },
    "elements": [
        {
            "name": "Cube",
            "from": [ 7, 0, 2 ], 
            "to": [ 9.5, 1, 14 ], 
            "faces": {
                "north": { "texture": "#stripped_oak_log", "uv": [ 0, 0, 2.5, 1 ] },
                "east": { "texture": "#stripped_oak_log", "uv": [ 0, 0, 12, 1 ] },
                "south": { "texture": "#stripped_oak_log", "uv": [ 0, 0, 2.5, 1 ] },
                "west": { "texture": "#stripped_oak_log", "uv": [ 0, 0, 12, 1 ] },
                "up": { "texture": "#stripped_oak_log", "uv": [ 0, 0, 2.5, 12 ] },
                "down": { "texture": "#stripped_oak_log", "uv": [ 0, 0, 2.5, 12 ] }
            }
        },
        {
            "name": "Cube",
            "from": [ 7, 0, 2 ], 
            "to": [ 9.5, 1, 14 ], 
            "rotation": { "origin": [ 8, 8, 8 ], "axis": "y", "angle": 22.5 },
            "faces": {
                "north": { "texture": "#stripped_oak_log", "uv": [ 0, 0, 2.5, 1 ] },
                "east": { "texture": "#stripped_oak_log", "uv": [ 0, 0, 12, 1 ] },
                "south": { "texture": "#stripped_oak_log", "uv": [ 0, 0, 2.5, 1 ] },
                "west": { "texture": "#stripped_oak_log", "uv": [ 0, 0, 12, 1 ] },
                "up": { "texture": "#stripped_oak_log", "uv": [ 0, 0, 2.5, 12 ] },
                "down": { "texture": "#stripped_oak_log", "uv": [ 0, 0, 2.5, 12 ] }
            }
        },
        {
            "name": "Cube",
            "from": [ 7, 0, 2 ], 
            "to": [ 9.5, 1, 14 ], 
            "rotation": { "origin": [ 8, 8, 8 ], "axis": "y", "angle": 45.0 },
            "faces": {
                "north": { "texture": "#stripped_oak_log", "uv": [ 0, 0, 2.5, 1 ] },
                "east": { "texture": "#stripped_oak_log", "uv": [ 0, 0, 12, 1 ] },
                "south": { "texture": "#stripped_oak_log", "uv": [ 0, 0, 2.5, 1 ] },
                "west": { "texture": "#stripped_oak_log", "uv": [ 0, 0, 12, 1 ] },
                "up": { "texture": "#stripped_oak_log", "uv": [ 0, 0, 2.5, 12 ] },
                "down": { "texture": "#stripped_oak_log", "uv": [ 0, 0, 2.5, 12 ] }
            }
        },
        {
            "name": "Cube",
            "from": [ 2, 0, 6 ], 
            "to": [ 14, 1, 9 ], 
            "faces": {
                "north": { "texture": "#stripped_oak_log", "uv": [ 0, 0, 12, 1 ] },
                "east": { "texture": "#stripped_oak_log", "uv": [ 0, 0, 3, 1 ] },
                "south": { "texture": "#stripped_oak_log", "uv": [ 0, 0, 12, 1 ] },
                "west": { "texture": "#stripped_oak_log", "uv": [ 0, 0, 3, 1 ] },
                "up": { "texture": "#stripped_oak_log", "uv": [ 0, 0, 3, 12 ] },
                "down": { "texture": "#stripped_oak_log", "uv": [ 0, 0, 3, 12 ] }
            }
        },
        {
            "name": "Cube",
            "from": [ 2, 0, 6.5 ], 
            "to": [ 14, 1, 9 ], 
            "rotation": { "origin": [ 8, 8, 8 ], "axis": "y", "angle": -22.5 },
            "faces": {
                "north": { "texture": "#stripped_oak_log", "uv": [ 0, 0, 12, 1 ] },
                "east": { "texture": "#stripped_oak_log", "uv": [ 0, 0, 2.5, 1 ] },
                "south": { "texture": "#stripped_oak_log", "uv": [ 0, 0, 12, 1 ] },
                "west": { "texture": "#stripped_oak_log", "uv": [ 0, 0, 2.5, 1 ] },
                "up": { "texture": "#stripped_oak_log", "uv": [ 0, 0, 2.5, 12 ] },
                "down": { "texture": "#stripped_oak_log", "uv": [ 0, 0, 2.5, 12 ] }
            }
        },
        {
            "name": "Cube",
            "from": [ 7, 0, 2 ], 
            "to": [ 9.5, 1, 14 ], 
            "rotation": { "origin": [ 8, 8, 8 ], "axis": "y", "angle": -22.5 },
            "faces": {
                "north": { "texture": "#stripped_oak_log", "uv": [ 0, 0, 2.5, 1 ] },
                "east": { "texture": "#stripped_oak_log", "uv": [ 0, 0, 12, 1 ] },
                "south": { "texture": "#stripped_oak_log", "uv": [ 0, 0, 2.5, 1 ] },
                "west": { "texture": "#stripped_oak_log", "uv": [ 0, 0, 12, 1 ] },
                "up": { "texture": "#stripped_oak_log", "uv": [ 0, 0, 2.5, 12 ] },
                "down": { "texture": "#stripped_oak_log", "uv": [ 0, 0, 2.5, 12 ] }
            }
        },
        {
            "name": "Cube",
            "from": [ 7, 0, 2 ], 
            "to": [ 9.5, 1, 14 ], 
            "rotation": { "origin": [ 8, 8, 8 ], "axis": "y", "angle": -45.0 },
            "faces": {
                "north": { "texture": "#stripped_oak_log", "uv": [ 0, 0, 2.5, 1 ] },
                "east": { "texture": "#stripped_oak_log", "uv": [ 0, 0, 12, 1 ] },
                "south": { "texture": "#stripped_oak_log", "uv": [ 0, 0, 2.5, 1 ] },
                "west": { "texture": "#stripped_oak_log", "uv": [ 0, 0, 12, 1 ] },
                "up": { "texture": "#stripped_oak_log", "uv": [ 0, 0, 2.5, 12 ] },
                "down": { "texture": "#stripped_oak_log", "uv": [ 0, 0, 2.5, 12 ] }
            }
        },
        {
            "name": "Cube",
            "from": [ 2, 0, 6.5 ], 
            "to": [ 14, 1, 9.5 ], 
            "rotation": { "origin": [ 8, 8, 8 ], "axis": "y", "angle": 22.5 },
            "faces": {
                "north": { "texture": "#stripped_oak_log", "uv": [ 0, 0, 12, 1 ] },
                "east": { "texture": "#stripped_oak_log", "uv": [ 0, 0, 3, 1 ] },
                "south": { "texture": "#stripped_oak_log", "uv": [ 0, 0, 12, 1 ] },
                "west": { "texture": "#stripped_oak_log", "uv": [ 0, 0, 3, 1 ] },
                "up": { "texture": "#stripped_oak_log", "uv": [ 0, 0, 12, 3 ] },
                "down": { "texture": "#stripped_oak_log", "uv": [ 0, 0, 12, 3 ] }
            }
        },
        {
            "name": "Cube2",
            "from": [ 7, 0.5, 3 ], 
            "to": [ 9.5, 1.5, 13 ], 
            "faces": {
                "north": { "texture": "#end_stone", "uv": [ 0, 0, 2.5, 1 ] },
                "east": { "texture": "#end_stone", "uv": [ 0, 0, 10, 1 ] },
                "south": { "texture": "#end_stone", "uv": [ 0, 0, 2.5, 1 ] },
                "west": { "texture": "#end_stone", "uv": [ 0, 0, 10, 1 ] },
                "up": { "texture": "#end_stone", "uv": [ 0, 0, 2.5, 10 ] },
                "down": { "texture": "#end_stone", "uv": [ 0, 0, 2.5, 10 ] }
            }
        },
        {
            "name": "Cube2",
            "from": [ 7, 0.5, 3 ], 
            "to": [ 9.5, 1.5, 13 ], 
            "rotation": { "origin": [ 8, 8, 8 ], "axis": "y", "angle": 22.5 },
            "faces": {
                "north": { "texture": "#end_stone", "uv": [ 0, 0, 2.5, 1 ] },
                "east": { "texture": "#end_stone", "uv": [ 0, 0, 10, 1 ] },
                "south": { "texture": "#end_stone", "uv": [ 0, 0, 2.5, 1 ] },
                "west": { "texture": "#end_stone", "uv": [ 0, 0, 10, 1 ] },
                "up": { "texture": "#end_stone", "uv": [ 0, 0, 2.5, 10 ] },
                "down": { "texture": "#end_stone", "uv": [ 0, 0, 2.5, 10 ] }
            }
        },
        {
            "name": "Cube2",
            "from": [ 7, 0.5, 3 ], 
            "to": [ 9.5, 1.5, 13 ], 
            "rotation": { "origin": [ 8, 8, 8 ], "axis": "y", "angle": 45.0 },
            "faces": {
                "north": { "texture": "#end_stone", "uv": [ 0, 0, 2.5, 1 ] },
                "east": { "texture": "#end_stone", "uv": [ 0, 0, 10, 1 ] },
                "south": { "texture": "#end_stone", "uv": [ 0, 0, 2.5, 1 ] },
                "west": { "texture": "#end_stone", "uv": [ 0, 0, 10, 1 ] },
                "up": { "texture": "#end_stone", "uv": [ 0, 0, 2.5, 10 ] },
                "down": { "texture": "#end_stone", "uv": [ 0, 0, 2.5, 10 ] }
            }
        },
        {
            "name": "Cube2",
            "from": [ 7, 0.5, 3 ], 
            "to": [ 9.5, 1.5, 13 ], 
            "rotation": { "origin": [ 8, 8, 8 ], "axis": "y", "angle": -22.5 },
            "faces": {
                "north": { "texture": "#end_stone", "uv": [ 0, 0, 2.5, 1 ] },
                "east": { "texture": "#end_stone", "uv": [ 0, 0, 10, 1 ] },
                "south": { "texture": "#end_stone", "uv": [ 0, 0, 2.5, 1 ] },
                "west": { "texture": "#end_stone", "uv": [ 0, 0, 10, 1 ] },
                "up": { "texture": "#end_stone", "uv": [ 0, 0, 2.5, 10 ] },
                "down": { "texture": "#end_stone", "uv": [ 0, 0, 2.5, 10 ] }
            }
        },
        {
            "name": "Cube2",
            "from": [ 7, 0.5, 3 ], 
            "to": [ 9.5, 1.5, 13 ], 
            "rotation": { "origin": [ 8, 8, 8 ], "axis": "y", "angle": -45.0 },
            "faces": {
                "north": { "texture": "#end_stone", "uv": [ 0, 0, 2.5, 1 ] },
                "east": { "texture": "#end_stone", "uv": [ 0, 0, 10, 1 ] },
                "south": { "texture": "#end_stone", "uv": [ 0, 0, 2.5, 1 ] },
                "west": { "texture": "#end_stone", "uv": [ 0, 0, 10, 1 ] },
                "up": { "texture": "#end_stone", "uv": [ 0, 0, 2.5, 10 ] },
                "down": { "texture": "#end_stone", "uv": [ 0, 0, 2.5, 10 ] }
            }
        },
        {
            "name": "Cube2",
            "from": [ 3, 0.5, 6 ], 
            "to": [ 13, 1.5, 8.5 ], 
            "faces": {
                "north": { "texture": "#end_stone", "uv": [ 0, 0, 10, 1 ] },
                "east": { "texture": "#end_stone", "uv": [ 0, 0, 2.5, 1 ] },
                "south": { "texture": "#end_stone", "uv": [ 0, 0, 10, 1 ] },
                "west": { "texture": "#end_stone", "uv": [ 0, 0, 2.5, 1 ] },
                "up": { "texture": "#end_stone", "uv": [ 0, 0, 10, 2.5 ] },
                "down": { "texture": "#end_stone", "uv": [ 0, 0, 10, 2.5 ] }
            }
        },
        {
            "name": "Cube2",
            "from": [ 3, 0.5, 6 ], 
            "to": [ 13, 1.5, 8.5 ], 
            "rotation": { "origin": [ 8, 8, 8 ], "axis": "y", "angle": 22.5 },
            "faces": {
                "north": { "texture": "#end_stone", "uv": [ 0, 0, 10, 1 ] },
                "east": { "texture": "#end_stone", "uv": [ 0, 0, 2.5, 1 ] },
                "south": { "texture": "#end_stone", "uv": [ 0, 0, 10, 1 ] },
                "west": { "texture": "#end_stone", "uv": [ 0, 0, 2.5, 1 ] },
                "up": { "texture": "#end_stone", "uv": [ 0, 0, 10, 2.5 ] },
                "down": { "texture": "#end_stone", "uv": [ 0, 0, 10, 2.5 ] }
            }
        },
        {
            "name": "Cube2",
            "from": [ 3, 0.5, 6 ], 
            "to": [ 13, 1.5, 8.5 ], 
            "rotation": { "origin": [ 8, 8, 8 ], "axis": "y", "angle": -22.5 },
            "faces": {
                "north": { "texture": "#end_stone", "uv": [ 0, 0, 10, 1 ] },
                "east": { "texture": "#end_stone", "uv": [ 0, 0, 2.5, 1 ] },
                "south": { "texture": "#end_stone", "uv": [ 0, 0, 10, 1 ] },
                "west": { "texture": "#end_stone", "uv": [ 0, 0, 2.5, 1 ] },
                "up": { "texture": "#end_stone", "uv": [ 0, 0, 10, 2.5 ] },
                "down": { "texture": "#end_stone", "uv": [ 0, 0, 10, 2.5 ] }
            }
        },
        {
            "name": "Cube2",
            "from": [ 4, 1, 6 ], 
            "to": [ 6, 2, 8 ], 
            "faces": {
                "north": { "texture": "#netherrack", "uv": [ 0, 2, 2, 3 ] },
                "east": { "texture": "#netherrack", "uv": [ 0, 0, 2, 1 ] },
                "south": { "texture": "#netherrack", "uv": [ 0, 0, 2, 1 ] },
                "west": { "texture": "#netherrack", "uv": [ 0, 0, 2, 1 ] },
                "up": { "texture": "#netherrack", "uv": [ 2, 1, 4, 3 ] },
                "down": { "texture": "#netherrack", "uv": [ 0, 0, 2, 2 ] }
            }
        },
        {
            "name": "Cube2",
            "from": [ 7.5, 1, 4 ], 
            "to": [ 9.5, 2, 6.5 ], 
            "faces": {
                "north": { "texture": "#netherrack", "uv": [ 0, 2, 2, 3 ] },
                "east": { "texture": "#netherrack", "uv": [ 0, 0, 2.5, 1 ] },
                "south": { "texture": "#netherrack", "uv": [ 0, 0, 2, 1 ] },
                "west": { "texture": "#netherrack", "uv": [ 0, 0, 2.5, 1 ] },
                "up": { "texture": "#netherrack", "uv": [ 2, 1, 4, 3.5 ] },
                "down": { "texture": "#netherrack", "uv": [ 0, 0, 2, 2.5 ] }
            }
        },
        {
            "name": "Cube2",
            "from": [ 10, 1, 6 ], 
            "to": [ 12, 2, 8.5 ], 
            "rotation": { "origin": [ 8, 8, 8 ], "axis": "y", "angle": -22.5 },
            "faces": {
                "north": { "texture": "#netherrack", "uv": [ 0, 2, 2, 3 ] },
                "east": { "texture": "#netherrack", "uv": [ 0, 0, 2.5, 1 ] },
                "south": { "texture": "#netherrack", "uv": [ 0, 0, 2, 1 ] },
                "west": { "texture": "#netherrack", "uv": [ 0, 0, 2.5, 1 ] },
                "up": { "texture": "#netherrack", "uv": [ 2, 1, 4, 3.5 ] },
                "down": { "texture": "#netherrack", "uv": [ 0, 0, 2, 2.5 ] }
            }
        },
        {
            "name": "Cube2",
            "from": [ 3.6, 1, 8 ], 
            "to": [ 5.1, 2, 9.5 ], 
            "rotation": { "origin": [ 8, 8, 8 ], "axis": "y", "angle": 22.5 },
            "faces": {
                "north": { "texture": "#netherrack", "uv": [ 0, 2, 1.5, 3 ] },
                "east": { "texture": "#netherrack", "uv": [ 0, 0, 1.5, 1 ] },
                "south": { "texture": "#netherrack", "uv": [ 0, 0, 1.5, 1 ] },
                "west": { "texture": "#netherrack", "uv": [ 0, 0, 1.5, 1 ] },
                "up": { "texture": "#netherrack", "uv": [ 2, 1, 3.5, 2.5 ] },
                "down": { "texture": "#netherrack", "uv": [ 0, 0, 1.5, 1.5 ] }
            }
        },
        {
            "name": "Cube2",
            "from": [ 8, 1, 10 ], 
            "to": [ 9.5, 2, 12 ], 
            "rotation": { "origin": [ 8, 8, 8 ], "axis": "y", "angle": -22.5 },
            "faces": {
                "north": { "texture": "#netherrack", "uv": [ 0, 2, 1.5, 3 ] },
                "east": { "texture": "#netherrack", "uv": [ 0, 0, 2, 1 ] },
                "south": { "texture": "#netherrack", "uv": [ 0, 0, 1.5, 1 ] },
                "west": { "texture": "#netherrack", "uv": [ 0, 0, 2, 1 ] },
                "up": { "texture": "#netherrack", "uv": [ 2, 1, 3.5, 3 ] },
                "down": { "texture": "#netherrack", "uv": [ 0, 0, 1.5, 2 ] }
            }
        },
        {
            "name": "Cube2",
            "from": [ 7, 0.6, 7 ], 
            "to": [ 8, 1.6, 9 ], 
            "rotation": { "origin": [ 8, 8, 8 ], "axis": "y", "angle": -22.5 },
            "faces": {
                "north": { "texture": "#green_wool", "uv": [ 0, 2, 1, 3 ] },
                "east": { "texture": "#green_wool", "uv": [ 0, 0, 2, 1 ] },
                "south": { "texture": "#green_wool", "uv": [ 0, 0, 1, 1 ] },
                "west": { "texture": "#green_wool", "uv": [ 0, 0, 2, 1 ] },
                "up": { "texture": "#green_wool", "uv": [ 2, 1, 3, 3 ] },
                "down": { "texture": "#green_wool", "uv": [ 0, 0, 1, 2 ] }
            }
        },
        {
            "name": "Cube2",
            "from": [ 8, 0.8, 8 ], 
            "to": [ 9, 1.8, 10 ], 
            "rotation": { "origin": [ 8, 8, 8 ], "axis": "y", "angle": 22.5 },
            "faces": {
                "north": { "texture": "#green_wool", "uv": [ 0, 2, 1, 3 ] },
                "east": { "texture": "#green_wool", "uv": [ 0, 0, 2, 1 ] },
                "south": { "texture": "#green_wool", "uv": [ 0, 0, 1, 1 ] },
                "west": { "texture": "#green_wool", "uv": [ 0, 0, 2, 1 ] },
                "up": { "texture": "#green_wool", "uv": [ 2, 1, 3, 3 ] },
                "down": { "texture": "#green_wool", "uv": [ 0, 0, 1, 2 ] }
            }
        },
        {
            "name": "Cube2",
            "from": [ 8, 1, 3.5 ], 
            "to": [ 9.5, 2, 4.5 ], 
            "rotation": { "origin": [ 8, 8, 8 ], "axis": "y", "angle": -45.0 },
            "faces": {
                "north": { "texture": "#netherrack", "uv": [ 0, 2, 1.5, 3 ] },
                "east": { "texture": "#netherrack", "uv": [ 0, 0, 1, 1 ] },
                "south": { "texture": "#netherrack", "uv": [ 0, 0, 1.5, 1 ] },
                "west": { "texture": "#netherrack", "uv": [ 0, 0, 1, 1 ] },
                "up": { "texture": "#netherrack", "uv": [ 2, 1, 3.5, 2 ] },
                "down": { "texture": "#netherrack", "uv": [ 0, 0, 1.5, 1 ] }
            }
        }
    ]
}