{
	"credit": "Made with Blockbench",
	"textures": {
		"0": "block/red_terracotta",
		"2": "block/stripped_oak_log",
		"3": "block/white_wool",
		"4": "block/green_wool",
		"5": "block/end_stone",
		"particle": "block/red_terracotta"
	},
	"elements": [
		{
			"from": [4, 6, 4],
			"to": [12, 7, 12],
			"rotation": {"angle": 0, "axis": "y", "origin": [16, 3, 0]},
			"faces": {
				"north": {"uv": [3, 0, 0, 4], "texture": "#0"},
				"east": {"uv": [3, 0, 0, 4], "texture": "#0"},
				"south": {"uv": [3, 0, 0, 4], "texture": "#0"},
				"west": {"uv": [4, 0, 0, 11], "texture": "#0"},
				"up": {"uv": [14, 3, 13, 4], "texture": "#5"},
				"down": {"uv": [8, 0, 0, 4], "texture": "#3"}
			}
		},
		{
			"from": [4, 5, 4],
			"to": [12, 6, 12],
			"rotation": {"angle": 0, "axis": "y", "origin": [16, 3, 0]},
			"faces": {
				"north": {"uv": [3, 0, 0, 4], "texture": "#4"},
				"east": {"uv": [3, 0, 0, 4], "texture": "#4"},
				"south": {"uv": [3, 0, 0, 4], "texture": "#4"},
				"west": {"uv": [4, 0, 0, 11], "texture": "#4"},
				"up": {"uv": [11, 2, 9, 4], "texture": "#4"},
				"down": {"uv": [8, 0, 0, 4], "texture": "#4"}
			}
		},
		{
			"name": "Cube2",
			"from": [8, 6.75, 5.75],
			"to": [8.75, 7.25, 6.25],
			"rotation": {"angle": -45, "axis": "y", "origin": [8, 11, 8]},
			"faces": {
				"north": {"uv": [0, 2, 1.5, 3], "texture": "#0"},
				"east": {"uv": [0, 0, 1, 1], "texture": "#0"},
				"south": {"uv": [0, 0, 1.5, 1], "texture": "#0"},
				"west": {"uv": [0, 0, 1, 1], "texture": "#0"},
				"up": {"uv": [2, 1, 3.5, 2], "texture": "#0"},
				"down": {"uv": [0, 0, 1.5, 1], "texture": "#0"}
			}
		},
		{
			"name": "Cube2",
			"from": [8, 7, 8],
			"to": [8.5, 7.25, 9],
			"rotation": {"angle": 22.5, "axis": "y", "origin": [8, 11, 8]},
			"faces": {
				"north": {"uv": [0, 2, 1, 3], "texture": "#4"},
				"east": {"uv": [0, 0, 2, 1], "texture": "#4"},
				"south": {"uv": [0, 0, 1, 1], "texture": "#4"},
				"west": {"uv": [0, 0, 2, 1], "texture": "#4"},
				"up": {"uv": [2, 1, 3, 3], "texture": "#4"},
				"down": {"uv": [0, 0, 1, 2], "texture": "#4"}
			}
		},
		{
			"name": "Cube2",
			"from": [7.5, 6.8, 7.5],
			"to": [8, 7.3, 8.5],
			"rotation": {"angle": -22.5, "axis": "y", "origin": [8, 11, 8]},
			"faces": {
				"north": {"uv": [0, 2, 1, 3], "texture": "#4"},
				"east": {"uv": [0, 0, 2, 1], "texture": "#4"},
				"south": {"uv": [0, 0, 1, 1], "texture": "#4"},
				"west": {"uv": [0, 0, 2, 1], "texture": "#4"},
				"up": {"uv": [2, 1, 3, 3], "texture": "#4"},
				"down": {"uv": [0, 0, 1, 2], "texture": "#4"}
			}
		},
		{
			"name": "Cube2",
			"from": [8, 6.75, 9],
			"to": [8.75, 7.25, 10],
			"rotation": {"angle": -22.5, "axis": "y", "origin": [8, 11, 8]},
			"faces": {
				"north": {"uv": [0, 2, 1.5, 3], "texture": "#0"},
				"east": {"uv": [0, 0, 2, 1], "texture": "#0"},
				"south": {"uv": [0, 0, 1.5, 1], "texture": "#0"},
				"west": {"uv": [0, 0, 2, 1], "texture": "#0"},
				"up": {"uv": [2, 1, 3.5, 3], "texture": "#0"},
				"down": {"uv": [0, 0, 1.5, 2], "texture": "#0"}
			}
		},
		{
			"name": "Cube2",
			"from": [5.8, 6.75, 8],
			"to": [6.55, 7.25, 8.75],
			"rotation": {"angle": 22.5, "axis": "y", "origin": [8, 11, 8]},
			"faces": {
				"north": {"uv": [0, 2, 1.5, 3], "texture": "#0"},
				"east": {"uv": [0, 0, 1.5, 1], "texture": "#0"},
				"south": {"uv": [0, 0, 1.5, 1], "texture": "#0"},
				"west": {"uv": [0, 0, 1.5, 1], "texture": "#0"},
				"up": {"uv": [2, 1, 3.5, 2.5], "texture": "#0"},
				"down": {"uv": [0, 0, 1.5, 1.5], "texture": "#0"}
			}
		},
		{
			"name": "Cube2",
			"from": [9, 6.75, 7],
			"to": [10, 7.25, 8.25],
			"rotation": {"angle": -22.5, "axis": "y", "origin": [8, 11, 8]},
			"faces": {
				"north": {"uv": [0, 2, 2, 3], "texture": "#0"},
				"east": {"uv": [0, 0, 2.5, 1], "texture": "#0"},
				"south": {"uv": [0, 0, 2, 1], "texture": "#0"},
				"west": {"uv": [0, 0, 2.5, 1], "texture": "#0"},
				"up": {"uv": [2, 1, 4, 3.5], "texture": "#0"},
				"down": {"uv": [0, 0, 2, 2.5], "texture": "#0"}
			}
		},
		{
			"name": "Cube2",
			"from": [7.75, 6.75, 6],
			"to": [8.75, 7.25, 7.25],
			"rotation": {"angle": 0, "axis": "y", "origin": [4, 7, 4]},
			"faces": {
				"north": {"uv": [0, 2, 2, 3], "texture": "#0"},
				"east": {"uv": [0, 0, 2.5, 1], "texture": "#0"},
				"south": {"uv": [0, 0, 2, 1], "texture": "#0"},
				"west": {"uv": [0, 0, 2.5, 1], "texture": "#0"},
				"up": {"uv": [2, 1, 4, 3.5], "texture": "#0"},
				"down": {"uv": [0, 0, 2, 2.5], "texture": "#0"}
			}
		},
		{
			"name": "Cube2",
			"from": [6, 6.75, 7],
			"to": [7, 7.25, 8],
			"rotation": {"angle": 0, "axis": "y", "origin": [4, 7, 4]},
			"faces": {
				"north": {"uv": [0, 2, 2, 3], "texture": "#0"},
				"east": {"uv": [0, 0, 2, 1], "texture": "#0"},
				"south": {"uv": [0, 0, 2, 1], "texture": "#0"},
				"west": {"uv": [0, 0, 2, 1], "texture": "#0"},
				"up": {"uv": [2, 1, 4, 3], "texture": "#0"},
				"down": {"uv": [0, 0, 2, 2], "texture": "#0"}
			}
		},
		{
			"name": "Cube2",
			"from": [5.5, 6.7, 7],
			"to": [10.5, 7.2, 8.25],
			"rotation": {"angle": -22.5, "axis": "y", "origin": [8, 11, 8]},
			"faces": {
				"north": {"uv": [0, 0, 10, 1], "texture": "#5"},
				"east": {"uv": [0, 0, 2.5, 1], "texture": "#5"},
				"south": {"uv": [0, 0, 10, 1], "texture": "#5"},
				"west": {"uv": [0, 0, 2.5, 1], "texture": "#5"},
				"up": {"uv": [0, 0, 10, 2.5], "texture": "#5"},
				"down": {"uv": [0, 0, 10, 2.5], "texture": "#5"}
			}
		},
		{
			"name": "Cube2",
			"from": [5.5, 6.7, 7],
			"to": [10.5, 7.2, 8.25],
			"rotation": {"angle": 22.5, "axis": "y", "origin": [8, 11, 8]},
			"faces": {
				"north": {"uv": [0, 0, 10, 1], "texture": "#5"},
				"east": {"uv": [0, 0, 2.5, 1], "texture": "#5"},
				"south": {"uv": [0, 0, 10, 1], "texture": "#5"},
				"west": {"uv": [0, 0, 2.5, 1], "texture": "#5"},
				"up": {"uv": [0, 0, 10, 2.5], "texture": "#5"},
				"down": {"uv": [0, 0, 10, 2.5], "texture": "#5"}
			}
		},
		{
			"name": "Cube2",
			"from": [5.5, 6.7, 7],
			"to": [10.5, 7.2, 8.25],
			"rotation": {"angle": 0, "axis": "y", "origin": [4, 7, 4]},
			"faces": {
				"north": {"uv": [0, 0, 10, 1], "texture": "#5"},
				"east": {"uv": [0, 0, 2.5, 1], "texture": "#5"},
				"south": {"uv": [0, 0, 10, 1], "texture": "#5"},
				"west": {"uv": [0, 0, 2.5, 1], "texture": "#5"},
				"up": {"uv": [0, 0, 10, 2.5], "texture": "#5"},
				"down": {"uv": [0, 0, 10, 2.5], "texture": "#5"}
			}
		},
		{
			"name": "Cube2",
			"from": [7.5, 6.7, 5.5],
			"to": [8.75, 7.2, 10.5],
			"rotation": {"angle": -45, "axis": "y", "origin": [8, 11, 8]},
			"faces": {
				"north": {"uv": [0, 0, 2.5, 1], "texture": "#5"},
				"east": {"uv": [0, 0, 10, 1], "texture": "#5"},
				"south": {"uv": [0, 0, 2.5, 1], "texture": "#5"},
				"west": {"uv": [0, 0, 10, 1], "texture": "#5"},
				"up": {"uv": [0, 0, 2.5, 10], "texture": "#5"},
				"down": {"uv": [0, 0, 2.5, 10], "texture": "#5"}
			}
		},
		{
			"name": "Cube2",
			"from": [7.5, 6.7, 5.5],
			"to": [8.75, 7.2, 10.5],
			"rotation": {"angle": -22.5, "axis": "y", "origin": [8, 11, 8]},
			"faces": {
				"north": {"uv": [0, 0, 2.5, 1], "texture": "#5"},
				"east": {"uv": [0, 0, 10, 1], "texture": "#5"},
				"south": {"uv": [0, 0, 2.5, 1], "texture": "#5"},
				"west": {"uv": [0, 0, 10, 1], "texture": "#5"},
				"up": {"uv": [0, 0, 2.5, 10], "texture": "#5"},
				"down": {"uv": [0, 0, 2.5, 10], "texture": "#5"}
			}
		},
		{
			"name": "Cube2",
			"from": [7.5, 6.7, 5.5],
			"to": [8.75, 7.2, 10.5],
			"rotation": {"angle": 45, "axis": "y", "origin": [8, 11, 8]},
			"faces": {
				"north": {"uv": [0, 0, 2.5, 1], "texture": "#5"},
				"east": {"uv": [0, 0, 10, 1], "texture": "#5"},
				"south": {"uv": [0, 0, 2.5, 1], "texture": "#5"},
				"west": {"uv": [0, 0, 10, 1], "texture": "#5"},
				"up": {"uv": [0, 0, 2.5, 10], "texture": "#5"},
				"down": {"uv": [0, 0, 2.5, 10], "texture": "#5"}
			}
		},
		{
			"name": "Cube2",
			"from": [7.5, 6.7, 5.5],
			"to": [8.75, 7.2, 10.5],
			"rotation": {"angle": 22.5, "axis": "y", "origin": [8, 11, 8]},
			"faces": {
				"north": {"uv": [0, 0, 2.5, 1], "texture": "#5"},
				"east": {"uv": [0, 0, 10, 1], "texture": "#5"},
				"south": {"uv": [0, 0, 2.5, 1], "texture": "#5"},
				"west": {"uv": [0, 0, 10, 1], "texture": "#5"},
				"up": {"uv": [0, 0, 2.5, 10], "texture": "#5"},
				"down": {"uv": [0, 0, 2.5, 10], "texture": "#5"}
			}
		},
		{
			"name": "Cube2",
			"from": [7.5, 6.7, 5.5],
			"to": [8.75, 7.2, 10.5],
			"rotation": {"angle": 0, "axis": "y", "origin": [4, 7, 4]},
			"faces": {
				"north": {"uv": [0, 0, 2.5, 1], "texture": "#5"},
				"east": {"uv": [0, 0, 10, 1], "texture": "#5"},
				"south": {"uv": [0, 0, 2.5, 1], "texture": "#5"},
				"west": {"uv": [0, 0, 10, 1], "texture": "#5"},
				"up": {"uv": [0, 0, 2.5, 10], "texture": "#5"},
				"down": {"uv": [0, 0, 2.5, 10], "texture": "#5"}
			}
		},
		{
			"name": "Cube",
			"from": [5, 6.6, 7.25],
			"to": [11, 7.1, 8.75],
			"rotation": {"angle": 22.5, "axis": "y", "origin": [8, 11, 8]},
			"faces": {
				"north": {"uv": [0, 0, 12, 1], "texture": "#2"},
				"east": {"uv": [0, 0, 3, 1], "texture": "#2"},
				"south": {"uv": [0, 0, 12, 1], "texture": "#2"},
				"west": {"uv": [0, 0, 3, 1], "texture": "#2"},
				"up": {"uv": [0, 0, 12, 3], "texture": "#2"},
				"down": {"uv": [0, 0, 12, 3], "texture": "#2"}
			}
		},
		{
			"name": "Cube",
			"from": [7.5, 6.6, 5],
			"to": [8.75, 7.1, 11],
			"rotation": {"angle": -45, "axis": "y", "origin": [8, 11, 8]},
			"faces": {
				"north": {"uv": [0, 0, 2.5, 1], "texture": "#2"},
				"east": {"uv": [0, 0, 12, 1], "texture": "#2"},
				"south": {"uv": [0, 0, 2.5, 1], "texture": "#2"},
				"west": {"uv": [0, 0, 12, 1], "texture": "#2"},
				"up": {"uv": [0, 0, 2.5, 12], "texture": "#2"},
				"down": {"uv": [0, 0, 2.5, 12], "texture": "#2"}
			}
		},
		{
			"name": "Cube",
			"from": [7.5, 6.6, 5],
			"to": [8.75, 7.1, 11],
			"rotation": {"angle": -22.5, "axis": "y", "origin": [8, 11, 8]},
			"faces": {
				"north": {"uv": [0, 0, 2.5, 1], "texture": "#2"},
				"east": {"uv": [0, 0, 12, 1], "texture": "#2"},
				"south": {"uv": [0, 0, 2.5, 1], "texture": "#2"},
				"west": {"uv": [0, 0, 12, 1], "texture": "#2"},
				"up": {"uv": [0, 0, 2.5, 12], "texture": "#2"},
				"down": {"uv": [0, 0, 2.5, 12], "texture": "#2"}
			}
		},
		{
			"name": "Cube",
			"from": [5, 6.6, 7.25],
			"to": [11, 7.1, 8.5],
			"rotation": {"angle": -22.5, "axis": "y", "origin": [8, 11, 8]},
			"faces": {
				"north": {"uv": [0, 0, 12, 1], "texture": "#2"},
				"east": {"uv": [0, 0, 2.5, 1], "texture": "#2"},
				"south": {"uv": [0, 0, 12, 1], "texture": "#2"},
				"west": {"uv": [0, 0, 2.5, 1], "texture": "#2"},
				"up": {"uv": [0, 0, 2.5, 12], "texture": "#2"},
				"down": {"uv": [0, 0, 2.5, 12], "texture": "#2"}
			}
		},
		{
			"name": "Cube",
			"from": [5, 6.6, 7],
			"to": [11, 7.1, 8.5],
			"rotation": {"angle": 0, "axis": "y", "origin": [4, 7, 4]},
			"faces": {
				"north": {"uv": [0, 0, 12, 1], "texture": "#2"},
				"east": {"uv": [0, 0, 3, 1], "texture": "#2"},
				"south": {"uv": [0, 0, 12, 1], "texture": "#2"},
				"west": {"uv": [0, 0, 3, 1], "texture": "#2"},
				"up": {"uv": [0, 0, 3, 12], "texture": "#2"},
				"down": {"uv": [0, 0, 3, 12], "texture": "#2"}
			}
		},
		{
			"name": "Cube",
			"from": [7.5, 6.6, 5],
			"to": [8.75, 7.1, 11],
			"rotation": {"angle": 45, "axis": "y", "origin": [8, 11, 8]},
			"faces": {
				"north": {"uv": [0, 0, 2.5, 1], "texture": "#2"},
				"east": {"uv": [0, 0, 12, 1], "texture": "#2"},
				"south": {"uv": [0, 0, 2.5, 1], "texture": "#2"},
				"west": {"uv": [0, 0, 12, 1], "texture": "#2"},
				"up": {"uv": [0, 0, 2.5, 12], "texture": "#2"},
				"down": {"uv": [0, 0, 2.5, 12], "texture": "#2"}
			}
		},
		{
			"name": "Cube",
			"from": [7.5, 6.6, 5],
			"to": [8.75, 7.1, 11],
			"rotation": {"angle": 22.5, "axis": "y", "origin": [8, 11, 8]},
			"faces": {
				"north": {"uv": [0, 0, 2.5, 1], "texture": "#2"},
				"east": {"uv": [0, 0, 12, 1], "texture": "#2"},
				"south": {"uv": [0, 0, 2.5, 1], "texture": "#2"},
				"west": {"uv": [0, 0, 12, 1], "texture": "#2"},
				"up": {"uv": [0, 0, 2.5, 12], "texture": "#2"},
				"down": {"uv": [0, 0, 2.5, 12], "texture": "#2"}
			}
		},
		{
			"name": "Cube",
			"from": [7.5, 6.6, 5],
			"to": [8.75, 7.1, 11],
			"rotation": {"angle": 0, "axis": "y", "origin": [4, 7, 4]},
			"faces": {
				"north": {"uv": [0, 0, 2.5, 1], "texture": "#2"},
				"east": {"uv": [0, 0, 12, 1], "texture": "#2"},
				"south": {"uv": [0, 0, 2.5, 1], "texture": "#2"},
				"west": {"uv": [0, 0, 12, 1], "texture": "#2"},
				"up": {"uv": [0, 0, 2.5, 12], "texture": "#2"},
				"down": {"uv": [0, 0, 2.5, 12], "texture": "#2"}
			}
		}
	],
	"display": {
		"ground": {
			"scale": [1.2, 1.2, 1.2]
		},
		"gui": {
			"rotation": [15, 0, 0],
			"scale": [2, 2, 2]
		},
		"head": {
			"scale": [1.5, 1.5, 1.5]
		},
		"fixed": {
			"rotation": [-91, 0, 0],
			"translation": [0, 0, -4],
			"scale": [2, 2, 2]
		}
	}
}