{
	"credit": "Made with Blockbench",
	"textures": {
		"0": "block/stripped_birch_log",
		"particle": "block/stripped_birch_log"
	},
	"elements": [
		{
			"from": [4, 2, 6],
			"to": [5, 6, 11],
			"faces": {
				"north": {"uv": [4, 7, 6, 9], "texture": "#0"},
				"east": {"uv": [4, 5, 6, 7], "texture": "#0"},
				"south": {"uv": [4, 5, 6, 7], "texture": "#0"},
				"west": {"uv": [4, 5, 6, 7], "texture": "#0"},
				"up": {"uv": [4, 5, 6, 7], "texture": "#0"},
				"down": {"uv": [4, 5, 6, 7], "texture": "#0"}
			}
		},
		{
			"from": [5, 2, 5],
			"to": [12, 7, 12],
			"faces": {
				"north": {"uv": [4, 6, 6, 8], "texture": "#0"},
				"east": {"uv": [4, 5, 6, 7], "texture": "#0"},
				"south": {"uv": [4, 5, 6, 7], "texture": "#0"},
				"west": {"uv": [4, 5, 6, 7], "texture": "#0"},
				"up": {"uv": [4, 5, 6, 7], "texture": "#0"},
				"down": {"uv": [4, 5, 6, 7], "texture": "#0"}
			}
		},
		{
			"from": [6, 7, 6],
			"to": [11, 8, 11],
			"faces": {
				"north": {"uv": [4, 6, 6, 8], "texture": "#0"},
				"east": {"uv": [4, 5, 6, 7], "texture": "#0"},
				"south": {"uv": [4, 5, 6, 7], "texture": "#0"},
				"west": {"uv": [4, 5, 6, 7], "texture": "#0"},
				"up": {"uv": [4, 5, 6, 7], "texture": "#0"},
				"down": {"uv": [4, 5, 6, 7], "texture": "#0"}
			}
		},
		{
			"from": [5.5, 2.5, 4],
			"to": [11.5, 6.5, 5],
			"faces": {
				"north": {"uv": [4, 6, 6, 8], "texture": "#0"},
				"east": {"uv": [4, 5, 6, 7], "texture": "#0"},
				"south": {"uv": [4, 5, 6, 7], "texture": "#0"},
				"west": {"uv": [4, 5, 6, 7], "texture": "#0"},
				"up": {"uv": [4, 5, 6, 7], "texture": "#0"},
				"down": {"uv": [4, 5, 6, 7], "texture": "#0"}
			}
		},
		{
			"from": [12, 2, 6],
			"to": [14, 6, 11],
			"faces": {
				"north": {"uv": [4, 5, 6, 7], "texture": "#0"},
				"east": {"uv": [4, 5, 6, 7], "texture": "#0"},
				"south": {"uv": [4, 5, 6, 7], "texture": "#0"},
				"west": {"uv": [4, 5, 6, 7], "texture": "#0"},
				"up": {"uv": [4, 5, 6, 7], "texture": "#0"},
				"down": {"uv": [4, 5, 6, 7], "texture": "#0"}
			}
		}
	],
	"display": {
		"thirdperson_righthand": {
			"scale": [0.75, 0.75, 0.75]
		},
		"thirdperson_lefthand": {
			"scale": [0.75, 0.75, 0.75]
		},
		"ground": {
			"scale": [0.75, 0.75, 0.75]
		},
		"head": {
			"translation": [0, 2, 0],
			"scale": [1, 1, 1]
		},
		"gui": {
			"rotation": [10, 176, 0],
			"translation": [0, 1, 0],
			"scale": [1.25, 1.25, 1.25]
		}
	}
}