{
    "__comment": "Model generated using MrCrayfish's Model Creator (https://mrcrayfish.com/tools?id=mc)",
    "textures": {
        "red_concrete": "minecraft:block/red_concrete",
        "gray_wool": "minecraft:block/gray_wool",
        "cyan_terracotta": "minecraft:block/cyan_terracotta",
        "bone_block_side": "minecraft:block/bone_block_side"
    },
    "display": {
        "gui": {
            "rotation": [ 30, 45, 0 ],
            "translation": [ 0, 0, 0 ],
            "scale": [ 0.625, 0.625, 0.625 ]
        },
        "ground": {
            "rotation": [ 0, 0, 0 ],
            "translation": [ 0, 3, 0 ],
            "scale": [ 0.25, 0.25, 0.25 ]
        },
        "fixed": {
            "rotation": [ 0, 180, 0 ],
            "translation": [ 0, 0, 0 ],
            "scale": [ 1, 1, 1 ]
        },
        "head": {
            "rotation": [ 0, 0, 0 ],
            "translation": [ 0, -10, 0 ],
            "scale": [ 5, 5, 5 ]
        },
        "firstperson_righthand": {
            "rotation": [ 0, 315, 0 ],
            "translation": [ 0, 2.5, 0 ],
            "scale": [ 0.4, 0.4, 0.4 ]
        },
        "thirdperson_righthand": {
            "rotation": [ 75, 315, 0 ],
            "translation": [ 0, 2.5, 0 ],
            "scale": [ 0.375, 0.375, 0.375 ]
        }
    },
    "elements": [
        {
            "name": "base",
            "from": [ 2, 3, 5 ], 
            "to": [ 15, 4, 6 ], 
            "faces": {
                "north": { "texture": "#red_concrete", "uv": [ 0, 0, 13, 1 ] },
                "east": { "texture": "#red_concrete", "uv": [ 0, 0, 16, 1 ] },
                "south": { "texture": "#red_concrete", "uv": [ 0, 0, 13, 1 ] },
                "west": { "texture": "#red_concrete", "uv": [ 0, 0, 16, 1 ] },
                "up": { "texture": "#red_concrete", "uv": [ 0, 0, 16, 8 ], "rotation": 270 },
                "down": { "texture": "#red_concrete", "uv": [ 0, 0, 16, 8 ], "rotation": 270 }
            }
        },
        {
            "name": "base",
            "from": [ 2, 3, 10 ], 
            "to": [ 15, 4, 11 ], 
            "faces": {
                "north": { "texture": "#red_concrete", "uv": [ 0, 0, 13, 1 ] },
                "east": { "texture": "#red_concrete", "uv": [ 0, 0, 16, 1 ] },
                "south": { "texture": "#red_concrete", "uv": [ 0, 0, 13, 1 ] },
                "west": { "texture": "#red_concrete", "uv": [ 0, 0, 16, 1 ] },
                "up": { "texture": "#red_concrete", "uv": [ 0, 0, 16, 8 ], "rotation": 270 },
                "down": { "texture": "#red_concrete", "uv": [ 0, 0, 16, 8 ], "rotation": 270 }
            }
        },
        {
            "name": "base",
            "from": [ 14, 3, 6 ], 
            "to": [ 15, 4, 10 ], 
            "faces": {
                "north": { "texture": "#red_concrete", "uv": [ 0, 0, 1, 1 ] },
                "east": { "texture": "#red_concrete", "uv": [ 0, 0, 16, 1 ] },
                "south": { "texture": "#red_concrete", "uv": [ 0, 0, 1, 1 ] },
                "west": { "texture": "#red_concrete", "uv": [ 0, 0, 16, 1 ] },
                "up": { "texture": "#red_concrete", "uv": [ 0, 0, 16, 8 ], "rotation": 270 },
                "down": { "texture": "#red_concrete", "uv": [ 0, 0, 16, 8 ], "rotation": 270 }
            }
        },
        {
            "name": "base",
            "from": [ 2, 3, 6 ], 
            "to": [ 3, 4, 10 ], 
            "faces": {
                "north": { "texture": "#red_concrete", "uv": [ 0, 0, 1, 1 ] },
                "east": { "texture": "#red_concrete", "uv": [ 0, 0, 16, 1 ] },
                "south": { "texture": "#red_concrete", "uv": [ 0, 0, 1, 1 ] },
                "west": { "texture": "#red_concrete", "uv": [ 0, 0, 16, 1 ] },
                "up": { "texture": "#red_concrete", "uv": [ 0, 0, 16, 8 ], "rotation": 270 },
                "down": { "texture": "#red_concrete", "uv": [ 0, 0, 16, 8 ], "rotation": 270 }
            }
        },
        {
            "name": "base",
            "from": [ 2.2, 1, 9 ], 
            "to": [ 3, 3, 11 ], 
            "faces": {
                "north": { "texture": "#cyan_terracotta", "uv": [ 0, 0, 0.8, 3 ] },
                "east": { "texture": "#cyan_terracotta", "uv": [ 0, 0, 16, 1 ] },
                "south": { "texture": "#cyan_terracotta", "uv": [ 0, 0, 0.8, 3 ] },
                "west": { "texture": "#cyan_terracotta", "uv": [ 0, 0, 16, 1 ] },
                "up": { "texture": "#cyan_terracotta", "uv": [ 0, 0, 16, 8 ], "rotation": 270 },
                "down": { "texture": "#cyan_terracotta", "uv": [ 0, 0, 16, 8 ], "rotation": 270 }
            }
        },
        {
            "name": "base",
            "from": [ 14, 4, 5 ], 
            "to": [ 15, 7, 6 ], 
            "faces": {
                "north": { "texture": "#red_concrete", "uv": [ 0, 0, 1, 3 ] },
                "east": { "texture": "#red_concrete", "uv": [ 0, 0, 16, 1 ] },
                "south": { "texture": "#red_concrete", "uv": [ 0, 0, 1, 3 ] },
                "west": { "texture": "#red_concrete", "uv": [ 0, 0, 16, 1 ] },
                "up": { "texture": "#red_concrete", "uv": [ 0, 0, 16, 8 ], "rotation": 270 },
                "down": { "texture": "#red_concrete", "uv": [ 0, 0, 16, 8 ], "rotation": 270 }
            }
        },
        {
            "name": "base",
            "from": [ 2, 4, 5 ], 
            "to": [ 3, 7, 6 ], 
            "faces": {
                "north": { "texture": "#red_concrete", "uv": [ 0, 0, 1, 3 ] },
                "east": { "texture": "#red_concrete", "uv": [ 0, 0, 16, 1 ] },
                "south": { "texture": "#red_concrete", "uv": [ 0, 0, 1, 3 ] },
                "west": { "texture": "#red_concrete", "uv": [ 0, 0, 16, 1 ] },
                "up": { "texture": "#red_concrete", "uv": [ 0, 0, 16, 8 ], "rotation": 270 },
                "down": { "texture": "#red_concrete", "uv": [ 0, 0, 16, 8 ], "rotation": 270 }
            }
        },
        {
            "name": "base",
            "from": [ 2, 3, 8 ], 
            "to": [ 3, 6.5, 9 ], 
            "rotation": { "origin": [ 8, 8, 8 ], "axis": "x", "angle": -22.5 },
            "faces": {
                "north": { "texture": "#red_concrete", "uv": [ 0, 0, 1, 3.5 ] },
                "east": { "texture": "#red_concrete", "uv": [ 0, 0, 16, 1 ] },
                "south": { "texture": "#red_concrete", "uv": [ 0, 0, 1, 3.5 ] },
                "west": { "texture": "#red_concrete", "uv": [ 0, 0, 16, 1 ] },
                "up": { "texture": "#red_concrete", "uv": [ 0, 0, 16, 8 ], "rotation": 270 },
                "down": { "texture": "#red_concrete", "uv": [ 0, 0, 16, 8 ], "rotation": 270 }
            }
        },
        {
            "name": "base",
            "from": [ 14, 3, 8 ], 
            "to": [ 15, 6.5, 9 ], 
            "rotation": { "origin": [ 8, 8, 8 ], "axis": "x", "angle": -22.5 },
            "faces": {
                "north": { "texture": "#red_concrete", "uv": [ 0, 0, 1, 3.5 ] },
                "east": { "texture": "#red_concrete", "uv": [ 0, 0, 16, 1 ] },
                "south": { "texture": "#red_concrete", "uv": [ 0, 0, 1, 3.5 ] },
                "west": { "texture": "#red_concrete", "uv": [ 0, 0, 16, 1 ] },
                "up": { "texture": "#red_concrete", "uv": [ 0, 0, 16, 8 ], "rotation": 270 },
                "down": { "texture": "#red_concrete", "uv": [ 0, 0, 16, 8 ], "rotation": 270 }
            }
        },
        {
            "name": "base",
            "from": [ 2, 6, 6 ], 
            "to": [ 3, 7, 9.5 ], 
            "faces": {
                "north": { "texture": "#red_concrete", "uv": [ 0, 0, 1, 1 ] },
                "east": { "texture": "#red_concrete", "uv": [ 0, 0, 16, 1 ] },
                "south": { "texture": "#red_concrete", "uv": [ 0, 0, 1, 1 ] },
                "west": { "texture": "#red_concrete", "uv": [ 0, 0, 16, 1 ] },
                "up": { "texture": "#red_concrete", "uv": [ 0, 0, 16, 8 ], "rotation": 270 },
                "down": { "texture": "#red_concrete", "uv": [ 0, 0, 16, 8 ], "rotation": 270 }
            }
        },
        {
            "name": "base",
            "from": [ 14, 6, 6 ], 
            "to": [ 15, 7, 9.5 ], 
            "faces": {
                "north": { "texture": "#red_concrete", "uv": [ 0, 0, 1, 1 ] },
                "east": { "texture": "#red_concrete", "uv": [ 0, 0, 16, 1 ] },
                "south": { "texture": "#red_concrete", "uv": [ 0, 0, 1, 1 ] },
                "west": { "texture": "#red_concrete", "uv": [ 0, 0, 16, 1 ] },
                "up": { "texture": "#red_concrete", "uv": [ 0, 0, 16, 8 ], "rotation": 270 },
                "down": { "texture": "#red_concrete", "uv": [ 0, 0, 16, 8 ], "rotation": 270 }
            }
        },
        {
            "name": "base",
            "from": [ 3, 6, 9 ], 
            "to": [ 15, 7, 9.5 ], 
            "faces": {
                "north": { "texture": "#red_concrete", "uv": [ 0, 0, 12, 1 ] },
                "east": { "texture": "#red_concrete", "uv": [ 0, 0, 16, 1 ] },
                "south": { "texture": "#red_concrete", "uv": [ 0, 0, 12, 1 ] },
                "west": { "texture": "#red_concrete", "uv": [ 0, 0, 16, 1 ] },
                "up": { "texture": "#red_concrete", "uv": [ 0, 0, 16, 8 ], "rotation": 270 },
                "down": { "texture": "#red_concrete", "uv": [ 0, 0, 16, 8 ], "rotation": 270 }
            }
        },
        {
            "name": "base",
            "from": [ 3, 6, 5 ], 
            "to": [ 15, 7, 5.5 ], 
            "faces": {
                "north": { "texture": "#red_concrete", "uv": [ 0, 0, 12, 1 ] },
                "east": { "texture": "#red_concrete", "uv": [ 0, 0, 16, 1 ] },
                "south": { "texture": "#red_concrete", "uv": [ 0, 0, 12, 1 ] },
                "west": { "texture": "#red_concrete", "uv": [ 0, 0, 16, 1 ] },
                "up": { "texture": "#red_concrete", "uv": [ 0, 0, 16, 8 ], "rotation": 270 },
                "down": { "texture": "#red_concrete", "uv": [ 0, 0, 16, 8 ], "rotation": 270 }
            }
        },
        {
            "name": "base",
            "from": [ 3, 3, 7 ], 
            "to": [ 15, 4, 8 ], 
            "faces": {
                "north": { "texture": "#red_concrete", "uv": [ 0, 0, 12, 1 ] },
                "east": { "texture": "#red_concrete", "uv": [ 0, 0, 16, 1 ] },
                "south": { "texture": "#red_concrete", "uv": [ 0, 0, 12, 1 ] },
                "west": { "texture": "#red_concrete", "uv": [ 0, 0, 16, 1 ] },
                "up": { "texture": "#red_concrete", "uv": [ 0, 0, 16, 8 ], "rotation": 270 },
                "down": { "texture": "#red_concrete", "uv": [ 0, 0, 16, 8 ], "rotation": 270 }
            }
        },
        {
            "name": "base",
            "from": [ 6.5, 4, 4 ], 
            "to": [ 10.5, 7, 5 ], 
            "faces": {
                "north": { "texture": "#gray_wool", "uv": [ 0, 0, 4, 3 ] },
                "east": { "texture": "#gray_wool", "uv": [ 0, 0, 16, 1 ] },
                "south": { "texture": "#gray_wool", "uv": [ 0, 0, 4, 3 ] },
                "west": { "texture": "#gray_wool", "uv": [ 0, 0, 16, 1 ] },
                "up": { "texture": "#gray_wool", "uv": [ 0, 0, 16, 8 ], "rotation": 270 },
                "down": { "texture": "#gray_wool", "uv": [ 0, 0, 16, 8 ], "rotation": 270 }
            }
        },
        {
            "name": "base",
            "from": [ 10.5, 5, 1 ], 
            "to": [ 11.5, 6, 5 ], 
            "faces": {
                "north": { "texture": "#gray_wool", "uv": [ 0, 0, 1, 1 ] },
                "east": { "texture": "#gray_wool", "uv": [ 0, 0, 16, 1 ] },
                "south": { "texture": "#gray_wool", "uv": [ 0, 0, 1, 1 ] },
                "west": { "texture": "#gray_wool", "uv": [ 0, 0, 16, 1 ] },
                "up": { "texture": "#gray_wool", "uv": [ 0, 0, 16, 8 ], "rotation": 270 },
                "down": { "texture": "#gray_wool", "uv": [ 0, 0, 16, 8 ], "rotation": 270 }
            }
        },
        {
            "name": "base",
            "from": [ 5.5, 5, 1 ], 
            "to": [ 6.5, 6, 5 ], 
            "faces": {
                "north": { "texture": "#gray_wool", "uv": [ 0, 0, 1, 1 ] },
                "east": { "texture": "#gray_wool", "uv": [ 0, 0, 16, 1 ] },
                "south": { "texture": "#gray_wool", "uv": [ 0, 0, 1, 1 ] },
                "west": { "texture": "#gray_wool", "uv": [ 0, 0, 16, 1 ] },
                "up": { "texture": "#gray_wool", "uv": [ 0, 0, 16, 8 ], "rotation": 270 },
                "down": { "texture": "#gray_wool", "uv": [ 0, 0, 16, 8 ], "rotation": 270 }
            }
        },
        {
            "name": "base",
            "from": [ 2.2, 1, 5 ], 
            "to": [ 3, 3, 7 ], 
            "faces": {
                "north": { "texture": "#cyan_terracotta", "uv": [ 0, 0, 0.8, 3 ] },
                "east": { "texture": "#cyan_terracotta", "uv": [ 0, 0, 16, 1 ] },
                "south": { "texture": "#cyan_terracotta", "uv": [ 0, 0, 0.8, 3 ] },
                "west": { "texture": "#cyan_terracotta", "uv": [ 0, 0, 16, 1 ] },
                "up": { "texture": "#cyan_terracotta", "uv": [ 0, 0, 16, 8 ], "rotation": 270 },
                "down": { "texture": "#cyan_terracotta", "uv": [ 0, 0, 16, 8 ], "rotation": 270 }
            }
        },
        {
            "name": "base",
            "from": [ 14.2, 1, 5 ], 
            "to": [ 15, 3, 7 ], 
            "faces": {
                "north": { "texture": "#cyan_terracotta", "uv": [ 0, 0, 0.8, 3 ] },
                "east": { "texture": "#cyan_terracotta", "uv": [ 0, 0, 16, 1 ] },
                "south": { "texture": "#cyan_terracotta", "uv": [ 0, 0, 0.8, 3 ] },
                "west": { "texture": "#cyan_terracotta", "uv": [ 0, 0, 16, 1 ] },
                "up": { "texture": "#cyan_terracotta", "uv": [ 0, 0, 16, 8 ], "rotation": 270 },
                "down": { "texture": "#cyan_terracotta", "uv": [ 0, 0, 16, 8 ], "rotation": 270 }
            }
        },
        {
            "name": "base",
            "from": [ 14.2, 1, 9 ], 
            "to": [ 15, 3, 11 ], 
            "faces": {
                "north": { "texture": "#cyan_terracotta", "uv": [ 0, 0, 0.8, 3 ] },
                "east": { "texture": "#cyan_terracotta", "uv": [ 0, 0, 16, 1 ] },
                "south": { "texture": "#cyan_terracotta", "uv": [ 0, 0, 0.8, 3 ] },
                "west": { "texture": "#cyan_terracotta", "uv": [ 0, 0, 16, 1 ] },
                "up": { "texture": "#cyan_terracotta", "uv": [ 0, 0, 16, 8 ], "rotation": 270 },
                "down": { "texture": "#cyan_terracotta", "uv": [ 0, 0, 16, 8 ], "rotation": 270 }
            }
        },
        {
            "name": "base",
            "from": [ 5.5, 7, 5 ], 
            "to": [ 11.5, 10, 10 ], 
            "faces": {
                "north": { "texture": "#bone_block_side", "uv": [ 0, 0, 6, 3 ] },
                "east": { "texture": "#bone_block_side", "uv": [ 0, 0, 16, 1 ] },
                "south": { "texture": "#bone_block_side", "uv": [ 0, 0, 6, 3 ] },
                "west": { "texture": "#bone_block_side", "uv": [ 0, 0, 16, 1 ] },
                "up": { "texture": "#bone_block_side", "uv": [ 0, 0, 16, 8 ], "rotation": 270 },
                "down": { "texture": "#bone_block_side", "uv": [ 0, 0, 16, 8 ], "rotation": 270 }
            }
        },
        {
            "name": "base",
            "from": [ 5, 3, 7 ], 
            "to": [ 5.5, 7, 7.5 ], 
            "faces": {
                "north": { "texture": "#gray_wool", "uv": [ 0, 0, 0.5, 4 ] },
                "east": { "texture": "#gray_wool", "uv": [ 0, 0, 16, 1 ] },
                "south": { "texture": "#gray_wool", "uv": [ 0, 0, 0.5, 4 ] },
                "west": { "texture": "#gray_wool", "uv": [ 0, 0, 16, 1 ] },
                "up": { "texture": "#gray_wool", "uv": [ 0, 0, 16, 8 ], "rotation": 270 },
                "down": { "texture": "#gray_wool", "uv": [ 0, 0, 16, 8 ], "rotation": 270 }
            }
        },
        {
            "name": "base",
            "from": [ 11.5, 3, 7 ], 
            "to": [ 12, 8, 7.5 ], 
            "faces": {
                "north": { "texture": "#gray_wool", "uv": [ 0, 0, 0.5, 5 ] },
                "east": { "texture": "#gray_wool", "uv": [ 0, 0, 16, 1 ] },
                "south": { "texture": "#gray_wool", "uv": [ 0, 0, 0.5, 5 ] },
                "west": { "texture": "#gray_wool", "uv": [ 0, 0, 16, 1 ] },
                "up": { "texture": "#gray_wool", "uv": [ 0, 0, 16, 8 ], "rotation": 270 },
                "down": { "texture": "#gray_wool", "uv": [ 0, 0, 16, 8 ], "rotation": 270 }
            }
        }
    ]
}