{
	"credit": "Made with Blockbench",
	"textures": {
		"0": "block/light_gray_stained_glass",
		"particle": "block/light_gray_stained_glass"
	},
	"elements": [
		{
			"from": [5, -4, 7],
			"to": [9, -1, 8],
			"rotation": {"angle": -22.5, "axis": "x", "origin": [0, -9, -2]},
			"faces": {
				"north": {"uv": [5, 4, 12, 15], "texture": "#0"},
				"east": {"uv": [1, 1, 8, 12], "texture": "#0"},
				"south": {"uv": [4, 3, 11, 14], "texture": "#0"},
				"west": {"uv": [1, 1, 8, 12], "texture": "#0"},
				"up": {"uv": [4, 3, 11, 14], "texture": "#0"},
				"down": {"uv": [0, 0, 3, 3], "texture": "#0"}
			}
		},
		{
			"from": [5, 2, 3.25],
			"to": [8, 9, 4.25],
			"rotation": {"angle": 0, "axis": "y", "origin": [0, -9, -2]},
			"faces": {
				"north": {"uv": [3, 1, 7, 7], "texture": "#0"},
				"east": {"uv": [1, 1, 8, 12], "texture": "#0"},
				"south": {"uv": [1, 1, 6, 8], "texture": "#0"},
				"west": {"uv": [1, 1, 7, 8], "texture": "#0"},
				"up": {"uv": [1, 1, 6, 7], "texture": "#0"},
				"down": {"uv": [0, 0, 3, 3], "texture": "#0"}
			}
		},
		{
			"from": [8, -3.5, 4],
			"to": [9, -0.5, 8],
			"rotation": {"angle": 22.5, "axis": "z", "origin": [0, -9, -2]},
			"faces": {
				"north": {"uv": [1, 1, 8, 12], "texture": "#0"},
				"east": {"uv": [5, 2, 12, 13], "texture": "#0"},
				"south": {"uv": [1, 1, 8, 12], "texture": "#0"},
				"west": {"uv": [1, 1, 5, 2], "texture": "#0"},
				"up": {"uv": [1, 1, 8, 12], "texture": "#0"},
				"down": {"uv": [0, 0, 3, 3], "texture": "#0"}
			}
		},
		{
			"from": [4, 2, 4],
			"to": [5, 9, 8],
			"rotation": {"angle": 0, "axis": "y", "origin": [0, -9, -2]},
			"faces": {
				"north": {"uv": [1, 1, 5, 7], "texture": "#0"},
				"east": {"uv": [1, 1, 8, 12], "texture": "#0"},
				"south": {"uv": [1, 1, 6, 8], "texture": "#0"},
				"west": {"uv": [1, 1, 7, 8], "texture": "#0"},
				"up": {"uv": [1, 1, 6, 7], "texture": "#0"},
				"down": {"uv": [0, 0, 3, 3], "texture": "#0"}
			}
		},
		{
			"from": [5, -4, 4],
			"to": [9, -1, 5],
			"rotation": {"angle": 22.5, "axis": "x", "origin": [14, -9, 14]},
			"faces": {
				"north": {"uv": [4, 3, 11, 14], "texture": "#0"},
				"east": {"uv": [1, 1, 8, 12], "texture": "#0"},
				"south": {"uv": [5, 4, 12, 15], "texture": "#0"},
				"west": {"uv": [1, 1, 8, 12], "texture": "#0"},
				"up": {"uv": [11, 14, 4, 3], "texture": "#0"},
				"down": {"uv": [3, 3, 0, 0], "texture": "#0"}
			}
		},
		{
			"from": [5, 2, 7.75],
			"to": [8, 9, 8.75],
			"rotation": {"angle": 0, "axis": "y", "origin": [14, -9, 14]},
			"faces": {
				"north": {"uv": [1, 1, 5, 7], "texture": "#0"},
				"east": {"uv": [1, 1, 8, 12], "texture": "#0"},
				"south": {"uv": [3, 1, 8, 8], "texture": "#0"},
				"west": {"uv": [1, 1, 7, 8], "texture": "#0"},
				"up": {"uv": [6, 7, 1, 1], "texture": "#0"},
				"down": {"uv": [3, 3, 0, 0], "texture": "#0"}
			}
		},
		{
			"from": [9, 2, 4],
			"to": [10, 9, 8],
			"rotation": {"angle": 0, "axis": "y", "origin": [14, -9, 14]},
			"faces": {
				"north": {"uv": [1, 1, 5, 7], "texture": "#0"},
				"east": {"uv": [1, 1, 8, 12], "texture": "#0"},
				"south": {"uv": [1, 1, 6, 8], "texture": "#0"},
				"west": {"uv": [1, 1, 7, 8], "texture": "#0"},
				"up": {"uv": [6, 7, 1, 1], "texture": "#0"},
				"down": {"uv": [3, 3, 0, 0], "texture": "#0"}
			}
		},
		{
			"from": [5, 11, 3.25],
			"to": [9, 14, 4.25],
			"rotation": {"angle": 0, "axis": "y", "origin": [0, -9, -2]},
			"faces": {
				"north": {"uv": [3, 1, 7, 7], "texture": "#0"},
				"east": {"uv": [1, 1, 8, 12], "texture": "#0"},
				"south": {"uv": [1, 1, 6, 8], "texture": "#0"},
				"west": {"uv": [1, 1, 7, 8], "texture": "#0"},
				"up": {"uv": [1, 1, 6, 7], "texture": "#0"},
				"down": {"uv": [0, 0, 3, 3], "texture": "#0"}
			}
		},
		{
			"from": [9, 11, 4],
			"to": [10, 14, 8],
			"rotation": {"angle": 0, "axis": "y", "origin": [14, -9, 14]},
			"faces": {
				"north": {"uv": [1, 1, 5, 7], "texture": "#0"},
				"east": {"uv": [1, 1, 8, 12], "texture": "#0"},
				"south": {"uv": [1, 1, 6, 8], "texture": "#0"},
				"west": {"uv": [1, 1, 7, 8], "texture": "#0"},
				"up": {"uv": [6, 7, 1, 1], "texture": "#0"},
				"down": {"uv": [3, 3, 0, 0], "texture": "#0"}
			}
		},
		{
			"from": [4, 11, 4],
			"to": [5, 14, 6],
			"rotation": {"angle": 0, "axis": "y", "origin": [0, -9, -2]},
			"faces": {
				"north": {"uv": [1, 1, 5, 7], "texture": "#0"},
				"east": {"uv": [1, 1, 8, 12], "texture": "#0"},
				"south": {"uv": [1, 1, 6, 8], "texture": "#0"},
				"west": {"uv": [1, 1, 7, 8], "texture": "#0"},
				"up": {"uv": [1, 1, 6, 7], "texture": "#0"},
				"down": {"uv": [0, 0, 3, 3], "texture": "#0"}
			}
		},
		{
			"from": [5, 9, 4],
			"to": [9, 11, 8],
			"rotation": {"angle": 0, "axis": "y", "origin": [0, -9, -2]},
			"faces": {
				"north": {"uv": [1, 1, 5, 7], "texture": "#0"},
				"east": {"uv": [1, 1, 8, 12], "texture": "#0"},
				"south": {"uv": [1, 1, 6, 8], "texture": "#0"},
				"west": {"uv": [1, 1, 7, 8], "texture": "#0"},
				"up": {"uv": [1, 1, 6, 7], "texture": "#0"},
				"down": {"uv": [0, 0, 3, 3], "texture": "#0"}
			}
		},
		{
			"from": [5, 14.5, -6],
			"to": [9, 17.5, -5],
			"rotation": {"angle": 22.5, "axis": "x", "origin": [0, -9, -2]},
			"faces": {
				"north": {"uv": [3, 1, 7, 7], "texture": "#0"},
				"east": {"uv": [1, 1, 8, 12], "texture": "#0"},
				"south": {"uv": [1, 1, 6, 8], "texture": "#0"},
				"west": {"uv": [1, 1, 7, 8], "texture": "#0"},
				"up": {"uv": [1, 1, 6, 7], "texture": "#0"},
				"down": {"uv": [0, 0, 3, 3], "texture": "#0"}
			}
		}
	],
	"display": {
		"thirdperson_righthand": {
			"scale": [0.5, 0.5, 0.5]
		},
		"thirdperson_lefthand": {
			"scale": [0.5, 0.5, 0.5]
		},
		"firstperson_righthand": {
			"scale": [0.5, 0.5, 0.5]
		},
		"ground": {
			"rotation": [88, 0, 0],
			"translation": [0, -3, 0],
			"scale": [0.75, 0.75, 0.75]
		},
		"head": {
			"translation": [0, 11, 0],
			"scale": [1.5, 1.5, 1.5]
		}
	}
}