{
	"credit": "Made with Blockbench",
	"textures": {
		"0": "block/blue_wool",
		"1": "block/black_wool",
		"3": "custom/police",
		"4": "block/yellow_wool",
		"particle": "block/blue_wool"
	},
	"elements": [
		{
			"from": [2, 11, -3],
			"to": [14, 12, 0],
			"rotation": {"angle": 0, "axis": "y", "origin": [-9, 0, 10]},
			"faces": {
				"north": {"uv": [0, 0, 16, 8], "texture": "#1"},
				"east": {"uv": [0, 0, 16, 8], "texture": "#1"},
				"south": {"uv": [0, 0, 16, 8], "texture": "#1"},
				"west": {"uv": [0, 0, 16, 8], "texture": "#1"},
				"up": {"uv": [14, 12, 10, 10], "rotation": 90, "texture": "#1"},
				"down": {"uv": [16, 16, 0, 0], "rotation": 270, "texture": "#1"}
			}
		},
		{
			"from": [2, 11, 0],
			"to": [14, 13, 16],
			"rotation": {"angle": 0, "axis": "y", "origin": [-9, 0, 10]},
			"faces": {
				"north": {"uv": [0, 0, 16, 8], "texture": "#1"},
				"east": {"uv": [0, 0, 16, 8], "texture": "#1"},
				"south": {"uv": [0, 0, 16, 8], "texture": "#1"},
				"west": {"uv": [0, 0, 16, 8], "texture": "#1"},
				"up": {"uv": [14, 12, 10, 10], "rotation": 90, "texture": "#1"},
				"down": {"uv": [16, 16, 0, 0], "rotation": 270, "texture": "#1"}
			}
		},
		{
			"from": [2, 13, 1],
			"to": [14, 18, 7],
			"rotation": {"angle": 0, "axis": "y", "origin": [-9, 0, 10]},
			"faces": {
				"north": {"uv": [9, 8, 11, 10], "rotation": 90, "texture": "#0"},
				"east": {"uv": [9, 8, 11, 10], "rotation": 90, "texture": "#0"},
				"south": {"uv": [9, 8, 11, 10], "rotation": 90, "texture": "#0"},
				"west": {"uv": [9, 8, 11, 10], "rotation": 90, "texture": "#0"},
				"up": {"uv": [9, 8, 11, 10], "rotation": 90, "texture": "#0"},
				"down": {"uv": [16, 16, 0, 0], "rotation": 270, "texture": "#0"}
			}
		},
		{
			"from": [4, 13, 0],
			"to": [12, 18, 1],
			"rotation": {"angle": 0, "axis": "y", "origin": [-9, 0, 10]},
			"faces": {
				"north": {"uv": [9, 8, 11, 10], "rotation": 90, "texture": "#0"},
				"east": {"uv": [9, 8, 11, 10], "rotation": 90, "texture": "#0"},
				"south": {"uv": [9, 8, 11, 10], "rotation": 90, "texture": "#0"},
				"west": {"uv": [9, 8, 11, 10], "rotation": 90, "texture": "#0"},
				"up": {"uv": [9, 8, 11, 10], "rotation": 90, "texture": "#0"},
				"down": {"uv": [16, 16, 0, 0], "rotation": 270, "texture": "#0"}
			}
		},
		{
			"from": [7, 15, -0.25],
			"to": [10, 17.5, 0.75],
			"rotation": {"angle": 0, "axis": "y", "origin": [-9, 0, 10]},
			"faces": {
				"north": {"uv": [9, 8, 11, 10], "rotation": 90, "texture": "#4"},
				"east": {"uv": [9, 8, 11, 10], "rotation": 90, "texture": "#4"},
				"south": {"uv": [9, 8, 11, 10], "rotation": 90, "texture": "#4"},
				"west": {"uv": [9, 8, 11, 10], "rotation": 90, "texture": "#4"},
				"up": {"uv": [9, 8, 11, 10], "rotation": 90, "texture": "#4"},
				"down": {"uv": [16, 16, 0, 0], "rotation": 270, "texture": "#4"}
			}
		},
		{
			"from": [7.5, 17.25, -0.25],
			"to": [9.5, 17.75, 0.75],
			"rotation": {"angle": 0, "axis": "y", "origin": [-9, 0, 10]},
			"faces": {
				"north": {"uv": [9, 8, 11, 10], "rotation": 90, "texture": "#4"},
				"east": {"uv": [9, 8, 11, 10], "rotation": 90, "texture": "#4"},
				"south": {"uv": [9, 8, 11, 10], "rotation": 90, "texture": "#4"},
				"west": {"uv": [9, 8, 11, 10], "rotation": 90, "texture": "#4"},
				"up": {"uv": [9, 8, 11, 10], "rotation": 90, "texture": "#4"},
				"down": {"uv": [16, 16, 0, 0], "rotation": 270, "texture": "#4"}
			}
		},
		{
			"from": [2, 13, 13],
			"to": [14, 16.5, 15],
			"rotation": {"angle": 0, "axis": "y", "origin": [-9, 0, 10]},
			"faces": {
				"north": {"uv": [9, 8, 11, 10], "rotation": 90, "texture": "#0"},
				"east": {"uv": [9, 8, 11, 10], "rotation": 90, "texture": "#0"},
				"south": {"uv": [9, 8, 11, 10], "rotation": 90, "texture": "#0"},
				"west": {"uv": [9, 8, 11, 10], "rotation": 90, "texture": "#0"},
				"up": {"uv": [9, 8, 11, 10], "rotation": 90, "texture": "#0"},
				"down": {"uv": [16, 16, 0, 0], "rotation": 270, "texture": "#0"}
			}
		},
		{
			"from": [0, 13, 13],
			"to": [2, 16.5, 14],
			"rotation": {"angle": 0, "axis": "y", "origin": [-9, 0, 10]},
			"faces": {
				"north": {"uv": [9, 8, 11, 10], "rotation": 90, "texture": "#0"},
				"east": {"uv": [9, 8, 11, 10], "rotation": 90, "texture": "#0"},
				"south": {"uv": [9, 8, 11, 10], "rotation": 90, "texture": "#0"},
				"west": {"uv": [9, 8, 11, 10], "rotation": 90, "texture": "#0"},
				"up": {"uv": [9, 8, 11, 10], "rotation": 90, "texture": "#0"},
				"down": {"uv": [16, 16, 0, 0], "rotation": 270, "texture": "#0"}
			}
		},
		{
			"from": [1, 13, 2],
			"to": [2, 18, 8],
			"rotation": {"angle": 0, "axis": "y", "origin": [-9, 0, 10]},
			"faces": {
				"north": {"uv": [9, 8, 11, 10], "rotation": 90, "texture": "#0"},
				"east": {"uv": [9, 8, 11, 10], "rotation": 90, "texture": "#0"},
				"south": {"uv": [9, 8, 11, 10], "rotation": 90, "texture": "#0"},
				"west": {"uv": [9, 8, 11, 10], "rotation": 90, "texture": "#0"},
				"up": {"uv": [9, 8, 11, 10], "rotation": 90, "texture": "#0"},
				"down": {"uv": [16, 16, 0, 0], "rotation": 270, "texture": "#0"}
			}
		},
		{
			"from": [1, 13, 8],
			"to": [2, 17.5, 13],
			"rotation": {"angle": 0, "axis": "y", "origin": [-9, 0, 10]},
			"faces": {
				"north": {"uv": [9, 8, 11, 10], "rotation": 90, "texture": "#0"},
				"east": {"uv": [9, 8, 11, 10], "rotation": 90, "texture": "#0"},
				"south": {"uv": [9, 8, 11, 10], "rotation": 90, "texture": "#0"},
				"west": {"uv": [9, 8, 11, 10], "rotation": 90, "texture": "#0"},
				"up": {"uv": [9, 8, 11, 10], "rotation": 90, "texture": "#0"},
				"down": {"uv": [16, 16, 0, 0], "rotation": 270, "texture": "#0"}
			}
		},
		{
			"from": [2, 13, 7],
			"to": [8, 18, 13],
			"rotation": {"angle": 0, "axis": "y", "origin": [-9, 0, 10]},
			"faces": {
				"north": {"uv": [9, 8, 11, 10], "rotation": 90, "texture": "#0"},
				"east": {"uv": [9, 8, 11, 10], "rotation": 90, "texture": "#0"},
				"south": {"uv": [9, 8, 11, 10], "rotation": 90, "texture": "#0"},
				"west": {"uv": [9, 8, 11, 10], "rotation": 90, "texture": "#0"},
				"up": {"uv": [9, 8, 11, 10], "rotation": 90, "texture": "#0"},
				"down": {"uv": [16, 16, 0, 0], "rotation": 270, "texture": "#0"}
			}
		},
		{
			"from": [0, 13, 3],
			"to": [1, 17, 8],
			"rotation": {"angle": 0, "axis": "y", "origin": [-9, 0, 10]},
			"faces": {
				"north": {"uv": [9, 8, 11, 10], "rotation": 90, "texture": "#0"},
				"east": {"uv": [9, 8, 11, 10], "rotation": 90, "texture": "#0"},
				"south": {"uv": [9, 8, 11, 10], "rotation": 90, "texture": "#0"},
				"west": {"uv": [9, 8, 11, 10], "rotation": 90, "texture": "#0"},
				"up": {"uv": [9, 8, 11, 10], "rotation": 90, "texture": "#0"},
				"down": {"uv": [16, 16, 0, 0], "rotation": 270, "texture": "#0"}
			}
		},
		{
			"from": [-0.5, 13, 5],
			"to": [0.5, 16.5, 8],
			"rotation": {"angle": 0, "axis": "y", "origin": [-9, 0, 10]},
			"faces": {
				"north": {"uv": [9, 8, 11, 10], "rotation": 90, "texture": "#0"},
				"east": {"uv": [9, 8, 11, 10], "rotation": 90, "texture": "#0"},
				"south": {"uv": [9, 8, 11, 10], "rotation": 90, "texture": "#0"},
				"west": {"uv": [9, 8, 11, 10], "rotation": 90, "texture": "#0"},
				"up": {"uv": [9, 8, 11, 10], "rotation": 90, "texture": "#0"},
				"down": {"uv": [16, 16, 0, 0], "rotation": 270, "texture": "#0"}
			}
		},
		{
			"from": [-0.6, 13.5, 5.1],
			"to": [0.4, 15, 9.1],
			"rotation": {"angle": 0, "axis": "y", "origin": [-9, 0, 10]},
			"faces": {
				"north": {"uv": [9, 8, 11, 10], "rotation": 90, "texture": "#0"},
				"east": {"uv": [9, 8, 11, 10], "rotation": 90, "texture": "#0"},
				"south": {"uv": [9, 8, 11, 10], "rotation": 90, "texture": "#0"},
				"west": {"uv": [0, 3, 14, 10], "texture": "#3"},
				"up": {"uv": [9, 8, 11, 10], "rotation": 90, "texture": "#0"},
				"down": {"uv": [16, 16, 0, 0], "rotation": 270, "texture": "#0"}
			}
		},
		{
			"from": [15.6, 13.5, 5.1],
			"to": [16.6, 15, 9.1],
			"rotation": {"angle": 0, "axis": "y", "origin": [25, 0, 10]},
			"faces": {
				"north": {"uv": [9, 10, 11, 8], "rotation": 90, "texture": "#0"},
				"east": {"uv": [0, 3, 14, 10], "texture": "#3"},
				"south": {"uv": [9, 10, 11, 8], "rotation": 90, "texture": "#0"},
				"west": {"uv": [9, 10, 11, 8], "rotation": 90, "texture": "#0"},
				"up": {"uv": [9, 10, 11, 8], "rotation": 90, "texture": "#0"},
				"down": {"uv": [16, 0, 0, 16], "rotation": 270, "texture": "#0"}
			}
		},
		{
			"from": [-0.5, 13, 8],
			"to": [0.5, 16, 13],
			"rotation": {"angle": 0, "axis": "y", "origin": [-9, 0, 10]},
			"faces": {
				"north": {"uv": [9, 8, 11, 10], "rotation": 90, "texture": "#0"},
				"east": {"uv": [9, 8, 11, 10], "rotation": 90, "texture": "#0"},
				"south": {"uv": [9, 8, 11, 10], "rotation": 90, "texture": "#0"},
				"west": {"uv": [9, 8, 11, 10], "rotation": 90, "texture": "#0"},
				"up": {"uv": [9, 8, 11, 10], "rotation": 90, "texture": "#0"},
				"down": {"uv": [16, 16, 0, 0], "rotation": 270, "texture": "#0"}
			}
		},
		{
			"from": [3, 18, 0.75],
			"to": [14, 19, 10.75],
			"rotation": {"angle": 0, "axis": "y", "origin": [-9, 0, 10]},
			"faces": {
				"north": {"uv": [9, 8, 11, 10], "rotation": 90, "texture": "#0"},
				"east": {"uv": [9, 8, 11, 10], "rotation": 90, "texture": "#0"},
				"south": {"uv": [9, 8, 11, 10], "rotation": 90, "texture": "#0"},
				"west": {"uv": [9, 8, 11, 10], "rotation": 90, "texture": "#0"},
				"up": {"uv": [9, 8, 11, 10], "rotation": 90, "texture": "#0"},
				"down": {"uv": [16, 16, 0, 0], "rotation": 270, "texture": "#0"}
			}
		},
		{
			"from": [5, 19, 0.5],
			"to": [12, 20, 6.5],
			"rotation": {"angle": 0, "axis": "y", "origin": [-9, 0, 10]},
			"faces": {
				"north": {"uv": [9, 8, 11, 10], "rotation": 90, "texture": "#0"},
				"east": {"uv": [9, 8, 11, 10], "rotation": 90, "texture": "#0"},
				"south": {"uv": [9, 8, 11, 10], "rotation": 90, "texture": "#0"},
				"west": {"uv": [9, 8, 11, 10], "rotation": 90, "texture": "#0"},
				"up": {"uv": [9, 8, 11, 10], "rotation": 90, "texture": "#0"},
				"down": {"uv": [16, 16, 0, 0], "rotation": 270, "texture": "#0"}
			}
		},
		{
			"from": [5.5, 19, 6.5],
			"to": [11.5, 19.75, 9],
			"rotation": {"angle": 0, "axis": "y", "origin": [-9, 0, 10]},
			"faces": {
				"north": {"uv": [9, 8, 11, 10], "rotation": 90, "texture": "#0"},
				"east": {"uv": [9, 8, 11, 10], "rotation": 90, "texture": "#0"},
				"south": {"uv": [9, 8, 11, 10], "rotation": 90, "texture": "#0"},
				"west": {"uv": [9, 8, 11, 10], "rotation": 90, "texture": "#0"},
				"up": {"uv": [9, 8, 11, 10], "rotation": 90, "texture": "#0"},
				"down": {"uv": [16, 16, 0, 0], "rotation": 270, "texture": "#0"}
			}
		},
		{
			"from": [0, 11, 1],
			"to": [2, 13, 4],
			"rotation": {"angle": 0, "axis": "y", "origin": [-11, 0, 11]},
			"faces": {
				"north": {"uv": [0, 0, 16, 8], "texture": "#1"},
				"east": {"uv": [0, 0, 16, 8], "texture": "#1"},
				"south": {"uv": [0, 0, 16, 8], "texture": "#1"},
				"west": {"uv": [0, 0, 16, 8], "texture": "#1"},
				"up": {"uv": [14, 12, 10, 10], "rotation": 90, "texture": "#1"},
				"down": {"uv": [16, 16, 0, 0], "rotation": 270, "texture": "#1"}
			}
		},
		{
			"from": [0, 11.5, 4],
			"to": [2, 13, 14],
			"rotation": {"angle": 0, "axis": "y", "origin": [-11, 0, 11]},
			"faces": {
				"north": {"uv": [0, 0, 16, 8], "texture": "#1"},
				"east": {"uv": [0, 0, 16, 8], "texture": "#1"},
				"south": {"uv": [0, 0, 16, 8], "texture": "#1"},
				"west": {"uv": [0, 0, 16, 8], "texture": "#1"},
				"up": {"uv": [14, 12, 10, 10], "rotation": 90, "texture": "#1"},
				"down": {"uv": [16, 16, 0, 0], "rotation": 270, "texture": "#1"}
			}
		},
		{
			"from": [0, 11, -1],
			"to": [2, 12, 1],
			"rotation": {"angle": 0, "axis": "y", "origin": [-11, 0, 11]},
			"faces": {
				"north": {"uv": [0, 0, 16, 8], "texture": "#1"},
				"east": {"uv": [0, 0, 16, 8], "texture": "#1"},
				"south": {"uv": [0, 0, 16, 8], "texture": "#1"},
				"west": {"uv": [0, 0, 16, 8], "texture": "#1"},
				"up": {"uv": [14, 12, 10, 10], "rotation": 90, "texture": "#1"},
				"down": {"uv": [16, 16, 0, 0], "rotation": 270, "texture": "#1"}
			}
		},
		{
			"from": [0, 10.5, -2],
			"to": [2, 11.5, 0],
			"rotation": {"angle": 0, "axis": "y", "origin": [-11, 0, 11]},
			"faces": {
				"north": {"uv": [0, 0, 16, 8], "texture": "#1"},
				"east": {"uv": [0, 0, 16, 8], "texture": "#1"},
				"south": {"uv": [0, 0, 16, 8], "texture": "#1"},
				"west": {"uv": [0, 0, 16, 8], "texture": "#1"},
				"up": {"uv": [14, 12, 10, 10], "rotation": 90, "texture": "#1"},
				"down": {"uv": [16, 16, 0, 0], "rotation": 270, "texture": "#1"}
			}
		},
		{
			"from": [14, 11, -1],
			"to": [16, 12, 1],
			"rotation": {"angle": 0, "axis": "y", "origin": [27, 0, 11]},
			"faces": {
				"north": {"uv": [16, 0, 0, 8], "texture": "#1"},
				"east": {"uv": [16, 0, 0, 8], "texture": "#1"},
				"south": {"uv": [16, 0, 0, 8], "texture": "#1"},
				"west": {"uv": [16, 0, 0, 8], "texture": "#1"},
				"up": {"uv": [14, 10, 10, 12], "rotation": 90, "texture": "#1"},
				"down": {"uv": [16, 0, 0, 16], "rotation": 270, "texture": "#1"}
			}
		},
		{
			"from": [14, 11, 1],
			"to": [16, 13, 4],
			"rotation": {"angle": 0, "axis": "y", "origin": [27, 0, 11]},
			"faces": {
				"north": {"uv": [16, 0, 0, 8], "texture": "#1"},
				"east": {"uv": [16, 0, 0, 8], "texture": "#1"},
				"south": {"uv": [16, 0, 0, 8], "texture": "#1"},
				"west": {"uv": [16, 0, 0, 8], "texture": "#1"},
				"up": {"uv": [14, 10, 10, 12], "rotation": 90, "texture": "#1"},
				"down": {"uv": [16, 0, 0, 16], "rotation": 270, "texture": "#1"}
			}
		},
		{
			"from": [14, 13, 2],
			"to": [15, 18, 8],
			"rotation": {"angle": 0, "axis": "y", "origin": [25, 0, 10]},
			"faces": {
				"north": {"uv": [9, 10, 11, 8], "rotation": 90, "texture": "#0"},
				"east": {"uv": [9, 10, 11, 8], "rotation": 90, "texture": "#0"},
				"south": {"uv": [9, 10, 11, 8], "rotation": 90, "texture": "#0"},
				"west": {"uv": [9, 10, 11, 8], "rotation": 90, "texture": "#0"},
				"up": {"uv": [9, 10, 11, 8], "rotation": 90, "texture": "#0"},
				"down": {"uv": [16, 0, 0, 16], "rotation": 270, "texture": "#0"}
			}
		},
		{
			"from": [15, 13, 3],
			"to": [16, 17, 8],
			"rotation": {"angle": 0, "axis": "y", "origin": [25, 0, 10]},
			"faces": {
				"north": {"uv": [9, 10, 11, 8], "rotation": 90, "texture": "#0"},
				"east": {"uv": [9, 10, 11, 8], "rotation": 90, "texture": "#0"},
				"south": {"uv": [9, 10, 11, 8], "rotation": 90, "texture": "#0"},
				"west": {"uv": [9, 10, 11, 8], "rotation": 90, "texture": "#0"},
				"up": {"uv": [9, 10, 11, 8], "rotation": 90, "texture": "#0"},
				"down": {"uv": [16, 0, 0, 16], "rotation": 270, "texture": "#0"}
			}
		},
		{
			"from": [15.5, 13, 5],
			"to": [16.5, 16.5, 8],
			"rotation": {"angle": 0, "axis": "y", "origin": [25, 0, 10]},
			"faces": {
				"north": {"uv": [9, 10, 11, 8], "rotation": 90, "texture": "#0"},
				"east": {"uv": [9, 10, 11, 8], "rotation": 90, "texture": "#0"},
				"south": {"uv": [9, 10, 11, 8], "rotation": 90, "texture": "#0"},
				"west": {"uv": [9, 10, 11, 8], "rotation": 90, "texture": "#0"},
				"up": {"uv": [9, 10, 11, 8], "rotation": 90, "texture": "#0"},
				"down": {"uv": [16, 0, 0, 16], "rotation": 270, "texture": "#0"}
			}
		},
		{
			"from": [15.5, 13, 8],
			"to": [16.5, 16, 13],
			"rotation": {"angle": 0, "axis": "y", "origin": [25, 0, 10]},
			"faces": {
				"north": {"uv": [9, 10, 11, 8], "rotation": 90, "texture": "#0"},
				"east": {"uv": [9, 10, 11, 8], "rotation": 90, "texture": "#0"},
				"south": {"uv": [9, 10, 11, 8], "rotation": 90, "texture": "#0"},
				"west": {"uv": [9, 10, 11, 8], "rotation": 90, "texture": "#0"},
				"up": {"uv": [9, 10, 11, 8], "rotation": 90, "texture": "#0"},
				"down": {"uv": [16, 0, 0, 16], "rotation": 270, "texture": "#0"}
			}
		},
		{
			"from": [14, 10.5, -2],
			"to": [16, 11.5, 0],
			"rotation": {"angle": 0, "axis": "y", "origin": [27, 0, 11]},
			"faces": {
				"north": {"uv": [16, 0, 0, 8], "texture": "#1"},
				"east": {"uv": [16, 0, 0, 8], "texture": "#1"},
				"south": {"uv": [16, 0, 0, 8], "texture": "#1"},
				"west": {"uv": [16, 0, 0, 8], "texture": "#1"},
				"up": {"uv": [14, 10, 10, 12], "rotation": 90, "texture": "#1"},
				"down": {"uv": [16, 0, 0, 16], "rotation": 270, "texture": "#1"}
			}
		},
		{
			"from": [4, 13, 14],
			"to": [13, 16.5, 16],
			"rotation": {"angle": 0, "axis": "y", "origin": [25, 0, 10]},
			"faces": {
				"north": {"uv": [9, 10, 11, 8], "rotation": 90, "texture": "#0"},
				"east": {"uv": [9, 10, 11, 8], "rotation": 90, "texture": "#0"},
				"south": {"uv": [9, 10, 11, 8], "rotation": 90, "texture": "#0"},
				"west": {"uv": [9, 10, 11, 8], "rotation": 90, "texture": "#0"},
				"up": {"uv": [9, 10, 11, 8], "rotation": 90, "texture": "#0"},
				"down": {"uv": [16, 0, 0, 16], "rotation": 270, "texture": "#0"}
			}
		},
		{
			"from": [14, 13, 13],
			"to": [16, 16.5, 14],
			"rotation": {"angle": 0, "axis": "y", "origin": [25, 0, 10]},
			"faces": {
				"north": {"uv": [9, 10, 11, 8], "rotation": 90, "texture": "#0"},
				"east": {"uv": [9, 10, 11, 8], "rotation": 90, "texture": "#0"},
				"south": {"uv": [9, 10, 11, 8], "rotation": 90, "texture": "#0"},
				"west": {"uv": [9, 10, 11, 8], "rotation": 90, "texture": "#0"},
				"up": {"uv": [9, 10, 11, 8], "rotation": 90, "texture": "#0"},
				"down": {"uv": [16, 0, 0, 16], "rotation": 270, "texture": "#0"}
			}
		},
		{
			"from": [8, 13, 7],
			"to": [14, 18, 13],
			"rotation": {"angle": 0, "axis": "y", "origin": [25, 0, 10]},
			"faces": {
				"north": {"uv": [9, 10, 11, 8], "rotation": 90, "texture": "#0"},
				"east": {"uv": [9, 10, 11, 8], "rotation": 90, "texture": "#0"},
				"south": {"uv": [9, 10, 11, 8], "rotation": 90, "texture": "#0"},
				"west": {"uv": [9, 10, 11, 8], "rotation": 90, "texture": "#0"},
				"up": {"uv": [9, 10, 11, 8], "rotation": 90, "texture": "#0"},
				"down": {"uv": [16, 0, 0, 16], "rotation": 270, "texture": "#0"}
			}
		},
		{
			"from": [14, 13, 8],
			"to": [15, 17.5, 13],
			"rotation": {"angle": 0, "axis": "y", "origin": [25, 0, 10]},
			"faces": {
				"north": {"uv": [9, 10, 11, 8], "rotation": 90, "texture": "#0"},
				"east": {"uv": [9, 10, 11, 8], "rotation": 90, "texture": "#0"},
				"south": {"uv": [9, 10, 11, 8], "rotation": 90, "texture": "#0"},
				"west": {"uv": [9, 10, 11, 8], "rotation": 90, "texture": "#0"},
				"up": {"uv": [9, 10, 11, 8], "rotation": 90, "texture": "#0"},
				"down": {"uv": [16, 0, 0, 16], "rotation": 270, "texture": "#0"}
			}
		},
		{
			"from": [14, 11.5, 4],
			"to": [16, 13, 14],
			"rotation": {"angle": 0, "axis": "y", "origin": [27, 0, 11]},
			"faces": {
				"north": {"uv": [16, 0, 0, 8], "texture": "#1"},
				"east": {"uv": [16, 0, 0, 8], "texture": "#1"},
				"south": {"uv": [16, 0, 0, 8], "texture": "#1"},
				"west": {"uv": [16, 0, 0, 8], "texture": "#1"},
				"up": {"uv": [14, 10, 10, 12], "rotation": 90, "texture": "#1"},
				"down": {"uv": [16, 0, 0, 16], "rotation": 270, "texture": "#1"}
			}
		},
		{
			"from": [2, 10.5, -4.5],
			"to": [14, 11.5, -2.5],
			"rotation": {"angle": 0, "axis": "y", "origin": [-9, 0, 10]},
			"faces": {
				"north": {"uv": [0, 0, 16, 8], "texture": "#1"},
				"east": {"uv": [0, 0, 16, 8], "texture": "#1"},
				"south": {"uv": [0, 0, 16, 8], "texture": "#1"},
				"west": {"uv": [0, 0, 16, 8], "texture": "#1"},
				"up": {"uv": [14, 12, 10, 10], "rotation": 90, "texture": "#1"},
				"down": {"uv": [16, 16, 0, 0], "rotation": 270, "texture": "#1"}
			}
		}
	],
	"display": {
		"thirdperson_righthand": {
			"scale": [0.5, 0.5, 0.5]
		},
		"thirdperson_lefthand": {
			"scale": [0.5, 0.5, 0.5]
		},
		"firstperson_righthand": {
			"translation": [0, -1, 0],
			"scale": [0.5, 0.5, 0.5]
		},
		"firstperson_lefthand": {
			"translation": [0, -2, 0],
			"scale": [0.5, 0.5, 0.5]
		},
		"ground": {
			"translation": [0, -6, 0],
			"scale": [0.5, 0.5, 0.5]
		},
		"gui": {
			"rotation": [7, 150, 0],
			"translation": [0, -6, 0],
			"scale": [0.9, 0.9, 0.9]
		}
	}
}