{
	"credit": "Made with Blockbench",
	"textures": {
		"0": "block/red_wool",
		"1": "block/gray_wool",
		"3": "block/green_terracotta",
		"4": "block/stone",
		"5": "block/yellow_terracotta",
		"6": "custom/pos2",
		"particle": "block/red_wool"
	},
	"elements": [
		{
			"from": [3, 4, 3],
			"to": [12, 7, 10],
			"rotation": {"angle": -22.5, "axis": "x", "origin": [-8, 0, 10]},
			"faces": {
				"north": {"uv": [10, 12, 12, 14], "texture": "#1"},
				"east": {"uv": [10, 12, 12, 14], "texture": "#1"},
				"south": {"uv": [10, 12, 12, 14], "texture": "#1"},
				"west": {"uv": [10, 12, 12, 14], "texture": "#1"},
				"up": {"uv": [10, 12, 12, 14], "texture": "#1"},
				"down": {"uv": [16, 16, 0, 0], "rotation": 270, "texture": "#1"}
			}
		},
		{
			"from": [4, 7, 3.5],
			"to": [6, 7.5, 4.5],
			"rotation": {"angle": -22.5, "axis": "x", "origin": [-8, 0, 10]},
			"faces": {
				"north": {"uv": [10, 12, 12, 14], "texture": "#3"},
				"east": {"uv": [10, 12, 12, 14], "texture": "#3"},
				"south": {"uv": [10, 12, 12, 14], "texture": "#3"},
				"west": {"uv": [10, 12, 12, 14], "texture": "#3"},
				"up": {"uv": [10, 12, 12, 14], "texture": "#3"},
				"down": {"uv": [16, 16, 0, 0], "rotation": 270, "texture": "#3"}
			}
		},
		{
			"from": [7.9, 7, 8.3],
			"to": [8.9, 7.5, 9.3],
			"rotation": {"angle": -22.5, "axis": "x", "origin": [-8, 0, 10]},
			"faces": {
				"north": {"uv": [12, 12, 13, 13], "texture": "#4"},
				"east": {"uv": [12, 12, 13, 13], "texture": "#4"},
				"south": {"uv": [12, 12, 13, 13], "texture": "#4"},
				"west": {"uv": [12, 12, 13, 13], "texture": "#4"},
				"up": {"uv": [14, 9, 15, 10], "texture": "#1"},
				"down": {"uv": [16, 16, 0, 0], "rotation": 270, "texture": "#4"}
			}
		},
		{
			"from": [5.05, 9.3, 8.95],
			"to": [5.25, 9.8, 9.55],
			"rotation": {"angle": -22.5, "axis": "x", "origin": [0, 0, 16]},
			"faces": {
				"north": {"uv": [10, 12, 12, 14], "texture": "#4"},
				"east": {"uv": [10, 12, 12, 14], "texture": "#4"},
				"south": {"uv": [10, 12, 12, 14], "texture": "#4"},
				"west": {"uv": [10, 12, 12, 14], "texture": "#4"},
				"up": {"uv": [16, 14, 15, 13], "rotation": 90, "texture": "#4"},
				"down": {"uv": [12, 14, 10, 12], "rotation": 270, "texture": "#4"}
			}
		},
		{
			"from": [4.45, 9.3, 8.95],
			"to": [4.65, 9.8, 9.55],
			"rotation": {"angle": -22.5, "axis": "x", "origin": [0, 0, 16]},
			"faces": {
				"north": {"uv": [10, 12, 12, 14], "texture": "#4"},
				"east": {"uv": [10, 12, 12, 14], "texture": "#4"},
				"south": {"uv": [10, 12, 12, 14], "texture": "#4"},
				"west": {"uv": [10, 12, 12, 14], "texture": "#4"},
				"up": {"uv": [16, 14, 15, 13], "rotation": 90, "texture": "#4"},
				"down": {"uv": [12, 14, 10, 12], "rotation": 270, "texture": "#4"}
			}
		},
		{
			"from": [4.65, 9.3, 8.75],
			"to": [5.05, 9.8, 8.95],
			"rotation": {"angle": -22.5, "axis": "x", "origin": [0, 0, 16]},
			"faces": {
				"north": {"uv": [11, 13, 12, 14], "texture": "#4"},
				"east": {"uv": [10, 12, 12, 14], "texture": "#4"},
				"south": {"uv": [10, 12, 12, 14], "texture": "#4"},
				"west": {"uv": [10, 12, 12, 14], "texture": "#4"},
				"up": {"uv": [16, 14, 15, 13], "rotation": 90, "texture": "#4"},
				"down": {"uv": [12, 14, 10, 12], "rotation": 270, "texture": "#4"}
			}
		},
		{
			"from": [4.65, 9.3, 9.55],
			"to": [5.05, 9.8, 9.75],
			"rotation": {"angle": -22.5, "axis": "x", "origin": [0, 0, 16]},
			"faces": {
				"north": {"uv": [10, 12, 12, 14], "texture": "#4"},
				"east": {"uv": [10, 12, 12, 14], "texture": "#4"},
				"south": {"uv": [10, 12, 12, 14], "texture": "#4"},
				"west": {"uv": [10, 12, 12, 14], "texture": "#4"},
				"up": {"uv": [16, 14, 15, 13], "rotation": 90, "texture": "#4"},
				"down": {"uv": [12, 14, 10, 12], "rotation": 270, "texture": "#4"}
			}
		},
		{
			"from": [6.7, 9.3, 5.85],
			"to": [6.9, 9.8, 6.05],
			"rotation": {"angle": -22.5, "axis": "x", "origin": [0, 0, 16]},
			"faces": {
				"north": {"uv": [10, 12, 12, 14], "texture": "#4"},
				"east": {"uv": [10, 12, 12, 14], "texture": "#4"},
				"south": {"uv": [10, 12, 12, 14], "texture": "#4"},
				"west": {"uv": [10, 12, 12, 14], "texture": "#4"},
				"up": {"uv": [16, 14, 15, 13], "rotation": 90, "texture": "#4"},
				"down": {"uv": [12, 14, 10, 12], "rotation": 270, "texture": "#4"}
			}
		},
		{
			"from": [6.5, 9.3, 5.65],
			"to": [6.7, 9.8, 5.85],
			"rotation": {"angle": -22.5, "axis": "x", "origin": [0, 0, 16]},
			"faces": {
				"north": {"uv": [10, 12, 12, 14], "texture": "#4"},
				"east": {"uv": [10, 12, 12, 14], "texture": "#4"},
				"south": {"uv": [10, 12, 12, 14], "texture": "#4"},
				"west": {"uv": [10, 12, 12, 14], "texture": "#4"},
				"up": {"uv": [16, 14, 15, 13], "rotation": 90, "texture": "#4"},
				"down": {"uv": [12, 14, 10, 12], "rotation": 270, "texture": "#4"}
			}
		},
		{
			"from": [6.3, 9.3, 5.25],
			"to": [6.9, 9.8, 5.45],
			"rotation": {"angle": -22.5, "axis": "x", "origin": [0, 0, 16]},
			"faces": {
				"north": {"uv": [11, 13, 12, 14], "texture": "#4"},
				"east": {"uv": [10, 12, 12, 14], "texture": "#4"},
				"south": {"uv": [10, 12, 12, 14], "texture": "#4"},
				"west": {"uv": [10, 12, 12, 14], "texture": "#4"},
				"up": {"uv": [16, 14, 15, 13], "rotation": 90, "texture": "#4"},
				"down": {"uv": [12, 14, 10, 12], "rotation": 270, "texture": "#4"}
			}
		},
		{
			"from": [6.3, 9.3, 5.45],
			"to": [6.5, 9.8, 6.05],
			"rotation": {"angle": -22.5, "axis": "x", "origin": [0, 0, 16]},
			"faces": {
				"north": {"uv": [10, 12, 12, 14], "texture": "#4"},
				"east": {"uv": [10, 12, 12, 14], "texture": "#4"},
				"south": {"uv": [10, 12, 12, 14], "texture": "#4"},
				"west": {"uv": [10, 12, 12, 14], "texture": "#4"},
				"up": {"uv": [16, 14, 15, 13], "rotation": 90, "texture": "#4"},
				"down": {"uv": [12, 14, 10, 12], "rotation": 270, "texture": "#4"}
			}
		},
		{
			"from": [6.7, 9.3, 6.05],
			"to": [6.9, 9.8, 6.25],
			"rotation": {"angle": -22.5, "axis": "x", "origin": [0, 0, 16]},
			"faces": {
				"north": {"uv": [10, 12, 12, 14], "texture": "#4"},
				"east": {"uv": [10, 12, 12, 14], "texture": "#4"},
				"south": {"uv": [10, 12, 12, 14], "texture": "#4"},
				"west": {"uv": [10, 12, 12, 14], "texture": "#4"},
				"up": {"uv": [16, 14, 15, 13], "rotation": 90, "texture": "#4"},
				"down": {"uv": [12, 14, 10, 12], "rotation": 270, "texture": "#4"}
			}
		},
		{
			"from": [6.3, 9.3, 6.05],
			"to": [6.7, 9.8, 6.25],
			"rotation": {"angle": -22.5, "axis": "x", "origin": [0, 0, 16]},
			"faces": {
				"north": {"uv": [10, 12, 12, 14], "texture": "#4"},
				"east": {"uv": [10, 12, 12, 14], "texture": "#4"},
				"south": {"uv": [10, 12, 12, 14], "texture": "#4"},
				"west": {"uv": [10, 12, 12, 14], "texture": "#4"},
				"up": {"uv": [16, 14, 15, 13], "rotation": 90, "texture": "#4"},
				"down": {"uv": [12, 14, 10, 12], "rotation": 270, "texture": "#4"}
			}
		},
		{
			"from": [8.45, 9.3, 5.45],
			"to": [8.65, 9.8, 5.65],
			"rotation": {"angle": -22.5, "axis": "x", "origin": [0, 0, 16]},
			"faces": {
				"north": {"uv": [10, 12, 12, 14], "texture": "#4"},
				"east": {"uv": [10, 12, 12, 14], "texture": "#4"},
				"south": {"uv": [10, 12, 12, 14], "texture": "#4"},
				"west": {"uv": [10, 12, 12, 14], "texture": "#4"},
				"up": {"uv": [16, 14, 15, 13], "rotation": 90, "texture": "#4"},
				"down": {"uv": [12, 14, 10, 12], "rotation": 270, "texture": "#4"}
			}
		},
		{
			"from": [8.25, 9.3, 5.25],
			"to": [8.45, 9.8, 5.45],
			"rotation": {"angle": -22.5, "axis": "x", "origin": [0, 0, 16]},
			"faces": {
				"north": {"uv": [11, 13, 12, 14], "texture": "#4"},
				"east": {"uv": [10, 12, 12, 14], "texture": "#4"},
				"south": {"uv": [10, 12, 12, 14], "texture": "#4"},
				"west": {"uv": [10, 12, 12, 14], "texture": "#4"},
				"up": {"uv": [16, 14, 15, 13], "rotation": 90, "texture": "#4"},
				"down": {"uv": [12, 14, 10, 12], "rotation": 270, "texture": "#4"}
			}
		},
		{
			"from": [8.05, 9.3, 5.45],
			"to": [8.25, 9.8, 5.65],
			"rotation": {"angle": -22.5, "axis": "x", "origin": [0, 0, 16]},
			"faces": {
				"north": {"uv": [10, 12, 12, 14], "texture": "#4"},
				"east": {"uv": [10, 12, 12, 14], "texture": "#4"},
				"south": {"uv": [10, 12, 12, 14], "texture": "#4"},
				"west": {"uv": [10, 12, 12, 14], "texture": "#4"},
				"up": {"uv": [16, 14, 15, 13], "rotation": 90, "texture": "#4"},
				"down": {"uv": [12, 14, 10, 12], "rotation": 270, "texture": "#4"}
			}
		},
		{
			"from": [8.25, 9.3, 5.65],
			"to": [8.45, 9.8, 5.85],
			"rotation": {"angle": -22.5, "axis": "x", "origin": [0, 0, 16]},
			"faces": {
				"north": {"uv": [10, 12, 12, 14], "texture": "#4"},
				"east": {"uv": [10, 12, 12, 14], "texture": "#4"},
				"south": {"uv": [10, 12, 12, 14], "texture": "#4"},
				"west": {"uv": [10, 12, 12, 14], "texture": "#4"},
				"up": {"uv": [16, 14, 15, 13], "rotation": 90, "texture": "#4"},
				"down": {"uv": [12, 14, 10, 12], "rotation": 270, "texture": "#4"}
			}
		},
		{
			"from": [8.45, 9.3, 5.85],
			"to": [8.65, 9.8, 6.05],
			"rotation": {"angle": -22.5, "axis": "x", "origin": [0, 0, 16]},
			"faces": {
				"north": {"uv": [10, 12, 12, 14], "texture": "#4"},
				"east": {"uv": [10, 12, 12, 14], "texture": "#4"},
				"south": {"uv": [10, 12, 12, 14], "texture": "#4"},
				"west": {"uv": [10, 12, 12, 14], "texture": "#4"},
				"up": {"uv": [16, 14, 15, 13], "rotation": 90, "texture": "#4"},
				"down": {"uv": [12, 14, 10, 12], "rotation": 270, "texture": "#4"}
			}
		},
		{
			"from": [8.05, 9.3, 5.85],
			"to": [8.25, 9.8, 6.05],
			"rotation": {"angle": -22.5, "axis": "x", "origin": [0, 0, 16]},
			"faces": {
				"north": {"uv": [10, 12, 12, 14], "texture": "#4"},
				"east": {"uv": [10, 12, 12, 14], "texture": "#4"},
				"south": {"uv": [10, 12, 12, 14], "texture": "#4"},
				"west": {"uv": [10, 12, 12, 14], "texture": "#4"},
				"up": {"uv": [16, 14, 15, 13], "rotation": 90, "texture": "#4"},
				"down": {"uv": [12, 14, 10, 12], "rotation": 270, "texture": "#4"}
			}
		},
		{
			"from": [8.25, 9.3, 6.05],
			"to": [8.45, 9.8, 6.25],
			"rotation": {"angle": -22.5, "axis": "x", "origin": [0, 0, 16]},
			"faces": {
				"north": {"uv": [10, 12, 12, 14], "texture": "#4"},
				"east": {"uv": [10, 12, 12, 14], "texture": "#4"},
				"south": {"uv": [10, 12, 12, 14], "texture": "#4"},
				"west": {"uv": [10, 12, 12, 14], "texture": "#4"},
				"up": {"uv": [16, 14, 15, 13], "rotation": 90, "texture": "#4"},
				"down": {"uv": [12, 14, 10, 12], "rotation": 270, "texture": "#4"}
			}
		},
		{
			"from": [10, 9.3, 6.05],
			"to": [10.4, 9.8, 6.25],
			"rotation": {"angle": -22.5, "axis": "x", "origin": [0, 0, 16]},
			"faces": {
				"north": {"uv": [10, 12, 12, 14], "texture": "#4"},
				"east": {"uv": [10, 12, 12, 14], "texture": "#4"},
				"south": {"uv": [10, 12, 12, 14], "texture": "#4"},
				"west": {"uv": [10, 12, 12, 14], "texture": "#4"},
				"up": {"uv": [16, 14, 15, 13], "rotation": 90, "texture": "#4"},
				"down": {"uv": [12, 14, 10, 12], "rotation": 270, "texture": "#4"}
			}
		},
		{
			"from": [9.8, 9.3, 5.45],
			"to": [10, 9.8, 6.25],
			"rotation": {"angle": -22.5, "axis": "x", "origin": [0, 0, 16]},
			"faces": {
				"north": {"uv": [10, 12, 12, 14], "texture": "#4"},
				"east": {"uv": [10, 12, 12, 14], "texture": "#4"},
				"south": {"uv": [10, 12, 12, 14], "texture": "#4"},
				"west": {"uv": [10, 12, 12, 14], "texture": "#4"},
				"up": {"uv": [16, 14, 15, 13], "rotation": 90, "texture": "#4"},
				"down": {"uv": [12, 14, 10, 12], "rotation": 270, "texture": "#4"}
			}
		},
		{
			"from": [6.3, 9.3, 7.8],
			"to": [6.7, 9.8, 8],
			"rotation": {"angle": -22.5, "axis": "x", "origin": [0, 0, 16]},
			"faces": {
				"north": {"uv": [10, 12, 12, 14], "texture": "#4"},
				"east": {"uv": [10, 12, 12, 14], "texture": "#4"},
				"south": {"uv": [10, 12, 12, 14], "texture": "#4"},
				"west": {"uv": [10, 12, 12, 14], "texture": "#4"},
				"up": {"uv": [16, 14, 15, 13], "rotation": 90, "texture": "#4"},
				"down": {"uv": [12, 14, 10, 12], "rotation": 270, "texture": "#4"}
			}
		},
		{
			"from": [6.7, 9.3, 7.2],
			"to": [6.9, 9.8, 7.8],
			"rotation": {"angle": -22.5, "axis": "x", "origin": [0, 0, 16]},
			"faces": {
				"north": {"uv": [10, 12, 12, 14], "texture": "#4"},
				"east": {"uv": [10, 12, 12, 14], "texture": "#4"},
				"south": {"uv": [10, 12, 12, 14], "texture": "#4"},
				"west": {"uv": [10, 12, 12, 14], "texture": "#4"},
				"up": {"uv": [16, 14, 15, 13], "rotation": 90, "texture": "#4"},
				"down": {"uv": [12, 14, 10, 12], "rotation": 270, "texture": "#4"}
			}
		},
		{
			"from": [6.5, 9.3, 7.4],
			"to": [6.7, 9.8, 7.6],
			"rotation": {"angle": -22.5, "axis": "x", "origin": [0, 0, 16]},
			"faces": {
				"north": {"uv": [10, 12, 12, 14], "texture": "#4"},
				"east": {"uv": [10, 12, 12, 14], "texture": "#4"},
				"south": {"uv": [10, 12, 12, 14], "texture": "#4"},
				"west": {"uv": [10, 12, 12, 14], "texture": "#4"},
				"up": {"uv": [16, 14, 15, 13], "rotation": 90, "texture": "#4"},
				"down": {"uv": [12, 14, 10, 12], "rotation": 270, "texture": "#4"}
			}
		},
		{
			"from": [6.3, 9.3, 7.2],
			"to": [6.5, 9.8, 7.4],
			"rotation": {"angle": -22.5, "axis": "x", "origin": [0, 0, 16]},
			"faces": {
				"north": {"uv": [10, 12, 12, 14], "texture": "#4"},
				"east": {"uv": [10, 12, 12, 14], "texture": "#4"},
				"south": {"uv": [10, 12, 12, 14], "texture": "#4"},
				"west": {"uv": [10, 12, 12, 14], "texture": "#4"},
				"up": {"uv": [16, 14, 15, 13], "rotation": 90, "texture": "#4"},
				"down": {"uv": [12, 14, 10, 12], "rotation": 270, "texture": "#4"}
			}
		},
		{
			"from": [6.5, 9.3, 7],
			"to": [6.9, 9.8, 7.2],
			"rotation": {"angle": -22.5, "axis": "x", "origin": [0, 0, 16]},
			"faces": {
				"north": {"uv": [11, 13, 12, 14], "texture": "#4"},
				"east": {"uv": [10, 12, 12, 14], "texture": "#4"},
				"south": {"uv": [10, 12, 12, 14], "texture": "#4"},
				"west": {"uv": [10, 12, 12, 14], "texture": "#4"},
				"up": {"uv": [16, 14, 15, 13], "rotation": 90, "texture": "#4"},
				"down": {"uv": [12, 14, 10, 12], "rotation": 270, "texture": "#4"}
			}
		},
		{
			"from": [8.25, 9.3, 7],
			"to": [8.65, 9.8, 7.2],
			"rotation": {"angle": -22.5, "axis": "x", "origin": [0, 0, 16]},
			"faces": {
				"north": {"uv": [11, 13, 12, 14], "texture": "#4"},
				"east": {"uv": [10, 12, 12, 14], "texture": "#4"},
				"south": {"uv": [10, 12, 12, 14], "texture": "#4"},
				"west": {"uv": [10, 12, 12, 14], "texture": "#4"},
				"up": {"uv": [16, 14, 15, 13], "rotation": 90, "texture": "#4"},
				"down": {"uv": [12, 14, 10, 12], "rotation": 270, "texture": "#4"}
			}
		},
		{
			"from": [8.05, 9.3, 7.2],
			"to": [8.25, 9.8, 7.4],
			"rotation": {"angle": -22.5, "axis": "x", "origin": [0, 0, 16]},
			"faces": {
				"north": {"uv": [10, 12, 12, 14], "texture": "#4"},
				"east": {"uv": [10, 12, 12, 14], "texture": "#4"},
				"south": {"uv": [10, 12, 12, 14], "texture": "#4"},
				"west": {"uv": [10, 12, 12, 14], "texture": "#4"},
				"up": {"uv": [16, 14, 15, 13], "rotation": 90, "texture": "#4"},
				"down": {"uv": [12, 14, 10, 12], "rotation": 270, "texture": "#4"}
			}
		},
		{
			"from": [8.25, 9.3, 7.4],
			"to": [8.45, 9.8, 7.6],
			"rotation": {"angle": -22.5, "axis": "x", "origin": [0, 0, 16]},
			"faces": {
				"north": {"uv": [10, 12, 12, 14], "texture": "#4"},
				"east": {"uv": [10, 12, 12, 14], "texture": "#4"},
				"south": {"uv": [10, 12, 12, 14], "texture": "#4"},
				"west": {"uv": [10, 12, 12, 14], "texture": "#4"},
				"up": {"uv": [16, 14, 15, 13], "rotation": 90, "texture": "#4"},
				"down": {"uv": [12, 14, 10, 12], "rotation": 270, "texture": "#4"}
			}
		},
		{
			"from": [8.45, 9.3, 7.6],
			"to": [8.65, 9.8, 7.8],
			"rotation": {"angle": -22.5, "axis": "x", "origin": [0, 0, 16]},
			"faces": {
				"north": {"uv": [10, 12, 12, 14], "texture": "#4"},
				"east": {"uv": [10, 12, 12, 14], "texture": "#4"},
				"south": {"uv": [10, 12, 12, 14], "texture": "#4"},
				"west": {"uv": [10, 12, 12, 14], "texture": "#4"},
				"up": {"uv": [16, 14, 15, 13], "rotation": 90, "texture": "#4"},
				"down": {"uv": [12, 14, 10, 12], "rotation": 270, "texture": "#4"}
			}
		},
		{
			"from": [8.05, 9.3, 7.8],
			"to": [8.65, 9.8, 8],
			"rotation": {"angle": -22.5, "axis": "x", "origin": [0, 0, 16]},
			"faces": {
				"north": {"uv": [10, 12, 12, 14], "texture": "#4"},
				"east": {"uv": [10, 12, 12, 14], "texture": "#4"},
				"south": {"uv": [10, 12, 12, 14], "texture": "#4"},
				"west": {"uv": [10, 12, 12, 14], "texture": "#4"},
				"up": {"uv": [16, 14, 15, 13], "rotation": 90, "texture": "#4"},
				"down": {"uv": [12, 14, 10, 12], "rotation": 270, "texture": "#4"}
			}
		},
		{
			"from": [9.8, 9.3, 7],
			"to": [10, 9.8, 7.9],
			"rotation": {"angle": -22.5, "axis": "x", "origin": [0, 0, 16]},
			"faces": {
				"north": {"uv": [11, 13, 12, 14], "texture": "#4"},
				"east": {"uv": [10, 12, 12, 14], "texture": "#4"},
				"south": {"uv": [10, 12, 12, 14], "texture": "#4"},
				"west": {"uv": [10, 12, 12, 14], "texture": "#4"},
				"up": {"uv": [16, 14, 15, 13], "rotation": 90, "texture": "#4"},
				"down": {"uv": [12, 14, 10, 12], "rotation": 270, "texture": "#4"}
			}
		},
		{
			"from": [9.8, 9.3, 7.4],
			"to": [10.2, 9.8, 7.6],
			"rotation": {"angle": -22.5, "axis": "x", "origin": [0, 0, 16]},
			"faces": {
				"north": {"uv": [10, 12, 12, 14], "texture": "#4"},
				"east": {"uv": [10, 12, 12, 14], "texture": "#4"},
				"south": {"uv": [10, 12, 12, 14], "texture": "#4"},
				"west": {"uv": [10, 12, 12, 14], "texture": "#4"},
				"up": {"uv": [16, 14, 15, 13], "rotation": 90, "texture": "#4"},
				"down": {"uv": [12, 14, 10, 12], "rotation": 270, "texture": "#4"}
			}
		},
		{
			"from": [10.2, 9.3, 7.6],
			"to": [10.4, 9.8, 8],
			"rotation": {"angle": -22.5, "axis": "x", "origin": [0, 0, 16]},
			"faces": {
				"north": {"uv": [10, 12, 12, 14], "texture": "#4"},
				"east": {"uv": [10, 12, 12, 14], "texture": "#4"},
				"south": {"uv": [10, 12, 12, 14], "texture": "#4"},
				"west": {"uv": [10, 12, 12, 14], "texture": "#4"},
				"up": {"uv": [16, 14, 15, 13], "rotation": 90, "texture": "#4"},
				"down": {"uv": [12, 14, 10, 12], "rotation": 270, "texture": "#4"}
			}
		},
		{
			"from": [6.3, 9.3, 8.95],
			"to": [6.5, 9.8, 9.15],
			"rotation": {"angle": -22.5, "axis": "x", "origin": [0, 0, 16]},
			"faces": {
				"north": {"uv": [10, 12, 12, 14], "texture": "#4"},
				"east": {"uv": [10, 12, 12, 14], "texture": "#4"},
				"south": {"uv": [10, 12, 12, 14], "texture": "#4"},
				"west": {"uv": [10, 12, 12, 14], "texture": "#4"},
				"up": {"uv": [16, 14, 15, 13], "rotation": 90, "texture": "#4"},
				"down": {"uv": [12, 14, 10, 12], "rotation": 270, "texture": "#4"}
			}
		},
		{
			"from": [6.5, 9.3, 8.75],
			"to": [6.9, 9.8, 8.95],
			"rotation": {"angle": -22.5, "axis": "x", "origin": [0, 0, 16]},
			"faces": {
				"north": {"uv": [11, 13, 12, 14], "texture": "#4"},
				"east": {"uv": [10, 12, 12, 14], "texture": "#4"},
				"south": {"uv": [10, 12, 12, 14], "texture": "#4"},
				"west": {"uv": [10, 12, 12, 14], "texture": "#4"},
				"up": {"uv": [16, 14, 15, 13], "rotation": 90, "texture": "#4"},
				"down": {"uv": [12, 14, 10, 12], "rotation": 270, "texture": "#4"}
			}
		},
		{
			"from": [6.5, 9.3, 9.15],
			"to": [6.9, 9.8, 9.35],
			"rotation": {"angle": -22.5, "axis": "x", "origin": [0, 0, 16]},
			"faces": {
				"north": {"uv": [10, 12, 12, 14], "texture": "#4"},
				"east": {"uv": [10, 12, 12, 14], "texture": "#4"},
				"south": {"uv": [10, 12, 12, 14], "texture": "#4"},
				"west": {"uv": [10, 12, 12, 14], "texture": "#4"},
				"up": {"uv": [16, 14, 15, 13], "rotation": 90, "texture": "#4"},
				"down": {"uv": [12, 14, 10, 12], "rotation": 270, "texture": "#4"}
			}
		},
		{
			"from": [6.5, 9.3, 9.55],
			"to": [6.9, 9.8, 9.75],
			"rotation": {"angle": -22.5, "axis": "x", "origin": [0, 0, 16]},
			"faces": {
				"north": {"uv": [10, 12, 12, 14], "texture": "#4"},
				"east": {"uv": [10, 12, 12, 14], "texture": "#4"},
				"south": {"uv": [10, 12, 12, 14], "texture": "#4"},
				"west": {"uv": [10, 12, 12, 14], "texture": "#4"},
				"up": {"uv": [16, 14, 15, 13], "rotation": 90, "texture": "#4"},
				"down": {"uv": [12, 14, 10, 12], "rotation": 270, "texture": "#4"}
			}
		},
		{
			"from": [6.3, 9.3, 9.35],
			"to": [6.5, 9.8, 9.55],
			"rotation": {"angle": -22.5, "axis": "x", "origin": [0, 0, 16]},
			"faces": {
				"north": {"uv": [10, 12, 12, 14], "texture": "#4"},
				"east": {"uv": [10, 12, 12, 14], "texture": "#4"},
				"south": {"uv": [10, 12, 12, 14], "texture": "#4"},
				"west": {"uv": [10, 12, 12, 14], "texture": "#4"},
				"up": {"uv": [16, 14, 15, 13], "rotation": 90, "texture": "#4"},
				"down": {"uv": [12, 14, 10, 12], "rotation": 270, "texture": "#4"}
			}
		},
		{
			"from": [8.05, 9.3, 8.75],
			"to": [8.45, 9.8, 8.95],
			"rotation": {"angle": -22.5, "axis": "x", "origin": [0, 0, 16]},
			"faces": {
				"north": {"uv": [11, 13, 12, 14], "texture": "#4"},
				"east": {"uv": [10, 12, 12, 14], "texture": "#4"},
				"south": {"uv": [10, 12, 12, 14], "texture": "#4"},
				"west": {"uv": [10, 12, 12, 14], "texture": "#4"},
				"up": {"uv": [16, 14, 15, 13], "rotation": 90, "texture": "#4"},
				"down": {"uv": [12, 14, 10, 12], "rotation": 270, "texture": "#4"}
			}
		},
		{
			"from": [8.45, 9.3, 8.95],
			"to": [8.65, 9.8, 9.15],
			"rotation": {"angle": -22.5, "axis": "x", "origin": [0, 0, 16]},
			"faces": {
				"north": {"uv": [10, 12, 12, 14], "texture": "#4"},
				"east": {"uv": [10, 12, 12, 14], "texture": "#4"},
				"south": {"uv": [10, 12, 12, 14], "texture": "#4"},
				"west": {"uv": [10, 12, 12, 14], "texture": "#4"},
				"up": {"uv": [16, 14, 15, 13], "rotation": 90, "texture": "#4"},
				"down": {"uv": [12, 14, 10, 12], "rotation": 270, "texture": "#4"}
			}
		},
		{
			"from": [8.25, 9.3, 9.15],
			"to": [8.45, 9.8, 9.35],
			"rotation": {"angle": -22.5, "axis": "x", "origin": [0, 0, 16]},
			"faces": {
				"north": {"uv": [10, 12, 12, 14], "texture": "#4"},
				"east": {"uv": [10, 12, 12, 14], "texture": "#4"},
				"south": {"uv": [10, 12, 12, 14], "texture": "#4"},
				"west": {"uv": [10, 12, 12, 14], "texture": "#4"},
				"up": {"uv": [16, 14, 15, 13], "rotation": 90, "texture": "#4"},
				"down": {"uv": [12, 14, 10, 12], "rotation": 270, "texture": "#4"}
			}
		},
		{
			"from": [8.05, 9.3, 9.35],
			"to": [8.25, 9.8, 9.55],
			"rotation": {"angle": -22.5, "axis": "x", "origin": [0, 0, 16]},
			"faces": {
				"north": {"uv": [10, 12, 12, 14], "texture": "#4"},
				"east": {"uv": [10, 12, 12, 14], "texture": "#4"},
				"south": {"uv": [10, 12, 12, 14], "texture": "#4"},
				"west": {"uv": [10, 12, 12, 14], "texture": "#4"},
				"up": {"uv": [16, 14, 15, 13], "rotation": 90, "texture": "#4"},
				"down": {"uv": [12, 14, 10, 12], "rotation": 270, "texture": "#4"}
			}
		},
		{
			"from": [8.25, 9.3, 9.55],
			"to": [8.65, 9.8, 9.75],
			"rotation": {"angle": -22.5, "axis": "x", "origin": [0, 0, 16]},
			"faces": {
				"north": {"uv": [10, 12, 12, 14], "texture": "#4"},
				"east": {"uv": [10, 12, 12, 14], "texture": "#4"},
				"south": {"uv": [10, 12, 12, 14], "texture": "#4"},
				"west": {"uv": [10, 12, 12, 14], "texture": "#4"},
				"up": {"uv": [16, 14, 15, 13], "rotation": 90, "texture": "#4"},
				"down": {"uv": [12, 14, 10, 12], "rotation": 270, "texture": "#4"}
			}
		},
		{
			"from": [9.8, 9.3, 8.75],
			"to": [10, 9.8, 9.75],
			"rotation": {"angle": -22.5, "axis": "x", "origin": [0, 0, 16]},
			"faces": {
				"north": {"uv": [11, 13, 12, 14], "texture": "#4"},
				"east": {"uv": [10, 12, 12, 14], "texture": "#4"},
				"south": {"uv": [10, 12, 12, 14], "texture": "#4"},
				"west": {"uv": [10, 12, 12, 14], "texture": "#4"},
				"up": {"uv": [16, 14, 15, 13], "rotation": 90, "texture": "#4"},
				"down": {"uv": [12, 14, 10, 12], "rotation": 270, "texture": "#4"}
			}
		},
		{
			"from": [10, 9.3, 9.35],
			"to": [10.2, 9.8, 9.55],
			"rotation": {"angle": -22.5, "axis": "x", "origin": [0, 0, 16]},
			"faces": {
				"north": {"uv": [10, 12, 12, 14], "texture": "#4"},
				"east": {"uv": [10, 12, 12, 14], "texture": "#4"},
				"south": {"uv": [10, 12, 12, 14], "texture": "#4"},
				"west": {"uv": [10, 12, 12, 14], "texture": "#4"},
				"up": {"uv": [16, 14, 15, 13], "rotation": 90, "texture": "#4"},
				"down": {"uv": [12, 14, 10, 12], "rotation": 270, "texture": "#4"}
			}
		},
		{
			"from": [10.2, 9.3, 9.15],
			"to": [10.4, 9.8, 9.35],
			"rotation": {"angle": -22.5, "axis": "x", "origin": [0, 0, 16]},
			"faces": {
				"north": {"uv": [10, 12, 12, 14], "texture": "#4"},
				"east": {"uv": [10, 12, 12, 14], "texture": "#4"},
				"south": {"uv": [10, 12, 12, 14], "texture": "#4"},
				"west": {"uv": [10, 12, 12, 14], "texture": "#4"},
				"up": {"uv": [16, 14, 15, 13], "rotation": 90, "texture": "#4"},
				"down": {"uv": [12, 14, 10, 12], "rotation": 270, "texture": "#4"}
			}
		},
		{
			"from": [7.9, 7, 6.5],
			"to": [8.9, 7.5, 7.5],
			"rotation": {"angle": -22.5, "axis": "x", "origin": [-8, 0, 10]},
			"faces": {
				"north": {"uv": [12, 12, 13, 13], "texture": "#4"},
				"east": {"uv": [12, 12, 13, 13], "texture": "#4"},
				"south": {"uv": [12, 12, 13, 13], "texture": "#4"},
				"west": {"uv": [12, 12, 13, 13], "texture": "#4"},
				"up": {"uv": [14, 9, 15, 10], "texture": "#1"},
				"down": {"uv": [16, 16, 0, 0], "rotation": 270, "texture": "#4"}
			}
		},
		{
			"from": [7.9, 7, 4.8],
			"to": [8.9, 7.5, 5.8],
			"rotation": {"angle": -22.5, "axis": "x", "origin": [-8, 0, 10]},
			"faces": {
				"north": {"uv": [12, 12, 13, 13], "texture": "#4"},
				"east": {"uv": [12, 12, 13, 13], "texture": "#4"},
				"south": {"uv": [12, 12, 13, 13], "texture": "#4"},
				"west": {"uv": [12, 12, 13, 13], "texture": "#4"},
				"up": {"uv": [14, 9, 15, 10], "texture": "#1"},
				"down": {"uv": [16, 16, 0, 0], "rotation": 270, "texture": "#4"}
			}
		},
		{
			"from": [9.6, 7, 4.8],
			"to": [10.6, 7.5, 5.8],
			"rotation": {"angle": -22.5, "axis": "x", "origin": [-8, 0, 10]},
			"faces": {
				"north": {"uv": [12, 12, 13, 13], "texture": "#4"},
				"east": {"uv": [12, 12, 13, 13], "texture": "#4"},
				"south": {"uv": [12, 12, 13, 13], "texture": "#4"},
				"west": {"uv": [12, 12, 13, 13], "texture": "#4"},
				"up": {"uv": [14, 9, 15, 10], "texture": "#1"},
				"down": {"uv": [16, 16, 0, 0], "rotation": 270, "texture": "#4"}
			}
		},
		{
			"from": [9.6, 7, 6.5],
			"to": [10.6, 7.5, 7.5],
			"rotation": {"angle": -22.5, "axis": "x", "origin": [-8, 0, 10]},
			"faces": {
				"north": {"uv": [12, 12, 13, 13], "texture": "#4"},
				"east": {"uv": [12, 12, 13, 13], "texture": "#4"},
				"south": {"uv": [12, 12, 13, 13], "texture": "#4"},
				"west": {"uv": [12, 12, 13, 13], "texture": "#4"},
				"up": {"uv": [14, 9, 15, 10], "texture": "#1"},
				"down": {"uv": [16, 16, 0, 0], "rotation": 270, "texture": "#4"}
			}
		},
		{
			"from": [9.6, 7, 8.3],
			"to": [10.6, 7.5, 9.3],
			"rotation": {"angle": -22.5, "axis": "x", "origin": [-8, 0, 10]},
			"faces": {
				"north": {"uv": [12, 12, 13, 13], "texture": "#4"},
				"east": {"uv": [12, 12, 13, 13], "texture": "#4"},
				"south": {"uv": [12, 12, 13, 13], "texture": "#4"},
				"west": {"uv": [12, 12, 13, 13], "texture": "#4"},
				"up": {"uv": [14, 9, 15, 10], "texture": "#1"},
				"down": {"uv": [16, 16, 0, 0], "rotation": 270, "texture": "#4"}
			}
		},
		{
			"from": [6.1, 7, 4.8],
			"to": [7.1, 7.5, 5.8],
			"rotation": {"angle": -22.5, "axis": "x", "origin": [-8, 0, 10]},
			"faces": {
				"north": {"uv": [12, 12, 13, 13], "texture": "#4"},
				"east": {"uv": [12, 12, 13, 13], "texture": "#4"},
				"south": {"uv": [12, 12, 13, 13], "texture": "#4"},
				"west": {"uv": [12, 12, 13, 13], "texture": "#4"},
				"up": {"uv": [14, 9, 15, 10], "texture": "#1"},
				"down": {"uv": [16, 16, 0, 0], "rotation": 270, "texture": "#4"}
			}
		},
		{
			"from": [6.1, 7, 6.5],
			"to": [7.1, 7.5, 7.5],
			"rotation": {"angle": -22.5, "axis": "x", "origin": [-8, 0, 10]},
			"faces": {
				"north": {"uv": [12, 12, 13, 13], "texture": "#4"},
				"east": {"uv": [12, 12, 13, 13], "texture": "#4"},
				"south": {"uv": [12, 12, 13, 13], "texture": "#4"},
				"west": {"uv": [12, 12, 13, 13], "texture": "#4"},
				"up": {"uv": [14, 9, 15, 10], "texture": "#1"},
				"down": {"uv": [16, 16, 0, 0], "rotation": 270, "texture": "#4"}
			}
		},
		{
			"from": [6.1, 7, 8.3],
			"to": [7.1, 7.5, 9.3],
			"rotation": {"angle": -22.5, "axis": "x", "origin": [-8, 0, 10]},
			"faces": {
				"north": {"uv": [12, 12, 13, 13], "texture": "#4"},
				"east": {"uv": [12, 12, 13, 13], "texture": "#4"},
				"south": {"uv": [12, 12, 13, 13], "texture": "#4"},
				"west": {"uv": [12, 12, 13, 13], "texture": "#4"},
				"up": {"uv": [14, 9, 15, 10], "texture": "#1"},
				"down": {"uv": [16, 16, 0, 0], "rotation": 270, "texture": "#4"}
			}
		},
		{
			"from": [4.35, 7, 8.3],
			"to": [5.35, 7.5, 9.3],
			"rotation": {"angle": -22.5, "axis": "x", "origin": [-8, 0, 10]},
			"faces": {
				"north": {"uv": [12, 12, 13, 13], "texture": "#4"},
				"east": {"uv": [12, 12, 13, 13], "texture": "#4"},
				"south": {"uv": [12, 12, 13, 13], "texture": "#4"},
				"west": {"uv": [12, 12, 13, 13], "texture": "#4"},
				"up": {"uv": [14, 9, 15, 10], "texture": "#1"},
				"down": {"uv": [16, 16, 0, 0], "rotation": 270, "texture": "#4"}
			}
		},
		{
			"from": [6.5, 7, 3.5],
			"to": [8.5, 7.5, 4.5],
			"rotation": {"angle": -22.5, "axis": "x", "origin": [-8, 0, 10]},
			"faces": {
				"north": {"uv": [10, 12, 12, 14], "texture": "#5"},
				"east": {"uv": [10, 12, 12, 14], "texture": "#5"},
				"south": {"uv": [10, 12, 12, 14], "texture": "#5"},
				"west": {"uv": [10, 12, 12, 14], "texture": "#5"},
				"up": {"uv": [10, 12, 12, 14], "texture": "#5"},
				"down": {"uv": [16, 16, 0, 0], "rotation": 270, "texture": "#5"}
			}
		},
		{
			"from": [9, 7, 3.5],
			"to": [11, 7.5, 4.5],
			"rotation": {"angle": -22.5, "axis": "x", "origin": [-8, 0, 10]},
			"faces": {
				"north": {"uv": [10, 12, 12, 14], "texture": "#0"},
				"east": {"uv": [10, 12, 12, 14], "texture": "#0"},
				"south": {"uv": [10, 12, 12, 14], "texture": "#0"},
				"west": {"uv": [10, 12, 12, 14], "texture": "#0"},
				"up": {"uv": [10, 12, 12, 14], "texture": "#0"},
				"down": {"uv": [16, 16, 0, 0], "rotation": 270, "texture": "#0"}
			}
		},
		{
			"from": [3, 4, 14],
			"to": [12, 7, 15],
			"rotation": {"angle": -22.5, "axis": "x", "origin": [-8, 0, 10]},
			"faces": {
				"north": {"uv": [10, 12, 12, 14], "texture": "#1"},
				"east": {"uv": [10, 12, 12, 14], "texture": "#1"},
				"south": {"uv": [10, 12, 12, 14], "texture": "#1"},
				"west": {"uv": [10, 12, 12, 14], "texture": "#1"},
				"up": {"uv": [10, 12, 12, 14], "texture": "#1"},
				"down": {"uv": [16, 16, 0, 0], "rotation": 270, "texture": "#1"}
			}
		},
		{
			"from": [4, 6.5, 10],
			"to": [11, 6.75, 14],
			"rotation": {"angle": -22.5, "axis": "x", "origin": [-8, 0, 10]},
			"faces": {
				"north": {"uv": [10, 12, 12, 14], "texture": "#1"},
				"east": {"uv": [10, 12, 12, 14], "texture": "#1"},
				"south": {"uv": [10, 12, 12, 14], "texture": "#1"},
				"west": {"uv": [10, 12, 12, 14], "texture": "#1"},
				"up": {"uv": [0, 3.25, 16, 14.375], "rotation": 180, "texture": "#6"},
				"down": {"uv": [16, 16, 0, 0], "rotation": 270, "texture": "#1"}
			}
		},
		{
			"from": [3, 5.5, 11.5],
			"to": [12, 8.5, 16.5],
			"rotation": {"angle": 0, "axis": "x", "origin": [-8, 0, 10]},
			"faces": {
				"north": {"uv": [10, 12, 12, 14], "texture": "#1"},
				"east": {"uv": [10, 12, 12, 14], "texture": "#1"},
				"south": {"uv": [10, 12, 12, 14], "texture": "#1"},
				"west": {"uv": [10, 12, 12, 14], "texture": "#1"},
				"up": {"uv": [10, 12, 12, 14], "texture": "#1"},
				"down": {"uv": [16, 16, 0, 0], "rotation": 270, "texture": "#1"}
			}
		},
		{
			"from": [3, 2.5, 8.5],
			"to": [12, 5.5, 16.5],
			"rotation": {"angle": 0, "axis": "x", "origin": [-8, 0, 10]},
			"faces": {
				"north": {"uv": [12, 12, 13, 13], "texture": "#4"},
				"east": {"uv": [12, 12, 13, 13], "texture": "#4"},
				"south": {"uv": [12, 12, 13, 13], "texture": "#4"},
				"west": {"uv": [12, 12, 13, 13], "texture": "#4"},
				"up": {"uv": [10, 12, 12, 14], "texture": "#4"},
				"down": {"uv": [16, 16, 0, 0], "rotation": 270, "texture": "#4"}
			}
		},
		{
			"from": [3.5, 8.5, 13],
			"to": [11.5, 9, 16],
			"rotation": {"angle": 0, "axis": "x", "origin": [-8, 0, 10]},
			"faces": {
				"north": {"uv": [10, 12, 12, 14], "texture": "#1"},
				"east": {"uv": [10, 12, 12, 14], "texture": "#1"},
				"south": {"uv": [10, 12, 12, 14], "texture": "#1"},
				"west": {"uv": [10, 12, 12, 14], "texture": "#1"},
				"up": {"uv": [10, 12, 12, 14], "texture": "#1"},
				"down": {"uv": [16, 16, 0, 0], "rotation": 270, "texture": "#1"}
			}
		},
		{
			"from": [11, 4, 10],
			"to": [12, 7, 14],
			"rotation": {"angle": -22.5, "axis": "x", "origin": [-8, 0, 10]},
			"faces": {
				"north": {"uv": [10, 12, 12, 14], "texture": "#1"},
				"east": {"uv": [10, 12, 12, 14], "texture": "#1"},
				"south": {"uv": [10, 12, 12, 14], "texture": "#1"},
				"west": {"uv": [10, 12, 12, 14], "texture": "#1"},
				"up": {"uv": [10, 12, 12, 14], "texture": "#1"},
				"down": {"uv": [16, 16, 0, 0], "rotation": 270, "texture": "#1"}
			}
		},
		{
			"from": [3, 4, 10],
			"to": [4, 7, 14],
			"rotation": {"angle": -22.5, "axis": "x", "origin": [-8, 0, 10]},
			"faces": {
				"north": {"uv": [10, 12, 12, 14], "texture": "#1"},
				"east": {"uv": [10, 12, 12, 14], "texture": "#1"},
				"south": {"uv": [10, 12, 12, 14], "texture": "#1"},
				"west": {"uv": [10, 12, 12, 14], "texture": "#1"},
				"up": {"uv": [10, 12, 12, 14], "texture": "#1"},
				"down": {"uv": [16, 16, 0, 0], "rotation": 270, "texture": "#1"}
			}
		}
	],
	"display": {
		"thirdperson_righthand": {
			"scale": [0.5, 0.5, 0.5]
		},
		"thirdperson_lefthand": {
			"scale": [0.5, 0.5, 0.5]
		},
		"ground": {
			"scale": [0.8, 0.8, 0.8]
		},
"head": {
			"rotation": [0, 0, 0],
			"translation": [0, 0, 0],
			"scale": [1.5, 1.5, 1.5]
		}
	}
}