{
	"credit": "Made with Blockbench",
	"textures": {
		"1": "block/light_gray_concrete_powder",
		"2": "block/gray_concrete",
		"3": "block/green_wool",
		"4": "block/cyan_terracotta",
		"particle": "block/green_wool"
	},
	"elements": [
		{
			"from": [10, 9, 0.5],
			"to": [12, 18, 14.5],
			"rotation": {"angle": 0, "axis": "y", "origin": [0, 3, 0]},
			"faces": {
				"north": {"uv": [0, 0, 2, 3], "texture": "#1"},
				"east": {"uv": [0, 0, 2, 3], "texture": "#1"},
				"south": {"uv": [0, 0, 2, 3], "texture": "#1"},
				"west": {"uv": [0, 0, 2, 3], "texture": "#1"},
				"up": {"uv": [0, 0, 3, 13], "texture": "#1"},
				"down": {"uv": [0, 0, 3, 13], "texture": "#1"}
			}
		},
		{
			"from": [9.8, 10, 1],
			"to": [10.8, 17.5, 14],
			"rotation": {"angle": 0, "axis": "y", "origin": [0, 3, 0]},
			"faces": {
				"north": {"uv": [0, 0, 2, 3], "texture": "#2"},
				"east": {"uv": [0, 0, 2, 3], "texture": "#2"},
				"south": {"uv": [0, 0, 2, 3], "texture": "#2"},
				"west": {"uv": [0, 0, 16, 14.25], "texture": "#2"},
				"up": {"uv": [0, 0, 3, 13], "texture": "#2"},
				"down": {"uv": [0, 0, 3, 13], "texture": "#2"}
			}
		},
		{
			"from": [9.8, 9.25, 12.5],
			"to": [10.8, 9.5, 13],
			"rotation": {"angle": 0, "axis": "y", "origin": [0, 3, 0]},
			"faces": {
				"north": {"uv": [0, 0, 2, 3], "texture": "#2"},
				"east": {"uv": [0, 0, 2, 3], "texture": "#2"},
				"south": {"uv": [0, 0, 2, 3], "texture": "#2"},
				"west": {"uv": [0, 0, 2, 3], "texture": "#2"},
				"up": {"uv": [0, 0, 3, 13], "texture": "#2"},
				"down": {"uv": [0, 0, 3, 13], "texture": "#2"}
			}
		},
		{
			"from": [9.8, 9.25, 11.5],
			"to": [10.8, 9.5, 12],
			"rotation": {"angle": 0, "axis": "y", "origin": [0, 3, 0]},
			"faces": {
				"north": {"uv": [0, 0, 2, 3], "texture": "#2"},
				"east": {"uv": [0, 0, 2, 3], "texture": "#2"},
				"south": {"uv": [0, 0, 2, 3], "texture": "#2"},
				"west": {"uv": [0, 0, 2, 3], "texture": "#2"},
				"up": {"uv": [0, 0, 3, 13], "texture": "#2"},
				"down": {"uv": [0, 0, 3, 13], "texture": "#2"}
			}
		},
		{
			"from": [10.5, 6, 6.5],
			"to": [11.5, 9, 8.5],
			"rotation": {"angle": 0, "axis": "y", "origin": [0, 3, 0]},
			"faces": {
				"north": {"uv": [0, 0, 2, 3], "texture": "#2"},
				"east": {"uv": [0, 0, 2, 3], "texture": "#2"},
				"south": {"uv": [0, 0, 2, 3], "texture": "#2"},
				"west": {"uv": [0, 0, 2, 3], "texture": "#2"},
				"up": {"uv": [0, 0, 3, 13], "texture": "#2"},
				"down": {"uv": [0, 0, 3, 13], "texture": "#2"}
			}
		},
		{
			"from": [9.5, 6, 4.5],
			"to": [12.5, 7, 10.5],
			"rotation": {"angle": 0, "axis": "y", "origin": [0, 3, 0]},
			"faces": {
				"north": {"uv": [0, 0, 2, 3], "texture": "#2"},
				"east": {"uv": [0, 0, 2, 3], "texture": "#2"},
				"south": {"uv": [0, 0, 2, 3], "texture": "#2"},
				"west": {"uv": [0, 0, 2, 3], "texture": "#2"},
				"up": {"uv": [0, 0, 3, 13], "texture": "#2"},
				"down": {"uv": [0, 0, 3, 13], "texture": "#2"}
			}
		},
		{
			"from": [0.5, 3, -0.5],
			"to": [13.5, 6, 15.5],
			"rotation": {"angle": 0, "axis": "y", "origin": [0, 3, 0]},
			"faces": {
				"north": {"uv": [0, 0, 2, 3], "texture": "#4"},
				"east": {"uv": [0, 0, 2, 3], "texture": "#4"},
				"south": {"uv": [0, 0, 2, 3], "texture": "#4"},
				"west": {"uv": [0, 0, 2, 3], "texture": "#4"},
				"up": {"uv": [0, 0, 3, 13], "texture": "#4"},
				"down": {"uv": [0, 0, 3, 13], "texture": "#4"}
			}
		},
		{
			"from": [0.25, 4, 7.5],
			"to": [0.75, 5, 8.5],
			"rotation": {"angle": 0, "axis": "y", "origin": [0, 3, 0]},
			"faces": {
				"north": {"uv": [0, 0, 2, 3], "texture": "#1"},
				"east": {"uv": [0, 0, 2, 3], "texture": "#1"},
				"south": {"uv": [0, 0, 2, 3], "texture": "#1"},
				"west": {"uv": [0, 0, 2, 3], "texture": "#1"},
				"up": {"uv": [0, 0, 3, 13], "texture": "#1"},
				"down": {"uv": [0, 0, 3, 13], "texture": "#1"}
			}
		},
		{
			"from": [0.25, 3, -0.5],
			"to": [0.5, 3.25, 15.5],
			"rotation": {"angle": 0, "axis": "y", "origin": [0, 3, 0]},
			"faces": {
				"north": {"uv": [0, 0, 2, 3], "texture": "#2"},
				"east": {"uv": [0, 0, 2, 3], "texture": "#2"},
				"south": {"uv": [0, 0, 2, 3], "texture": "#2"},
				"west": {"uv": [0, 0, 2, 3], "texture": "#2"},
				"up": {"uv": [0, 0, 3, 13], "texture": "#2"},
				"down": {"uv": [0, 0, 3, 13], "texture": "#2"}
			}
		},
		{
			"from": [0.25, 5.75, -0.5],
			"to": [0.5, 6, 15.5],
			"rotation": {"angle": 0, "axis": "y", "origin": [0, 3, 0]},
			"faces": {
				"north": {"uv": [0, 0, 2, 3], "texture": "#2"},
				"east": {"uv": [0, 0, 2, 3], "texture": "#2"},
				"south": {"uv": [0, 0, 2, 3], "texture": "#2"},
				"west": {"uv": [0, 0, 2, 3], "texture": "#2"},
				"up": {"uv": [0, 0, 3, 13], "texture": "#2"},
				"down": {"uv": [0, 0, 3, 13], "texture": "#2"}
			}
		},
		{
			"from": [0.25, 2.75, -0.5],
			"to": [0.5, 5.75, -0.25],
			"rotation": {"angle": 0, "axis": "y", "origin": [0, 3, 0]},
			"faces": {
				"north": {"uv": [0, 0, 2, 3], "texture": "#2"},
				"east": {"uv": [0, 0, 2, 3], "texture": "#2"},
				"south": {"uv": [0, 0, 2, 3], "texture": "#2"},
				"west": {"uv": [0, 0, 2, 3], "texture": "#2"},
				"up": {"uv": [0, 0, 3, 13], "texture": "#2"},
				"down": {"uv": [0, 0, 3, 13], "texture": "#2"}
			}
		},
		{
			"from": [0.25, 2.75, 15.25],
			"to": [0.5, 5.75, 15.5],
			"rotation": {"angle": 0, "axis": "y", "origin": [0, 3, 0]},
			"faces": {
				"north": {"uv": [0, 0, 2, 3], "texture": "#2"},
				"east": {"uv": [0, 0, 2, 3], "texture": "#2"},
				"south": {"uv": [0, 0, 2, 3], "texture": "#2"},
				"west": {"uv": [0, 0, 2, 3], "texture": "#2"},
				"up": {"uv": [0, 0, 3, 13], "texture": "#2"},
				"down": {"uv": [0, 0, 3, 13], "texture": "#2"}
			}
		},
		{
			"from": [7, 6, 0.5],
			"to": [11, 7.75, 3.5],
			"rotation": {"angle": 0, "axis": "y", "origin": [0, 3, 0]},
			"faces": {
				"north": {"uv": [0, 0, 2, 3], "texture": "#2"},
				"east": {"uv": [0, 0, 2, 3], "texture": "#2"},
				"south": {"uv": [0, 0, 2, 3], "texture": "#2"},
				"west": {"uv": [0, 0, 2, 3], "texture": "#2"},
				"up": {"uv": [0, 0, 3, 13], "texture": "#2"},
				"down": {"uv": [0, 0, 3, 13], "texture": "#2"}
			}
		},
		{
			"from": [7.5, 7.5, 1],
			"to": [8.25, 8, 1.75],
			"rotation": {"angle": 0, "axis": "y", "origin": [0, 3, 0]},
			"faces": {
				"north": {"uv": [0, 0, 2, 3], "texture": "#3"},
				"east": {"uv": [0, 0, 2, 3], "texture": "#3"},
				"south": {"uv": [0, 0, 2, 3], "texture": "#3"},
				"west": {"uv": [0, 0, 2, 3], "texture": "#3"},
				"up": {"uv": [0, 0, 3, 13], "texture": "#3"},
				"down": {"uv": [0, 0, 3, 13], "texture": "#3"}
			}
		},
		{
			"from": [7.5, 7.5, 2],
			"to": [8.25, 8, 2.75],
			"rotation": {"angle": 0, "axis": "y", "origin": [0, 3, 0]},
			"faces": {
				"north": {"uv": [0, 0, 2, 3], "texture": "#1"},
				"east": {"uv": [0, 0, 2, 3], "texture": "#1"},
				"south": {"uv": [0, 0, 2, 3], "texture": "#1"},
				"west": {"uv": [0, 0, 2, 3], "texture": "#1"},
				"up": {"uv": [0, 0, 3, 13], "texture": "#1"},
				"down": {"uv": [0, 0, 3, 13], "texture": "#1"}
			}
		},
		{
			"from": [8.5, 7.5, 1],
			"to": [9.25, 8, 2.5],
			"rotation": {"angle": 0, "axis": "y", "origin": [0, 3, 0]},
			"faces": {
				"north": {"uv": [0, 0, 2, 3], "texture": "#1"},
				"east": {"uv": [0, 0, 2, 3], "texture": "#1"},
				"south": {"uv": [0, 0, 2, 3], "texture": "#1"},
				"west": {"uv": [0, 0, 2, 3], "texture": "#1"},
				"up": {"uv": [0, 0, 3, 13], "texture": "#1"},
				"down": {"uv": [0, 0, 3, 13], "texture": "#1"}
			}
		},
		{
			"from": [6.5, 6.4, 5.5],
			"to": [9.5, 6.9, 5.9],
			"rotation": {"angle": 0, "axis": "y", "origin": [0, 3, 0]},
			"faces": {
				"north": {"uv": [0, 0, 2, 3], "texture": "#2"},
				"east": {"uv": [0, 0, 2, 3], "texture": "#2"},
				"south": {"uv": [0, 0, 2, 3], "texture": "#2"},
				"west": {"uv": [0, 0, 2, 3], "texture": "#2"},
				"up": {"uv": [0, 0, 3, 13], "texture": "#2"},
				"down": {"uv": [0, 0, 3, 13], "texture": "#2"}
			}
		},
		{
			"from": [-3.65, 6.4, 15.9],
			"to": [-2.65, 6.9, 16.3],
			"rotation": {"angle": 45, "axis": "y", "origin": [0, 3, 0]},
			"faces": {
				"north": {"uv": [0, 0, 2, 3], "texture": "#2"},
				"east": {"uv": [0, 0, 2, 3], "texture": "#2"},
				"south": {"uv": [0, 0, 2, 3], "texture": "#2"},
				"west": {"uv": [0, 0, 2, 3], "texture": "#2"},
				"up": {"uv": [0, 0, 3, 13], "texture": "#2"},
				"down": {"uv": [0, 0, 3, 13], "texture": "#2"}
			}
		},
		{
			"from": [13.4, 6.4, 7.65],
			"to": [13.8, 6.9, 8.65],
			"rotation": {"angle": -22.5, "axis": "y", "origin": [0, 3, 0]},
			"faces": {
				"north": {"uv": [0, 0, 2, 3], "texture": "#2"},
				"east": {"uv": [0, 0, 2, 3], "texture": "#2"},
				"south": {"uv": [0, 0, 2, 3], "texture": "#2"},
				"west": {"uv": [0, 0, 2, 3], "texture": "#2"},
				"up": {"uv": [0, 0, 3, 13], "rotation": 270, "texture": "#2"},
				"down": {"uv": [0, 0, 3, 13], "rotation": 90, "texture": "#2"}
			}
		},
		{
			"from": [9.4, 6.4, 10.45],
			"to": [9.8, 6.9, 12.45],
			"rotation": {"angle": 0, "axis": "y", "origin": [0, 3, 0]},
			"faces": {
				"north": {"uv": [0, 0, 2, 3], "texture": "#2"},
				"east": {"uv": [0, 0, 2, 3], "texture": "#2"},
				"south": {"uv": [0, 0, 2, 3], "texture": "#2"},
				"west": {"uv": [0, 0, 2, 3], "texture": "#2"},
				"up": {"uv": [0, 0, 3, 13], "rotation": 270, "texture": "#2"},
				"down": {"uv": [0, 0, 3, 13], "rotation": 90, "texture": "#2"}
			}
		}
	],
	"display": {
		"head": {
			"rotation": [0, 90, 0],
			"translation": [0, 2, 0],
			"scale": [1.4, 1.4, 1.4]
		}
	}
}