{
	"credit": "Made with Blockbench",
	"textures": {
		"0": "block/stone",
		"1": "custom/casserole",
		"particle": "block/stone"
	},
	"elements": [
		{
			"from": [3, 2, 3],
			"to": [4, 5.2, 13],
			"rotation": {"angle": 0, "axis": "y", "origin": [0, 2, 0]},
			"faces": {
				"north": {"uv": [2, 4, 5, 8], "texture": "#0"},
				"east": {"uv": [2, 4, 5, 8], "texture": "#0"},
				"south": {"uv": [2, 4, 5, 8], "texture": "#0"},
				"west": {"uv": [2, 4, 5, 8], "texture": "#0"},
				"up": {"uv": [0, 0, 1, 13], "texture": "#0"},
				"down": {"uv": [0, 0, 1, 13], "texture": "#0"}
			}
		},
		{
			"from": [10, 2, 3],
			"to": [11, 5.2, 13],
			"rotation": {"angle": 0, "axis": "y", "origin": [0, 2, 0]},
			"faces": {
				"north": {"uv": [2, 4, 5, 8], "texture": "#0"},
				"east": {"uv": [2, 4, 5, 8], "texture": "#0"},
				"south": {"uv": [2, 4, 5, 8], "texture": "#0"},
				"west": {"uv": [2, 4, 5, 8], "texture": "#0"},
				"up": {"uv": [0, 0, 1, 13], "texture": "#0"},
				"down": {"uv": [0, 0, 1, 13], "texture": "#0"}
			}
		},
		{
			"from": [4, 2, 2],
			"to": [10, 5.2, 3],
			"rotation": {"angle": 0, "axis": "y", "origin": [0, 2, 0]},
			"faces": {
				"north": {"uv": [2, 4, 5, 8], "texture": "#0"},
				"east": {"uv": [2, 4, 5, 8], "texture": "#0"},
				"south": {"uv": [2, 4, 5, 8], "texture": "#0"},
				"west": {"uv": [2, 4, 5, 8], "texture": "#0"},
				"up": {"uv": [0, 0, 1, 13], "texture": "#0"},
				"down": {"uv": [0, 0, 1, 13], "texture": "#0"}
			}
		},
		{
			"from": [4, 2, 3],
			"to": [10, 5, 13],
			"rotation": {"angle": 0, "axis": "y", "origin": [0, 2, 0]},
			"faces": {
				"north": {"uv": [2, 4, 5, 8], "texture": "#0"},
				"east": {"uv": [2, 4, 5, 8], "texture": "#0"},
				"south": {"uv": [2, 4, 5, 8], "texture": "#0"},
				"west": {"uv": [2, 4, 5, 8], "texture": "#0"},
				"up": {"uv": [0, 0, 16, 15.5], "texture": "#1"},
				"down": {"uv": [0, 0, 1, 13], "texture": "#0"}
			}
		},
		{
			"from": [4, 2, 13],
			"to": [10, 5.2, 14],
			"rotation": {"angle": 0, "axis": "y", "origin": [0, 2, 0]},
			"faces": {
				"north": {"uv": [2, 4, 5, 8], "texture": "#0"},
				"east": {"uv": [2, 4, 5, 8], "texture": "#0"},
				"south": {"uv": [2, 4, 5, 8], "texture": "#0"},
				"west": {"uv": [2, 4, 5, 8], "texture": "#0"},
				"up": {"uv": [0, 0, 1, 13], "texture": "#0"},
				"down": {"uv": [0, 0, 1, 13], "texture": "#0"}
			}
		}
	],
	"display": {
		"thirdperson_righthand": {
			"translation": [0, 1, 0],
			"scale": [0.5, 0.5, 0.5]
		},
		"thirdperson_lefthand": {
			"translation": [0, 1, 0],
			"scale": [0.5, 0.5, 0.5]
		},
		"firstperson_righthand": {
			"translation": [0, 1, 0],
			"scale": [0.75, 0.75, 0.75]
		},
		"gui": {
			"rotation": [15, -48, 0],
			"translation": [1, 3, 0],
			"scale": [1.5, 1.5, 1.5]
		},
		"head": {
			"rotation": [0, -15, 0],
			"translation": [0, 8, 0]
		}
	}
}