{
	"credit": "Made with Blockbench",
	"textures": {
		"0": "block/stripped_birch_log",
		"particle": "block/stripped_birch_log"
	},
	"elements": [
		{
			"from": [3, 4, 7],
			"to": [12, 6, 9],
			"faces": {
				"north": {"uv": [4, 6, 6, 8], "texture": "#0"},
				"east": {"uv": [4, 5, 6, 7], "texture": "#0"},
				"south": {"uv": [4, 5, 6, 7], "texture": "#0"},
				"west": {"uv": [4, 5, 6, 7], "texture": "#0"},
				"up": {"uv": [4, 5, 6, 7], "texture": "#0"},
				"down": {"uv": [4, 5, 6, 7], "texture": "#0"}
			}
		},
		{
			"from": [12, 4.5, 7.5],
			"to": [14, 5.5, 8.5],
			"faces": {
				"north": {"uv": [14, 15, 15, 16], "texture": "#0"},
				"east": {"uv": [14, 15, 15, 16], "texture": "#0"},
				"south": {"uv": [14, 15, 15, 16], "texture": "#0"},
				"west": {"uv": [14, 15, 15, 16], "texture": "#0"},
				"up": {"uv": [14, 15, 15, 16], "texture": "#0"},
				"down": {"uv": [14, 15, 15, 16], "texture": "#0"}
			}
		},
		{
			"from": [1, 4.5, 7.5],
			"to": [3, 5.5, 8.5],
			"faces": {
				"north": {"uv": [14, 15, 15, 16], "texture": "#0"},
				"east": {"uv": [14, 15, 15, 16], "texture": "#0"},
				"south": {"uv": [14, 15, 15, 16], "texture": "#0"},
				"west": {"uv": [14, 15, 15, 16], "texture": "#0"},
				"up": {"uv": [14, 15, 15, 16], "texture": "#0"},
				"down": {"uv": [14, 15, 15, 16], "texture": "#0"}
			}
		},
		{
			"from": [3, 4.25, 6.5],
			"to": [12, 5.75, 7],
			"faces": {
				"north": {"uv": [4, 6, 6, 8], "texture": "#0"},
				"east": {"uv": [4, 5, 6, 7], "texture": "#0"},
				"south": {"uv": [4, 5, 6, 7], "texture": "#0"},
				"west": {"uv": [4, 5, 6, 7], "texture": "#0"},
				"up": {"uv": [4, 5, 6, 7], "texture": "#0"},
				"down": {"uv": [4, 5, 6, 7], "texture": "#0"}
			}
		},
		{
			"from": [3, 4.25, 9],
			"to": [12, 5.75, 9.5],
			"faces": {
				"north": {"uv": [4, 6, 6, 8], "texture": "#0"},
				"east": {"uv": [4, 5, 6, 7], "texture": "#0"},
				"south": {"uv": [4, 5, 6, 7], "texture": "#0"},
				"west": {"uv": [4, 5, 6, 7], "texture": "#0"},
				"up": {"uv": [4, 5, 6, 7], "texture": "#0"},
				"down": {"uv": [4, 5, 6, 7], "texture": "#0"}
			}
		},
		{
			"from": [3, 6, 7.25],
			"to": [12, 6.5, 8.75],
			"faces": {
				"north": {"uv": [4, 6, 6, 8], "texture": "#0"},
				"east": {"uv": [4, 5, 6, 7], "texture": "#0"},
				"south": {"uv": [4, 5, 6, 7], "texture": "#0"},
				"west": {"uv": [4, 5, 6, 7], "texture": "#0"},
				"up": {"uv": [4, 5, 6, 7], "texture": "#0"},
				"down": {"uv": [4, 5, 6, 7], "texture": "#0"}
			}
		},
		{
			"from": [3, 3.5, 7.25],
			"to": [12, 4, 8.75],
			"faces": {
				"north": {"uv": [4, 6, 6, 8], "texture": "#0"},
				"east": {"uv": [4, 5, 6, 7], "texture": "#0"},
				"south": {"uv": [4, 5, 6, 7], "texture": "#0"},
				"west": {"uv": [4, 5, 6, 7], "texture": "#0"},
				"up": {"uv": [4, 5, 6, 7], "texture": "#0"},
				"down": {"uv": [4, 5, 6, 7], "texture": "#0"}
			}
		}
	],
	"display": {
		"thirdperson_righthand": {
			"translation": [-5, 0, 0]
		},
		"thirdperson_lefthand": {
			"scale": [0.75, 0.75, 0.75]
		},
		"firstperson_righthand": {
			"translation": [-5, 3, 0]
		},
		"gui": {
			"rotation": [1, 0, 0],
			"translation": [0, 3, 0],
			"scale": [1.5, 1.5, 1.5]
		},
		"fixed": {
			"scale": [2, 2, 2]
		}
	}
}