{
    "__comment": "Model generated using MrCrayfish's Model Creator (https://mrcrayfish.com/tools?id=mc)",
    "textures": {
        "white_wool": "minecraft:block/white_wool"
    },
    "display": {
        "gui": {
            "rotation": [ 30, 45, 0 ],
            "translation": [ 0, 0, 0 ],
            "scale": [ 0.625, 0.625, 0.625 ]
        },
        "ground": {
            "rotation": [ 0, 0, 0 ],
            "translation": [ 0, 3, 0 ],
            "scale": [ 0.25, 0.25, 0.25 ]
        },
        "fixed": {
            "rotation": [ 0, 180, 0 ],
            "translation": [ 0, 0, 0 ],
            "scale": [ 1, 1, 1 ]
        },
        "head": {
            "rotation": [ 0, 90, 0 ],
            "translation": [ 0, 80, 0 ],
            "scale": [ 5, 5, 5 ]
        },
        "firstperson_righthand": {
            "rotation": [ 0, 315, 0 ],
            "translation": [ 0, 2.5, 0 ],
            "scale": [ 0.4, 0.4, 0.4 ]
        },
        "thirdperson_righthand": {
            "rotation": [ 75, 315, 0 ],
            "translation": [ 0, 2.5, 0 ],
            "scale": [ 0.375, 0.375, 0.375 ]
        }
    },
    "elements": [
        {
            "name": "Cube",
            "from": [ 5, 0, 8 ], 
            "to": [ 13, 13, 10 ], 
            "faces": {
                "north": { "texture": "#white_wool", "uv": [ 0, 0, 8, 13 ] },
                "east": { "texture": "#white_wool", "uv": [ 0, 0, 2, 13 ] },
                "south": { "texture": "#white_wool", "uv": [ 0, 0, 8, 13 ] },
                "west": { "texture": "#white_wool", "uv": [ 0, 0, 2, 13 ] },
                "up": { "texture": "#white_wool", "uv": [ 0, 0, 8, 2 ] },
                "down": { "texture": "#white_wool", "uv": [ 0, 0, 8, 2 ] }
            }
        },
        {
            "name": "Cube",
            "from": [ 5, 22, 8 ], 
            "to": [ 11, 30, 10 ], 
            "faces": {
                "north": { "texture": "#white_wool", "uv": [ 0, 0, 6, 8 ] },
                "east": { "texture": "#white_wool", "uv": [ 0, 0, 2, 8 ] },
                "south": { "texture": "#white_wool", "uv": [ 0, 0, 6, 8 ] },
                "west": { "texture": "#white_wool", "uv": [ 0, 0, 2, 8 ] },
                "up": { "texture": "#white_wool", "uv": [ 0, 0, 6, 2 ] },
                "down": { "texture": "#white_wool", "uv": [ 0, 0, 6, 2 ] }
            }
        },
        {
            "name": "Cube",
            "from": [ 5, 13, 8 ], 
            "to": [ 12, 22, 10 ], 
            "faces": {
                "north": { "texture": "#white_wool", "uv": [ 0, 0, 7, 9 ] },
                "east": { "texture": "#white_wool", "uv": [ 0, 0, 2, 9 ] },
                "south": { "texture": "#white_wool", "uv": [ 0, 0, 7, 9 ] },
                "west": { "texture": "#white_wool", "uv": [ 0, 0, 2, 9 ] },
                "up": { "texture": "#white_wool", "uv": [ 0, 0, 7, 2 ] },
                "down": { "texture": "#white_wool", "uv": [ 0, 0, 7, 2 ] }
            }
        }
    ]
}