{
	"credit": "Made with Blockbench",
	"textures": {
		"1": "custom/rye_bread",
		"4": "block/stripped_spruce_log",
		"particle": "custom/rye_bread"
	},
	"elements": [
		{
			"from": [3.6, 3.4, 4.4],
			"to": [11.6, 6.4, 14.4],
			"rotation": {"angle": 0, "axis": "y", "origin": [3.2, 0, 12.8]},
			"faces": {
				"north": {"uv": [6, 9, 11, 4], "rotation": 270, "texture": "#1"},
				"east": {"uv": [6, 9, 11, 4], "rotation": 270, "texture": "#1"},
				"south": {"uv": [6, 9, 11, 4], "rotation": 270, "texture": "#1"},
				"west": {"uv": [6, 9, 11, 4], "rotation": 270, "texture": "#1"},
				"up": {"uv": [6, 9, 11, 4], "rotation": 270, "texture": "#1"},
				"down": {"uv": [6, 1, 1, 6], "texture": "#1"}
			}
		},
		{
			"from": [2.6, 3.4, 5.4],
			"to": [12.6, 6.4, 13.4],
			"rotation": {"angle": 0, "axis": "y", "origin": [3.2, 0, 12.8]},
			"faces": {
				"north": {"uv": [6, 9, 11, 4], "rotation": 270, "texture": "#1"},
				"east": {"uv": [6, 9, 11, 4], "rotation": 270, "texture": "#1"},
				"south": {"uv": [6, 9, 11, 4], "rotation": 270, "texture": "#1"},
				"west": {"uv": [6, 9, 11, 4], "rotation": 270, "texture": "#1"},
				"up": {"uv": [6, 9, 11, 4], "rotation": 270, "texture": "#1"},
				"down": {"uv": [6, 1, 1, 6], "texture": "#1"}
			}
		},
		{
			"from": [3.6, 6.4, 5.4],
			"to": [11.6, 7.1, 13.4],
			"rotation": {"angle": 0, "axis": "y", "origin": [3.2, 0, 12.8]},
			"faces": {
				"north": {"uv": [11, 6, 13, 4], "rotation": 180, "texture": "#4"},
				"east": {"uv": [6, 1, 1, 6], "rotation": 270, "texture": "#4"},
				"south": {"uv": [11, 6, 13, 5], "texture": "#4"},
				"west": {"uv": [7, 2, 2, 7], "rotation": 90, "texture": "#4"},
				"up": {"uv": [16, 0, 0, 16], "rotation": 180, "texture": "#1"},
				"down": {"uv": [6, 1, 1, 6], "texture": "#4"}
			}
		},
		{
			"from": [4.6, 7, 6.4],
			"to": [10.6, 7.8, 12.4],
			"rotation": {"angle": 0, "axis": "y", "origin": [3.2, 0, 12.8]},
			"faces": {
				"north": {"uv": [11, 6, 13, 4], "rotation": 180, "texture": "#1"},
				"east": {"uv": [6, 1, 1, 6], "rotation": 270, "texture": "#1"},
				"south": {"uv": [11, 6, 13, 5], "texture": "#1"},
				"west": {"uv": [7, 2, 2, 7], "rotation": 90, "texture": "#1"},
				"up": {"uv": [14, 2, 2, 14], "rotation": 180, "texture": "#1"},
				"down": {"uv": [6, 1, 1, 6], "texture": "#1"}
			}
		}
	],
	"display": {
		"thirdperson_righthand": {
			"rotation": [30, 0, 0]
		},
		"thirdperson_lefthand": {
			"rotation": [30, 0, 0]
		},
		"firstperson_righthand": {
			"translation": [0, 1, 0]
		},
		"firstperson_lefthand": {
			"translation": [0, 1, 0]
		},
		"ground": {
			"scale": [0.8, 0.8, 0.8]
		},
		"gui": {
			"rotation": [18, 0, 0],
			"translation": [1, 3, 0],
			"scale": [1.5, 1.5, 1.5]
		}
	}
}