{
	"credit": "Made with Blockbench",
	"textures": {
		"0": "block/red_terracotta",
		"3": "block/stripped_spruce_log",
		"4": "block/white_concrete_powder",
		"5": "block/lime_wool",
		"6": "block/grass_block_side",
		"particle": "block/lime_terracotta"
	},
	"elements": [
		{
			"from": [6, 6, 4],
			"to": [8, 7, 9],
			"faces": {
				"north": {"uv": [0, 0.5, 16, 16], "texture": "#5"},
				"east": {"uv": [0, 0.5, 16, 16], "texture": "#5"},
				"south": {"uv": [0, 0.5, 16, 16], "texture": "#5"},
				"west": {"uv": [0, 0.5, 16, 16], "texture": "#5"},
				"up": {"uv": [0, 0, 9, 14], "texture": "#5"},
				"down": {"uv": [0, 0, 8, 4], "texture": "#5"}
			}
		},
		{
			"from": [1.5, 7, 3.5],
			"to": [3.5, 8, 9.5],
			"rotation": {"angle": -22.5, "axis": "z", "origin": [0, 0, 0]},
			"faces": {
				"north": {"uv": [0, 0, 3, 4], "texture": "#3"},
				"east": {"uv": [0, 0, 4, 11], "texture": "#3"},
				"south": {"uv": [0, 0, 3, 4], "texture": "#3"},
				"west": {"uv": [0, 0, 3, 4], "texture": "#3"},
				"up": {"uv": [11, 2, 13, 4], "texture": "#3"},
				"down": {"uv": [0, 0, 8, 4], "texture": "#3"}
			}
		},
		{
			"from": [5.5, 7.5, 11.5],
			"to": [11.5, 8.5, 13.5],
			"rotation": {"angle": -22.5, "axis": "x", "origin": [0, 0, 16]},
			"faces": {
				"north": {"uv": [3, 0, 0, 4], "texture": "#3"},
				"east": {"uv": [4, 0, 0, 11], "texture": "#3"},
				"south": {"uv": [3, 0, 0, 4], "texture": "#3"},
				"west": {"uv": [3, 0, 0, 4], "texture": "#3"},
				"up": {"uv": [11, 4, 13, 2], "texture": "#3"},
				"down": {"uv": [0, 4, 8, 0], "texture": "#3"}
			}
		},
		{
			"from": [13.5, 6.5, 3.5],
			"to": [15.5, 7.5, 9.5],
			"rotation": {"angle": 22.5, "axis": "z", "origin": [16, 0, 0]},
			"faces": {
				"north": {"uv": [3, 0, 0, 4], "texture": "#3"},
				"east": {"uv": [3, 0, 0, 4], "texture": "#3"},
				"south": {"uv": [3, 0, 0, 4], "texture": "#3"},
				"west": {"uv": [4, 0, 0, 11], "texture": "#3"},
				"up": {"uv": [11, 2, 9, 4], "texture": "#3"},
				"down": {"uv": [8, 0, 0, 4], "texture": "#3"}
			}
		},
		{
			"from": [5.5, 6.5, -0.5],
			"to": [11.5, 7.5, 1.5],
			"rotation": {"angle": 22.5, "axis": "x", "origin": [0, 0, 0]},
			"faces": {
				"north": {"uv": [0, 0, 3, 4], "texture": "#3"},
				"east": {"uv": [0, 0, 4, 11], "texture": "#3"},
				"south": {"uv": [0, 0, 3, 4], "texture": "#3"},
				"west": {"uv": [0, 0, 3, 4], "texture": "#3"},
				"up": {"uv": [11, 2, 13, 4], "texture": "#3"},
				"down": {"uv": [0, 0, 8, 4], "texture": "#3"}
			}
		},
		{
			"from": [9, 6, 4],
			"to": [11, 7, 9],
			"faces": {
				"north": {"uv": [0, 0.5, 16, 16], "texture": "#5"},
				"east": {"uv": [0, 0.5, 16, 16], "texture": "#5"},
				"south": {"uv": [0, 0.5, 16, 16], "texture": "#5"},
				"west": {"uv": [0, 0.5, 16, 16], "texture": "#5"},
				"up": {"uv": [0, 0, 3.5, 14], "texture": "#5"},
				"down": {"uv": [0, 0, 8, 4], "texture": "#5"}
			}
		},
		{
			"from": [7, 6, 4],
			"to": [10, 7.25, 9],
			"faces": {
				"north": {"uv": [0, 0.5, 16, 16], "texture": "#5"},
				"east": {"uv": [0, 0.5, 16, 16], "texture": "#5"},
				"south": {"uv": [0, 0.5, 16, 16], "texture": "#5"},
				"west": {"uv": [0, 0.5, 16, 16], "texture": "#5"},
				"up": {"uv": [0, 0.5, 10, 10], "texture": "#5"},
				"down": {"uv": [0, 0, 8, 4], "texture": "#5"}
			}
		},
		{
			"from": [10, -2, 6],
			"to": [13, -1.5, 8],
			"rotation": {"angle": 45, "axis": "z", "origin": [0, 0, 0]},
			"faces": {
				"north": {"uv": [9, 0, 12, 3], "texture": "#6"},
				"east": {"uv": [9, 0, 12, 3], "texture": "#6"},
				"south": {"uv": [9, 0, 12, 3], "texture": "#6"},
				"west": {"uv": [9, 0, 12, 3], "texture": "#6"},
				"up": {"uv": [9, 0, 12, 3], "texture": "#6"},
				"down": {"uv": [8, 0, 13, 2.5], "texture": "#6"}
			}
		},
		{
			"from": [7, 7, 4.5],
			"to": [9, 7.5, 6.5],
			"faces": {
				"north": {"uv": [9, 0, 12, 3], "texture": "#6"},
				"east": {"uv": [9, 0, 12, 3], "texture": "#6"},
				"south": {"uv": [9, 0, 12, 3], "texture": "#6"},
				"west": {"uv": [9, 0, 12, 3], "texture": "#6"},
				"up": {"uv": [9, 0, 12, 3], "texture": "#6"},
				"down": {"uv": [8, 0, 13, 2.5], "texture": "#6"}
			}
		},
		{
			"from": [7, 6, 3],
			"to": [10, 6.75, 4],
			"faces": {
				"north": {"uv": [0, 0.5, 16, 16], "texture": "#5"},
				"east": {"uv": [0, 0.5, 16, 16], "texture": "#5"},
				"south": {"uv": [0, 0.5, 16, 16], "texture": "#5"},
				"west": {"uv": [0, 0.5, 16, 16], "texture": "#5"},
				"up": {"uv": [0, 0.5, 16, 16], "texture": "#5"},
				"down": {"uv": [0, 0, 8, 4], "texture": "#5"}
			}
		},
		{
			"from": [9, 7, 2.5],
			"to": [9.5, 7.5, 2.75],
			"rotation": {"angle": -22.5, "axis": "y", "origin": [0, 0, 0]},
			"faces": {
				"north": {"uv": [0, 0.5, 16, 16], "texture": "#4"},
				"east": {"uv": [0, 0.5, 16, 16], "texture": "#4"},
				"south": {"uv": [0, 0.5, 16, 16], "texture": "#4"},
				"west": {"uv": [0, 0.5, 16, 16], "texture": "#4"},
				"up": {"uv": [0, 0.5, 16, 16], "texture": "#4"},
				"down": {"uv": [0, 0, 8, 4], "texture": "#4"}
			}
		},
		{
			"from": [9, 7, 2.5],
			"to": [10, 7.75, 3.25],
			"rotation": {"angle": -22.5, "axis": "y", "origin": [0, 0, 0]},
			"faces": {
				"north": {"uv": [0, 0.5, 16, 16], "texture": "#0"},
				"east": {"uv": [0, 0.5, 16, 16], "texture": "#0"},
				"south": {"uv": [0, 0.5, 16, 16], "texture": "#0"},
				"west": {"uv": [0, 0.5, 16, 16], "texture": "#0"},
				"up": {"uv": [0, 0.5, 16, 16], "texture": "#0"},
				"down": {"uv": [0, 0, 8, 4], "texture": "#0"}
			}
		},
		{
			"from": [8, 4, 4.5],
			"to": [8.75, 4.5, 5],
			"rotation": {"angle": 22.5, "axis": "z", "origin": [0, 0, 0]},
			"faces": {
				"north": {"uv": [0, 0.5, 16, 16], "texture": "#0"},
				"east": {"uv": [0, 0.5, 16, 16], "texture": "#0"},
				"south": {"uv": [0, 0.5, 16, 16], "texture": "#0"},
				"west": {"uv": [0, 0.5, 16, 16], "texture": "#0"},
				"up": {"uv": [0, 0.5, 16, 16], "texture": "#0"},
				"down": {"uv": [0, 0, 8, 4], "texture": "#0"}
			}
		},
		{
			"from": [9, 4, 8.5],
			"to": [9.5, 4.5, 9.5],
			"rotation": {"angle": -22.5, "axis": "x", "origin": [0, 0, 0]},
			"faces": {
				"north": {"uv": [0, 0.5, 16, 16], "texture": "#0"},
				"east": {"uv": [0, 0.5, 16, 16], "texture": "#0"},
				"south": {"uv": [0, 0.5, 16, 16], "texture": "#0"},
				"west": {"uv": [0, 0.5, 16, 16], "texture": "#0"},
				"up": {"uv": [0, 0.5, 16, 16], "texture": "#0"},
				"down": {"uv": [0, 0, 8, 4], "texture": "#0"}
			}
		},
		{
			"from": [10, 4, 7.5],
			"to": [10.5, 4.5, 8],
			"rotation": {"angle": -22.5, "axis": "x", "origin": [0, 0, 0]},
			"faces": {
				"north": {"uv": [0, 0.5, 16, 16], "texture": "#0"},
				"east": {"uv": [0, 0.5, 16, 16], "texture": "#0"},
				"south": {"uv": [0, 0.5, 16, 16], "texture": "#0"},
				"west": {"uv": [0, 0.5, 16, 16], "texture": "#0"},
				"up": {"uv": [0, 0.5, 16, 16], "texture": "#0"},
				"down": {"uv": [0, 0, 8, 4], "texture": "#0"}
			}
		},
		{
			"from": [8, 4.75, 6.5],
			"to": [9, 5.25, 7.25],
			"rotation": {"angle": -22.5, "axis": "x", "origin": [0, 0, 0]},
			"faces": {
				"north": {"uv": [0, 0.5, 16, 16], "texture": "#0"},
				"east": {"uv": [0, 0.5, 16, 16], "texture": "#0"},
				"south": {"uv": [0, 0.5, 16, 16], "texture": "#0"},
				"west": {"uv": [0, 0.5, 16, 16], "texture": "#0"},
				"up": {"uv": [0, 0.5, 16, 16], "texture": "#0"},
				"down": {"uv": [0, 0, 8, 4], "texture": "#0"}
			}
		},
		{
			"from": [4, 7, 10.5],
			"to": [5, 7.5, 11.25],
			"rotation": {"angle": 22.5, "axis": "y", "origin": [0, 0, 0]},
			"faces": {
				"north": {"uv": [0, 0.5, 16, 16], "texture": "#0"},
				"east": {"uv": [0, 0.5, 16, 16], "texture": "#0"},
				"south": {"uv": [0, 0.5, 16, 16], "texture": "#0"},
				"west": {"uv": [0, 0.5, 16, 16], "texture": "#0"},
				"up": {"uv": [0, 0.5, 16, 16], "texture": "#0"},
				"down": {"uv": [0, 0, 8, 4], "texture": "#0"}
			}
		},
		{
			"from": [9, 7, 7],
			"to": [9.25, 7.5, 7.5],
			"faces": {
				"north": {"uv": [0, 0.5, 16, 16], "texture": "#4"},
				"east": {"uv": [0, 0.5, 16, 16], "texture": "#4"},
				"south": {"uv": [0, 0.5, 16, 16], "texture": "#4"},
				"west": {"uv": [0, 0.5, 16, 16], "texture": "#4"},
				"up": {"uv": [0, 0.5, 16, 16], "texture": "#4"},
				"down": {"uv": [0, 0, 8, 4], "texture": "#4"}
			}
		},
		{
			"from": [10, 7, 3],
			"to": [10.25, 7.5, 3.5],
			"rotation": {"angle": -22.5, "axis": "y", "origin": [0, 0, 0]},
			"faces": {
				"north": {"uv": [0, 0.5, 16, 16], "texture": "#4"},
				"east": {"uv": [0, 0.5, 16, 16], "texture": "#4"},
				"south": {"uv": [0, 0.5, 16, 16], "texture": "#4"},
				"west": {"uv": [0, 0.5, 16, 16], "texture": "#4"},
				"up": {"uv": [0, 0.5, 16, 16], "texture": "#4"},
				"down": {"uv": [0, 0, 8, 4], "texture": "#4"}
			}
		},
		{
			"from": [3, 7, 10],
			"to": [3.25, 7.5, 10.5],
			"rotation": {"angle": 45, "axis": "y", "origin": [0, 0, 0]},
			"faces": {
				"north": {"uv": [0, 0.5, 16, 16], "texture": "#4"},
				"east": {"uv": [0, 0.5, 16, 16], "texture": "#4"},
				"south": {"uv": [0, 0.5, 16, 16], "texture": "#4"},
				"west": {"uv": [0, 0.5, 16, 16], "texture": "#4"},
				"up": {"uv": [0, 0.5, 16, 16], "texture": "#4"},
				"down": {"uv": [0, 0, 8, 4], "texture": "#4"}
			}
		},
		{
			"from": [7, 6, 9],
			"to": [10, 6.75, 10],
			"faces": {
				"north": {"uv": [0, 0.5, 16, 16], "texture": "#5"},
				"east": {"uv": [0, 0.5, 16, 16], "texture": "#5"},
				"south": {"uv": [0, 0.5, 16, 16], "texture": "#5"},
				"west": {"uv": [0, 0.5, 16, 16], "texture": "#5"},
				"up": {"uv": [0, 0.5, 16, 16], "texture": "#5"},
				"down": {"uv": [0, 0, 8, 4], "texture": "#5"}
			}
		}
	],
	"display": {
		"ground": {
			"scale": [1.2, 1.2, 1.2]
		},
		"gui": {
			"rotation": [25, 0, 0],
			"scale": [2, 2, 2]
		},
		"fixed": {
			"rotation": [-91, 0, 0],
			"translation": [0, 0, -4],
			"scale": [2, 2, 2]
		}
	}
}