{
	"credit": "Made with Blockbench",
	"textures": {
		"3": "block/brown_mushroom_block",
		"particle": "block/red_terracotta"
	},
	"elements": [
		{
			"from": [2.5, 4, 5.5],
			"to": [12.5, 4.75, 6.5],
			"faces": {
				"north": {"uv": [5, 0, 10.5, 16], "texture": "#3"},
				"east": {"uv": [2.5, 0, 4.5, 14.5], "texture": "#3"},
				"south": {"uv": [0, 0, 2, 2], "texture": "#3"},
				"west": {"uv": [11, 0, 13, 16], "texture": "#3"},
				"up": {"uv": [0, 0, 2, 2], "texture": "#3"},
				"down": {"uv": [0, 0, 8, 4], "texture": "#3"}
			}
		},
		{
			"from": [2.5, 1.25, 5.5],
			"to": [12.5, 2, 6.5],
			"faces": {
				"north": {"uv": [5, 0, 10.5, 16], "texture": "#3"},
				"east": {"uv": [2.5, 0, 4.5, 14.5], "texture": "#3"},
				"south": {"uv": [0, 0, 2, 2], "texture": "#3"},
				"west": {"uv": [11, 0, 13, 16], "texture": "#3"},
				"up": {"uv": [0, 0, 2, 2], "texture": "#3"},
				"down": {"uv": [0, 0, 8, 4], "texture": "#3"}
			}
		},
		{
			"from": [2.5, 2, 4.5],
			"to": [12.5, 4, 7.5],
			"faces": {
				"north": {"uv": [5, 0, 10.5, 16], "texture": "#3"},
				"east": {"uv": [2.5, 0, 4.5, 14.5], "texture": "#3"},
				"south": {"uv": [0, 0, 2, 2], "texture": "#3"},
				"west": {"uv": [11, 0, 13, 16], "texture": "#3"},
				"up": {"uv": [0, 0, 2, 2], "texture": "#3"},
				"down": {"uv": [0, 0, 8, 4], "texture": "#3"}
			}
		},
		{
			"from": [-1.5, 3, 5],
			"to": [1.5, 5, 7],
			"rotation": {"angle": -22.5, "axis": "z", "origin": [0, 0, 0]},
			"faces": {
				"north": {"uv": [5, 0, 10.5, 16], "texture": "#3"},
				"east": {"uv": [2.5, 0, 4.5, 14.5], "texture": "#3"},
				"south": {"uv": [0, 0, 2, 2], "texture": "#3"},
				"west": {"uv": [11, 0, 13, 16], "texture": "#3"},
				"up": {"uv": [0, 0, 2, 2], "texture": "#3"},
				"down": {"uv": [0, 0, 8, 4], "texture": "#3"}
			}
		},
		{
			"from": [-0.5, 2.5, 5.5],
			"to": [1.5, 3.5, 6.5],
			"rotation": {"angle": -22.5, "axis": "z", "origin": [0, 0, 0]},
			"faces": {
				"north": {"uv": [5, 0, 10.5, 16], "texture": "#3"},
				"east": {"uv": [2.5, 0, 4.5, 14.5], "texture": "#3"},
				"south": {"uv": [0, 0, 2, 2], "texture": "#3"},
				"west": {"uv": [11, 0, 13, 16], "texture": "#3"},
				"up": {"uv": [0, 0, 2, 2], "texture": "#3"},
				"down": {"uv": [0, 0, 8, 4], "texture": "#3"}
			}
		},
		{
			"from": [-0.5, 4.5, 5.5],
			"to": [1.5, 5.5, 6.5],
			"rotation": {"angle": -22.5, "axis": "z", "origin": [0, 0, 0]},
			"faces": {
				"north": {"uv": [5, 0, 10.5, 16], "texture": "#3"},
				"east": {"uv": [2.5, 0, 4.5, 14.5], "texture": "#3"},
				"south": {"uv": [0, 0, 2, 2], "texture": "#3"},
				"west": {"uv": [11, 0, 13, 16], "texture": "#3"},
				"up": {"uv": [0, 0, 2, 2], "texture": "#3"},
				"down": {"uv": [0, 0, 8, 4], "texture": "#3"}
			}
		},
		{
			"from": [14, 3.5, 5],
			"to": [17, 5.5, 7],
			"rotation": {"angle": 22.5, "axis": "z", "origin": [16, 0, 0]},
			"faces": {
				"north": {"uv": [10.5, 0, 5, 16], "texture": "#3"},
				"east": {"uv": [13, 0, 11, 16], "texture": "#3"},
				"south": {"uv": [2, 0, 0, 2], "texture": "#3"},
				"west": {"uv": [4.5, 0, 2.5, 14.5], "texture": "#3"},
				"up": {"uv": [2, 0, 0, 2], "texture": "#3"},
				"down": {"uv": [8, 0, 0, 4], "texture": "#3"}
			}
		},
		{
			"from": [14, 5, 5.5],
			"to": [16, 6, 6.5],
			"rotation": {"angle": 22.5, "axis": "z", "origin": [16, 0, 0]},
			"faces": {
				"north": {"uv": [10.5, 0, 5, 16], "texture": "#3"},
				"east": {"uv": [13, 0, 11, 16], "texture": "#3"},
				"south": {"uv": [2, 0, 0, 2], "texture": "#3"},
				"west": {"uv": [4.5, 0, 2.5, 14.5], "texture": "#3"},
				"up": {"uv": [2, 0, 0, 2], "texture": "#3"},
				"down": {"uv": [8, 0, 0, 4], "texture": "#3"}
			}
		},
		{
			"from": [14, 3, 5.5],
			"to": [16, 4, 6.5],
			"rotation": {"angle": 22.5, "axis": "z", "origin": [16, 0, 0]},
			"faces": {
				"north": {"uv": [10.5, 0, 5, 16], "texture": "#3"},
				"east": {"uv": [13, 0, 11, 16], "texture": "#3"},
				"south": {"uv": [2, 0, 0, 2], "texture": "#3"},
				"west": {"uv": [4.5, 0, 2.5, 14.5], "texture": "#3"},
				"up": {"uv": [2, 0, 0, 2], "texture": "#3"},
				"down": {"uv": [8, 0, 0, 4], "texture": "#3"}
			}
		},
		{
			"from": [3.5, 2, 7.5],
			"to": [13.5, 4, 10.5],
			"rotation": {"angle": 0, "axis": "y", "origin": [1, 0, 3]},
			"faces": {
				"north": {"uv": [5, 0, 10.5, 16], "texture": "#3"},
				"east": {"uv": [2.5, 0, 4.5, 14.5], "texture": "#3"},
				"south": {"uv": [0, 0, 2, 2], "texture": "#3"},
				"west": {"uv": [11, 0, 13, 16], "texture": "#3"},
				"up": {"uv": [0, 0, 2, 2], "texture": "#3"},
				"down": {"uv": [0, 0, 8, 4], "texture": "#3"}
			}
		},
		{
			"from": [3.5, 4, 8.5],
			"to": [13.5, 4.75, 9.5],
			"rotation": {"angle": 0, "axis": "y", "origin": [1, 0, 3]},
			"faces": {
				"north": {"uv": [5, 0, 10.5, 16], "texture": "#3"},
				"east": {"uv": [2.5, 0, 4.5, 14.5], "texture": "#3"},
				"south": {"uv": [0, 0, 2, 2], "texture": "#3"},
				"west": {"uv": [11, 0, 13, 16], "texture": "#3"},
				"up": {"uv": [0, 0, 2, 2], "texture": "#3"},
				"down": {"uv": [0, 0, 8, 4], "texture": "#3"}
			}
		},
		{
			"from": [3.5, 1.25, 8.5],
			"to": [13.5, 2, 9.5],
			"rotation": {"angle": 0, "axis": "y", "origin": [1, 0, 3]},
			"faces": {
				"north": {"uv": [5, 0, 10.5, 16], "texture": "#3"},
				"east": {"uv": [2.5, 0, 4.5, 14.5], "texture": "#3"},
				"south": {"uv": [0, 0, 2, 2], "texture": "#3"},
				"west": {"uv": [11, 0, 13, 16], "texture": "#3"},
				"up": {"uv": [0, 0, 2, 2], "texture": "#3"},
				"down": {"uv": [0, 0, 8, 4], "texture": "#3"}
			}
		},
		{
			"from": [-0.5, 3, 8],
			"to": [2.5, 5, 10],
			"rotation": {"angle": -22.5, "axis": "z", "origin": [1, 0, 3]},
			"faces": {
				"north": {"uv": [5, 0, 10.5, 16], "texture": "#3"},
				"east": {"uv": [2.5, 0, 4.5, 14.5], "texture": "#3"},
				"south": {"uv": [0, 0, 2, 2], "texture": "#3"},
				"west": {"uv": [11, 0, 13, 16], "texture": "#3"},
				"up": {"uv": [0, 0, 2, 2], "texture": "#3"},
				"down": {"uv": [0, 0, 8, 4], "texture": "#3"}
			}
		},
		{
			"from": [0.5, 2.5, 8.5],
			"to": [2.5, 3.5, 9.5],
			"rotation": {"angle": -22.5, "axis": "z", "origin": [1, 0, 3]},
			"faces": {
				"north": {"uv": [5, 0, 10.5, 16], "texture": "#3"},
				"east": {"uv": [2.5, 0, 4.5, 14.5], "texture": "#3"},
				"south": {"uv": [0, 0, 2, 2], "texture": "#3"},
				"west": {"uv": [11, 0, 13, 16], "texture": "#3"},
				"up": {"uv": [0, 0, 2, 2], "texture": "#3"},
				"down": {"uv": [0, 0, 8, 4], "texture": "#3"}
			}
		},
		{
			"from": [0.5, 4.5, 8.5],
			"to": [2.5, 5.5, 9.5],
			"rotation": {"angle": -22.5, "axis": "z", "origin": [1, 0, 3]},
			"faces": {
				"north": {"uv": [5, 0, 10.5, 16], "texture": "#3"},
				"east": {"uv": [2.5, 0, 4.5, 14.5], "texture": "#3"},
				"south": {"uv": [0, 0, 2, 2], "texture": "#3"},
				"west": {"uv": [11, 0, 13, 16], "texture": "#3"},
				"up": {"uv": [0, 0, 2, 2], "texture": "#3"},
				"down": {"uv": [0, 0, 8, 4], "texture": "#3"}
			}
		}
	],
	"display": {
		"thirdperson_righthand": {
			"translation": [0, 4, 0],
			"scale": [0.75, 0.75, 0.75]
		},
		"thirdperson_lefthand": {
			"translation": [0, 4, 0],
			"scale": [0.75, 0.75, 0.75]
		},
		"firstperson_righthand": {
			"rotation": [0, 119, 0],
			"translation": [0, 0, -4]
		},
		"firstperson_lefthand": {
			"rotation": [0, 94, 0],
			"translation": [0, 0, -2]
		},
		"ground": {
			"rotation": [0, 0, 4],
			"scale": [0.8, 0.8, 0.8]
		},
		"gui": {
			"rotation": [29, 29, 4],
			"scale": [1.2, 1.2, 1.2]
		},
		"head": {
			"translation": [0, 3, 0]
		},
		"fixed": {
			"rotation": [-91, 0, 0],
			"translation": [0, 0, -4],
			"scale": [2, 2, 2]
		}
	}
}