{
	"credit": "Made with Blockbench",
	"textures": {
		"0": "custom/schedule1",
		"1": "block/white_wool",
		"particle": "custom/schedule1"
	},
	"elements": [
		{
			"from": [2, 3, 7.6],
			"to": [14, 13, 9.6],
			"rotation": {"angle": 0, "axis": "y", "origin": [-1, 2, -0.4]},
			"faces": {
				"north": {"uv": [0, 0, 16, 16], "texture": "#0"},
				"east": {"uv": [0, 0, 2, 16], "texture": "#1"},
				"south": {"uv": [0, 0, 3, 2], "texture": "#1"},
				"west": {"uv": [0, 0, 2, 16], "texture": "#1"},
				"up": {"uv": [0, 0, 16, 2], "texture": "#1"},
				"down": {"uv": [0, 0, 16, 2], "texture": "#1"}
			}
		}
	],
	"display": {
		"firstperson_righthand": {
			"rotation": [-20, 180, 0],
			"translation": [-6, 9, 0]
		},
		"firstperson_lefthand": {
			"rotation": [-20, -180, 0],
			"translation": [-6, 9, 0]
		},
		"ground": {
			"rotation": [90, 0, 0]
		},
		"gui": {
			"rotation": [3, 140, 0],
			"translation": [0, 2, 0],
			"scale": [1.5, 1.5, 1]
		},
		"fixed": {
			"scale": [3, 3, 3]
		}
	}
}