{
	"credit": "Made with Blockbench",
	"textures": {
		"0": "block/light_gray_wool",
		"2": "block/gray_concrete",
		"3": "block/terracotta",
		"4": "block/cactus_side",
		"particle": "block/light_gray_wool"
	},
	"elements": [
		{
			"from": [17, 0, 1],
			"to": [18, 15, 15],
			"faces": {
				"north": {"uv": [0, 0, 4, 3], "texture": "#2"},
				"east": {"uv": [2, 2, 14, 14], "texture": "#2"},
				"south": {"uv": [0, 0, 4, 3], "texture": "#0"},
				"west": {"uv": [0, 0, 4, 3], "texture": "#0"},
				"up": {"uv": [0, 0, 2, 2], "texture": "#2"},
				"down": {"uv": [0, 0, 2, 2], "texture": "#0"}
			}
		},
		{
			"from": [3, 2, 14],
			"to": [17, 15, 15],
			"faces": {
				"north": {"uv": [0, 0, 2, 2], "texture": "#0"},
				"east": {"uv": [0, 0, 4, 3], "texture": "#0"},
				"south": {"uv": [0, 0, 4, 3], "texture": "#0"},
				"west": {"uv": [0, 0, 4, 3], "texture": "#0"},
				"up": {"uv": [0, 0, 2, 2], "texture": "#0"},
				"down": {"uv": [0, 0, 2, 2], "texture": "#0"}
			}
		},
		{
			"from": [2, 0, 1],
			"to": [3, 15, 15],
			"faces": {
				"north": {"uv": [0, 0, 4, 3], "texture": "#2"},
				"east": {"uv": [0, 0, 4, 3], "texture": "#0"},
				"south": {"uv": [0, 0, 4, 3], "texture": "#0"},
				"west": {"uv": [2, 2, 14, 14], "texture": "#2"},
				"up": {"uv": [0, 0, 2, 2], "texture": "#2"},
				"down": {"uv": [0, 0, 2, 2], "texture": "#0"}
			}
		},
		{
			"from": [3, 0, 1],
			"to": [17, 2, 15],
			"faces": {
				"north": {"uv": [3, 7, 12, 9], "texture": "#2"},
				"east": {"uv": [0, 0, 4, 3], "texture": "#0"},
				"south": {"uv": [0, 0, 4, 3], "texture": "#0"},
				"west": {"uv": [0, 0, 4, 3], "texture": "#0"},
				"up": {"uv": [0, 0, 2, 2], "texture": "#0"},
				"down": {"uv": [0, 0, 2, 2], "texture": "#0"}
			}
		},
		{
			"from": [3, 13, 1],
			"to": [17, 15, 15],
			"faces": {
				"north": {"uv": [1, 1, 4, 3], "texture": "#2"},
				"east": {"uv": [0, 0, 4, 3], "texture": "#0"},
				"south": {"uv": [0, 0, 4, 3], "texture": "#0"},
				"west": {"uv": [0, 0, 4, 3], "texture": "#0"},
				"up": {"uv": [0, 0, 2, 2], "texture": "#2"},
				"down": {"uv": [0, 0, 2, 2], "texture": "#0"}
			}
		},
		{
			"from": [-2, 14, 1],
			"to": [-1, 29, 15],
			"faces": {
				"north": {"uv": [0, 0, 4, 3], "texture": "#2"},
				"east": {"uv": [0, 0, 4, 3], "texture": "#0"},
				"south": {"uv": [0, 0, 4, 3], "texture": "#0"},
				"west": {"uv": [2, 2, 14, 14], "texture": "#2"},
				"up": {"uv": [0, 0, 2, 2], "texture": "#2"},
				"down": {"uv": [0, 0, 2, 2], "texture": "#0"}
			}
		},
		{
			"from": [13, 14, 1],
			"to": [14, 29, 15],
			"faces": {
				"north": {"uv": [0, 0, 4, 3], "texture": "#2"},
				"east": {"uv": [2, 2, 14, 14], "texture": "#2"},
				"south": {"uv": [0, 0, 4, 3], "texture": "#0"},
				"west": {"uv": [0, 0, 4, 3], "texture": "#0"},
				"up": {"uv": [0, 0, 2, 2], "texture": "#2"},
				"down": {"uv": [0, 0, 2, 2], "texture": "#0"}
			}
		},
		{
			"from": [-1, 14, 1],
			"to": [13, 16, 15],
			"faces": {
				"north": {"uv": [3, 7, 12, 9], "texture": "#2"},
				"east": {"uv": [0, 0, 4, 3], "texture": "#0"},
				"south": {"uv": [0, 0, 4, 3], "texture": "#0"},
				"west": {"uv": [0, 0, 4, 3], "texture": "#0"},
				"up": {"uv": [0, 0, 2, 2], "texture": "#0"},
				"down": {"uv": [0, 0, 2, 2], "texture": "#0"}
			}
		},
		{
			"from": [14.75, 15, 3],
			"to": [17.75, 18, 6],
			"faces": {
				"north": {"uv": [3, 7, 12, 9], "texture": "#3"},
				"east": {"uv": [0, 0, 4, 3], "texture": "#3"},
				"south": {"uv": [0, 0, 4, 3], "texture": "#3"},
				"west": {"uv": [0, 0, 4, 3], "texture": "#3"},
				"up": {"uv": [0, 0, 2, 2], "texture": "#3"},
				"down": {"uv": [0, 0, 2, 2], "texture": "#3"}
			}
		},
		{
			"from": [15.25, 18, 3.5],
			"to": [17.25, 21, 5.5],
			"faces": {
				"north": {"uv": [1, 0, 15, 16], "texture": "#4"},
				"east": {"uv": [1, 0, 15, 16], "texture": "#4"},
				"south": {"uv": [1, 0, 15, 16], "texture": "#4"},
				"west": {"uv": [1, 0, 15, 16], "texture": "#4"},
				"up": {"uv": [1, 0, 15, 16], "texture": "#4"},
				"down": {"uv": [0, 0, 2, 2], "texture": "#4"}
			}
		},
		{
			"from": [-1, 16, 14],
			"to": [13, 29, 15],
			"faces": {
				"north": {"uv": [0, 0, 2, 2], "texture": "#0"},
				"east": {"uv": [0, 0, 4, 3], "texture": "#0"},
				"south": {"uv": [0, 0, 4, 3], "texture": "#0"},
				"west": {"uv": [0, 0, 4, 3], "texture": "#0"},
				"up": {"uv": [0, 0, 2, 2], "texture": "#0"},
				"down": {"uv": [0, 0, 2, 2], "texture": "#0"}
			}
		},
		{
			"from": [-1, 27, 1],
			"to": [13, 29, 15],
			"faces": {
				"north": {"uv": [1, 1, 4, 3], "texture": "#2"},
				"east": {"uv": [0, 0, 4, 3], "texture": "#0"},
				"south": {"uv": [0, 0, 4, 3], "texture": "#0"},
				"west": {"uv": [0, 0, 4, 3], "texture": "#0"},
				"up": {"uv": [0, 0, 2, 2], "texture": "#2"},
				"down": {"uv": [0, 0, 2, 2], "texture": "#0"}
			}
		}
	],
	"display": {
		"fixed": {
			"rotation": [-90, 0, 0],
			"translation": [0, 0, -14],
			"scale": [2, 2, 2]
		}
	}
}