{
	"credit": "Made with Blockbench",
	"textures": {
		"0": "block/oak_planks",
		"2": "block/stripped_oak_log_top",
		"3": "block/lime_terracotta",
		"4": "block/white_wool",
		"5": "block/red_wool",
		"6": "block/light_blue_terracotta",
		"7": "block/orange_concrete_powder",
		"8": "block/light_gray_concrete",
		"9": "block/yellow_terracotta",
		"10": "block/gray_wool",
		"11": "block/cobweb",
		"particle": "block/oak_planks"
	},
	"elements": [
		{
			"from": [-12, 2, 1],
			"to": [-11, 18, 15],
			"faces": {
				"north": {"uv": [0, 0, 4, 3], "texture": "#0"},
				"east": {"uv": [0, 0, 4, 3], "texture": "#0"},
				"south": {"uv": [0, 0, 4, 3], "texture": "#0"},
				"west": {"uv": [3, 4, 6, 7], "texture": "#2"},
				"up": {"uv": [0, 0, 2, 2], "texture": "#0"},
				"down": {"uv": [0, 0, 2, 2], "texture": "#0"}
			}
		},
		{
			"from": [-11, 2, 14],
			"to": [15, 18, 15],
			"faces": {
				"north": {"uv": [0, 0, 4, 3], "texture": "#0"},
				"east": {"uv": [0, 0, 4, 3], "texture": "#0"},
				"south": {"uv": [0, 0, 4, 3], "texture": "#0"},
				"west": {"uv": [2, 2, 14, 14], "texture": "#2"},
				"up": {"uv": [0, 0, 2, 2], "texture": "#0"},
				"down": {"uv": [0, 0, 2, 2], "texture": "#0"}
			}
		},
		{
			"from": [15, 2, 1],
			"to": [16, 18, 15],
			"faces": {
				"north": {"uv": [0, 0, 4, 3], "texture": "#0"},
				"east": {"uv": [6, 7, 9, 10], "texture": "#2"},
				"south": {"uv": [0, 0, 4, 3], "texture": "#0"},
				"west": {"uv": [0, 0, 4, 3], "texture": "#0"},
				"up": {"uv": [0, 0, 2, 2], "texture": "#0"},
				"down": {"uv": [0, 0, 2, 2], "texture": "#0"}
			}
		},
		{
			"from": [-12, 0, 1],
			"to": [16, 2, 15],
			"faces": {
				"north": {"uv": [1, 1, 4, 3], "texture": "#0"},
				"east": {"uv": [0, 0, 4, 3], "texture": "#0"},
				"south": {"uv": [0, 0, 4, 3], "texture": "#0"},
				"west": {"uv": [0, 0, 4, 3], "texture": "#0"},
				"up": {"uv": [0, 0, 2, 2], "texture": "#0"},
				"down": {"uv": [0, 0, 2, 2], "texture": "#0"}
			}
		},
		{
			"from": [5.5, 1, 3],
			"to": [7.5, 12, 13],
			"faces": {
				"north": {"uv": [1, 1, 4, 3], "texture": "#3"},
				"east": {"uv": [0, 0, 4, 3], "texture": "#3"},
				"south": {"uv": [0, 0, 4, 3], "texture": "#3"},
				"west": {"uv": [0, 0, 4, 3], "texture": "#3"},
				"up": {"uv": [0, 0, 16, 6], "texture": "#4"},
				"down": {"uv": [0, 0, 2, 2], "texture": "#3"}
			}
		},
		{
			"from": [3, 2, 3],
			"to": [5, 11, 13],
			"faces": {
				"north": {"uv": [1, 1, 4, 3], "texture": "#5"},
				"east": {"uv": [0, 0, 4, 3], "texture": "#5"},
				"south": {"uv": [0, 0, 4, 3], "texture": "#5"},
				"west": {"uv": [0, 0, 4, 3], "texture": "#5"},
				"up": {"uv": [0, 0, 16, 6], "texture": "#4"},
				"down": {"uv": [0, 0, 2, 2], "texture": "#5"}
			}
		},
		{
			"from": [1, 2, 2.5],
			"to": [3, 12.5, 12.5],
			"faces": {
				"north": {"uv": [1, 1, 4, 3], "texture": "#6"},
				"east": {"uv": [0, 0, 4, 3], "texture": "#6"},
				"south": {"uv": [0, 0, 4, 3], "texture": "#6"},
				"west": {"uv": [0, 0, 4, 3], "texture": "#6"},
				"up": {"uv": [0, 0, 16, 6], "texture": "#4"},
				"down": {"uv": [0, 0, 2, 2], "texture": "#6"}
			}
		},
		{
			"from": [-11, 2, 2.5],
			"to": [-9, 12, 12.5],
			"faces": {
				"north": {"uv": [1, 1, 4, 3], "texture": "#3"},
				"east": {"uv": [0, 0, 4, 3], "texture": "#3"},
				"south": {"uv": [0, 0, 4, 3], "texture": "#3"},
				"west": {"uv": [0, 0, 4, 3], "texture": "#3"},
				"up": {"uv": [0, 0, 16, 6], "texture": "#4"},
				"down": {"uv": [0, 0, 2, 2], "texture": "#3"}
			}
		},
		{
			"from": [-8.5, 2, 3],
			"to": [-6.5, 6, 13],
			"faces": {
				"north": {"uv": [1, 1, 4, 3], "texture": "#9"},
				"east": {"uv": [0, 0, 4, 3], "texture": "#9"},
				"south": {"uv": [0, 0, 4, 3], "texture": "#9"},
				"west": {"uv": [0, 0, 4, 3], "texture": "#9"},
				"up": {"uv": [0, 0, 16, 6], "texture": "#9"},
				"down": {"uv": [0, 0, 2, 2], "texture": "#9"}
			}
		},
		{
			"from": [-9.5, 13, 3],
			"to": [-5.5, 16, 8],
			"faces": {
				"north": {"uv": [1, 1, 4, 3], "texture": "#4"},
				"east": {"uv": [0, 0, 4, 3], "texture": "#4"},
				"south": {"uv": [0, 0, 4, 3], "texture": "#4"},
				"west": {"uv": [0, 0, 4, 3], "texture": "#4"},
				"up": {"uv": [0, 0, 16, 6], "texture": "#4"},
				"down": {"uv": [0, 0, 2, 2], "texture": "#4"}
			}
		},
		{
			"from": [6.5, 13, 4],
			"to": [13.5, 15.5, 9],
			"faces": {
				"north": {"uv": [15, 9, 16, 10], "texture": "#10"},
				"east": {"uv": [15, 9, 16, 10], "texture": "#10"},
				"south": {"uv": [15, 9, 16, 10], "texture": "#10"},
				"west": {"uv": [15, 9, 16, 10], "texture": "#10"},
				"up": {"uv": [0, 0, 16, 6], "texture": "#10"},
				"down": {"uv": [0, 0, 2, 2], "texture": "#10"}
			}
		},
		{
			"from": [-4.5, 13, 2],
			"to": [-2.5, 14, 7],
			"faces": {
				"north": {"uv": [1, 1, 4, 3], "texture": "#10"},
				"east": {"uv": [0, 0, 4, 3], "texture": "#10"},
				"south": {"uv": [0, 0, 4, 3], "texture": "#10"},
				"west": {"uv": [0, 0, 4, 3], "texture": "#10"},
				"up": {"uv": [0, 0, 16, 6], "texture": "#10"},
				"down": {"uv": [0, 0, 2, 2], "texture": "#10"}
			}
		},
		{
			"from": [-9, 6, 3],
			"to": [-7, 11, 13],
			"faces": {
				"north": {"uv": [1, 1, 4, 3], "texture": "#9"},
				"east": {"uv": [0, 0, 4, 3], "texture": "#9"},
				"south": {"uv": [0, 0, 4, 3], "texture": "#9"},
				"west": {"uv": [0, 0, 4, 3], "texture": "#9"},
				"up": {"uv": [0, 0, 16, 6], "texture": "#4"},
				"down": {"uv": [0, 0, 2, 2], "texture": "#9"}
			}
		},
		{
			"from": [-5, 2, 3],
			"to": [2, 3, 13],
			"faces": {
				"north": {"uv": [1, 1, 16, 8], "texture": "#4"},
				"east": {"uv": [0, 0, 4, 3], "texture": "#8"},
				"south": {"uv": [0, 0, 4, 3], "texture": "#8"},
				"west": {"uv": [0, 0, 4, 3], "texture": "#8"},
				"up": {"uv": [0, 0, 16, 6], "texture": "#8"},
				"down": {"uv": [0, 0, 2, 2], "texture": "#8"}
			}
		},
		{
			"from": [9.5, 5, 1.5],
			"to": [11, 13, 11.5],
			"rotation": {"angle": -22.5, "axis": "z", "origin": [0, 0, 0]},
			"faces": {
				"north": {"uv": [3, 4, 5, 5], "texture": "#7"},
				"east": {"uv": [0, 0, 4, 3], "texture": "#7"},
				"south": {"uv": [0, 0, 4, 3], "texture": "#7"},
				"west": {"uv": [0, 0, 4, 3], "texture": "#7"},
				"up": {"uv": [0, 0, 16, 6], "texture": "#4"},
				"down": {"uv": [0, 0, 2, 2], "texture": "#7"}
			}
		},
		{
			"from": [-12, 18, 1],
			"to": [16, 19, 15],
			"faces": {
				"north": {"uv": [1, 1, 4, 3], "texture": "#0"},
				"east": {"uv": [0, 0, 4, 3], "texture": "#0"},
				"south": {"uv": [0, 0, 4, 3], "texture": "#0"},
				"west": {"uv": [0, 0, 4, 3], "texture": "#0"},
				"up": {"uv": [0, 0, 2, 2], "texture": "#0"},
				"down": {"uv": [0, 0, 2, 2], "texture": "#0"}
			}
		},
		{
			"from": [-9, 19, 2],
			"to": [12, 19.1, 14],
			"faces": {
				"north": {"uv": [1, 1, 4, 3], "texture": "#11"},
				"east": {"uv": [0, 0, 4, 3], "texture": "#11"},
				"south": {"uv": [0, 0, 4, 3], "texture": "#11"},
				"west": {"uv": [0, 0, 4, 3], "texture": "#11"},
				"up": {"uv": [2, 1, 14, 14], "texture": "#11"},
				"down": {"uv": [0, 0, 2, 2], "texture": "#11"}
			}
		},
		{
			"from": [-6, 19, 2],
			"to": [14, 19.1, 14],
			"faces": {
				"north": {"uv": [1, 1, 4, 3], "texture": "#11"},
				"east": {"uv": [0, 0, 4, 3], "texture": "#11"},
				"south": {"uv": [0, 0, 4, 3], "texture": "#11"},
				"west": {"uv": [0, 0, 4, 3], "texture": "#11"},
				"up": {"uv": [2, 1, 14, 14], "texture": "#11"},
				"down": {"uv": [0, 0, 2, 2], "texture": "#11"}
			}
		},
		{
			"from": [12, 19, 2],
			"to": [13, 19.1, 14],
			"faces": {
				"north": {"uv": [1, 1, 4, 3], "texture": "#4"},
				"east": {"uv": [0, 0, 4, 3], "texture": "#4"},
				"south": {"uv": [0, 0, 4, 3], "texture": "#4"},
				"west": {"uv": [0, 0, 4, 3], "texture": "#4"},
				"up": {"uv": [2, 1, 14, 14], "texture": "#4"},
				"down": {"uv": [0, 0, 2, 2], "texture": "#4"}
			}
		},
		{
			"from": [-9, 19, 3],
			"to": [-8, 19.1, 13],
			"faces": {
				"north": {"uv": [1, 1, 4, 3], "texture": "#4"},
				"east": {"uv": [0, 0, 4, 3], "texture": "#4"},
				"south": {"uv": [0, 0, 4, 3], "texture": "#4"},
				"west": {"uv": [0, 0, 4, 3], "texture": "#4"},
				"up": {"uv": [2, 1, 14, 14], "texture": "#4"},
				"down": {"uv": [0, 0, 2, 2], "texture": "#4"}
			}
		},
		{
			"from": [-11, 12, 1],
			"to": [15, 13, 15],
			"faces": {
				"north": {"uv": [1, 1, 4, 3], "texture": "#0"},
				"east": {"uv": [0, 0, 4, 3], "texture": "#0"},
				"south": {"uv": [0, 0, 4, 3], "texture": "#0"},
				"west": {"uv": [0, 0, 4, 3], "texture": "#0"},
				"up": {"uv": [0, 0, 2, 2], "texture": "#0"},
				"down": {"uv": [0, 0, 2, 2], "texture": "#0"}
			}
		}
	],
	"display": {
		"fixed": {
			"rotation": [-90, 0, 0],
			"translation": [0, 0, -14],
			"scale": [2, 2, 2]
		}
	}
}