{
	"credit": "Made with Blockbench",
	"textures": {
		"2": "block/light_gray_wool",
		"3": "block/light_blue_concrete",
		"4": "block/white_wool",
		"5": "block/daylight_detector_inverted_top",
		"6": "block/iron_trapdoor",
		"7": "block/gray_concrete",
		"8": "block/red_wool",
		"particle": "block/light_blue_concrete"
	},
	"elements": [
		{
			"from": [7.5, 0, 3],
			"to": [8.5, 26, 4],
			"rotation": {"angle": 0, "axis": "y", "origin": [0.5, 1, -0.5]},
			"faces": {
				"north": {"uv": [0, 3, 2, 5], "rotation": 180, "texture": "#2"},
				"east": {"uv": [0, 3, 2, 5], "rotation": 180, "texture": "#2"},
				"south": {"uv": [0, 3, 2, 5], "rotation": 180, "texture": "#2"},
				"west": {"uv": [0, 3, 2, 5], "rotation": 180, "texture": "#2"},
				"up": {"uv": [1, 3, 13, 4], "rotation": 180, "texture": "#2"},
				"down": {"uv": [0, 0, 4, 3], "rotation": 270, "texture": "#2"}
			}
		},
		{
			"from": [2, 1, 2],
			"to": [14, 2, 14],
			"rotation": {"angle": 0, "axis": "y", "origin": [0.5, 1, -0.5]},
			"faces": {
				"north": {"uv": [0, 3, 2, 5], "rotation": 180, "texture": "#4"},
				"east": {"uv": [0, 3, 2, 5], "rotation": 180, "texture": "#4"},
				"south": {"uv": [0, 3, 2, 5], "rotation": 180, "texture": "#4"},
				"west": {"uv": [0, 3, 2, 5], "rotation": 180, "texture": "#4"},
				"up": {"uv": [1, 3, 13, 4], "rotation": 180, "texture": "#4"},
				"down": {"uv": [0, 0, 4, 3], "rotation": 270, "texture": "#4"}
			}
		},
		{
			"from": [2, 1.1, 11],
			"to": [5, 2.1, 14],
			"rotation": {"angle": 0, "axis": "y", "origin": [0.5, 1, -0.5]},
			"faces": {
				"north": {"uv": [0, 3, 2, 5], "rotation": 180, "texture": "#7"},
				"east": {"uv": [0, 3, 2, 5], "rotation": 180, "texture": "#7"},
				"south": {"uv": [0, 3, 2, 5], "rotation": 180, "texture": "#7"},
				"west": {"uv": [0, 3, 2, 5], "rotation": 180, "texture": "#7"},
				"up": {"uv": [0, 0, 16, 16], "rotation": 180, "texture": "#7"},
				"down": {"uv": [0, 0, 4, 3], "rotation": 270, "texture": "#7"}
			}
		},
		{
			"from": [2, 1.2, 11],
			"to": [5, 2.2, 14],
			"rotation": {"angle": 0, "axis": "y", "origin": [0.5, 1, -0.5]},
			"faces": {
				"north": {"uv": [0, 3, 2, 5], "rotation": 180, "texture": "#6"},
				"east": {"uv": [0, 3, 2, 5], "rotation": 180, "texture": "#6"},
				"south": {"uv": [0, 3, 2, 5], "rotation": 180, "texture": "#6"},
				"west": {"uv": [0, 3, 2, 5], "rotation": 180, "texture": "#6"},
				"up": {"uv": [0, 0, 16, 16], "rotation": 180, "texture": "#6"},
				"down": {"uv": [0, 0, 16, 16], "rotation": 270, "texture": "#6"}
			}
		},
		{
			"from": [1, 0, 1],
			"to": [15, 3, 2],
			"rotation": {"angle": 0, "axis": "y", "origin": [0.5, 1, -0.5]},
			"faces": {
				"north": {"uv": [0, 3, 2, 5], "rotation": 180, "texture": "#2"},
				"east": {"uv": [0, 3, 2, 5], "rotation": 180, "texture": "#2"},
				"south": {"uv": [0, 3, 2, 5], "rotation": 180, "texture": "#4"},
				"west": {"uv": [0, 3, 2, 5], "rotation": 180, "texture": "#2"},
				"up": {"uv": [1, 3, 13, 4], "rotation": 180, "texture": "#2"},
				"down": {"uv": [0, 0, 4, 3], "rotation": 270, "texture": "#2"}
			}
		},
		{
			"from": [1, 0, 14],
			"to": [15, 3, 15],
			"rotation": {"angle": 0, "axis": "y", "origin": [0.5, 1, -0.5]},
			"faces": {
				"north": {"uv": [0, 3, 2, 5], "rotation": 180, "texture": "#4"},
				"east": {"uv": [0, 3, 2, 5], "rotation": 180, "texture": "#2"},
				"south": {"uv": [0, 3, 2, 5], "rotation": 180, "texture": "#2"},
				"west": {"uv": [0, 3, 2, 5], "rotation": 180, "texture": "#2"},
				"up": {"uv": [1, 3, 13, 4], "rotation": 180, "texture": "#2"},
				"down": {"uv": [0, 0, 4, 3], "rotation": 270, "texture": "#2"}
			}
		},
		{
			"from": [1, 0, 2],
			"to": [2, 3, 14],
			"rotation": {"angle": 0, "axis": "y", "origin": [0.5, 1, -0.5]},
			"faces": {
				"north": {"uv": [0, 3, 2, 5], "rotation": 180, "texture": "#2"},
				"east": {"uv": [0, 3, 2, 5], "rotation": 180, "texture": "#4"},
				"south": {"uv": [0, 3, 2, 5], "rotation": 180, "texture": "#2"},
				"west": {"uv": [0, 3, 2, 5], "rotation": 180, "texture": "#2"},
				"up": {"uv": [1, 3, 13, 4], "rotation": 180, "texture": "#2"},
				"down": {"uv": [0, 0, 4, 3], "rotation": 270, "texture": "#2"}
			}
		},
		{
			"from": [14, 0, 2],
			"to": [15, 3, 14],
			"rotation": {"angle": 0, "axis": "y", "origin": [0.5, 1, -0.5]},
			"faces": {
				"north": {"uv": [0, 3, 2, 5], "rotation": 180, "texture": "#2"},
				"east": {"uv": [0, 3, 2, 5], "rotation": 180, "texture": "#2"},
				"south": {"uv": [0, 3, 2, 5], "rotation": 180, "texture": "#2"},
				"west": {"uv": [0, 3, 2, 5], "rotation": 180, "texture": "#4"},
				"up": {"uv": [1, 3, 13, 4], "rotation": 180, "texture": "#2"},
				"down": {"uv": [0, 0, 4, 3], "rotation": 270, "texture": "#2"}
			}
		},
		{
			"from": [7.5, 28, 6],
			"to": [8.5, 29, 11],
			"rotation": {"angle": 0, "axis": "y", "origin": [0.5, -1, 0.5]},
			"faces": {
				"north": {"uv": [0, 3, 2, 5], "rotation": 180, "texture": "#2"},
				"east": {"uv": [0, 3, 2, 5], "rotation": 180, "texture": "#2"},
				"south": {"uv": [0, 3, 2, 5], "rotation": 180, "texture": "#2"},
				"west": {"uv": [0, 3, 2, 5], "rotation": 180, "texture": "#2"},
				"up": {"uv": [1, 3, 13, 4], "rotation": 180, "texture": "#2"},
				"down": {"uv": [0, 0, 4, 3], "rotation": 270, "texture": "#2"}
			}
		},
		{
			"from": [7.5, 20.5, 20.5],
			"to": [8.5, 22.5, 21.5],
			"rotation": {"angle": -22.5, "axis": "x", "origin": [0.5, -1, 0.5]},
			"faces": {
				"north": {"uv": [0, 3, 2, 5], "rotation": 180, "texture": "#2"},
				"east": {"uv": [0, 3, 2, 5], "rotation": 180, "texture": "#2"},
				"south": {"uv": [0, 3, 2, 5], "rotation": 180, "texture": "#2"},
				"west": {"uv": [0, 3, 2, 5], "rotation": 180, "texture": "#2"},
				"up": {"uv": [1, 3, 13, 4], "rotation": 180, "texture": "#2"},
				"down": {"uv": [0, 0, 4, 3], "rotation": 270, "texture": "#2"}
			}
		},
		{
			"from": [6, 26.5, 9],
			"to": [10, 27, 13],
			"rotation": {"angle": 0, "axis": "y", "origin": [0.5, -1, 0.5]},
			"faces": {
				"north": {"uv": [0, 3, 2, 5], "rotation": 180, "texture": "#4"},
				"east": {"uv": [0, 3, 2, 5], "rotation": 180, "texture": "#4"},
				"south": {"uv": [0, 3, 2, 5], "rotation": 180, "texture": "#4"},
				"west": {"uv": [0, 3, 2, 5], "rotation": 180, "texture": "#4"},
				"up": {"uv": [1, 3, 13, 4], "rotation": 180, "texture": "#4"},
				"down": {"uv": [0, 0, 16, 16], "rotation": 270, "texture": "#4"}
			}
		},
		{
			"from": [6, 26, 11],
			"to": [8, 26.5, 13],
			"rotation": {"angle": 0, "axis": "y", "origin": [0.5, -1, 0.5]},
			"faces": {
				"north": {"uv": [0, 3, 2, 5], "rotation": 180, "texture": "#2"},
				"east": {"uv": [0, 3, 2, 5], "rotation": 180, "texture": "#2"},
				"south": {"uv": [0, 3, 2, 5], "rotation": 180, "texture": "#2"},
				"west": {"uv": [0, 3, 2, 5], "rotation": 180, "texture": "#2"},
				"up": {"uv": [1, 3, 13, 4], "rotation": 180, "texture": "#2"},
				"down": {"uv": [0, 0, 16, 16], "rotation": 270, "texture": "#5"}
			}
		},
		{
			"from": [8, 26, 11],
			"to": [10, 26.5, 13],
			"rotation": {"angle": 0, "axis": "y", "origin": [0.5, 1, -0.5]},
			"faces": {
				"north": {"uv": [0, 3, 2, 5], "rotation": 180, "texture": "#2"},
				"east": {"uv": [0, 3, 2, 5], "rotation": 180, "texture": "#2"},
				"south": {"uv": [0, 3, 2, 5], "rotation": 180, "texture": "#2"},
				"west": {"uv": [0, 3, 2, 5], "rotation": 180, "texture": "#2"},
				"up": {"uv": [1, 3, 13, 4], "rotation": 180, "texture": "#2"},
				"down": {"uv": [0, 0, 16, 16], "rotation": 270, "texture": "#5"}
			}
		},
		{
			"from": [8, 26, 9],
			"to": [10, 26.5, 11],
			"rotation": {"angle": 0, "axis": "y", "origin": [0.5, 1, -0.5]},
			"faces": {
				"north": {"uv": [0, 3, 2, 5], "rotation": 180, "texture": "#2"},
				"east": {"uv": [0, 3, 2, 5], "rotation": 180, "texture": "#2"},
				"south": {"uv": [0, 3, 2, 5], "rotation": 180, "texture": "#2"},
				"west": {"uv": [0, 3, 2, 5], "rotation": 180, "texture": "#2"},
				"up": {"uv": [1, 3, 13, 4], "rotation": 180, "texture": "#2"},
				"down": {"uv": [0, 0, 16, 16], "rotation": 270, "texture": "#5"}
			}
		},
		{
			"from": [6, 26, 9],
			"to": [8, 26.5, 11],
			"rotation": {"angle": 0, "axis": "y", "origin": [0.5, -1, 0.5]},
			"faces": {
				"north": {"uv": [0, 3, 2, 5], "rotation": 180, "texture": "#2"},
				"east": {"uv": [0, 3, 2, 5], "rotation": 180, "texture": "#2"},
				"south": {"uv": [0, 3, 2, 5], "rotation": 180, "texture": "#2"},
				"west": {"uv": [0, 3, 2, 5], "rotation": 180, "texture": "#2"},
				"up": {"uv": [1, 3, 13, 4], "rotation": 180, "texture": "#2"},
				"down": {"uv": [0, 0, 16, 16], "rotation": 270, "texture": "#5"}
			}
		},
		{
			"from": [7.5, 15.25, 20],
			"to": [8.5, 16.25, 24],
			"rotation": {"angle": -45, "axis": "x", "origin": [0.5, 1, -0.5]},
			"faces": {
				"north": {"uv": [0, 3, 2, 5], "rotation": 180, "texture": "#2"},
				"east": {"uv": [0, 3, 2, 5], "rotation": 180, "texture": "#2"},
				"south": {"uv": [0, 3, 2, 5], "rotation": 180, "texture": "#2"},
				"west": {"uv": [0, 3, 2, 5], "rotation": 180, "texture": "#2"},
				"up": {"uv": [1, 3, 13, 4], "rotation": 180, "texture": "#2"},
				"down": {"uv": [0, 0, 4, 3], "rotation": 270, "texture": "#2"}
			}
		},
		{
			"from": [5.5, 10, 4],
			"to": [10.5, 14, 5],
			"rotation": {"angle": 0, "axis": "y", "origin": [0.5, 1, -0.5]},
			"faces": {
				"north": {"uv": [0, 3, 2, 5], "rotation": 180, "texture": "#2"},
				"east": {"uv": [0, 3, 2, 5], "rotation": 180, "texture": "#2"},
				"south": {"uv": [0, 3, 2, 5], "rotation": 180, "texture": "#2"},
				"west": {"uv": [0, 3, 2, 5], "rotation": 180, "texture": "#2"},
				"up": {"uv": [1, 3, 13, 4], "rotation": 180, "texture": "#2"},
				"down": {"uv": [0, 0, 4, 3], "rotation": 270, "texture": "#2"}
			}
		},
		{
			"from": [6, 12, 4.6],
			"to": [7, 12.5, 5.1],
			"rotation": {"angle": 0, "axis": "y", "origin": [0.5, 1, -0.5]},
			"faces": {
				"north": {"uv": [0, 3, 2, 5], "rotation": 180, "texture": "#8"},
				"east": {"uv": [0, 3, 2, 5], "rotation": 180, "texture": "#8"},
				"south": {"uv": [0, 3, 2, 5], "rotation": 180, "texture": "#8"},
				"west": {"uv": [0, 3, 2, 5], "rotation": 180, "texture": "#8"},
				"up": {"uv": [1, 3, 13, 4], "rotation": 180, "texture": "#8"},
				"down": {"uv": [0, 0, 4, 3], "rotation": 270, "texture": "#8"}
			}
		},
		{
			"from": [9, 12, 4.6],
			"to": [10, 12.5, 5.1],
			"rotation": {"angle": 0, "axis": "y", "origin": [0.5, 1, -0.5]},
			"faces": {
				"north": {"uv": [0, 3, 2, 5], "rotation": 180, "texture": "#3"},
				"east": {"uv": [0, 3, 2, 5], "rotation": 180, "texture": "#3"},
				"south": {"uv": [0, 3, 2, 5], "rotation": 180, "texture": "#3"},
				"west": {"uv": [0, 3, 2, 5], "rotation": 180, "texture": "#3"},
				"up": {"uv": [1, 3, 13, 4], "rotation": 180, "texture": "#3"},
				"down": {"uv": [0, 0, 4, 3], "rotation": 270, "texture": "#3"}
			}
		},
		{
			"from": [5.5, 12, 1],
			"to": [6.5, 13, 4],
			"rotation": {"angle": 0, "axis": "y", "origin": [0.5, 1, -0.5]},
			"faces": {
				"north": {"uv": [0, 3, 2, 5], "rotation": 180, "texture": "#2"},
				"east": {"uv": [0, 3, 2, 5], "rotation": 180, "texture": "#2"},
				"south": {"uv": [0, 3, 2, 5], "rotation": 180, "texture": "#2"},
				"west": {"uv": [0, 3, 2, 5], "rotation": 180, "texture": "#2"},
				"up": {"uv": [1, 3, 13, 4], "rotation": 180, "texture": "#2"},
				"down": {"uv": [0, 0, 4, 3], "rotation": 270, "texture": "#2"}
			}
		},
		{
			"from": [9.5, 12, 1],
			"to": [10.5, 13, 4],
			"rotation": {"angle": 0, "axis": "y", "origin": [0.5, 1, -0.5]},
			"faces": {
				"north": {"uv": [0, 3, 2, 5], "rotation": 180, "texture": "#2"},
				"east": {"uv": [0, 3, 2, 5], "rotation": 180, "texture": "#2"},
				"south": {"uv": [0, 3, 2, 5], "rotation": 180, "texture": "#2"},
				"west": {"uv": [0, 3, 2, 5], "rotation": 180, "texture": "#2"},
				"up": {"uv": [1, 3, 13, 4], "rotation": 180, "texture": "#2"},
				"down": {"uv": [0, 0, 4, 3], "rotation": 270, "texture": "#2"}
			}
		},
		{
			"from": [7.25, 7.5, 9],
			"to": [8.75, 10.5, 9.5],
			"rotation": {"angle": -22.5, "axis": "x", "origin": [0.5, 1, -0.5]},
			"faces": {
				"north": {"uv": [0, 3, 2, 5], "rotation": 180, "texture": "#2"},
				"east": {"uv": [0, 3, 2, 5], "rotation": 180, "texture": "#2"},
				"south": {"uv": [0, 3, 2, 5], "rotation": 180, "texture": "#2"},
				"west": {"uv": [0, 3, 2, 5], "rotation": 180, "texture": "#2"},
				"up": {"uv": [1, 3, 13, 4], "rotation": 180, "texture": "#2"},
				"down": {"uv": [0, 0, 4, 3], "rotation": 270, "texture": "#2"}
			}
		}
	],
	"display": {
		"fixed": {
			"rotation": [-90, 0, 0],
			"translation": [0, 0, -21],
			"scale": [3, 3, 3]
		}
	}
}