{
	"credit": "Made with Blockbench",
	"textures": {
		"3": "block/light_gray_concrete_powder",
		"5": "block/quartz_block_bottom",
		"particle": "block/quartz_block_bottom"
	},
	"elements": [
		{
			"from": [2, 15, 13.75],
			"to": [14, 19.5, 15.25],
			"rotation": {"angle": 0, "axis": "y", "origin": [-5.5, 1.5, -2]},
			"faces": {
				"north": {"uv": [0, 0, 12, 9], "texture": "#5"},
				"east": {"uv": [0, 0, 16, 9], "texture": "#5"},
				"south": {"uv": [0, 0, 12, 9], "texture": "#5"},
				"west": {"uv": [0, 0, 16, 9], "texture": "#5"},
				"up": {"uv": [0, 0, 11, 16], "texture": "#5"},
				"down": {"uv": [0, 0, 12, 16], "texture": "#5"}
			}
		},
		{
			"from": [2, 14.25, 13],
			"to": [13.25, 15, 14.5],
			"rotation": {"angle": 0, "axis": "y", "origin": [-5.5, 1.5, -2]},
			"faces": {
				"north": {"uv": [0, 0, 12, 9], "texture": "#5"},
				"east": {"uv": [0, 0, 16, 9], "texture": "#5"},
				"south": {"uv": [0, 0, 12, 9], "texture": "#5"},
				"west": {"uv": [0, 0, 16, 9], "texture": "#5"},
				"up": {"uv": [0, 0, 11, 16], "texture": "#5"},
				"down": {"uv": [0, 0, 12, 16], "texture": "#5"}
			}
		},
		{
			"from": [2, 13.5, 11.5],
			"to": [13.25, 14.25, 13.75],
			"rotation": {"angle": 0, "axis": "y", "origin": [-5.5, 1.5, -2]},
			"faces": {
				"north": {"uv": [0, 0, 12, 9], "texture": "#5"},
				"east": {"uv": [0, 0, 16, 9], "texture": "#5"},
				"south": {"uv": [0, 0, 12, 9], "texture": "#5"},
				"west": {"uv": [0, 0, 16, 9], "texture": "#5"},
				"up": {"uv": [0, 0, 11, 16], "texture": "#5"},
				"down": {"uv": [0, 0, 12, 16], "texture": "#5"}
			}
		},
		{
			"from": [2, 12.75, 10],
			"to": [13.25, 13.5, 13],
			"rotation": {"angle": 0, "axis": "y", "origin": [-5.5, 1.5, -2]},
			"faces": {
				"north": {"uv": [0, 0, 12, 9], "texture": "#5"},
				"east": {"uv": [0, 0, 16, 9], "texture": "#5"},
				"south": {"uv": [0, 0, 12, 9], "texture": "#5"},
				"west": {"uv": [0, 0, 16, 9], "texture": "#5"},
				"up": {"uv": [0, 0, 11, 16], "texture": "#5"},
				"down": {"uv": [0, 0, 12, 16], "texture": "#5"}
			}
		},
		{
			"from": [-4, 15, 22.375],
			"to": [3.5, 19.5, 23.875],
			"rotation": {"angle": 45, "axis": "y", "origin": [-5.5, 1.5, -2]},
			"faces": {
				"north": {"uv": [0, 0, 12, 9], "texture": "#5"},
				"east": {"uv": [0, 0, 16, 9], "texture": "#5"},
				"south": {"uv": [0, 0, 12, 9], "texture": "#5"},
				"west": {"uv": [0, 0, 16, 9], "texture": "#5"},
				"up": {"uv": [0, 0, 11, 16], "texture": "#5"},
				"down": {"uv": [0, 0, 12, 16], "texture": "#5"}
			}
		},
		{
			"from": [-4, 14.25, 21.625],
			"to": [3.5, 15, 23.125],
			"rotation": {"angle": 45, "axis": "y", "origin": [-5.5, 1.5, -2]},
			"faces": {
				"north": {"uv": [0, 0, 12, 9], "texture": "#5"},
				"east": {"uv": [0, 0, 16, 9], "texture": "#5"},
				"south": {"uv": [0, 0, 12, 9], "texture": "#5"},
				"west": {"uv": [0, 0, 16, 9], "texture": "#5"},
				"up": {"uv": [0, 0, 11, 16], "texture": "#5"},
				"down": {"uv": [0, 0, 12, 16], "texture": "#5"}
			}
		},
		{
			"from": [-3.25, 13.5, 20.125],
			"to": [3.5, 14.25, 22.375],
			"rotation": {"angle": 45, "axis": "y", "origin": [-5.5, 1.5, -2]},
			"faces": {
				"north": {"uv": [0, 0, 12, 9], "texture": "#5"},
				"east": {"uv": [0, 0, 16, 9], "texture": "#5"},
				"south": {"uv": [0, 0, 12, 9], "texture": "#5"},
				"west": {"uv": [0, 0, 16, 9], "texture": "#5"},
				"up": {"uv": [0, 0, 11, 16], "texture": "#5"},
				"down": {"uv": [0, 0, 12, 16], "texture": "#5"}
			}
		},
		{
			"from": [-2.5, 12.75, 18.625],
			"to": [3.5, 13.5, 21.625],
			"rotation": {"angle": 45, "axis": "y", "origin": [-5.5, 1.5, -2]},
			"faces": {
				"north": {"uv": [0, 0, 12, 9], "texture": "#5"},
				"east": {"uv": [0, 0, 16, 9], "texture": "#5"},
				"south": {"uv": [0, 0, 12, 9], "texture": "#5"},
				"west": {"uv": [0, 0, 16, 9], "texture": "#5"},
				"up": {"uv": [0, 0, 11, 16], "texture": "#5"},
				"down": {"uv": [0, 0, 12, 16], "texture": "#5"}
			}
		},
		{
			"from": [17.75, 15, 2.5],
			"to": [19.25, 19.5, 10],
			"rotation": {"angle": 0, "axis": "y", "origin": [-5.5, 1.5, -2]},
			"faces": {
				"north": {"uv": [0, 0, 12, 9], "texture": "#5"},
				"east": {"uv": [0, 0, 16, 9], "texture": "#5"},
				"south": {"uv": [0, 0, 12, 9], "texture": "#5"},
				"west": {"uv": [0, 0, 16, 9], "texture": "#5"},
				"up": {"uv": [0, 0, 11, 16], "texture": "#5"},
				"down": {"uv": [0, 0, 12, 16], "texture": "#5"}
			}
		},
		{
			"from": [17, 14.25, 2.5],
			"to": [18.5, 15, 9.25],
			"rotation": {"angle": 0, "axis": "y", "origin": [-5.5, 1.5, -2]},
			"faces": {
				"north": {"uv": [0, 0, 12, 9], "texture": "#5"},
				"east": {"uv": [0, 0, 16, 9], "texture": "#5"},
				"south": {"uv": [0, 0, 12, 9], "texture": "#5"},
				"west": {"uv": [0, 0, 16, 9], "texture": "#5"},
				"up": {"uv": [0, 0, 11, 16], "texture": "#5"},
				"down": {"uv": [0, 0, 12, 16], "texture": "#5"}
			}
		},
		{
			"from": [15.5, 13.5, 2.5],
			"to": [17.75, 14.25, 8.5],
			"rotation": {"angle": 0, "axis": "y", "origin": [-5.5, 1.5, -2]},
			"faces": {
				"north": {"uv": [0, 0, 12, 9], "texture": "#5"},
				"east": {"uv": [0, 0, 16, 9], "texture": "#5"},
				"south": {"uv": [0, 0, 12, 9], "texture": "#5"},
				"west": {"uv": [0, 0, 16, 9], "texture": "#5"},
				"up": {"uv": [0, 0, 11, 16], "texture": "#5"},
				"down": {"uv": [0, 0, 12, 16], "texture": "#5"}
			}
		},
		{
			"from": [12.5, 12.75, 2.5],
			"to": [17, 13.5, 8.5],
			"rotation": {"angle": 0, "axis": "y", "origin": [-5.5, 1.5, -2]},
			"faces": {
				"north": {"uv": [0, 0, 12, 9], "texture": "#5"},
				"east": {"uv": [0, 0, 16, 9], "texture": "#5"},
				"south": {"uv": [0, 0, 12, 9], "texture": "#5"},
				"west": {"uv": [0, 0, 16, 9], "texture": "#5"},
				"up": {"uv": [0, 0, 11, 16], "texture": "#5"},
				"down": {"uv": [0, 0, 12, 16], "texture": "#5"}
			}
		},
		{
			"from": [7.5, 12.6, 4.75],
			"to": [9.5, 13.35, 6.75],
			"rotation": {"angle": 0, "axis": "y", "origin": [-5.5, 1.5, -2]},
			"faces": {
				"north": {"uv": [0, 0, 12, 9], "texture": "#3"},
				"east": {"uv": [0, 0, 16, 9], "texture": "#3"},
				"south": {"uv": [0, 0, 12, 9], "texture": "#3"},
				"west": {"uv": [0, 0, 16, 9], "texture": "#3"},
				"up": {"uv": [0, 0, 11, 16], "texture": "#3"},
				"down": {"uv": [0, 0, 12, 16], "texture": "#3"}
			}
		},
		{
			"from": [12.5, 15, 22.375],
			"to": [20, 19.5, 23.875],
			"rotation": {"angle": -45, "axis": "y", "origin": [21.5, 1.5, -2]},
			"faces": {
				"north": {"uv": [12, 0, 0, 9], "texture": "#5"},
				"east": {"uv": [16, 0, 0, 9], "texture": "#5"},
				"south": {"uv": [12, 0, 0, 9], "texture": "#5"},
				"west": {"uv": [16, 0, 0, 9], "texture": "#5"},
				"up": {"uv": [11, 0, 0, 16], "texture": "#5"},
				"down": {"uv": [12, 0, 0, 16], "texture": "#5"}
			}
		},
		{
			"from": [12.5, 14.25, 21.625],
			"to": [20, 15, 23.125],
			"rotation": {"angle": -45, "axis": "y", "origin": [21.5, 1.5, -2]},
			"faces": {
				"north": {"uv": [12, 0, 0, 9], "texture": "#5"},
				"east": {"uv": [16, 0, 0, 9], "texture": "#5"},
				"south": {"uv": [12, 0, 0, 9], "texture": "#5"},
				"west": {"uv": [16, 0, 0, 9], "texture": "#5"},
				"up": {"uv": [11, 0, 0, 16], "texture": "#5"},
				"down": {"uv": [12, 0, 0, 16], "texture": "#5"}
			}
		},
		{
			"from": [12.5, 13.5, 20.125],
			"to": [19.25, 14.25, 22.375],
			"rotation": {"angle": -45, "axis": "y", "origin": [21.5, 1.5, -2]},
			"faces": {
				"north": {"uv": [12, 0, 0, 9], "texture": "#5"},
				"east": {"uv": [16, 0, 0, 9], "texture": "#5"},
				"south": {"uv": [12, 0, 0, 9], "texture": "#5"},
				"west": {"uv": [16, 0, 0, 9], "texture": "#5"},
				"up": {"uv": [11, 0, 0, 16], "texture": "#5"},
				"down": {"uv": [12, 0, 0, 16], "texture": "#5"}
			}
		},
		{
			"from": [12.5, 12.75, 18.625],
			"to": [18.5, 13.5, 21.625],
			"rotation": {"angle": -45, "axis": "y", "origin": [21.5, 1.5, -2]},
			"faces": {
				"north": {"uv": [12, 0, 0, 9], "texture": "#5"},
				"east": {"uv": [16, 0, 0, 9], "texture": "#5"},
				"south": {"uv": [12, 0, 0, 9], "texture": "#5"},
				"west": {"uv": [16, 0, 0, 9], "texture": "#5"},
				"up": {"uv": [11, 0, 0, 16], "texture": "#5"},
				"down": {"uv": [12, 0, 0, 16], "texture": "#5"}
			}
		},
		{
			"from": [-2.5, 14.25, 2.5],
			"to": [-1, 15, 9.25],
			"rotation": {"angle": 0, "axis": "y", "origin": [21.5, 1.5, -2]},
			"faces": {
				"north": {"uv": [12, 0, 0, 9], "texture": "#5"},
				"east": {"uv": [16, 0, 0, 9], "texture": "#5"},
				"south": {"uv": [12, 0, 0, 9], "texture": "#5"},
				"west": {"uv": [16, 0, 0, 9], "texture": "#5"},
				"up": {"uv": [11, 0, 0, 16], "texture": "#5"},
				"down": {"uv": [12, 0, 0, 16], "texture": "#5"}
			}
		},
		{
			"from": [-3.25, 15, 2.5],
			"to": [-1.75, 19.5, 10],
			"rotation": {"angle": 0, "axis": "y", "origin": [21.5, 1.5, -2]},
			"faces": {
				"north": {"uv": [12, 0, 0, 9], "texture": "#5"},
				"east": {"uv": [16, 0, 0, 9], "texture": "#5"},
				"south": {"uv": [12, 0, 0, 9], "texture": "#5"},
				"west": {"uv": [16, 0, 0, 9], "texture": "#5"},
				"up": {"uv": [11, 0, 0, 16], "texture": "#5"},
				"down": {"uv": [12, 0, 0, 16], "texture": "#5"}
			}
		},
		{
			"from": [-1.75, 13.5, 2.5],
			"to": [0.5, 14.25, 8.5],
			"rotation": {"angle": 0, "axis": "y", "origin": [21.5, 1.5, -2]},
			"faces": {
				"north": {"uv": [12, 0, 0, 9], "texture": "#5"},
				"east": {"uv": [16, 0, 0, 9], "texture": "#5"},
				"south": {"uv": [12, 0, 0, 9], "texture": "#5"},
				"west": {"uv": [16, 0, 0, 9], "texture": "#5"},
				"up": {"uv": [11, 0, 0, 16], "texture": "#5"},
				"down": {"uv": [12, 0, 0, 16], "texture": "#5"}
			}
		},
		{
			"from": [-1, 12.75, 2.5],
			"to": [3.5, 13.5, 8.5],
			"rotation": {"angle": 0, "axis": "y", "origin": [21.5, 1.5, -2]},
			"faces": {
				"north": {"uv": [12, 0, 0, 9], "texture": "#5"},
				"east": {"uv": [16, 0, 0, 9], "texture": "#5"},
				"south": {"uv": [12, 0, 0, 9], "texture": "#5"},
				"west": {"uv": [16, 0, 0, 9], "texture": "#5"},
				"up": {"uv": [11, 0, 0, 16], "texture": "#5"},
				"down": {"uv": [12, 0, 0, 16], "texture": "#5"}
			}
		},
		{
			"from": [2.75, 0, 2.5],
			"to": [13.25, 13, 11.5],
			"rotation": {"angle": 0, "axis": "y", "origin": [-5.5, 4.5, -2]},
			"faces": {
				"north": {"uv": [0, 0, 12, 9], "texture": "#5"},
				"east": {"uv": [0, 0, 16, 9], "texture": "#5"},
				"south": {"uv": [0, 0, 12, 9], "texture": "#5"},
				"west": {"uv": [0, 0, 16, 9], "texture": "#5"},
				"up": {"uv": [0, 0, 11, 16], "texture": "#5"},
				"down": {"uv": [0, 0, 12, 16], "texture": "#5"}
			}
		},
		{
			"from": [-1.75, 13.5, 0],
			"to": [17.75, 20.25, 4],
			"rotation": {"angle": 0, "axis": "y", "origin": [-5.5, 1.5, -2]},
			"faces": {
				"north": {"uv": [0, 0, 12, 9], "texture": "#5"},
				"east": {"uv": [0, 0, 16, 9], "texture": "#5"},
				"south": {"uv": [0, 0, 12, 9], "texture": "#5"},
				"west": {"uv": [0, 0, 16, 9], "texture": "#5"},
				"up": {"uv": [0, 0, 11, 16], "texture": "#5"},
				"down": {"uv": [0, 0, 12, 16], "texture": "#5"}
			}
		},
		{
			"from": [5.75, 20, 1],
			"to": [10.75, 21, 4],
			"rotation": {"angle": 0, "axis": "y", "origin": [-5.5, 1.5, -2]},
			"faces": {
				"north": {"uv": [10, 7, 12, 9], "texture": "#3"},
				"east": {"uv": [10, 7, 12, 9], "texture": "#3"},
				"south": {"uv": [10, 7, 12, 9], "texture": "#3"},
				"west": {"uv": [10, 7, 12, 9], "texture": "#3"},
				"up": {"uv": [10, 7, 12, 9], "texture": "#3"},
				"down": {"uv": [0, 0, 12, 16], "texture": "#3"}
			}
		},
		{
			"from": [7.25, 21, 2],
			"to": [9.25, 24, 4],
			"rotation": {"angle": 0, "axis": "y", "origin": [-5.5, 1.5, -2]},
			"faces": {
				"north": {"uv": [10, 7, 12, 9], "texture": "#3"},
				"east": {"uv": [10, 7, 12, 9], "texture": "#3"},
				"south": {"uv": [10, 7, 12, 9], "texture": "#3"},
				"west": {"uv": [10, 7, 12, 9], "texture": "#3"},
				"up": {"uv": [10, 7, 12, 9], "texture": "#3"},
				"down": {"uv": [0, 0, 12, 16], "texture": "#3"}
			}
		},
		{
			"from": [7.25, 24, 2.5],
			"to": [9.25, 25, 7.5],
			"rotation": {"angle": 0, "axis": "y", "origin": [-5.5, 1.5, -2]},
			"faces": {
				"north": {"uv": [10, 7, 12, 9], "texture": "#3"},
				"east": {"uv": [10, 7, 12, 9], "texture": "#3"},
				"south": {"uv": [10, 7, 12, 9], "texture": "#3"},
				"west": {"uv": [10, 7, 12, 9], "texture": "#3"},
				"up": {"uv": [10, 7, 12, 9], "texture": "#3"},
				"down": {"uv": [0, 0, 12, 16], "texture": "#3"}
			}
		}
	],
	"display": {
		"thirdperson_righthand": {
			"scale": [0.75, 0.75, 0.75]
		},
		"firstperson_righthand": {
			"scale": [0.7, 0.7, 0.7]
		},
		"firstperson_lefthand": {
			"scale": [0.7, 0.7, 0.7]
		},
		"ground": {
			"scale": [0.5, 0.5, 0.5]
		},
		"gui": {
			"rotation": [7, -24, 0],
			"translation": [0, -3, 0],
			"scale": [0.5, 0.5, 0.5]
		},
		"fixed": {
			"rotation": [-90, 0, 0],
			"translation": [0, 0, -14],
			"scale": [2, 2, 2]
		}
	}
}