{
	"credit": "Made with Blockbench",
	"textures": {
		"0": "block/light_gray_concrete_powder",
		"8": "block/light_gray_concrete",
		"10": "block/polished_andesite",
		"particle": "block/light_gray_concrete_powder"
	},
	"elements": [
		{
			"from": [11, 2, -0.5],
			"to": [17, 17.5, 16.5],
			"rotation": {"angle": 0, "axis": "y", "origin": [0, 0, 1]},
			"faces": {
				"north": {"uv": [9, 0, 10, 2], "texture": "#0"},
				"east": {"uv": [9, 0, 12, 2], "texture": "#0"},
				"south": {"uv": [9, 0, 12, 2], "texture": "#0"},
				"west": {"uv": [1, 1, 4, 3], "texture": "#10"},
				"up": {"uv": [1, 1, 4, 3], "texture": "#10"},
				"down": {"uv": [0, 0, 2, 2], "texture": "#0"}
			}
		},
		{
			"from": [0, 2, 16],
			"to": [15, 17.5, 17],
			"rotation": {"angle": 0, "axis": "y", "origin": [0, 0, 1]},
			"faces": {
				"north": {"uv": [1, 1, 4, 3], "texture": "#10"},
				"east": {"uv": [9, 0, 12, 2], "texture": "#0"},
				"south": {"uv": [9, 0, 12, 2], "texture": "#0"},
				"west": {"uv": [9, 0, 12, 2], "texture": "#0"},
				"up": {"uv": [1, 1, 4, 3], "texture": "#10"},
				"down": {"uv": [0, 0, 2, 2], "texture": "#0"}
			}
		},
		{
			"from": [9, 22, 8.25],
			"to": [13, 23, 10.25],
			"rotation": {"angle": 0, "axis": "y", "origin": [-5.5, 4.5, 20]},
			"faces": {
				"north": {"uv": [12, 7, 10, 9], "texture": "#8"},
				"east": {"uv": [12, 7, 10, 9], "texture": "#8"},
				"south": {"uv": [12, 7, 10, 9], "texture": "#8"},
				"west": {"uv": [12, 7, 10, 9], "texture": "#8"},
				"up": {"uv": [10, 9, 12, 7], "rotation": 270, "texture": "#8"},
				"down": {"uv": [0, 16, 12, 0], "rotation": 90, "texture": "#8"}
			}
		},
		{
			"from": [11.5, 18, 8.25],
			"to": [13.5, 22, 10.25],
			"rotation": {"angle": 0, "axis": "y", "origin": [-5.5, 4.5, 20]},
			"faces": {
				"north": {"uv": [12, 7, 10, 9], "texture": "#8"},
				"east": {"uv": [12, 7, 10, 9], "texture": "#8"},
				"south": {"uv": [12, 7, 10, 9], "texture": "#8"},
				"west": {"uv": [12, 7, 10, 9], "texture": "#8"},
				"up": {"uv": [10, 9, 12, 7], "rotation": 270, "texture": "#8"},
				"down": {"uv": [0, 16, 12, 0], "rotation": 90, "texture": "#8"}
			}
		},
		{
			"from": [11.5, 17, 6.75],
			"to": [14.5, 18, 11.75],
			"rotation": {"angle": 0, "axis": "y", "origin": [-5.5, 4.5, 20]},
			"faces": {
				"north": {"uv": [12, 7, 10, 9], "texture": "#8"},
				"east": {"uv": [12, 7, 10, 9], "texture": "#8"},
				"south": {"uv": [12, 7, 10, 9], "texture": "#8"},
				"west": {"uv": [12, 7, 10, 9], "texture": "#8"},
				"up": {"uv": [10, 9, 12, 7], "rotation": 270, "texture": "#8"},
				"down": {"uv": [0, 16, 12, 0], "rotation": 90, "texture": "#8"}
			}
		},
		{
			"from": [1, 9, 1],
			"to": [15, 17, 2],
			"rotation": {"angle": 0, "axis": "y", "origin": [0, 0, 1]},
			"faces": {
				"north": {"uv": [1, 1, 4, 3], "texture": "#10"},
				"east": {"uv": [1, 1, 4, 3], "texture": "#10"},
				"south": {"uv": [1, 1, 4, 3], "texture": "#10"},
				"west": {"uv": [1, 1, 4, 3], "texture": "#10"},
				"up": {"uv": [1, 1, 4, 3], "texture": "#10"},
				"down": {"uv": [0, 0, 2, 2], "texture": "#10"}
			}
		},
		{
			"from": [0, 2, -0.8],
			"to": [11, 17, 0.2],
			"rotation": {"angle": 0, "axis": "y", "origin": [0, 0, 1]},
			"faces": {
				"north": {"uv": [9, 0, 11, 2], "texture": "#0"},
				"east": {"uv": [9, 0, 12, 2], "texture": "#0"},
				"south": {"uv": [9, 0, 12, 2], "texture": "#0"},
				"west": {"uv": [9, 0, 12, 2], "texture": "#0"},
				"up": {"uv": [0, 0, 2, 2], "texture": "#0"},
				"down": {"uv": [0, 0, 2, 2], "texture": "#0"}
			}
		},
		{
			"from": [14.5, 2, -0.55],
			"to": [15.5, 4, 0.45],
			"rotation": {"angle": 0, "axis": "y", "origin": [0, 0, 1]},
			"faces": {
				"north": {"uv": [0, 0, 4, 3], "texture": "#8"},
				"east": {"uv": [0, 0, 4, 3], "texture": "#8"},
				"south": {"uv": [0, 0, 4, 3], "texture": "#8"},
				"west": {"uv": [0, 0, 4, 3], "texture": "#8"},
				"up": {"uv": [0, 0, 2, 2], "texture": "#8"},
				"down": {"uv": [0, 0, 2, 2], "texture": "#8"}
			}
		},
		{
			"from": [14.5, 14, -0.55],
			"to": [15.5, 16, 0.45],
			"rotation": {"angle": 0, "axis": "y", "origin": [0, 0, 1]},
			"faces": {
				"north": {"uv": [0, 0, 4, 3], "texture": "#8"},
				"east": {"uv": [0, 0, 4, 3], "texture": "#8"},
				"south": {"uv": [0, 0, 4, 3], "texture": "#8"},
				"west": {"uv": [0, 0, 4, 3], "texture": "#8"},
				"up": {"uv": [0, 0, 2, 2], "texture": "#8"},
				"down": {"uv": [0, 0, 2, 2], "texture": "#8"}
			}
		},
		{
			"from": [2.5, 9, -1.15],
			"to": [5.5, 10.5, -0.15],
			"rotation": {"angle": 0, "axis": "y", "origin": [0, 0, 1]},
			"faces": {
				"north": {"uv": [0, 0, 4, 3], "texture": "#8"},
				"east": {"uv": [0, 0, 4, 3], "texture": "#8"},
				"south": {"uv": [0, 0, 4, 3], "texture": "#8"},
				"west": {"uv": [0, 0, 4, 3], "texture": "#8"},
				"up": {"uv": [0, 0, 2, 2], "texture": "#8"},
				"down": {"uv": [0, 0, 2, 2], "texture": "#8"}
			}
		},
		{
			"from": [-1, 2, 0],
			"to": [0, 17.5, 16],
			"rotation": {"angle": 0, "axis": "y", "origin": [0, 0, 1]},
			"faces": {
				"north": {"uv": [9, 0, 12, 2], "texture": "#0"},
				"east": {"uv": [1, 1, 4, 3], "texture": "#10"},
				"south": {"uv": [9, 0, 12, 2], "texture": "#0"},
				"west": {"uv": [9, 0, 12, 2], "texture": "#0"},
				"up": {"uv": [6, 6, 8, 8], "texture": "#10"},
				"down": {"uv": [0, 0, 2, 2], "texture": "#0"}
			}
		},
		{
			"from": [0, 0, 1],
			"to": [16, 2, 16],
			"rotation": {"angle": 0, "axis": "y", "origin": [0, 0, 1]},
			"faces": {
				"north": {"uv": [9, 0, 12, 2], "texture": "#0"},
				"east": {"uv": [9, 0, 12, 2], "texture": "#0"},
				"south": {"uv": [9, 0, 12, 2], "texture": "#0"},
				"west": {"uv": [9, 0, 12, 2], "texture": "#0"},
				"up": {"uv": [0, 0, 2, 2], "texture": "#0"},
				"down": {"uv": [0, 0, 2, 2], "texture": "#8"}
			}
		},
		{
			"from": [0, 9, 2],
			"to": [15, 11, 16],
			"rotation": {"angle": 0, "axis": "y", "origin": [0, 0, 1]},
			"faces": {
				"north": {"uv": [9, 0, 12, 2], "texture": "#10"},
				"east": {"uv": [9, 0, 12, 2], "texture": "#10"},
				"south": {"uv": [9, 0, 12, 2], "texture": "#10"},
				"west": {"uv": [9, 2, 12, 4], "texture": "#10"},
				"up": {"uv": [8, 10, 10, 11], "texture": "#10"},
				"down": {"uv": [0, 0, 2, 2], "texture": "#10"}
			}
		},
		{
			"from": [6, 9.25, 8],
			"to": [8, 11.25, 10],
			"rotation": {"angle": 0, "axis": "y", "origin": [0, 0, 1]},
			"faces": {
				"north": {"uv": [9, 0, 12, 2], "texture": "#0"},
				"east": {"uv": [9, 0, 12, 2], "texture": "#0"},
				"south": {"uv": [9, 0, 12, 2], "texture": "#0"},
				"west": {"uv": [9, 2, 12, 4], "texture": "#0"},
				"up": {"uv": [8, 10, 10, 11], "texture": "#0"},
				"down": {"uv": [0, 0, 2, 2], "texture": "#0"}
			}
		},
		{
			"from": [0, 17, -1],
			"to": [16, 18, 1],
			"rotation": {"angle": 0, "axis": "y", "origin": [0, 0, 1]},
			"faces": {
				"north": {"uv": [1, 1, 4, 3], "texture": "#0"},
				"east": {"uv": [0, 0, 4, 3], "texture": "#0"},
				"south": {"uv": [0, 0, 4, 3], "texture": "#0"},
				"west": {"uv": [0, 0, 4, 3], "texture": "#0"},
				"up": {"uv": [1, 2, 16, 3], "texture": "#10"},
				"down": {"uv": [0, 0, 2, 2], "texture": "#0"}
			}
		}
	],
	"display": {
		"fixed": {
			"rotation": [-90, 0, 0],
			"translation": [0, 0, -14],
			"scale": [2, 2, 2]
		}
	}
}