{
	"credit": "Made with Blockbench",
	"textures": {
		"2": "block/white_concrete_powder",
		"3": "block/gray_wool",
		"4": "block/acacia_planks",
		"5": "block/red_wool",
		"8": "block/glass",
		"particle": "block/white_concrete_powder"
	},
	"elements": [
		{
			"from": [3.5, 1, 4.5],
			"to": [4.5, 3, 10.5],
			"faces": {
				"north": {"uv": [1, 1, 16, 2], "rotation": 90, "texture": "#5"},
				"east": {"uv": [0, 0, 2, 2], "rotation": 270, "texture": "#5"},
				"south": {"uv": [0, 0, 16, 4], "rotation": 270, "texture": "#5"},
				"west": {"uv": [0, 0, 16, 6], "rotation": 270, "texture": "#5"},
				"up": {"uv": [0, 0, 4, 3], "rotation": 270, "texture": "#5"},
				"down": {"uv": [0, 0, 4, 3], "rotation": 270, "texture": "#5"}
			}
		},
		{
			"from": [4.5, 2, 4.5],
			"to": [10.5, 2.5, 10.5],
			"faces": {
				"north": {"uv": [1, 1, 16, 2], "rotation": 90, "texture": "#2"},
				"east": {"uv": [0, 0, 2, 2], "rotation": 270, "texture": "#2"},
				"south": {"uv": [0, 0, 16, 4], "rotation": 270, "texture": "#2"},
				"west": {"uv": [0, 0, 16, 6], "rotation": 270, "texture": "#2"},
				"up": {"uv": [0, 0, 16, 16], "rotation": 270, "texture": "#2"},
				"down": {"uv": [0, 0, 4, 3], "rotation": 270, "texture": "#2"}
			}
		},
		{
			"from": [6.5, 2.5, 6.5],
			"to": [8.5, 4, 8.5],
			"faces": {
				"north": {"uv": [1, 1, 16, 2], "rotation": 90, "texture": "#2"},
				"east": {"uv": [0, 0, 2, 2], "rotation": 270, "texture": "#2"},
				"south": {"uv": [0, 0, 16, 4], "rotation": 270, "texture": "#2"},
				"west": {"uv": [0, 0, 16, 6], "rotation": 270, "texture": "#2"},
				"up": {"uv": [0, 0, 16, 16], "rotation": 270, "texture": "#2"},
				"down": {"uv": [0, 0, 4, 3], "rotation": 270, "texture": "#2"}
			}
		},
		{
			"from": [6.75, 3.75, 6.75],
			"to": [8.25, 5.15, 8.25],
			"faces": {
				"north": {"uv": [1, 1, 16, 2], "rotation": 90, "texture": "#2"},
				"east": {"uv": [0, 0, 2, 2], "rotation": 270, "texture": "#2"},
				"south": {"uv": [0, 0, 16, 4], "rotation": 270, "texture": "#2"},
				"west": {"uv": [0, 0, 16, 6], "rotation": 270, "texture": "#2"},
				"up": {"uv": [0, 0, 16, 16], "rotation": 270, "texture": "#2"},
				"down": {"uv": [0, 0, 4, 3], "rotation": 270, "texture": "#2"}
			}
		},
		{
			"from": [7, 5.2, 7],
			"to": [8, 6.2, 8],
			"faces": {
				"north": {"uv": [1, 1, 16, 2], "rotation": 90, "texture": "#2"},
				"east": {"uv": [0, 0, 2, 2], "rotation": 270, "texture": "#2"},
				"south": {"uv": [0, 0, 16, 4], "rotation": 270, "texture": "#2"},
				"west": {"uv": [0, 0, 16, 6], "rotation": 270, "texture": "#2"},
				"up": {"uv": [0, 0, 16, 16], "rotation": 270, "texture": "#2"},
				"down": {"uv": [0, 0, 4, 3], "rotation": 270, "texture": "#2"}
			}
		},
		{
			"from": [6.9, 5.75, 7.1],
			"to": [7.15, 6, 7.35],
			"faces": {
				"north": {"uv": [1, 1, 16, 2], "rotation": 90, "texture": "#3"},
				"east": {"uv": [0, 0, 2, 2], "rotation": 270, "texture": "#3"},
				"south": {"uv": [0, 0, 16, 4], "rotation": 270, "texture": "#3"},
				"west": {"uv": [0, 0, 16, 6], "rotation": 270, "texture": "#3"},
				"up": {"uv": [0, 0, 16, 16], "rotation": 270, "texture": "#3"},
				"down": {"uv": [0, 0, 4, 3], "rotation": 270, "texture": "#3"}
			}
		},
		{
			"from": [6.9, 5.45, 7.1],
			"to": [7, 5.55, 7.2],
			"faces": {
				"north": {"uv": [1, 1, 16, 2], "rotation": 90, "texture": "#3"},
				"east": {"uv": [0, 0, 2, 2], "rotation": 270, "texture": "#3"},
				"south": {"uv": [0, 0, 16, 4], "rotation": 270, "texture": "#3"},
				"west": {"uv": [0, 0, 16, 6], "rotation": 270, "texture": "#3"},
				"up": {"uv": [0, 0, 16, 16], "rotation": 270, "texture": "#3"},
				"down": {"uv": [0, 0, 4, 3], "rotation": 270, "texture": "#3"}
			}
		},
		{
			"from": [6.9, 5.35, 7.2],
			"to": [7, 5.45, 7.3],
			"faces": {
				"north": {"uv": [1, 1, 16, 2], "rotation": 90, "texture": "#3"},
				"east": {"uv": [0, 0, 2, 2], "rotation": 270, "texture": "#3"},
				"south": {"uv": [0, 0, 16, 4], "rotation": 270, "texture": "#3"},
				"west": {"uv": [0, 0, 16, 6], "rotation": 270, "texture": "#3"},
				"up": {"uv": [0, 0, 16, 16], "rotation": 270, "texture": "#3"},
				"down": {"uv": [0, 0, 4, 3], "rotation": 270, "texture": "#3"}
			}
		},
		{
			"from": [6.9, 6.9, 3.3],
			"to": [7.2, 7.2, 4.4],
			"rotation": {"angle": 22.5, "axis": "x", "origin": [0, 0, 0]},
			"faces": {
				"north": {"uv": [1, 1, 16, 2], "rotation": 90, "texture": "#4"},
				"east": {"uv": [0, 0, 2, 2], "rotation": 270, "texture": "#4"},
				"south": {"uv": [0, 0, 16, 4], "rotation": 270, "texture": "#4"},
				"west": {"uv": [0, 0, 16, 6], "rotation": 270, "texture": "#4"},
				"up": {"uv": [0, 0, 16, 16], "rotation": 270, "texture": "#4"},
				"down": {"uv": [0, 0, 4, 3], "rotation": 270, "texture": "#4"}
			}
		},
		{
			"from": [6.9, 7.3, 10.6],
			"to": [7.2, 7.6, 11.7],
			"rotation": {"angle": -22.5, "axis": "x", "origin": [0, 0, 16]},
			"faces": {
				"north": {"uv": [0, 4, 16, 0], "rotation": 270, "texture": "#4"},
				"east": {"uv": [0, 2, 2, 0], "rotation": 270, "texture": "#4"},
				"south": {"uv": [1, 2, 16, 1], "rotation": 90, "texture": "#4"},
				"west": {"uv": [0, 7, 16, 1], "rotation": 270, "texture": "#4"},
				"up": {"uv": [16, 0, 0, 16], "rotation": 270, "texture": "#4"},
				"down": {"uv": [4, 0, 0, 3], "rotation": 270, "texture": "#4"}
			}
		},
		{
			"from": [6.9, 5.25, 7.3],
			"to": [7, 5.35, 7.7],
			"faces": {
				"north": {"uv": [1, 1, 16, 2], "rotation": 90, "texture": "#3"},
				"east": {"uv": [0, 0, 2, 2], "rotation": 270, "texture": "#3"},
				"south": {"uv": [0, 0, 16, 4], "rotation": 270, "texture": "#3"},
				"west": {"uv": [0, 0, 16, 6], "rotation": 270, "texture": "#3"},
				"up": {"uv": [0, 0, 16, 16], "rotation": 270, "texture": "#3"},
				"down": {"uv": [0, 0, 4, 3], "rotation": 270, "texture": "#3"}
			}
		},
		{
			"from": [6.9, 5.35, 7.7],
			"to": [7, 5.45, 7.8],
			"faces": {
				"north": {"uv": [1, 1, 16, 2], "rotation": 90, "texture": "#3"},
				"east": {"uv": [0, 0, 2, 2], "rotation": 270, "texture": "#3"},
				"south": {"uv": [0, 0, 16, 4], "rotation": 270, "texture": "#3"},
				"west": {"uv": [0, 0, 16, 6], "rotation": 270, "texture": "#3"},
				"up": {"uv": [0, 0, 16, 16], "rotation": 270, "texture": "#3"},
				"down": {"uv": [0, 0, 4, 3], "rotation": 270, "texture": "#3"}
			}
		},
		{
			"from": [6.9, 5.45, 7.8],
			"to": [7, 5.55, 7.9],
			"faces": {
				"north": {"uv": [1, 1, 16, 2], "rotation": 90, "texture": "#3"},
				"east": {"uv": [0, 0, 2, 2], "rotation": 270, "texture": "#3"},
				"south": {"uv": [0, 0, 16, 4], "rotation": 270, "texture": "#3"},
				"west": {"uv": [0, 0, 16, 6], "rotation": 270, "texture": "#3"},
				"up": {"uv": [0, 0, 16, 16], "rotation": 270, "texture": "#3"},
				"down": {"uv": [0, 0, 4, 3], "rotation": 270, "texture": "#3"}
			}
		},
		{
			"from": [6.9, 5.75, 7.7],
			"to": [7.15, 6, 7.95],
			"faces": {
				"north": {"uv": [1, 1, 16, 2], "rotation": 90, "texture": "#3"},
				"east": {"uv": [0, 0, 2, 2], "rotation": 270, "texture": "#3"},
				"south": {"uv": [0, 0, 16, 4], "rotation": 270, "texture": "#3"},
				"west": {"uv": [0, 0, 16, 6], "rotation": 270, "texture": "#3"},
				"up": {"uv": [0, 0, 16, 16], "rotation": 270, "texture": "#3"},
				"down": {"uv": [0, 0, 4, 3], "rotation": 270, "texture": "#3"}
			}
		},
		{
			"from": [6.6, 5.6, 7.4],
			"to": [7.1, 5.8, 7.6],
			"faces": {
				"north": {"uv": [1, 1, 16, 2], "rotation": 90, "texture": "#4"},
				"east": {"uv": [0, 0, 2, 2], "rotation": 270, "texture": "#4"},
				"south": {"uv": [0, 0, 16, 4], "rotation": 270, "texture": "#4"},
				"west": {"uv": [0, 0, 16, 6], "rotation": 270, "texture": "#4"},
				"up": {"uv": [0, 0, 16, 16], "rotation": 270, "texture": "#4"},
				"down": {"uv": [0, 0, 4, 3], "rotation": 270, "texture": "#4"}
			}
		},
		{
			"from": [6.6, 4.6, 7.4],
			"to": [7.1, 4.8, 7.6],
			"faces": {
				"north": {"uv": [1, 1, 16, 2], "rotation": 90, "texture": "#3"},
				"east": {"uv": [0, 0, 2, 2], "rotation": 270, "texture": "#3"},
				"south": {"uv": [0, 0, 16, 4], "rotation": 270, "texture": "#3"},
				"west": {"uv": [0, 0, 16, 6], "rotation": 270, "texture": "#3"},
				"up": {"uv": [0, 0, 16, 16], "rotation": 270, "texture": "#3"},
				"down": {"uv": [0, 0, 4, 3], "rotation": 270, "texture": "#3"}
			}
		},
		{
			"from": [6.6, 4.1, 7.4],
			"to": [7.1, 4.3, 7.6],
			"faces": {
				"north": {"uv": [1, 1, 16, 2], "rotation": 90, "texture": "#3"},
				"east": {"uv": [0, 0, 2, 2], "rotation": 270, "texture": "#3"},
				"south": {"uv": [0, 0, 16, 4], "rotation": 270, "texture": "#3"},
				"west": {"uv": [0, 0, 16, 6], "rotation": 270, "texture": "#3"},
				"up": {"uv": [0, 0, 16, 16], "rotation": 270, "texture": "#3"},
				"down": {"uv": [0, 0, 4, 3], "rotation": 270, "texture": "#3"}
			}
		},
		{
			"from": [6.4, 3.5, 7.4],
			"to": [6.9, 3.8, 7.7],
			"faces": {
				"north": {"uv": [1, 1, 16, 2], "rotation": 90, "texture": "#3"},
				"east": {"uv": [0, 0, 2, 2], "rotation": 270, "texture": "#3"},
				"south": {"uv": [0, 0, 16, 4], "rotation": 270, "texture": "#3"},
				"west": {"uv": [0, 0, 16, 6], "rotation": 270, "texture": "#3"},
				"up": {"uv": [0, 0, 16, 16], "rotation": 270, "texture": "#3"},
				"down": {"uv": [0, 0, 4, 3], "rotation": 270, "texture": "#3"}
			}
		},
		{
			"from": [10.5, 1, 4.5],
			"to": [11.5, 3, 10.5],
			"faces": {
				"north": {"uv": [1, 1, 16, 2], "rotation": 90, "texture": "#5"},
				"east": {"uv": [0, 0, 2, 2], "rotation": 270, "texture": "#5"},
				"south": {"uv": [0, 0, 16, 4], "rotation": 270, "texture": "#5"},
				"west": {"uv": [0, 0, 16, 6], "rotation": 270, "texture": "#5"},
				"up": {"uv": [0, 0, 4, 3], "rotation": 270, "texture": "#5"},
				"down": {"uv": [0, 0, 4, 3], "rotation": 270, "texture": "#5"}
			}
		},
		{
			"from": [4.5, 1, 3.5],
			"to": [10.5, 3, 4.5],
			"faces": {
				"north": {"uv": [1, 1, 16, 2], "rotation": 90, "texture": "#5"},
				"east": {"uv": [0, 0, 2, 2], "rotation": 270, "texture": "#5"},
				"south": {"uv": [0, 0, 16, 4], "rotation": 270, "texture": "#5"},
				"west": {"uv": [0, 0, 16, 6], "rotation": 270, "texture": "#5"},
				"up": {"uv": [0, 0, 4, 3], "rotation": 270, "texture": "#5"},
				"down": {"uv": [0, 0, 4, 3], "rotation": 270, "texture": "#5"}
			}
		},
		{
			"from": [4.5, 1, 10.5],
			"to": [10.5, 3, 11.5],
			"faces": {
				"north": {"uv": [1, 1, 16, 2], "rotation": 90, "texture": "#5"},
				"east": {"uv": [0, 0, 2, 2], "rotation": 270, "texture": "#5"},
				"south": {"uv": [0, 0, 16, 4], "rotation": 270, "texture": "#5"},
				"west": {"uv": [0, 0, 16, 6], "rotation": 270, "texture": "#5"},
				"up": {"uv": [0, 0, 4, 3], "rotation": 270, "texture": "#5"},
				"down": {"uv": [0, 0, 4, 3], "rotation": 270, "texture": "#5"}
			}
		},
		{
			"from": [3.5, 3, 4.5],
			"to": [4.5, 7, 10.5],
			"faces": {
				"north": {"uv": [1, 2, 13, 10], "rotation": 270, "texture": "#8"},
				"east": {"uv": [1, 2, 13, 10], "rotation": 270, "texture": "#8"},
				"south": {"uv": [1, 2, 13, 10], "rotation": 270, "texture": "#8"},
				"west": {"uv": [1, 2, 13, 10], "rotation": 270, "texture": "#8"},
				"up": {"uv": [3, 7, 11, 12], "rotation": 270, "texture": "#8"},
				"down": {"uv": [4, 5, 8, 8], "rotation": 270, "texture": "#8"}
			}
		},
		{
			"from": [4.5, 3, 10.5],
			"to": [10.5, 7, 11.5],
			"faces": {
				"north": {"uv": [1, 2, 13, 10], "rotation": 270, "texture": "#8"},
				"east": {"uv": [1, 2, 13, 10], "rotation": 270, "texture": "#8"},
				"south": {"uv": [1, 2, 13, 10], "rotation": 270, "texture": "#8"},
				"west": {"uv": [1, 2, 13, 10], "rotation": 270, "texture": "#8"},
				"up": {"uv": [3, 7, 11, 12], "rotation": 270, "texture": "#8"},
				"down": {"uv": [4, 5, 8, 8], "rotation": 270, "texture": "#8"}
			}
		},
		{
			"from": [4.5, 7, 4.5],
			"to": [10.5, 9, 10.5],
			"faces": {
				"north": {"uv": [1, 2, 13, 10], "rotation": 270, "texture": "#8"},
				"east": {"uv": [1, 2, 13, 10], "rotation": 270, "texture": "#8"},
				"south": {"uv": [1, 2, 13, 10], "rotation": 270, "texture": "#8"},
				"west": {"uv": [1, 2, 13, 10], "rotation": 270, "texture": "#8"},
				"up": {"uv": [3, 7, 11, 12], "rotation": 270, "texture": "#8"},
				"down": {"uv": [4, 5, 8, 8], "rotation": 270, "texture": "#8"}
			}
		},
		{
			"from": [5.5, 9, 5.5],
			"to": [9.5, 10, 9.5],
			"faces": {
				"north": {"uv": [1, 2, 13, 10], "rotation": 270, "texture": "#8"},
				"east": {"uv": [9, 11, 14, 14], "rotation": 270, "texture": "#8"},
				"south": {"uv": [1, 2, 13, 10], "rotation": 270, "texture": "#8"},
				"west": {"uv": [1, 2, 6, 7], "rotation": 270, "texture": "#8"},
				"up": {"uv": [1, 1, 9, 6], "rotation": 270, "texture": "#8"},
				"down": {"uv": [4, 5, 8, 8], "rotation": 270, "texture": "#8"}
			}
		},
		{
			"from": [4.5, 3, 3.5],
			"to": [10.5, 7, 4.5],
			"faces": {
				"north": {"uv": [1, 2, 13, 10], "rotation": 270, "texture": "#8"},
				"east": {"uv": [1, 2, 13, 10], "rotation": 270, "texture": "#8"},
				"south": {"uv": [1, 2, 13, 10], "rotation": 270, "texture": "#8"},
				"west": {"uv": [1, 2, 13, 10], "rotation": 270, "texture": "#8"},
				"up": {"uv": [3, 7, 11, 12], "rotation": 270, "texture": "#8"},
				"down": {"uv": [4, 5, 8, 8], "rotation": 270, "texture": "#8"}
			}
		},
		{
			"from": [10.5, 3, 4.5],
			"to": [11.5, 7, 10.5],
			"faces": {
				"north": {"uv": [1, 2, 13, 10], "rotation": 270, "texture": "#8"},
				"east": {"uv": [1, 2, 13, 10], "rotation": 270, "texture": "#8"},
				"south": {"uv": [1, 2, 13, 10], "rotation": 270, "texture": "#8"},
				"west": {"uv": [1, 2, 13, 10], "rotation": 270, "texture": "#8"},
				"up": {"uv": [3, 7, 11, 12], "rotation": 270, "texture": "#8"},
				"down": {"uv": [4, 5, 8, 8], "rotation": 270, "texture": "#8"}
			}
		}
	],
	"display": {
		"fixed": {
			"rotation": [-90, 0, 0],
			"translation": [0, 0, -14],
			"scale": [2, 2, 2]
		}
	}
}