{
    "parent": "item/handheld",
    "textures": {
        "layer0": "item/snowball"
    },
        "overrides": [
						{ "predicate": { "custom_model_data": 1}, "model": "item/pizza_pack"},
						{ "predicate": { "custom_model_data": 2}, "model": "item/sausage_pack"},
						{ "predicate": { "custom_model_data": 3}, "model": "item/fish_pack1"},
						{ "predicate": { "custom_model_data": 4}, "model": "item/fish_pack2"},
						{ "predicate": { "custom_model_data": 5}, "model": "item/cookie_pack1"},
						{ "predicate": { "custom_model_data": 6}, "model": "item/cookie_pack2"},
						{ "predicate": { "custom_model_data": 7}, "model": "item/toast_pack"},
						{ "predicate": { "custom_model_data": 8}, "model": "item/choco_pack"},
						{ "predicate": { "custom_model_data": 9}, "model": "item/bonbon_pack"},
						{ "predicate": { "custom_model_data": 10}, "model": "item/bricks_pack"}
        ]
}
