{
	"credit": "Made with Blockbench",
	"textures": {
		"0": "block/light_gray_concrete",
		"1": "block/gray_wool",
		"3": "block/white_wool",
		"particle": "block/light_gray_concrete"
	},
	"elements": [
		{
			"from": [9, 6, 7],
			"to": [10, 10, 8],
			"rotation": {"angle": -22.5, "axis": "z", "origin": [2, 3, 6]},
			"faces": {
				"north": {"uv": [0, 0, 2, 8], "texture": "#1"},
				"east": {"uv": [0, 0, 2, 8], "texture": "#1"},
				"south": {"uv": [0, 0, 2, 8], "texture": "#1"},
				"west": {"uv": [0, 0, 2, 8], "texture": "#1"},
				"up": {"uv": [0, 0, 10, 12], "texture": "#1"},
				"down": {"uv": [0, 0, 2, 2], "texture": "#1"}
			}
		},
		{
			"from": [7, 0, 7],
			"to": [9, 0.5, 7.5],
			"rotation": {"angle": 22.5, "axis": "z", "origin": [2, 3, 6]},
			"faces": {
				"north": {"uv": [0, 0, 2, 8], "rotation": 270, "texture": "#1"},
				"east": {"uv": [0, 0, 10, 12], "rotation": 90, "texture": "#1"},
				"south": {"uv": [0, 0, 2, 8], "rotation": 90, "texture": "#1"},
				"west": {"uv": [0, 0, 2, 2], "rotation": 90, "texture": "#1"},
				"up": {"uv": [0, 0, 2, 8], "rotation": 90, "texture": "#1"},
				"down": {"uv": [0, 0, 2, 8], "rotation": 90, "texture": "#1"}
			}
		},
		{
			"from": [4.75, 4.75, 7],
			"to": [7.75, 5.25, 7.5],
			"rotation": {"angle": -22.5, "axis": "z", "origin": [2, 3, 6]},
			"faces": {
				"north": {"uv": [0, 0, 2, 8], "rotation": 270, "texture": "#1"},
				"east": {"uv": [0, 0, 10, 12], "rotation": 90, "texture": "#1"},
				"south": {"uv": [0, 0, 2, 8], "rotation": 90, "texture": "#1"},
				"west": {"uv": [0, 0, 2, 2], "rotation": 90, "texture": "#1"},
				"up": {"uv": [0, 0, 2, 8], "rotation": 90, "texture": "#1"},
				"down": {"uv": [0, 0, 2, 8], "rotation": 90, "texture": "#1"}
			}
		},
		{
			"from": [3.5, 3.75, 7],
			"to": [5.5, 4.25, 7.5],
			"rotation": {"angle": 0, "axis": "z", "origin": [2, 3, 6]},
			"faces": {
				"north": {"uv": [0, 0, 2, 8], "rotation": 270, "texture": "#1"},
				"east": {"uv": [0, 0, 10, 12], "rotation": 90, "texture": "#1"},
				"south": {"uv": [0, 0, 2, 8], "rotation": 90, "texture": "#1"},
				"west": {"uv": [0, 0, 2, 2], "rotation": 90, "texture": "#1"},
				"up": {"uv": [0, 0, 2, 8], "rotation": 90, "texture": "#1"},
				"down": {"uv": [0, 0, 2, 8], "rotation": 90, "texture": "#1"}
			}
		},
		{
			"from": [3, 3.75, 6.9],
			"to": [4.5, 5.25, 7.9],
			"rotation": {"angle": 0, "axis": "z", "origin": [2, 3, 6]},
			"faces": {
				"north": {"uv": [0, 0, 2, 8], "rotation": 270, "texture": "#3"},
				"east": {"uv": [0, 0, 10, 12], "rotation": 90, "texture": "#3"},
				"south": {"uv": [0, 0, 2, 8], "rotation": 90, "texture": "#3"},
				"west": {"uv": [0, 0, 2, 2], "rotation": 90, "texture": "#3"},
				"up": {"uv": [0, 0, 2, 8], "rotation": 90, "texture": "#3"},
				"down": {"uv": [0, 0, 2, 8], "rotation": 90, "texture": "#3"}
			}
		},
		{
			"from": [8.25, 6.5, 7],
			"to": [9, 11.5, 7.75],
			"rotation": {"angle": 0, "axis": "z", "origin": [2, 3, 6]},
			"faces": {
				"north": {"uv": [0, 0, 2, 8], "texture": "#0"},
				"east": {"uv": [0, 0, 2, 8], "texture": "#0"},
				"south": {"uv": [0, 0, 2, 8], "texture": "#0"},
				"west": {"uv": [0, 0, 2, 8], "texture": "#0"},
				"up": {"uv": [0, 0, 10, 12], "texture": "#0"},
				"down": {"uv": [0, 0, 2, 2], "texture": "#0"}
			}
		},
		{
			"from": [11, 6.5, 7],
			"to": [11.75, 11.5, 7.75],
			"rotation": {"angle": 0, "axis": "z", "origin": [2, 3, 6]},
			"faces": {
				"north": {"uv": [0, 0, 2, 8], "texture": "#0"},
				"east": {"uv": [0, 0, 2, 8], "texture": "#0"},
				"south": {"uv": [0, 0, 2, 8], "texture": "#0"},
				"west": {"uv": [0, 0, 2, 8], "texture": "#0"},
				"up": {"uv": [0, 0, 10, 12], "texture": "#0"},
				"down": {"uv": [0, 0, 2, 2], "texture": "#0"}
			}
		},
		{
			"from": [13.5, 6.75, 7],
			"to": [14.25, 8.75, 7.75],
			"rotation": {"angle": 22.5, "axis": "z", "origin": [2, 3, 6]},
			"faces": {
				"north": {"uv": [0, 0, 2, 8], "texture": "#0"},
				"east": {"uv": [0, 0, 2, 8], "texture": "#0"},
				"south": {"uv": [0, 0, 2, 8], "texture": "#0"},
				"west": {"uv": [0, 0, 2, 8], "texture": "#0"},
				"up": {"uv": [0, 0, 10, 12], "texture": "#0"},
				"down": {"uv": [0, 0, 2, 2], "texture": "#0"}
			}
		},
		{
			"from": [10.5, 11.75, 6.9],
			"to": [11.25, 13.75, 7.9],
			"rotation": {"angle": 0, "axis": "z", "origin": [2, 3, 6]},
			"faces": {
				"north": {"uv": [0, 0, 2, 8], "texture": "#1"},
				"east": {"uv": [0, 0, 2, 8], "texture": "#1"},
				"south": {"uv": [0, 0, 2, 8], "texture": "#1"},
				"west": {"uv": [0, 0, 2, 8], "texture": "#1"},
				"up": {"uv": [0, 0, 10, 12], "texture": "#1"},
				"down": {"uv": [0, 0, 2, 2], "texture": "#1"}
			}
		},
		{
			"from": [9, 11.75, 6.9],
			"to": [9.75, 13.75, 7.9],
			"rotation": {"angle": 0, "axis": "z", "origin": [2, 3, 6]},
			"faces": {
				"north": {"uv": [0, 0, 2, 8], "texture": "#1"},
				"east": {"uv": [0, 0, 2, 8], "texture": "#1"},
				"south": {"uv": [0, 0, 2, 8], "texture": "#1"},
				"west": {"uv": [0, 0, 2, 8], "texture": "#1"},
				"up": {"uv": [0, 0, 10, 12], "texture": "#1"},
				"down": {"uv": [0, 0, 2, 2], "texture": "#1"}
			}
		},
		{
			"from": [4.5, 13.25, 7],
			"to": [5.25, 15.25, 7.75],
			"rotation": {"angle": -22.5, "axis": "z", "origin": [2, 3, 6]},
			"faces": {
				"north": {"uv": [0, 0, 2, 8], "texture": "#0"},
				"east": {"uv": [0, 0, 2, 8], "texture": "#0"},
				"south": {"uv": [0, 0, 2, 8], "texture": "#0"},
				"west": {"uv": [0, 0, 2, 8], "texture": "#0"},
				"up": {"uv": [0, 0, 10, 12], "texture": "#0"},
				"down": {"uv": [0, 0, 2, 2], "texture": "#0"}
			}
		},
		{
			"from": [9, 0, 7],
			"to": [10, 4, 8],
			"rotation": {"angle": 22.5, "axis": "z", "origin": [2, 3, 6]},
			"faces": {
				"north": {"uv": [0, 0, 2, 8], "texture": "#1"},
				"east": {"uv": [0, 0, 2, 8], "texture": "#1"},
				"south": {"uv": [0, 0, 2, 8], "texture": "#1"},
				"west": {"uv": [0, 0, 2, 8], "texture": "#1"},
				"up": {"uv": [0, 0, 10, 12], "texture": "#1"},
				"down": {"uv": [0, 0, 2, 2], "texture": "#1"}
			}
		}
	],
	"display": {
		"ground": {
			"rotation": [93, 0, 0]
		},
		"gui": {
			"rotation": [0, 163, 0],
			"scale": [1.5, 1.5, 1.5]
		}
	}
}