{
	"credit": "Made with Blockbench",
	"textures": {
		"0": "block/gray_wool",
		"2": "block/cyan_terracotta",
		"3": "block/black_concrete_powder",
		"4": "block/light_gray_wool",
		"particle": "block/gray_wool"
	},
	"elements": [
		{
			"from": [6.2, -0.5, 4.5],
			"to": [6.4, 0, 5],
			"rotation": {"angle": 0, "axis": "y", "origin": [6.7, -0.5, 4.5]},
			"faces": {
				"north": {"uv": [8, 7, 10, 9], "texture": "#0"},
				"east": {"uv": [8, 7, 10, 9], "texture": "#0"},
				"south": {"uv": [8, 7, 10, 9], "texture": "#0"},
				"west": {"uv": [8, 7, 10, 9], "texture": "#0"},
				"up": {"uv": [8, 7, 10, 9], "texture": "#0"},
				"down": {"uv": [0, 0, 1, 1], "texture": "#0"}
			}
		},
		{
			"from": [6, -1.05, 4.1],
			"to": [6.5, -0.05, 4.3],
			"rotation": {"angle": 0, "axis": "y", "origin": [6.5, -1.05, 4.1]},
			"faces": {
				"north": {"uv": [8, 7, 10, 9], "texture": "#0"},
				"east": {"uv": [8, 7, 10, 9], "texture": "#0"},
				"south": {"uv": [8, 7, 10, 9], "texture": "#0"},
				"west": {"uv": [8, 7, 10, 9], "texture": "#0"},
				"up": {"uv": [8, 7, 10, 9], "texture": "#0"},
				"down": {"uv": [0, 0, 1, 1], "texture": "#0"}
			}
		},
		{
			"from": [6, -1.05, 5.1],
			"to": [6.5, -0.05, 5.3],
			"rotation": {"angle": 0, "axis": "y", "origin": [6.5, -1.05, 5.1]},
			"faces": {
				"north": {"uv": [8, 7, 10, 9], "texture": "#0"},
				"east": {"uv": [8, 7, 10, 9], "texture": "#0"},
				"south": {"uv": [8, 7, 10, 9], "texture": "#0"},
				"west": {"uv": [8, 7, 10, 9], "texture": "#0"},
				"up": {"uv": [8, 7, 10, 9], "texture": "#0"},
				"down": {"uv": [0, 0, 1, 1], "texture": "#0"}
			}
		},
		{
			"from": [6, -1.15, 4.2],
			"to": [6.5, -0.95, 5.2],
			"rotation": {"angle": 0, "axis": "y", "origin": [6.5, -1.15, 4.2]},
			"faces": {
				"north": {"uv": [8, 7, 10, 9], "texture": "#0"},
				"east": {"uv": [8, 7, 10, 9], "texture": "#0"},
				"south": {"uv": [8, 7, 10, 9], "texture": "#0"},
				"west": {"uv": [8, 7, 10, 9], "texture": "#0"},
				"up": {"uv": [8, 7, 10, 9], "texture": "#0"},
				"down": {"uv": [0, 0, 1, 1], "texture": "#0"}
			}
		},
		{
			"from": [6.1, -0.25, 4.2],
			"to": [6.3, -0.15, 5.4],
			"rotation": {"angle": 45, "axis": "x", "origin": [6.6, -0.25, 4.3]},
			"faces": {
				"north": {"uv": [8, 7, 10, 9], "texture": "#4"},
				"east": {"uv": [8, 7, 10, 9], "texture": "#4"},
				"south": {"uv": [8, 7, 10, 9], "texture": "#4"},
				"west": {"uv": [8, 7, 10, 9], "texture": "#4"},
				"up": {"uv": [8, 7, 10, 9], "texture": "#4"},
				"down": {"uv": [0, 0, 1, 1], "texture": "#4"}
			}
		},
		{
			"from": [6.1, -1.25, 5],
			"to": [6.3, -0.05, 5.1],
			"rotation": {"angle": 45, "axis": "x", "origin": [6.6, -0.15, 5]},
			"faces": {
				"north": {"uv": [0, 0, 1, 1], "rotation": 180, "texture": "#4"},
				"east": {"uv": [8, 7, 10, 9], "rotation": 270, "texture": "#4"},
				"south": {"uv": [8, 7, 10, 9], "texture": "#4"},
				"west": {"uv": [8, 7, 10, 9], "rotation": 90, "texture": "#4"},
				"up": {"uv": [8, 7, 10, 9], "rotation": 180, "texture": "#4"},
				"down": {"uv": [8, 7, 10, 9], "texture": "#4"}
			}
		},
		{
			"from": [6, -0.15, 4.2],
			"to": [6.5, 0.05, 5.2],
			"rotation": {"angle": 0, "axis": "y", "origin": [6.5, -0.15, 4.2]},
			"faces": {
				"north": {"uv": [8, 7, 10, 9], "texture": "#0"},
				"east": {"uv": [8, 7, 10, 9], "texture": "#0"},
				"south": {"uv": [8, 7, 10, 9], "texture": "#0"},
				"west": {"uv": [8, 7, 10, 9], "texture": "#0"},
				"up": {"uv": [8, 7, 10, 9], "texture": "#0"},
				"down": {"uv": [0, 0, 1, 1], "texture": "#0"}
			}
		},
		{
			"from": [5.2, 0.35, 10.95],
			"to": [5.7, 0.55, 12.45],
			"rotation": {"angle": 0, "axis": "y", "origin": [5.7, 0.35, 10.95]},
			"faces": {
				"north": {"uv": [8, 7, 10, 9], "texture": "#0"},
				"east": {"uv": [8, 7, 10, 9], "texture": "#0"},
				"south": {"uv": [8, 7, 10, 9], "texture": "#0"},
				"west": {"uv": [8, 7, 10, 9], "texture": "#0"},
				"up": {"uv": [8, 7, 10, 9], "texture": "#0"},
				"down": {"uv": [0, 0, 1, 1], "texture": "#0"}
			}
		},
		{
			"from": [5.2, -1.05, 12.35],
			"to": [5.7, 0.45, 12.55],
			"rotation": {"angle": 0, "axis": "y", "origin": [5.7, -1.05, 12.35]},
			"faces": {
				"north": {"uv": [8, 7, 10, 9], "texture": "#0"},
				"east": {"uv": [8, 7, 10, 9], "texture": "#0"},
				"south": {"uv": [8, 7, 10, 9], "texture": "#0"},
				"west": {"uv": [8, 7, 10, 9], "texture": "#0"},
				"up": {"uv": [8, 7, 10, 9], "texture": "#0"},
				"down": {"uv": [0, 0, 1, 1], "texture": "#0"}
			}
		},
		{
			"from": [5.3, -1.25, 11.75],
			"to": [5.5, 0.55, 11.85],
			"rotation": {"angle": 45, "axis": "x", "origin": [5.8, -0.15, 11.75]},
			"faces": {
				"north": {"uv": [0, 0, 1, 1], "rotation": 180, "texture": "#4"},
				"east": {"uv": [8, 7, 10, 9], "rotation": 270, "texture": "#4"},
				"south": {"uv": [8, 7, 10, 9], "texture": "#4"},
				"west": {"uv": [8, 7, 10, 9], "rotation": 90, "texture": "#4"},
				"up": {"uv": [8, 7, 10, 9], "rotation": 180, "texture": "#4"},
				"down": {"uv": [8, 7, 10, 9], "texture": "#4"}
			}
		},
		{
			"from": [5.3, 0.25, 10.95],
			"to": [5.5, 0.35, 12.95],
			"rotation": {"angle": 45, "axis": "x", "origin": [5.8, 0.25, 11.05]},
			"faces": {
				"north": {"uv": [8, 7, 10, 9], "texture": "#4"},
				"east": {"uv": [8, 7, 10, 9], "texture": "#4"},
				"south": {"uv": [8, 7, 10, 9], "texture": "#4"},
				"west": {"uv": [8, 7, 10, 9], "texture": "#4"},
				"up": {"uv": [8, 7, 10, 9], "texture": "#4"},
				"down": {"uv": [0, 0, 1, 1], "texture": "#4"}
			}
		},
		{
			"from": [5.3, -0.35, 10.95],
			"to": [5.5, -0.25, 12.45],
			"rotation": {"angle": 0, "axis": "y", "origin": [5.8, -0.35, 11.05]},
			"faces": {
				"north": {"uv": [8, 7, 10, 9], "texture": "#4"},
				"east": {"uv": [8, 7, 10, 9], "texture": "#4"},
				"south": {"uv": [8, 7, 10, 9], "texture": "#4"},
				"west": {"uv": [8, 7, 10, 9], "texture": "#4"},
				"up": {"uv": [8, 7, 10, 9], "texture": "#4"},
				"down": {"uv": [0, 0, 1, 1], "texture": "#4"}
			}
		},
		{
			"from": [5.3, -1.15, 11.65],
			"to": [5.5, 0.35, 11.75],
			"rotation": {"angle": 0, "axis": "y", "origin": [5.8, -1.15, 11.75]},
			"faces": {
				"north": {"uv": [8, 7, 10, 9], "texture": "#4"},
				"east": {"uv": [8, 7, 10, 9], "texture": "#4"},
				"south": {"uv": [8, 7, 10, 9], "texture": "#4"},
				"west": {"uv": [8, 7, 10, 9], "texture": "#4"},
				"up": {"uv": [8, 7, 10, 9], "texture": "#4"},
				"down": {"uv": [0, 0, 1, 1], "texture": "#4"}
			}
		},
		{
			"from": [6.1, -1.15, 4.65],
			"to": [6.3, -0.15, 4.75],
			"rotation": {"angle": 0, "axis": "y", "origin": [6.6, -1.15, 4.75]},
			"faces": {
				"north": {"uv": [8, 7, 10, 9], "texture": "#4"},
				"east": {"uv": [8, 7, 10, 9], "texture": "#4"},
				"south": {"uv": [8, 7, 10, 9], "texture": "#4"},
				"west": {"uv": [8, 7, 10, 9], "texture": "#4"},
				"up": {"uv": [8, 7, 10, 9], "texture": "#4"},
				"down": {"uv": [0, 0, 1, 1], "texture": "#4"}
			}
		},
		{
			"from": [6.1, -0.6, 4.2],
			"to": [6.3, -0.5, 5.2],
			"rotation": {"angle": 0, "axis": "y", "origin": [6.6, -0.6, 4.3]},
			"faces": {
				"north": {"uv": [8, 7, 10, 9], "texture": "#4"},
				"east": {"uv": [8, 7, 10, 9], "texture": "#4"},
				"south": {"uv": [8, 7, 10, 9], "texture": "#4"},
				"west": {"uv": [8, 7, 10, 9], "texture": "#4"},
				"up": {"uv": [8, 7, 10, 9], "texture": "#4"},
				"down": {"uv": [0, 0, 1, 1], "texture": "#4"}
			}
		},
		{
			"from": [5.2, -1.15, 10.95],
			"to": [5.7, -0.95, 12.45],
			"rotation": {"angle": 0, "axis": "y", "origin": [5.7, -1.15, 10.95]},
			"faces": {
				"north": {"uv": [8, 7, 10, 9], "texture": "#0"},
				"east": {"uv": [8, 7, 10, 9], "texture": "#0"},
				"south": {"uv": [8, 7, 10, 9], "texture": "#0"},
				"west": {"uv": [8, 7, 10, 9], "texture": "#0"},
				"up": {"uv": [8, 7, 10, 9], "texture": "#0"},
				"down": {"uv": [0, 0, 1, 1], "texture": "#0"}
			}
		},
		{
			"from": [5.2, -1.05, 10.85],
			"to": [5.7, 0.45, 11.05],
			"rotation": {"angle": 0, "axis": "y", "origin": [5.7, -1.05, 10.85]},
			"faces": {
				"north": {"uv": [8, 7, 10, 9], "texture": "#0"},
				"east": {"uv": [8, 7, 10, 9], "texture": "#0"},
				"south": {"uv": [8, 7, 10, 9], "texture": "#0"},
				"west": {"uv": [8, 7, 10, 9], "texture": "#0"},
				"up": {"uv": [8, 7, 10, 9], "texture": "#0"},
				"down": {"uv": [0, 0, 1, 1], "texture": "#0"}
			}
		},
		{
			"from": [5.4, -0.5, 11.5],
			"to": [5.6, 0.5, 12],
			"rotation": {"angle": 0, "axis": "y", "origin": [5.9, -0.5, 11.5]},
			"faces": {
				"north": {"uv": [8, 7, 10, 9], "texture": "#0"},
				"east": {"uv": [8, 7, 10, 9], "texture": "#0"},
				"south": {"uv": [8, 7, 10, 9], "texture": "#0"},
				"west": {"uv": [8, 7, 10, 9], "texture": "#0"},
				"up": {"uv": [8, 7, 10, 9], "texture": "#0"},
				"down": {"uv": [0, 0, 1, 1], "texture": "#0"}
			}
		},
		{
			"from": [6.1, -0.2, 4.5],
			"to": [6.5, 0.8, 4.9],
			"rotation": {"angle": 22.5, "axis": "x", "origin": [6.6, -0.2, 4.5]},
			"faces": {
				"north": {"uv": [14, 3, 15, 4], "texture": "#3"},
				"east": {"uv": [14, 3, 15, 4], "texture": "#3"},
				"south": {"uv": [14, 3, 15, 4], "texture": "#3"},
				"west": {"uv": [14, 3, 15, 4], "texture": "#3"},
				"up": {"uv": [14, 3, 15, 4], "texture": "#3"},
				"down": {"uv": [0, 0, 1, 1], "texture": "#3"}
			}
		},
		{
			"from": [6.1, 0.3, 5],
			"to": [6.5, 0.7, 7],
			"rotation": {"angle": 0, "axis": "y", "origin": [6.6, 0.3, 5]},
			"faces": {
				"north": {"uv": [14, 3, 15, 4], "texture": "#3"},
				"east": {"uv": [14, 3, 15, 4], "texture": "#3"},
				"south": {"uv": [14, 3, 15, 4], "texture": "#3"},
				"west": {"uv": [14, 3, 15, 4], "texture": "#3"},
				"up": {"uv": [14, 3, 15, 4], "texture": "#3"},
				"down": {"uv": [0, 0, 1, 1], "texture": "#3"}
			}
		},
		{
			"from": [6.1, 0.3, 5],
			"to": [9.9, 0.6, 9],
			"rotation": {"angle": 0, "axis": "y", "origin": [6.6, 0.3, 5]},
			"faces": {
				"north": {"uv": [14, 3, 15, 4], "texture": "#3"},
				"east": {"uv": [14, 3, 15, 4], "texture": "#3"},
				"south": {"uv": [14, 3, 15, 4], "texture": "#3"},
				"west": {"uv": [14, 3, 15, 4], "texture": "#3"},
				"up": {"uv": [14, 3, 15, 4], "texture": "#3"},
				"down": {"uv": [0, 0, 1, 1], "texture": "#3"}
			}
		},
		{
			"from": [6.35, 0.8, 6.1],
			"to": [6.55, 2, 10.3],
			"rotation": {"angle": 0, "axis": "y", "origin": [6.85, 0.8, 6.1]},
			"faces": {
				"north": {"uv": [5, 0, 15, 7], "texture": "#3"},
				"east": {"uv": [5, 0, 15, 7], "texture": "#3"},
				"south": {"uv": [5, 0, 15, 7], "texture": "#3"},
				"west": {"uv": [5, 0, 15, 7], "texture": "#3"},
				"up": {"uv": [5, 0, 15, 7], "texture": "#3"},
				"down": {"uv": [0, 0, 1, 1], "texture": "#3"}
			}
		},
		{
			"from": [9.45, 0.8, 6.1],
			"to": [9.65, 2, 10.3],
			"rotation": {"angle": 0, "axis": "y", "origin": [9.95, 0.8, 6.1]},
			"faces": {
				"north": {"uv": [5, 0, 15, 7], "texture": "#3"},
				"east": {"uv": [5, 0, 15, 7], "texture": "#3"},
				"south": {"uv": [5, 0, 15, 7], "texture": "#3"},
				"west": {"uv": [5, 0, 15, 7], "texture": "#3"},
				"up": {"uv": [5, 0, 15, 7], "texture": "#3"},
				"down": {"uv": [0, 0, 1, 1], "texture": "#3"}
			}
		},
		{
			"from": [6.55, 0.8, 6.1],
			"to": [9.55, 2, 6.3],
			"rotation": {"angle": 0, "axis": "y", "origin": [7.05, 0.8, 6.1]},
			"faces": {
				"north": {"uv": [5, 0, 15, 7], "texture": "#3"},
				"east": {"uv": [5, 0, 15, 7], "texture": "#3"},
				"south": {"uv": [5, 0, 15, 7], "texture": "#3"},
				"west": {"uv": [5, 0, 15, 7], "texture": "#3"},
				"up": {"uv": [5, 0, 15, 7], "texture": "#3"},
				"down": {"uv": [0, 0, 1, 1], "texture": "#3"}
			}
		},
		{
			"from": [6.55, 0.8, 10],
			"to": [9.55, 1.8, 10.2],
			"rotation": {"angle": 22.5, "axis": "x", "origin": [7.05, 0.8, 10]},
			"faces": {
				"north": {"uv": [5, 0, 15, 7], "texture": "#3"},
				"east": {"uv": [5, 0, 15, 7], "texture": "#3"},
				"south": {"uv": [5, 0, 15, 7], "texture": "#3"},
				"west": {"uv": [5, 0, 15, 7], "texture": "#3"},
				"up": {"uv": [5, 0, 15, 7], "texture": "#3"},
				"down": {"uv": [0, 0, 1, 1], "texture": "#3"}
			}
		},
		{
			"from": [6.45, 1.1, 9.7],
			"to": [6.65, 2.1, 10.2],
			"rotation": {"angle": 22.5, "axis": "x", "origin": [6.95, 1.1, 9.7]},
			"faces": {
				"north": {"uv": [5, 0, 15, 7], "texture": "#3"},
				"east": {"uv": [5, 0, 15, 7], "texture": "#3"},
				"south": {"uv": [5, 0, 15, 7], "texture": "#3"},
				"west": {"uv": [5, 0, 15, 7], "texture": "#3"},
				"up": {"uv": [5, 0, 15, 7], "texture": "#3"},
				"down": {"uv": [0, 0, 1, 1], "texture": "#3"}
			}
		},
		{
			"from": [9.45, 1.1, 9.7],
			"to": [9.65, 2.1, 10.2],
			"rotation": {"angle": 22.5, "axis": "x", "origin": [9.95, 1.1, 9.7]},
			"faces": {
				"north": {"uv": [5, 0, 15, 7], "texture": "#3"},
				"east": {"uv": [5, 0, 15, 7], "texture": "#3"},
				"south": {"uv": [5, 0, 15, 7], "texture": "#3"},
				"west": {"uv": [5, 0, 15, 7], "texture": "#3"},
				"up": {"uv": [5, 0, 15, 7], "texture": "#3"},
				"down": {"uv": [0, 0, 1, 1], "texture": "#3"}
			}
		},
		{
			"from": [6.3, 2.5, 5.4],
			"to": [9.7, 2.8, 11.6],
			"rotation": {"angle": 0, "axis": "y", "origin": [6.8, 1.8, 5.4]},
			"faces": {
				"north": {"uv": [3, 3, 15, 12], "texture": "#4"},
				"east": {"uv": [3, 3, 15, 12], "texture": "#4"},
				"south": {"uv": [3, 3, 15, 12], "texture": "#4"},
				"west": {"uv": [3, 3, 15, 12], "texture": "#4"},
				"up": {"uv": [3, 3, 15, 12], "texture": "#3"},
				"down": {"uv": [0, 0, 1, 1], "texture": "#4"}
			}
		},
		{
			"from": [6.3, 4, 9.8],
			"to": [9.7, 4.5, 11.8],
			"rotation": {"angle": 0, "axis": "y", "origin": [6.8, 3.8, 9.8]},
			"faces": {
				"north": {"uv": [3, 3, 15, 12], "texture": "#4"},
				"east": {"uv": [3, 3, 15, 12], "texture": "#4"},
				"south": {"uv": [3, 3, 15, 12], "texture": "#4"},
				"west": {"uv": [3, 3, 15, 12], "texture": "#4"},
				"up": {"uv": [3, 3, 15, 12], "texture": "#4"},
				"down": {"uv": [0, 0, 1, 1], "texture": "#4"}
			}
		},
		{
			"from": [6.1, 2.7, 6],
			"to": [6.3, 4.7, 11],
			"rotation": {"angle": 0, "axis": "y", "origin": [6.6, 1.8, 6]},
			"faces": {
				"north": {"uv": [3, 3, 15, 12], "texture": "#4"},
				"east": {"uv": [3, 3, 15, 12], "texture": "#3"},
				"south": {"uv": [3, 3, 15, 12], "texture": "#4"},
				"west": {"uv": [3, 3, 16, 8], "texture": "#4"},
				"up": {"uv": [3, 3, 15, 12], "texture": "#4"},
				"down": {"uv": [0, 0, 1, 1], "texture": "#4"}
			}
		},
		{
			"from": [6.1, 4.7, 6],
			"to": [6.3, 6.2, 7.7],
			"rotation": {"angle": 0, "axis": "y", "origin": [6.6, 3.8, 6]},
			"faces": {
				"north": {"uv": [3, 3, 15, 12], "texture": "#4"},
				"east": {"uv": [3, 3, 15, 12], "texture": "#4"},
				"south": {"uv": [3, 3, 15, 12], "texture": "#4"},
				"west": {"uv": [3, 3, 16, 8], "texture": "#4"},
				"up": {"uv": [3, 3, 15, 12], "texture": "#4"},
				"down": {"uv": [0, 0, 1, 1], "texture": "#4"}
			}
		},
		{
			"from": [6.1, 5.7, 6.5],
			"to": [6.3, 6.7, 7.7],
			"rotation": {"angle": 0, "axis": "y", "origin": [6.6, 4.8, 6.5]},
			"faces": {
				"north": {"uv": [3, 3, 15, 12], "texture": "#4"},
				"east": {"uv": [3, 3, 15, 12], "texture": "#4"},
				"south": {"uv": [3, 3, 15, 12], "texture": "#4"},
				"west": {"uv": [3, 3, 16, 8], "texture": "#4"},
				"up": {"uv": [3, 3, 15, 12], "texture": "#4"},
				"down": {"uv": [0, 0, 1, 1], "texture": "#4"}
			}
		},
		{
			"from": [6.2, 6.7, 7],
			"to": [9.7, 7.3, 7.7],
			"rotation": {"angle": 0, "axis": "y", "origin": [6.7, 5.8, 7]},
			"faces": {
				"north": {"uv": [3, 3, 15, 12], "texture": "#4"},
				"east": {"uv": [3, 3, 15, 12], "texture": "#4"},
				"south": {"uv": [3, 3, 15, 12], "texture": "#4"},
				"west": {"uv": [3, 3, 16, 8], "texture": "#4"},
				"up": {"uv": [3, 3, 15, 12], "texture": "#4"},
				"down": {"uv": [0, 0, 1, 1], "texture": "#4"}
			}
		},
		{
			"from": [6.3, 6.2, 6.5],
			"to": [9.7, 6.7, 6.95],
			"rotation": {"angle": 0, "axis": "y", "origin": [6.8, 5.3, 6.5]},
			"faces": {
				"north": {"uv": [3, 3, 15, 12], "texture": "#4"},
				"east": {"uv": [3, 3, 15, 12], "texture": "#4"},
				"south": {"uv": [3, 3, 15, 12], "texture": "#4"},
				"west": {"uv": [3, 3, 16, 8], "texture": "#4"},
				"up": {"uv": [3, 3, 15, 12], "texture": "#4"},
				"down": {"uv": [0, 0, 1, 1], "texture": "#4"}
			}
		},
		{
			"from": [6.3, 6, 6],
			"to": [9.7, 6.7, 6.6],
			"rotation": {"angle": 0, "axis": "y", "origin": [6.8, 5.2, 6]},
			"faces": {
				"north": {"uv": [3, 3, 15, 12], "texture": "#4"},
				"east": {"uv": [3, 3, 15, 12], "texture": "#4"},
				"south": {"uv": [3, 3, 15, 12], "texture": "#4"},
				"west": {"uv": [3, 3, 16, 8], "texture": "#4"},
				"up": {"uv": [3, 3, 15, 12], "texture": "#4"},
				"down": {"uv": [0, 0, 1, 1], "texture": "#4"}
			}
		},
		{
			"from": [6.1, 2.7, 10.8],
			"to": [6.3, 4.7, 11.8],
			"rotation": {"angle": 22.5, "axis": "y", "origin": [6.6, 1.8, 10.8]},
			"faces": {
				"north": {"uv": [3, 3, 15, 12], "texture": "#4"},
				"east": {"uv": [3, 3, 15, 12], "texture": "#3"},
				"south": {"uv": [3, 3, 15, 12], "texture": "#4"},
				"west": {"uv": [3, 3, 15, 12], "texture": "#4"},
				"up": {"uv": [3, 3, 15, 12], "texture": "#4"},
				"down": {"uv": [0, 0, 1, 1], "texture": "#4"}
			}
		},
		{
			"from": [6.6, 2.7, 11.8],
			"to": [9.4, 4.7, 12],
			"rotation": {"angle": 0, "axis": "y", "origin": [7.1, 1.8, 11.8]},
			"faces": {
				"north": {"uv": [3, 3, 15, 12], "texture": "#3"},
				"east": {"uv": [3, 3, 15, 12], "texture": "#4"},
				"south": {"uv": [3, 3, 15, 12], "texture": "#4"},
				"west": {"uv": [3, 3, 15, 12], "texture": "#4"},
				"up": {"uv": [3, 3, 15, 12], "texture": "#4"},
				"down": {"uv": [0, 0, 1, 1], "texture": "#4"}
			}
		},
		{
			"from": [6.1, 2.7, 5.2],
			"to": [6.3, 4.7, 6.2],
			"rotation": {"angle": -22.5, "axis": "y", "origin": [6.6, 1.8, 6.2]},
			"faces": {
				"north": {"uv": [15, 3, 3, 12], "texture": "#4"},
				"east": {"uv": [15, 3, 3, 12], "texture": "#3"},
				"south": {"uv": [15, 3, 3, 12], "texture": "#4"},
				"west": {"uv": [15, 3, 3, 12], "texture": "#4"},
				"up": {"uv": [3, 12, 15, 3], "texture": "#4"},
				"down": {"uv": [0, 1, 1, 0], "texture": "#4"}
			}
		},
		{
			"from": [6.3, 5.2, 5.6],
			"to": [9.6, 5.95, 6.1],
			"rotation": {"angle": 0, "axis": "y", "origin": [6.8, 4.8, 6.6]},
			"faces": {
				"north": {"uv": [15, 3, 3, 12], "texture": "#4"},
				"east": {"uv": [15, 3, 3, 12], "texture": "#4"},
				"south": {"uv": [15, 3, 3, 12], "texture": "#4"},
				"west": {"uv": [15, 3, 3, 12], "texture": "#4"},
				"up": {"uv": [3, 12, 15, 3], "texture": "#4"},
				"down": {"uv": [0, 1, 1, 0], "texture": "#4"}
			}
		},
		{
			"from": [6.5, 4.7, 5.2],
			"to": [9.5, 5.1, 5.7],
			"rotation": {"angle": 0, "axis": "y", "origin": [7, 4.3, 6.2]},
			"faces": {
				"north": {"uv": [15, 3, 3, 12], "texture": "#4"},
				"east": {"uv": [15, 3, 3, 12], "texture": "#4"},
				"south": {"uv": [15, 3, 3, 12], "texture": "#4"},
				"west": {"uv": [15, 3, 3, 12], "texture": "#4"},
				"up": {"uv": [3, 12, 15, 3], "texture": "#4"},
				"down": {"uv": [0, 1, 1, 0], "texture": "#4"}
			}
		},
		{
			"from": [6.5, 5.45, 5.6],
			"to": [9.7, 5.85, 6.1],
			"rotation": {"angle": 0, "axis": "y", "origin": [7, 5.05, 6.6]},
			"faces": {
				"north": {"uv": [15, 3, 3, 12], "texture": "#4"},
				"east": {"uv": [15, 3, 3, 12], "texture": "#4"},
				"south": {"uv": [15, 3, 3, 12], "texture": "#4"},
				"west": {"uv": [15, 3, 3, 12], "texture": "#4"},
				"up": {"uv": [3, 12, 15, 3], "texture": "#4"},
				"down": {"uv": [0, 1, 1, 0], "texture": "#4"}
			}
		},
		{
			"from": [6.5, 6.2, 6.1],
			"to": [9.7, 6.5, 6.6],
			"rotation": {"angle": 0, "axis": "y", "origin": [7, 5.8, 7.1]},
			"faces": {
				"north": {"uv": [15, 3, 3, 12], "texture": "#4"},
				"east": {"uv": [15, 3, 3, 12], "texture": "#4"},
				"south": {"uv": [15, 3, 3, 12], "texture": "#4"},
				"west": {"uv": [15, 3, 3, 12], "texture": "#4"},
				"up": {"uv": [3, 12, 15, 3], "texture": "#4"},
				"down": {"uv": [0, 1, 1, 0], "texture": "#4"}
			}
		},
		{
			"from": [6.5, 6.7, 6.6],
			"to": [9.7, 7, 7.1],
			"rotation": {"angle": 0, "axis": "y", "origin": [7, 6.3, 7.6]},
			"faces": {
				"north": {"uv": [15, 3, 3, 12], "texture": "#4"},
				"east": {"uv": [15, 3, 3, 12], "texture": "#4"},
				"south": {"uv": [15, 3, 3, 12], "texture": "#4"},
				"west": {"uv": [15, 3, 3, 12], "texture": "#4"},
				"up": {"uv": [3, 12, 15, 3], "texture": "#4"},
				"down": {"uv": [0, 1, 1, 0], "texture": "#4"}
			}
		},
		{
			"from": [5.9, 4.7, 5.7],
			"to": [6.1, 5.45, 6.2],
			"rotation": {"angle": -22.5, "axis": "y", "origin": [6.4, 4.3, 6.7]},
			"faces": {
				"north": {"uv": [15, 3, 3, 12], "texture": "#4"},
				"east": {"uv": [15, 3, 3, 12], "texture": "#4"},
				"south": {"uv": [15, 3, 3, 12], "texture": "#4"},
				"west": {"uv": [15, 3, 3, 12], "texture": "#4"},
				"up": {"uv": [3, 12, 15, 3], "texture": "#4"},
				"down": {"uv": [0, 1, 1, 0], "texture": "#4"}
			}
		},
		{
			"from": [6.6, 2.7, 5],
			"to": [9.4, 4.7, 5.2],
			"rotation": {"angle": 0, "axis": "y", "origin": [7.1, 1.8, 5.2]},
			"faces": {
				"north": {"uv": [15, 3, 3, 12], "texture": "#4"},
				"east": {"uv": [15, 3, 3, 12], "texture": "#4"},
				"south": {"uv": [15, 3, 3, 12], "texture": "#3"},
				"west": {"uv": [15, 3, 3, 12], "texture": "#4"},
				"up": {"uv": [3, 12, 15, 3], "texture": "#4"},
				"down": {"uv": [0, 1, 1, 0], "texture": "#4"}
			}
		},
		{
			"from": [5.9, 2.5, 7.5],
			"to": [6.1, 4.5, 8],
			"rotation": {"angle": 0, "axis": "y", "origin": [6.4, 1.6, 7.5]},
			"faces": {
				"north": {"uv": [3, 3, 15, 12], "texture": "#2"},
				"east": {"uv": [3, 3, 15, 12], "texture": "#2"},
				"south": {"uv": [3, 3, 15, 12], "texture": "#2"},
				"west": {"uv": [3, 3, 15, 12], "texture": "#2"},
				"up": {"uv": [3, 3, 15, 12], "texture": "#2"},
				"down": {"uv": [0, 0, 1, 1], "texture": "#2"}
			}
		},
		{
			"from": [5.9, 4.5, 7.7],
			"to": [6.1, 7, 7.9],
			"rotation": {"angle": 0, "axis": "y", "origin": [6.4, 3.6, 7.7]},
			"faces": {
				"north": {"uv": [3, 3, 15, 12], "texture": "#2"},
				"east": {"uv": [3, 3, 15, 12], "texture": "#2"},
				"south": {"uv": [3, 3, 15, 12], "texture": "#2"},
				"west": {"uv": [3, 3, 15, 12], "texture": "#2"},
				"up": {"uv": [3, 3, 15, 12], "texture": "#2"},
				"down": {"uv": [0, 0, 1, 1], "texture": "#2"}
			}
		},
		{
			"from": [5.45, 6.9, 7.7],
			"to": [5.65, 7.4, 7.9],
			"rotation": {"angle": -22.5, "axis": "z", "origin": [5.95, 5.7, 7.7]},
			"faces": {
				"north": {"uv": [3, 3, 15, 12], "texture": "#2"},
				"east": {"uv": [3, 3, 15, 12], "texture": "#2"},
				"south": {"uv": [3, 3, 15, 12], "texture": "#2"},
				"west": {"uv": [3, 3, 15, 12], "texture": "#2"},
				"up": {"uv": [3, 3, 15, 12], "texture": "#2"},
				"down": {"uv": [0, 0, 1, 1], "texture": "#2"}
			}
		},
		{
			"from": [6.15, 7.2, 7.7],
			"to": [9.85, 7.4, 7.9],
			"rotation": {"angle": 0, "axis": "y", "origin": [6.65, 5.6, 7.7]},
			"faces": {
				"north": {"uv": [3, 3, 15, 12], "texture": "#2"},
				"east": {"uv": [3, 3, 15, 12], "texture": "#2"},
				"south": {"uv": [3, 3, 15, 12], "texture": "#2"},
				"west": {"uv": [3, 3, 15, 12], "texture": "#2"},
				"up": {"uv": [3, 3, 15, 12], "texture": "#2"},
				"down": {"uv": [0, 0, 1, 1], "texture": "#2"}
			}
		},
		{
			"from": [5.9, 4.4, 7],
			"to": [6.1, 4.6, 11.5],
			"rotation": {"angle": 0, "axis": "y", "origin": [6.4, 3.6, 7]},
			"faces": {
				"north": {"uv": [3, 3, 15, 12], "texture": "#2"},
				"east": {"uv": [3, 3, 15, 12], "texture": "#2"},
				"south": {"uv": [3, 3, 15, 12], "texture": "#2"},
				"west": {"uv": [3, 3, 15, 12], "texture": "#2"},
				"up": {"uv": [3, 3, 15, 12], "texture": "#2"},
				"down": {"uv": [0, 0, 1, 1], "texture": "#2"}
			}
		},
		{
			"from": [5.8, 2.7, 7.2],
			"to": [6, 2.9, 8.2],
			"rotation": {"angle": 22.5, "axis": "x", "origin": [6.3, 1.8, 7.2]},
			"faces": {
				"north": {"uv": [3, 3, 15, 12], "texture": "#2"},
				"east": {"uv": [3, 3, 15, 12], "texture": "#2"},
				"south": {"uv": [3, 3, 15, 12], "texture": "#2"},
				"west": {"uv": [3, 3, 15, 12], "texture": "#2"},
				"up": {"uv": [3, 3, 15, 12], "texture": "#2"},
				"down": {"uv": [0, 0, 1, 1], "texture": "#2"}
			}
		},
		{
			"from": [5.6, 0.3, 9],
			"to": [10.6, 0.6, 11],
			"rotation": {"angle": 0, "axis": "y", "origin": [6.1, 0.3, 7]},
			"faces": {
				"north": {"uv": [14, 3, 15, 4], "texture": "#3"},
				"east": {"uv": [14, 3, 15, 4], "texture": "#3"},
				"south": {"uv": [14, 3, 15, 4], "texture": "#3"},
				"west": {"uv": [14, 3, 15, 4], "texture": "#3"},
				"up": {"uv": [14, 3, 15, 4], "texture": "#3"},
				"down": {"uv": [0, 0, 1, 1], "texture": "#3"}
			}
		},
		{
			"from": [5.6, 0.3, 7],
			"to": [6, 0.7, 9],
			"rotation": {"angle": 0, "axis": "y", "origin": [6.1, 0.3, 7]},
			"faces": {
				"north": {"uv": [14, 3, 15, 4], "texture": "#3"},
				"east": {"uv": [14, 3, 15, 4], "texture": "#3"},
				"south": {"uv": [14, 3, 15, 4], "texture": "#3"},
				"west": {"uv": [14, 3, 15, 4], "texture": "#3"},
				"up": {"uv": [14, 3, 15, 4], "texture": "#3"},
				"down": {"uv": [0, 0, 1, 1], "texture": "#3"}
			}
		},
		{
			"from": [5.6, 0.3, 7],
			"to": [6, 0.7, 14],
			"rotation": {"angle": -45, "axis": "x", "origin": [6.1, 0.3, 7]},
			"faces": {
				"north": {"uv": [8, 13, 9, 14], "texture": "#0"},
				"east": {"uv": [8, 13, 9, 14], "texture": "#0"},
				"south": {"uv": [8, 13, 9, 14], "texture": "#0"},
				"west": {"uv": [8, 13, 9, 14], "texture": "#0"},
				"up": {"uv": [8, 13, 9, 14], "texture": "#0"},
				"down": {"uv": [0, 0, 1, 1], "texture": "#0"}
			}
		},
		{
			"from": [5.6, 5.15, 11.65],
			"to": [6, 5.55, 12.65],
			"rotation": {"angle": 0, "axis": "y", "origin": [6.1, 5.15, 12.05]},
			"faces": {
				"north": {"uv": [8, 13, 9, 14], "texture": "#0"},
				"east": {"uv": [8, 13, 9, 14], "texture": "#0"},
				"south": {"uv": [8, 13, 9, 14], "texture": "#0"},
				"west": {"uv": [8, 13, 9, 14], "rotation": 270, "texture": "#0"},
				"up": {"uv": [8, 13, 9, 14], "texture": "#0"},
				"down": {"uv": [14, 3, 15, 4], "rotation": 180, "texture": "#0"}
			}
		},
		{
			"from": [5.9, 5.15, 12.65],
			"to": [10.1, 5.55, 13.05],
			"rotation": {"angle": 0, "axis": "y", "origin": [6.4, 5.15, 13.05]},
			"faces": {
				"north": {"uv": [8, 13, 9, 14], "texture": "#0"},
				"east": {"uv": [8, 13, 9, 14], "texture": "#0"},
				"south": {"uv": [8, 13, 9, 14], "texture": "#0"},
				"west": {"uv": [8, 13, 9, 14], "rotation": 270, "texture": "#0"},
				"up": {"uv": [8, 13, 9, 14], "texture": "#0"},
				"down": {"uv": [14, 3, 15, 4], "rotation": 180, "texture": "#0"}
			}
		},
		{
			"from": [5.3, 0.3, 9],
			"to": [5.7, 0.7, 12],
			"rotation": {"angle": 0, "axis": "y", "origin": [5.8, 0.3, 9]},
			"faces": {
				"north": {"uv": [14, 3, 15, 4], "texture": "#3"},
				"east": {"uv": [14, 3, 15, 4], "texture": "#3"},
				"south": {"uv": [14, 3, 15, 4], "texture": "#3"},
				"west": {"uv": [14, 3, 15, 4], "texture": "#3"},
				"up": {"uv": [14, 3, 15, 4], "texture": "#3"},
				"down": {"uv": [0, 0, 1, 1], "texture": "#3"}
			}
		},
		{
			"from": [9.6, -0.5, 4.5],
			"to": [9.8, 0, 5],
			"rotation": {"angle": 0, "axis": "y", "origin": [9.3, -0.5, 4.5]},
			"faces": {
				"north": {"uv": [10, 7, 8, 9], "texture": "#0"},
				"east": {"uv": [10, 7, 8, 9], "texture": "#0"},
				"south": {"uv": [10, 7, 8, 9], "texture": "#0"},
				"west": {"uv": [10, 7, 8, 9], "texture": "#0"},
				"up": {"uv": [10, 7, 8, 9], "texture": "#0"},
				"down": {"uv": [1, 0, 0, 1], "texture": "#0"}
			}
		},
		{
			"from": [9.5, -0.2, 4.5],
			"to": [9.9, 0.8, 4.9],
			"rotation": {"angle": 22.5, "axis": "x", "origin": [9.4, -0.2, 4.5]},
			"faces": {
				"north": {"uv": [15, 3, 14, 4], "texture": "#3"},
				"east": {"uv": [15, 3, 14, 4], "texture": "#3"},
				"south": {"uv": [15, 3, 14, 4], "texture": "#3"},
				"west": {"uv": [15, 3, 14, 4], "texture": "#3"},
				"up": {"uv": [15, 3, 14, 4], "texture": "#3"},
				"down": {"uv": [1, 0, 0, 1], "texture": "#3"}
			}
		},
		{
			"from": [10.4, -0.5, 11.5],
			"to": [10.6, 0.5, 12],
			"rotation": {"angle": 0, "axis": "y", "origin": [10.1, -0.5, 11.5]},
			"faces": {
				"north": {"uv": [10, 7, 8, 9], "texture": "#0"},
				"east": {"uv": [10, 7, 8, 9], "texture": "#0"},
				"south": {"uv": [10, 7, 8, 9], "texture": "#0"},
				"west": {"uv": [10, 7, 8, 9], "texture": "#0"},
				"up": {"uv": [10, 7, 8, 9], "texture": "#0"},
				"down": {"uv": [1, 0, 0, 1], "texture": "#0"}
			}
		},
		{
			"from": [9.5, 0.3, 5],
			"to": [9.9, 0.7, 7],
			"rotation": {"angle": 0, "axis": "y", "origin": [9.4, 0.3, 5]},
			"faces": {
				"north": {"uv": [15, 3, 14, 4], "texture": "#3"},
				"east": {"uv": [15, 3, 14, 4], "texture": "#3"},
				"south": {"uv": [15, 3, 14, 4], "texture": "#3"},
				"west": {"uv": [15, 3, 14, 4], "texture": "#3"},
				"up": {"uv": [15, 3, 14, 4], "texture": "#3"},
				"down": {"uv": [1, 0, 0, 1], "texture": "#3"}
			}
		},
		{
			"from": [10, 0.3, 7],
			"to": [10.4, 0.7, 9],
			"rotation": {"angle": 0, "axis": "y", "origin": [9.9, 0.3, 7]},
			"faces": {
				"north": {"uv": [15, 3, 14, 4], "texture": "#3"},
				"east": {"uv": [15, 3, 14, 4], "texture": "#3"},
				"south": {"uv": [15, 3, 14, 4], "texture": "#3"},
				"west": {"uv": [15, 3, 14, 4], "texture": "#3"},
				"up": {"uv": [15, 3, 14, 4], "texture": "#3"},
				"down": {"uv": [1, 0, 0, 1], "texture": "#3"}
			}
		},
		{
			"from": [10.3, 0.3, 9],
			"to": [10.7, 0.7, 12],
			"rotation": {"angle": 0, "axis": "y", "origin": [10.2, 0.3, 9]},
			"faces": {
				"north": {"uv": [15, 3, 14, 4], "texture": "#3"},
				"east": {"uv": [15, 3, 14, 4], "texture": "#3"},
				"south": {"uv": [15, 3, 14, 4], "texture": "#3"},
				"west": {"uv": [15, 3, 14, 4], "texture": "#3"},
				"up": {"uv": [15, 3, 14, 4], "texture": "#3"},
				"down": {"uv": [1, 0, 0, 1], "texture": "#3"}
			}
		},
		{
			"from": [10, 0.3, 7],
			"to": [10.4, 0.7, 14],
			"rotation": {"angle": -45, "axis": "x", "origin": [9.9, 0.3, 7]},
			"faces": {
				"north": {"uv": [9, 13, 8, 14], "texture": "#0"},
				"east": {"uv": [9, 13, 8, 14], "texture": "#0"},
				"south": {"uv": [9, 13, 8, 14], "texture": "#0"},
				"west": {"uv": [9, 13, 8, 14], "texture": "#0"},
				"up": {"uv": [9, 13, 8, 14], "texture": "#0"},
				"down": {"uv": [1, 0, 0, 1], "texture": "#0"}
			}
		},
		{
			"from": [9.7, 2.7, 6],
			"to": [9.9, 4.7, 11],
			"rotation": {"angle": 0, "axis": "y", "origin": [9.4, 1.8, 6]},
			"faces": {
				"north": {"uv": [15, 3, 3, 12], "texture": "#4"},
				"east": {"uv": [16, 3, 3, 8], "texture": "#4"},
				"south": {"uv": [15, 3, 3, 12], "texture": "#4"},
				"west": {"uv": [15, 3, 3, 12], "texture": "#3"},
				"up": {"uv": [15, 3, 3, 12], "texture": "#4"},
				"down": {"uv": [1, 0, 0, 1], "texture": "#4"}
			}
		},
		{
			"from": [10, 5.15, 11.65],
			"to": [10.4, 5.55, 12.65],
			"rotation": {"angle": 0, "axis": "y", "origin": [9.9, 5.15, 12.05]},
			"faces": {
				"north": {"uv": [9, 13, 8, 14], "texture": "#0"},
				"east": {"uv": [8, 14, 9, 13], "rotation": 270, "texture": "#0"},
				"south": {"uv": [9, 13, 8, 14], "texture": "#0"},
				"west": {"uv": [9, 13, 8, 14], "texture": "#0"},
				"up": {"uv": [9, 13, 8, 14], "texture": "#0"},
				"down": {"uv": [15, 3, 14, 4], "rotation": 180, "texture": "#0"}
			}
		},
		{
			"from": [9.9, 2.5, 7.5],
			"to": [10.1, 4.5, 8],
			"rotation": {"angle": 0, "axis": "y", "origin": [9.6, 1.6, 7.5]},
			"faces": {
				"north": {"uv": [15, 3, 3, 12], "texture": "#2"},
				"east": {"uv": [15, 3, 3, 12], "texture": "#2"},
				"south": {"uv": [15, 3, 3, 12], "texture": "#2"},
				"west": {"uv": [15, 3, 3, 12], "texture": "#2"},
				"up": {"uv": [15, 3, 3, 12], "texture": "#2"},
				"down": {"uv": [1, 0, 0, 1], "texture": "#2"}
			}
		},
		{
			"from": [10, 2.7, 7.2],
			"to": [10.2, 2.9, 8.2],
			"rotation": {"angle": 22.5, "axis": "x", "origin": [9.7, 1.8, 7.2]},
			"faces": {
				"north": {"uv": [15, 3, 3, 12], "texture": "#2"},
				"east": {"uv": [15, 3, 3, 12], "texture": "#2"},
				"south": {"uv": [15, 3, 3, 12], "texture": "#2"},
				"west": {"uv": [15, 3, 3, 12], "texture": "#2"},
				"up": {"uv": [15, 3, 3, 12], "texture": "#2"},
				"down": {"uv": [1, 0, 0, 1], "texture": "#2"}
			}
		},
		{
			"from": [9.7, 2.7, 10.8],
			"to": [9.9, 4.7, 11.8],
			"rotation": {"angle": -22.5, "axis": "y", "origin": [9.4, 1.8, 10.8]},
			"faces": {
				"north": {"uv": [15, 3, 3, 12], "texture": "#4"},
				"east": {"uv": [15, 3, 3, 12], "texture": "#4"},
				"south": {"uv": [15, 3, 3, 12], "texture": "#4"},
				"west": {"uv": [15, 3, 3, 12], "texture": "#3"},
				"up": {"uv": [15, 3, 3, 12], "texture": "#4"},
				"down": {"uv": [1, 0, 0, 1], "texture": "#4"}
			}
		},
		{
			"from": [9.9, 4.4, 7],
			"to": [10.1, 4.6, 11.5],
			"rotation": {"angle": 0, "axis": "y", "origin": [9.6, 3.6, 7]},
			"faces": {
				"north": {"uv": [15, 3, 3, 12], "texture": "#2"},
				"east": {"uv": [15, 3, 3, 12], "texture": "#2"},
				"south": {"uv": [15, 3, 3, 12], "texture": "#2"},
				"west": {"uv": [15, 3, 3, 12], "texture": "#2"},
				"up": {"uv": [15, 3, 3, 12], "texture": "#2"},
				"down": {"uv": [1, 0, 0, 1], "texture": "#2"}
			}
		},
		{
			"from": [9.7, 2.7, 5.2],
			"to": [9.9, 4.7, 6.2],
			"rotation": {"angle": 22.5, "axis": "y", "origin": [9.4, 1.8, 6.2]},
			"faces": {
				"north": {"uv": [3, 3, 15, 12], "texture": "#4"},
				"east": {"uv": [3, 3, 15, 12], "texture": "#4"},
				"south": {"uv": [3, 3, 15, 12], "texture": "#4"},
				"west": {"uv": [3, 3, 15, 12], "texture": "#3"},
				"up": {"uv": [15, 12, 3, 3], "texture": "#4"},
				"down": {"uv": [1, 1, 0, 0], "texture": "#4"}
			}
		},
		{
			"from": [9.9, 4.5, 7.7],
			"to": [10.1, 7, 7.9],
			"rotation": {"angle": 0, "axis": "y", "origin": [9.6, 3.6, 7.7]},
			"faces": {
				"north": {"uv": [15, 3, 3, 12], "texture": "#2"},
				"east": {"uv": [15, 3, 3, 12], "texture": "#2"},
				"south": {"uv": [15, 3, 3, 12], "texture": "#2"},
				"west": {"uv": [15, 3, 3, 12], "texture": "#2"},
				"up": {"uv": [15, 3, 3, 12], "texture": "#2"},
				"down": {"uv": [1, 0, 0, 1], "texture": "#2"}
			}
		},
		{
			"from": [9.7, 4.7, 6],
			"to": [9.9, 6.2, 7.7],
			"rotation": {"angle": 0, "axis": "y", "origin": [9.4, 3.8, 6]},
			"faces": {
				"north": {"uv": [15, 3, 3, 12], "texture": "#4"},
				"east": {"uv": [16, 3, 3, 8], "texture": "#4"},
				"south": {"uv": [15, 3, 3, 12], "texture": "#4"},
				"west": {"uv": [15, 3, 3, 12], "texture": "#4"},
				"up": {"uv": [15, 3, 3, 12], "texture": "#4"},
				"down": {"uv": [1, 0, 0, 1], "texture": "#4"}
			}
		},
		{
			"from": [9.7, 5.7, 6.5],
			"to": [9.9, 6.7, 7.7],
			"rotation": {"angle": 0, "axis": "y", "origin": [9.4, 4.8, 6.5]},
			"faces": {
				"north": {"uv": [15, 3, 3, 12], "texture": "#4"},
				"east": {"uv": [16, 3, 3, 8], "texture": "#4"},
				"south": {"uv": [15, 3, 3, 12], "texture": "#4"},
				"west": {"uv": [15, 3, 3, 12], "texture": "#4"},
				"up": {"uv": [15, 3, 3, 12], "texture": "#4"},
				"down": {"uv": [1, 0, 0, 1], "texture": "#4"}
			}
		},
		{
			"from": [9.9, 4.7, 5.7],
			"to": [10.1, 5.45, 6.2],
			"rotation": {"angle": 22.5, "axis": "y", "origin": [9.6, 4.3, 6.7]},
			"faces": {
				"north": {"uv": [3, 3, 15, 12], "texture": "#4"},
				"east": {"uv": [3, 3, 15, 12], "texture": "#4"},
				"south": {"uv": [3, 3, 15, 12], "texture": "#4"},
				"west": {"uv": [3, 3, 15, 12], "texture": "#4"},
				"up": {"uv": [15, 12, 3, 3], "texture": "#4"},
				"down": {"uv": [1, 1, 0, 0], "texture": "#4"}
			}
		},
		{
			"from": [10.35, 6.8, 7.7],
			"to": [10.55, 7.3, 7.9],
			"rotation": {"angle": 22.5, "axis": "z", "origin": [10.05, 5.6, 7.7]},
			"faces": {
				"north": {"uv": [15, 3, 3, 12], "texture": "#2"},
				"east": {"uv": [15, 3, 3, 12], "texture": "#2"},
				"south": {"uv": [15, 3, 3, 12], "texture": "#2"},
				"west": {"uv": [15, 3, 3, 12], "texture": "#2"},
				"up": {"uv": [15, 3, 3, 12], "texture": "#2"},
				"down": {"uv": [1, 0, 0, 1], "texture": "#2"}
			}
		},
		{
			"from": [9.5, -1.05, 4.1],
			"to": [10, -0.05, 4.3],
			"rotation": {"angle": 0, "axis": "y", "origin": [9.5, -1.05, 4.1]},
			"faces": {
				"north": {"uv": [10, 7, 8, 9], "texture": "#0"},
				"east": {"uv": [10, 7, 8, 9], "texture": "#0"},
				"south": {"uv": [10, 7, 8, 9], "texture": "#0"},
				"west": {"uv": [10, 7, 8, 9], "texture": "#0"},
				"up": {"uv": [10, 7, 8, 9], "texture": "#0"},
				"down": {"uv": [1, 0, 0, 1], "texture": "#0"}
			}
		},
		{
			"from": [9.5, -1.05, 5.1],
			"to": [10, -0.05, 5.3],
			"rotation": {"angle": 0, "axis": "y", "origin": [9.5, -1.05, 5.1]},
			"faces": {
				"north": {"uv": [10, 7, 8, 9], "texture": "#0"},
				"east": {"uv": [10, 7, 8, 9], "texture": "#0"},
				"south": {"uv": [10, 7, 8, 9], "texture": "#0"},
				"west": {"uv": [10, 7, 8, 9], "texture": "#0"},
				"up": {"uv": [10, 7, 8, 9], "texture": "#0"},
				"down": {"uv": [1, 0, 0, 1], "texture": "#0"}
			}
		},
		{
			"from": [9.5, -1.15, 4.2],
			"to": [10, -0.95, 5.2],
			"rotation": {"angle": 0, "axis": "y", "origin": [9.5, -1.15, 4.2]},
			"faces": {
				"north": {"uv": [10, 7, 8, 9], "texture": "#0"},
				"east": {"uv": [10, 7, 8, 9], "texture": "#0"},
				"south": {"uv": [10, 7, 8, 9], "texture": "#0"},
				"west": {"uv": [10, 7, 8, 9], "texture": "#0"},
				"up": {"uv": [10, 7, 8, 9], "texture": "#0"},
				"down": {"uv": [1, 0, 0, 1], "texture": "#0"}
			}
		},
		{
			"from": [9.5, -0.15, 4.2],
			"to": [10, 0.05, 5.2],
			"rotation": {"angle": 0, "axis": "y", "origin": [9.5, -0.15, 4.2]},
			"faces": {
				"north": {"uv": [10, 7, 8, 9], "texture": "#0"},
				"east": {"uv": [10, 7, 8, 9], "texture": "#0"},
				"south": {"uv": [10, 7, 8, 9], "texture": "#0"},
				"west": {"uv": [10, 7, 8, 9], "texture": "#0"},
				"up": {"uv": [10, 7, 8, 9], "texture": "#0"},
				"down": {"uv": [1, 0, 0, 1], "texture": "#0"}
			}
		},
		{
			"from": [9.7, -0.25, 4.2],
			"to": [9.9, -0.15, 5.4],
			"rotation": {"angle": 45, "axis": "x", "origin": [9.4, -0.25, 4.3]},
			"faces": {
				"north": {"uv": [10, 7, 8, 9], "texture": "#4"},
				"east": {"uv": [10, 7, 8, 9], "texture": "#4"},
				"south": {"uv": [10, 7, 8, 9], "texture": "#4"},
				"west": {"uv": [10, 7, 8, 9], "texture": "#4"},
				"up": {"uv": [10, 7, 8, 9], "texture": "#4"},
				"down": {"uv": [1, 0, 0, 1], "texture": "#4"}
			}
		},
		{
			"from": [9.7, -1.25, 5],
			"to": [9.9, -0.05, 5.1],
			"rotation": {"angle": 45, "axis": "x", "origin": [9.4, -0.15, 5]},
			"faces": {
				"north": {"uv": [1, 0, 0, 1], "rotation": 180, "texture": "#4"},
				"east": {"uv": [8, 9, 10, 7], "rotation": 90, "texture": "#4"},
				"south": {"uv": [10, 7, 8, 9], "texture": "#4"},
				"west": {"uv": [8, 9, 10, 7], "rotation": 270, "texture": "#4"},
				"up": {"uv": [10, 7, 8, 9], "rotation": 180, "texture": "#4"},
				"down": {"uv": [10, 7, 8, 9], "texture": "#4"}
			}
		},
		{
			"from": [10.3, -1.05, 10.85],
			"to": [10.8, 0.45, 11.05],
			"rotation": {"angle": 0, "axis": "y", "origin": [10.3, -1.05, 10.85]},
			"faces": {
				"north": {"uv": [10, 7, 8, 9], "texture": "#0"},
				"east": {"uv": [10, 7, 8, 9], "texture": "#0"},
				"south": {"uv": [10, 7, 8, 9], "texture": "#0"},
				"west": {"uv": [10, 7, 8, 9], "texture": "#0"},
				"up": {"uv": [10, 7, 8, 9], "texture": "#0"},
				"down": {"uv": [1, 0, 0, 1], "texture": "#0"}
			}
		},
		{
			"from": [10.3, -1.15, 10.95],
			"to": [10.8, -0.95, 12.45],
			"rotation": {"angle": 0, "axis": "y", "origin": [10.3, -1.15, 10.95]},
			"faces": {
				"north": {"uv": [10, 7, 8, 9], "texture": "#0"},
				"east": {"uv": [10, 7, 8, 9], "texture": "#0"},
				"south": {"uv": [10, 7, 8, 9], "texture": "#0"},
				"west": {"uv": [10, 7, 8, 9], "texture": "#0"},
				"up": {"uv": [10, 7, 8, 9], "texture": "#0"},
				"down": {"uv": [1, 0, 0, 1], "texture": "#0"}
			}
		},
		{
			"from": [10.5, 0.25, 10.95],
			"to": [10.7, 0.35, 12.95],
			"rotation": {"angle": 45, "axis": "x", "origin": [10.2, 0.25, 11.05]},
			"faces": {
				"north": {"uv": [10, 7, 8, 9], "texture": "#4"},
				"east": {"uv": [10, 7, 8, 9], "texture": "#4"},
				"south": {"uv": [10, 7, 8, 9], "texture": "#4"},
				"west": {"uv": [10, 7, 8, 9], "texture": "#4"},
				"up": {"uv": [10, 7, 8, 9], "texture": "#4"},
				"down": {"uv": [1, 0, 0, 1], "texture": "#4"}
			}
		},
		{
			"from": [10.5, -1.25, 11.75],
			"to": [10.7, 0.55, 11.85],
			"rotation": {"angle": 45, "axis": "x", "origin": [10.2, -0.15, 11.75]},
			"faces": {
				"north": {"uv": [1, 0, 0, 1], "rotation": 180, "texture": "#4"},
				"east": {"uv": [8, 9, 10, 7], "rotation": 90, "texture": "#4"},
				"south": {"uv": [10, 7, 8, 9], "texture": "#4"},
				"west": {"uv": [8, 9, 10, 7], "rotation": 270, "texture": "#4"},
				"up": {"uv": [10, 7, 8, 9], "rotation": 180, "texture": "#4"},
				"down": {"uv": [10, 7, 8, 9], "texture": "#4"}
			}
		},
		{
			"from": [10.3, -1.05, 12.35],
			"to": [10.8, 0.45, 12.55],
			"rotation": {"angle": 0, "axis": "y", "origin": [10.3, -1.05, 12.35]},
			"faces": {
				"north": {"uv": [10, 7, 8, 9], "texture": "#0"},
				"east": {"uv": [10, 7, 8, 9], "texture": "#0"},
				"south": {"uv": [10, 7, 8, 9], "texture": "#0"},
				"west": {"uv": [10, 7, 8, 9], "texture": "#0"},
				"up": {"uv": [10, 7, 8, 9], "texture": "#0"},
				"down": {"uv": [1, 0, 0, 1], "texture": "#0"}
			}
		},
		{
			"from": [10.3, 0.35, 10.95],
			"to": [10.8, 0.55, 12.45],
			"rotation": {"angle": 0, "axis": "y", "origin": [10.3, 0.35, 10.95]},
			"faces": {
				"north": {"uv": [10, 7, 8, 9], "texture": "#0"},
				"east": {"uv": [10, 7, 8, 9], "texture": "#0"},
				"south": {"uv": [10, 7, 8, 9], "texture": "#0"},
				"west": {"uv": [10, 7, 8, 9], "texture": "#0"},
				"up": {"uv": [10, 7, 8, 9], "texture": "#0"},
				"down": {"uv": [1, 0, 0, 1], "texture": "#0"}
			}
		},
		{
			"from": [10.5, -0.35, 10.95],
			"to": [10.7, -0.25, 12.45],
			"rotation": {"angle": 0, "axis": "y", "origin": [10.2, -0.35, 11.05]},
			"faces": {
				"north": {"uv": [10, 7, 8, 9], "texture": "#4"},
				"east": {"uv": [10, 7, 8, 9], "texture": "#4"},
				"south": {"uv": [10, 7, 8, 9], "texture": "#4"},
				"west": {"uv": [10, 7, 8, 9], "texture": "#4"},
				"up": {"uv": [10, 7, 8, 9], "texture": "#4"},
				"down": {"uv": [1, 0, 0, 1], "texture": "#4"}
			}
		},
		{
			"from": [10.5, -1.15, 11.65],
			"to": [10.7, 0.35, 11.75],
			"rotation": {"angle": 0, "axis": "y", "origin": [10.2, -1.15, 11.75]},
			"faces": {
				"north": {"uv": [10, 7, 8, 9], "texture": "#4"},
				"east": {"uv": [10, 7, 8, 9], "texture": "#4"},
				"south": {"uv": [10, 7, 8, 9], "texture": "#4"},
				"west": {"uv": [10, 7, 8, 9], "texture": "#4"},
				"up": {"uv": [10, 7, 8, 9], "texture": "#4"},
				"down": {"uv": [1, 0, 0, 1], "texture": "#4"}
			}
		},
		{
			"from": [9.7, -0.6, 4.2],
			"to": [9.9, -0.5, 5.2],
			"rotation": {"angle": 0, "axis": "y", "origin": [9.4, -0.6, 4.3]},
			"faces": {
				"north": {"uv": [10, 7, 8, 9], "texture": "#4"},
				"east": {"uv": [10, 7, 8, 9], "texture": "#4"},
				"south": {"uv": [10, 7, 8, 9], "texture": "#4"},
				"west": {"uv": [10, 7, 8, 9], "texture": "#4"},
				"up": {"uv": [10, 7, 8, 9], "texture": "#4"},
				"down": {"uv": [1, 0, 0, 1], "texture": "#4"}
			}
		},
		{
			"from": [9.7, -1.15, 4.65],
			"to": [9.9, -0.15, 4.75],
			"rotation": {"angle": 0, "axis": "y", "origin": [9.4, -1.15, 4.75]},
			"faces": {
				"north": {"uv": [10, 7, 8, 9], "texture": "#4"},
				"east": {"uv": [10, 7, 8, 9], "texture": "#4"},
				"south": {"uv": [10, 7, 8, 9], "texture": "#4"},
				"west": {"uv": [10, 7, 8, 9], "texture": "#4"},
				"up": {"uv": [10, 7, 8, 9], "texture": "#4"},
				"down": {"uv": [1, 0, 0, 1], "texture": "#4"}
			}
		}
	],
	"display": {
		"head": {
			"rotation": [0, 180, 0],
			"translation": [0, 0, 1],
			"scale": [4, 4, 4]
		}
	}
}