{
	"credit": "Made with Blockbench",
	"textures": {
		"3": "block/white_wool",
		"4": "custom/pos1",
		"5": "block/gray_wool",
		"particle": "custom/pos1"
	},
	"elements": [
		{
			"from": [-4.5, 3.5, 6.5],
			"to": [-2, 8.5, 11.5],
			"rotation": {"angle": 0, "axis": "y", "origin": [0.2, -0.1, 12.8]},
			"faces": {
				"north": {"uv": [6, 7, 9, 9], "texture": "#5"},
				"east": {"uv": [6, 7, 9, 9], "texture": "#5"},
				"south": {"uv": [6, 7, 9, 9], "texture": "#5"},
				"west": {"uv": [6, 7, 9, 9], "texture": "#5"},
				"up": {"uv": [6, 7, 9, 9], "texture": "#5"},
				"down": {"uv": [6, 7, 9, 9], "texture": "#5"}
			}
		},
		{
			"from": [-4.5, 8.5, 6.5],
			"to": [-2, 9.5, 10.5],
			"rotation": {"angle": 0, "axis": "y", "origin": [0.2, 4.9, 12.8]},
			"faces": {
				"north": {"uv": [6, 7, 9, 9], "texture": "#5"},
				"east": {"uv": [6, 7, 9, 9], "texture": "#5"},
				"south": {"uv": [6, 7, 9, 9], "texture": "#5"},
				"west": {"uv": [6, 7, 9, 9], "texture": "#5"},
				"up": {"uv": [8, 7, 9, 9], "texture": "#5"},
				"down": {"uv": [6, 7, 9, 9], "texture": "#5"}
			}
		},
		{
			"from": [-4.5, 2.5, 6.5],
			"to": [-2, 3.5, 10.5],
			"rotation": {"angle": 0, "axis": "y", "origin": [0.2, -1.1, 12.8]},
			"faces": {
				"north": {"uv": [6, 7, 9, 9], "texture": "#5"},
				"east": {"uv": [6, 7, 9, 9], "texture": "#5"},
				"south": {"uv": [6, 7, 9, 9], "texture": "#5"},
				"west": {"uv": [6, 7, 9, 9], "texture": "#5"},
				"up": {"uv": [8, 7, 9, 9], "texture": "#5"},
				"down": {"uv": [6, 7, 9, 9], "texture": "#5"}
			}
		},
		{
			"from": [-1.6, 9, 13.5],
			"to": [-0.6, 9.4, 20.5],
			"rotation": {"angle": 45, "axis": "y", "origin": [-6.2, -2.1, 13.8]},
			"faces": {
				"north": {"uv": [1, 1, 6, 6], "texture": "#5"},
				"east": {"uv": [2, 2, 7, 7], "texture": "#5"},
				"south": {"uv": [1, 1, 6, 6], "texture": "#5"},
				"west": {"uv": [1, 1, 6, 6], "texture": "#5"},
				"up": {"uv": [13, 11, 14, 12], "texture": "#5"},
				"down": {"uv": [8, 1, 0, 0], "texture": "#5"}
			}
		},
		{
			"from": [2.9, 9, 18.5],
			"to": [3.9, 9.4, 26],
			"rotation": {"angle": 45, "axis": "y", "origin": [-1.7, -2.1, 18.8]},
			"faces": {
				"north": {"uv": [1, 1, 6, 6], "texture": "#5"},
				"east": {"uv": [2, 2, 7, 7], "texture": "#5"},
				"south": {"uv": [1, 1, 6, 6], "texture": "#5"},
				"west": {"uv": [1, 1, 6, 6], "texture": "#5"},
				"up": {"uv": [13, 11, 14, 12], "texture": "#5"},
				"down": {"uv": [8, 1, 0, 0], "texture": "#5"}
			}
		},
		{
			"from": [-1.6, 2.5, 13.5],
			"to": [-0.6, 2.9, 20.5],
			"rotation": {"angle": 45, "axis": "y", "origin": [-6.2, -9.1, 13.8]},
			"faces": {
				"north": {"uv": [1, 1, 6, 6], "texture": "#5"},
				"east": {"uv": [2, 2, 7, 7], "texture": "#5"},
				"south": {"uv": [1, 1, 6, 6], "texture": "#5"},
				"west": {"uv": [1, 1, 6, 6], "texture": "#5"},
				"up": {"uv": [13, 11, 14, 12], "texture": "#5"},
				"down": {"uv": [8, 1, 0, 0], "texture": "#5"}
			}
		},
		{
			"from": [2.9, 2.5, 18.5],
			"to": [3.9, 2.9, 26],
			"rotation": {"angle": 45, "axis": "y", "origin": [-1.7, -9.1, 18.8]},
			"faces": {
				"north": {"uv": [1, 1, 6, 6], "texture": "#5"},
				"east": {"uv": [2, 2, 7, 7], "texture": "#5"},
				"south": {"uv": [1, 1, 6, 6], "texture": "#5"},
				"west": {"uv": [1, 1, 6, 6], "texture": "#5"},
				"up": {"uv": [13, 11, 14, 12], "texture": "#5"},
				"down": {"uv": [8, 1, 0, 0], "texture": "#5"}
			}
		},
		{
			"from": [-1.1, 9, 16.5],
			"to": [1.9, 9.4, 18.25],
			"rotation": {"angle": 0, "axis": "y", "origin": [-5.7, -2.1, -2]},
			"faces": {
				"north": {"uv": [1, 1, 6, 6], "texture": "#3"},
				"east": {"uv": [2, 2, 7, 7], "texture": "#3"},
				"south": {"uv": [1, 1, 6, 6], "texture": "#3"},
				"west": {"uv": [1, 1, 6, 6], "texture": "#3"},
				"up": {"uv": [14, 2, 16, 4], "texture": "#3"},
				"down": {"uv": [8, 1, 0, 0], "texture": "#3"}
			}
		},
		{
			"from": [-1.1, 9.4, 16.8],
			"to": [0.9, 9.45, 17.8],
			"rotation": {"angle": 0, "axis": "y", "origin": [-5.7, -2.1, -2]},
			"faces": {
				"north": {"uv": [1, 1, 6, 6], "texture": "#3"},
				"east": {"uv": [2, 2, 7, 7], "texture": "#3"},
				"south": {"uv": [1, 1, 6, 6], "texture": "#3"},
				"west": {"uv": [1, 1, 6, 6], "texture": "#3"},
				"up": {"uv": [0, 5, 16, 13], "rotation": 180, "texture": "#4"},
				"down": {"uv": [8, 1, 0, 0], "texture": "#3"}
			}
		},
		{
			"from": [6.4, 2.5, 20.3],
			"to": [7.4, 9.5, 21],
			"rotation": {"angle": 0, "axis": "y", "origin": [1.8, -7.6, 8.8]},
			"faces": {
				"north": {"uv": [1, 1, 6, 6], "texture": "#5"},
				"east": {"uv": [2, 2, 7, 7], "texture": "#5"},
				"south": {"uv": [1, 1, 6, 6], "texture": "#5"},
				"west": {"uv": [1, 1, 6, 6], "texture": "#5"},
				"up": {"uv": [13, 11, 14, 12], "texture": "#5"},
				"down": {"uv": [8, 1, 0, 0], "texture": "#5"}
			}
		}
	],
	"display": {
		"thirdperson_lefthand": {
			"rotation": [30, 0, 0]
		},
		"firstperson_righthand": {
			"translation": [0, 2, 0]
		},
		"firstperson_lefthand": {
			"translation": [0, 2, 0]
		},
		"ground": {
			"translation": [0, -2, 0],
			"scale": [1.5, 1.5, 1.5]
		},
		"gui": {
			"rotation": [14, -65, 0],
			"translation": [-1, -2, 0],
			"scale": [2, 2, 2]
		}
	}
}