{
	"credit": "Made with Blockbench",
	"textures": {
		"1": "block/barrel_top",
		"2": "block/light_gray_wool",
		"4": "block/white_wool",
		"particle": "block/barrel_top"
	},
	"elements": [
		{
			"from": [4, 2.35, 5],
			"to": [13, 7.35, 11],
			"rotation": {"angle": 0, "axis": "y", "origin": [0, 2, 0]},
			"faces": {
				"north": {"uv": [0, 0, 16, 16], "rotation": 180, "texture": "#4"},
				"east": {"uv": [0, 0, 16, 16], "rotation": 180, "texture": "#4"},
				"south": {"uv": [0, 0, 16, 16], "rotation": 180, "texture": "#4"},
				"west": {"uv": [0, 0, 16, 16], "rotation": 180, "texture": "#4"},
				"up": {"uv": [0, 0, 16, 16], "rotation": 180, "texture": "#4"},
				"down": {"uv": [0, 0, 16, 16], "rotation": 180, "texture": "#4"}
			}
		},
		{
			"from": [4, 7.25, 6],
			"to": [13, 8.25, 10],
			"rotation": {"angle": 0, "axis": "y", "origin": [0, 2, 0]},
			"faces": {
				"north": {"uv": [0, 14, 16, 16], "rotation": 180, "texture": "#4"},
				"east": {"uv": [0, 14, 16, 16], "rotation": 180, "texture": "#4"},
				"south": {"uv": [0, 14, 16, 16], "rotation": 180, "texture": "#4"},
				"west": {"uv": [0, 14, 16, 16], "rotation": 180, "texture": "#4"},
				"up": {"uv": [0, 0, 16, 16], "rotation": 180, "texture": "#4"},
				"down": {"uv": [0, 0, 16, 16], "rotation": 180, "texture": "#4"}
			}
		},
		{
			"from": [4, 1.5, 6],
			"to": [13, 2.5, 10],
			"rotation": {"angle": 0, "axis": "y", "origin": [0, 2, 0]},
			"faces": {
				"north": {"uv": [0, 14, 16, 16], "rotation": 180, "texture": "#4"},
				"east": {"uv": [0, 14, 16, 16], "rotation": 180, "texture": "#4"},
				"south": {"uv": [0, 14, 16, 16], "rotation": 180, "texture": "#4"},
				"west": {"uv": [0, 14, 16, 16], "rotation": 180, "texture": "#4"},
				"up": {"uv": [0, 0, 16, 16], "rotation": 180, "texture": "#4"},
				"down": {"uv": [0, 0, 16, 16], "rotation": 180, "texture": "#4"}
			}
		},
		{
			"from": [4, 2, 3.4],
			"to": [13, 2.25, 5.4],
			"rotation": {"angle": 0, "axis": "y", "origin": [0, 2, 0]},
			"faces": {
				"north": {"uv": [0, 14, 16, 16], "rotation": 180, "texture": "#4"},
				"east": {"uv": [0, 14, 16, 16], "rotation": 180, "texture": "#4"},
				"south": {"uv": [0, 14, 16, 16], "rotation": 180, "texture": "#4"},
				"west": {"uv": [0, 14, 16, 16], "rotation": 180, "texture": "#4"},
				"up": {"uv": [0, 0, 16, 16], "rotation": 180, "texture": "#4"},
				"down": {"uv": [0, 0, 16, 16], "rotation": 180, "texture": "#4"}
			}
		},
		{
			"from": [4, 2.2, -1.7],
			"to": [13, 2.45, 3.3],
			"rotation": {"angle": 0, "axis": "y", "origin": [0, 2, 0]},
			"faces": {
				"north": {"uv": [0, 14, 16, 16], "rotation": 180, "texture": "#4"},
				"east": {"uv": [0, 14, 16, 16], "rotation": 180, "texture": "#4"},
				"south": {"uv": [0, 14, 16, 16], "rotation": 180, "texture": "#4"},
				"west": {"uv": [0, 14, 16, 16], "rotation": 180, "texture": "#4"},
				"up": {"uv": [0, 0, 16, 16], "rotation": 180, "texture": "#4"},
				"down": {"uv": [0, 0, 16, 16], "rotation": 180, "texture": "#4"}
			}
		},
		{
			"from": [2, 3.35, 7],
			"to": [13, 5.35, 9],
			"rotation": {"angle": 0, "axis": "y", "origin": [0, 2, 0]},
			"faces": {
				"north": {"uv": [10, 9, 11, 10], "rotation": 90, "texture": "#2"},
				"east": {"uv": [14, 6, 15, 7], "rotation": 90, "texture": "#1"},
				"south": {"uv": [10, 9, 11, 10], "rotation": 90, "texture": "#2"},
				"west": {"uv": [10, 9, 11, 10], "rotation": 90, "texture": "#2"},
				"up": {"uv": [10, 9, 11, 10], "rotation": 90, "texture": "#2"},
				"down": {"uv": [0, 0, 4, 3], "rotation": 270, "texture": "#2"}
			}
		},
		{
			"from": [13, 3.6, 6.75],
			"to": [13.25, 6.1, 9.25],
			"rotation": {"angle": 0, "axis": "y", "origin": [0, 2, 0]},
			"faces": {
				"north": {"uv": [10, 9, 11, 10], "rotation": 90, "texture": "#2"},
				"east": {"uv": [14, 6, 15, 7], "rotation": 90, "texture": "#1"},
				"south": {"uv": [10, 9, 11, 10], "rotation": 90, "texture": "#2"},
				"west": {"uv": [10, 9, 11, 10], "rotation": 90, "texture": "#2"},
				"up": {"uv": [10, 9, 11, 10], "rotation": 90, "texture": "#2"},
				"down": {"uv": [0, 0, 4, 3], "rotation": 270, "texture": "#2"}
			}
		},
		{
			"from": [2, 1.25, 7],
			"to": [3, 3.25, 9],
			"rotation": {"angle": 0, "axis": "y", "origin": [0, 2, 0]},
			"faces": {
				"north": {"uv": [10, 9, 11, 10], "rotation": 90, "texture": "#2"},
				"east": {"uv": [10, 9, 11, 10], "rotation": 90, "texture": "#2"},
				"south": {"uv": [10, 9, 11, 10], "rotation": 90, "texture": "#2"},
				"west": {"uv": [10, 9, 11, 10], "rotation": 90, "texture": "#2"},
				"up": {"uv": [10, 9, 11, 10], "rotation": 90, "texture": "#2"},
				"down": {"uv": [0, 0, 4, 3], "rotation": 270, "texture": "#2"}
			}
		},
		{
			"from": [2, 0.25, 4],
			"to": [14, 1.25, 11],
			"rotation": {"angle": 0, "axis": "y", "origin": [0, 2, 0]},
			"faces": {
				"north": {"uv": [10, 9, 11, 10], "rotation": 90, "texture": "#2"},
				"east": {"uv": [10, 9, 11, 10], "rotation": 90, "texture": "#2"},
				"south": {"uv": [10, 9, 11, 10], "rotation": 90, "texture": "#2"},
				"west": {"uv": [10, 9, 11, 10], "rotation": 90, "texture": "#2"},
				"up": {"uv": [10, 9, 11, 10], "rotation": 90, "texture": "#2"},
				"down": {"uv": [0, 0, 4, 3], "rotation": 270, "texture": "#2"}
			}
		}
	],
	"display": {
		"fixed": {
			"rotation": [-90, 0, 0],
			"translation": [0, -8, -14],
			"scale": [2, 2, 2]
		}
	}
}