{
	"credit": "Made with Blockbench",
	"textures": {
		"2": "block/light_blue_stained_glass",
		"3": "block/light_gray_concrete_powder",
		"5": "block/quartz_block_bottom",
		"particle": "block/quartz_block_bottom"
	},
	"elements": [
		{
			"from": [3, 2, 1],
			"to": [6, 8, 13],
			"rotation": {"angle": 0, "axis": "y", "origin": [0, 2, 0]},
			"faces": {
				"north": {"uv": [0, 0, 12, 9], "texture": "#5"},
				"east": {"uv": [0, 0, 16, 9], "texture": "#5"},
				"south": {"uv": [0, 0, 12, 9], "texture": "#5"},
				"west": {"uv": [0, 0, 16, 9], "texture": "#5"},
				"up": {"uv": [0, 0, 11, 16], "texture": "#5"},
				"down": {"uv": [0, 0, 12, 16], "texture": "#5"}
			}
		},
		{
			"from": [4, 0, 2],
			"to": [12, 6, 12],
			"rotation": {"angle": 0, "axis": "y", "origin": [0, 2, 0]},
			"faces": {
				"north": {"uv": [0, 0, 12, 9], "texture": "#5"},
				"east": {"uv": [0, 0, 16, 9], "texture": "#5"},
				"south": {"uv": [0, 0, 12, 9], "texture": "#5"},
				"west": {"uv": [0, 0, 16, 9], "texture": "#5"},
				"up": {"uv": [0, 0, 11, 16], "texture": "#3"},
				"down": {"uv": [0, 0, 12, 16], "texture": "#5"}
			}
		},
		{
			"from": [2, 7.5, -6],
			"to": [14, 9.5, -1],
			"rotation": {"angle": 45, "axis": "x", "origin": [-2, 2, 0]},
			"faces": {
				"north": {"uv": [0, 0, 12, 9], "texture": "#5"},
				"east": {"uv": [0, 0, 16, 9], "texture": "#5"},
				"south": {"uv": [0, 0, 12, 9], "texture": "#5"},
				"west": {"uv": [0, 0, 16, 9], "texture": "#5"},
				"up": {"uv": [0, 0, 11, 16], "texture": "#5"},
				"down": {"uv": [0, 0, 12, 16], "texture": "#5"}
			}
		},
		{
			"from": [1, 11, -5],
			"to": [15, 25, 2],
			"rotation": {"angle": 0, "axis": "y", "origin": [0, 2, 0]},
			"faces": {
				"north": {"uv": [0, 0, 12, 9], "texture": "#5"},
				"east": {"uv": [0, 0, 16, 9], "texture": "#5"},
				"south": {"uv": [0, 0, 12, 9], "texture": "#5"},
				"west": {"uv": [0, 0, 16, 9], "texture": "#5"},
				"up": {"uv": [0, 0, 11, 16], "texture": "#5"},
				"down": {"uv": [0, 0, 12, 16], "texture": "#5"}
			}
		},
		{
			"from": [3, 3, -1],
			"to": [13, 12, 4],
			"rotation": {"angle": -22.5, "axis": "x", "origin": [0, 2, 0]},
			"faces": {
				"north": {"uv": [0, 0, 12, 9], "texture": "#5"},
				"east": {"uv": [0, 0, 16, 9], "texture": "#5"},
				"south": {"uv": [0, 0, 12, 9], "texture": "#5"},
				"west": {"uv": [0, 0, 16, 9], "texture": "#5"},
				"up": {"uv": [0, 0, 11, 16], "texture": "#5"},
				"down": {"uv": [0, 0, 12, 16], "texture": "#5"}
			}
		},
		{
			"from": [14.1, 23, -1],
			"to": [15.1, 25.1, 1],
			"rotation": {"angle": 0, "axis": "y", "origin": [0, 2, 0]},
			"faces": {
				"north": {"uv": [0, 0, 12, 9], "texture": "#3"},
				"east": {"uv": [0, 0, 16, 9], "texture": "#3"},
				"south": {"uv": [0, 0, 12, 9], "texture": "#3"},
				"west": {"uv": [0, 0, 16, 9], "texture": "#3"},
				"up": {"uv": [0, 0, 11, 16], "texture": "#3"},
				"down": {"uv": [0, 0, 12, 16], "texture": "#3"}
			}
		},
		{
			"from": [7, 1.5, 9],
			"to": [11, 3.5, 12],
			"rotation": {"angle": -22.5, "axis": "x", "origin": [0, 2, 0]},
			"faces": {
				"north": {"uv": [0, 0, 12, 9], "texture": "#5"},
				"east": {"uv": [0, 0, 16, 9], "texture": "#5"},
				"south": {"uv": [0, 0, 12, 9], "texture": "#5"},
				"west": {"uv": [0, 0, 16, 9], "texture": "#5"},
				"up": {"uv": [0, 0, 11, 16], "texture": "#5"},
				"down": {"uv": [0, 0, 12, 16], "texture": "#5"}
			}
		},
		{
			"from": [7, 4.5, 4],
			"to": [11, 6.5, 8],
			"rotation": {"angle": 0, "axis": "y", "origin": [0, 2, 0]},
			"faces": {
				"north": {"uv": [0, 0, 12, 9], "texture": "#2"},
				"east": {"uv": [0, 0, 16, 9], "texture": "#2"},
				"south": {"uv": [0, 0, 12, 9], "texture": "#2"},
				"west": {"uv": [0, 0, 16, 9], "texture": "#2"},
				"up": {"uv": [9, 10, 15, 15], "texture": "#2"},
				"down": {"uv": [0, 0, 12, 16], "texture": "#2"}
			}
		},
		{
			"from": [5, 2, 10],
			"to": [11, 8, 14],
			"rotation": {"angle": 0, "axis": "y", "origin": [0, 2, 0]},
			"faces": {
				"north": {"uv": [0, 0, 12, 9], "texture": "#5"},
				"east": {"uv": [0, 0, 16, 9], "texture": "#5"},
				"south": {"uv": [0, 0, 12, 9], "texture": "#5"},
				"west": {"uv": [0, 0, 16, 9], "texture": "#5"},
				"up": {"uv": [0, 0, 11, 16], "texture": "#5"},
				"down": {"uv": [0, 0, 12, 16], "texture": "#5"}
			}
		},
		{
			"from": [11, 2, 1],
			"to": [13, 8, 13],
			"rotation": {"angle": 0, "axis": "y", "origin": [-2, 2, 0]},
			"faces": {
				"north": {"uv": [0, 0, 12, 9], "texture": "#5"},
				"east": {"uv": [0, 0, 16, 9], "texture": "#5"},
				"south": {"uv": [0, 0, 12, 9], "texture": "#5"},
				"west": {"uv": [0, 0, 16, 9], "texture": "#5"},
				"up": {"uv": [0, 0, 11, 16], "texture": "#5"},
				"down": {"uv": [0, 0, 12, 16], "texture": "#5"}
			}
		},
		{
			"from": [3, 4, 4],
			"to": [6, 10, 11],
			"rotation": {"angle": 22.5, "axis": "z", "origin": [0, 3, 0]},
			"faces": {
				"north": {"uv": [0, 0, 12, 9], "texture": "#5"},
				"east": {"uv": [0, 0, 16, 9], "texture": "#5"},
				"south": {"uv": [0, 0, 12, 9], "texture": "#5"},
				"west": {"uv": [0, 0, 16, 9], "texture": "#5"},
				"up": {"uv": [0, 0, 11, 16], "texture": "#5"},
				"down": {"uv": [0, 0, 12, 16], "texture": "#5"}
			}
		},
		{
			"from": [4.5, 1, 3],
			"to": [7.5, 6, 11],
			"rotation": {"angle": 45, "axis": "z", "origin": [0, 3, 0]},
			"faces": {
				"north": {"uv": [0, 0, 12, 9], "texture": "#5"},
				"east": {"uv": [0, 0, 16, 9], "texture": "#5"},
				"south": {"uv": [0, 0, 12, 9], "texture": "#5"},
				"west": {"uv": [0, 0, 16, 9], "texture": "#5"},
				"up": {"uv": [0, 0, 11, 16], "texture": "#5"},
				"down": {"uv": [0, 0, 12, 16], "texture": "#5"}
			}
		},
		{
			"from": [9.5, 1, 3],
			"to": [11.5, 6, 11],
			"rotation": {"angle": -45, "axis": "z", "origin": [16, 3, 0]},
			"faces": {
				"north": {"uv": [12, 0, 0, 9], "texture": "#5"},
				"east": {"uv": [16, 0, 0, 9], "texture": "#5"},
				"south": {"uv": [12, 0, 0, 9], "texture": "#5"},
				"west": {"uv": [16, 0, 0, 9], "texture": "#5"},
				"up": {"uv": [11, 0, 0, 16], "texture": "#5"},
				"down": {"uv": [12, 0, 0, 16], "texture": "#5"}
			}
		},
		{
			"from": [2, 9.5, 0],
			"to": [4, 10.5, 4],
			"rotation": {"angle": -22.5, "axis": "y", "origin": [0, 3, 0]},
			"faces": {
				"north": {"uv": [0, 0, 12, 9], "texture": "#5"},
				"east": {"uv": [0, 0, 16, 9], "texture": "#5"},
				"south": {"uv": [0, 0, 12, 9], "texture": "#5"},
				"west": {"uv": [0, 0, 16, 9], "texture": "#5"},
				"up": {"uv": [0, 0, 11, 16], "texture": "#5"},
				"down": {"uv": [0, 0, 12, 16], "texture": "#5"}
			}
		},
		{
			"from": [2.5, 8.5, 0],
			"to": [4.5, 9.5, 4],
			"rotation": {"angle": -22.5, "axis": "y", "origin": [0, 3, 0]},
			"faces": {
				"north": {"uv": [0, 0, 12, 9], "texture": "#5"},
				"east": {"uv": [0, 0, 16, 9], "texture": "#5"},
				"south": {"uv": [0, 0, 12, 9], "texture": "#5"},
				"west": {"uv": [0, 0, 16, 9], "texture": "#5"},
				"up": {"uv": [0, 0, 11, 16], "texture": "#5"},
				"down": {"uv": [0, 0, 12, 16], "texture": "#5"}
			}
		},
		{
			"from": [3, 7.5, 0],
			"to": [5, 8.5, 4],
			"rotation": {"angle": -22.5, "axis": "y", "origin": [0, 3, 0]},
			"faces": {
				"north": {"uv": [0, 0, 12, 9], "texture": "#5"},
				"east": {"uv": [0, 0, 16, 9], "texture": "#5"},
				"south": {"uv": [0, 0, 12, 9], "texture": "#5"},
				"west": {"uv": [0, 0, 16, 9], "texture": "#5"},
				"up": {"uv": [0, 0, 11, 16], "texture": "#5"},
				"down": {"uv": [0, 0, 12, 16], "texture": "#5"}
			}
		},
		{
			"from": [0, 10.5, 4],
			"to": [3, 12.5, 10],
			"rotation": {"angle": 0, "axis": "y", "origin": [0, 3, 0]},
			"faces": {
				"north": {"uv": [0, 0, 12, 9], "texture": "#5"},
				"east": {"uv": [0, 0, 16, 9], "texture": "#5"},
				"south": {"uv": [0, 0, 12, 9], "texture": "#5"},
				"west": {"uv": [0, 0, 16, 9], "texture": "#5"},
				"up": {"uv": [0, 0, 11, 16], "texture": "#5"},
				"down": {"uv": [0, 0, 12, 16], "texture": "#5"}
			}
		},
		{
			"from": [-4, 10.5, 9],
			"to": [-1, 12.5, 14],
			"rotation": {"angle": 22.5, "axis": "y", "origin": [0, 3, 0]},
			"faces": {
				"north": {"uv": [0, 0, 12, 9], "texture": "#5"},
				"east": {"uv": [0, 0, 16, 9], "texture": "#5"},
				"south": {"uv": [0, 0, 12, 9], "texture": "#5"},
				"west": {"uv": [0, 0, 16, 9], "texture": "#5"},
				"up": {"uv": [0, 0, 11, 16], "texture": "#5"},
				"down": {"uv": [0, 0, 12, 16], "texture": "#5"}
			}
		},
		{
			"from": [-3.75, 10, 10],
			"to": [-1.75, 10.5, 14],
			"rotation": {"angle": 22.5, "axis": "y", "origin": [0, 3, 0]},
			"faces": {
				"north": {"uv": [0, 0, 12, 9], "texture": "#5"},
				"east": {"uv": [0, 0, 16, 9], "texture": "#5"},
				"south": {"uv": [0, 0, 12, 9], "texture": "#5"},
				"west": {"uv": [0, 0, 16, 9], "texture": "#5"},
				"up": {"uv": [0, 0, 11, 16], "texture": "#5"},
				"down": {"uv": [0, 0, 12, 16], "texture": "#5"}
			}
		},
		{
			"from": [-3.5, 9.5, 10],
			"to": [-1.5, 10, 14],
			"rotation": {"angle": 22.5, "axis": "y", "origin": [0, 3, 0]},
			"faces": {
				"north": {"uv": [0, 0, 12, 9], "texture": "#5"},
				"east": {"uv": [0, 0, 16, 9], "texture": "#5"},
				"south": {"uv": [0, 0, 12, 9], "texture": "#5"},
				"west": {"uv": [0, 0, 16, 9], "texture": "#5"},
				"up": {"uv": [0, 0, 11, 16], "texture": "#5"},
				"down": {"uv": [0, 0, 12, 16], "texture": "#5"}
			}
		},
		{
			"from": [-3.25, 9, 10],
			"to": [-1.25, 9.5, 14],
			"rotation": {"angle": 22.5, "axis": "y", "origin": [0, 3, 0]},
			"faces": {
				"north": {"uv": [0, 0, 12, 9], "texture": "#5"},
				"east": {"uv": [0, 0, 16, 9], "texture": "#5"},
				"south": {"uv": [0, 0, 12, 9], "texture": "#5"},
				"west": {"uv": [0, 0, 16, 9], "texture": "#5"},
				"up": {"uv": [0, 0, 11, 16], "texture": "#5"},
				"down": {"uv": [0, 0, 12, 16], "texture": "#5"}
			}
		},
		{
			"from": [-3, 8.5, 10],
			"to": [-1, 9, 14],
			"rotation": {"angle": 22.5, "axis": "y", "origin": [0, 3, 0]},
			"faces": {
				"north": {"uv": [0, 0, 12, 9], "texture": "#5"},
				"east": {"uv": [0, 0, 16, 9], "texture": "#5"},
				"south": {"uv": [0, 0, 12, 9], "texture": "#5"},
				"west": {"uv": [0, 0, 16, 9], "texture": "#5"},
				"up": {"uv": [0, 0, 11, 16], "texture": "#5"},
				"down": {"uv": [0, 0, 12, 16], "texture": "#5"}
			}
		},
		{
			"from": [-2.75, 8, 10],
			"to": [-0.75, 8.5, 14],
			"rotation": {"angle": 22.5, "axis": "y", "origin": [0, 3, 0]},
			"faces": {
				"north": {"uv": [0, 0, 12, 9], "texture": "#5"},
				"east": {"uv": [0, 0, 16, 9], "texture": "#5"},
				"south": {"uv": [0, 0, 12, 9], "texture": "#5"},
				"west": {"uv": [0, 0, 16, 9], "texture": "#5"},
				"up": {"uv": [0, 0, 11, 16], "texture": "#5"},
				"down": {"uv": [0, 0, 12, 16], "texture": "#5"}
			}
		},
		{
			"from": [2, 10.5, 0],
			"to": [5, 12.5, 5],
			"rotation": {"angle": -22.5, "axis": "y", "origin": [0, 3, 0]},
			"faces": {
				"north": {"uv": [0, 0, 12, 9], "texture": "#5"},
				"east": {"uv": [0, 0, 16, 9], "texture": "#5"},
				"south": {"uv": [0, 0, 12, 9], "texture": "#5"},
				"west": {"uv": [0, 0, 16, 9], "texture": "#5"},
				"up": {"uv": [0, 0, 11, 16], "texture": "#5"},
				"down": {"uv": [0, 0, 12, 16], "texture": "#5"}
			}
		},
		{
			"from": [-9, 10.5, 11],
			"to": [-6, 12.5, 16],
			"rotation": {"angle": 45, "axis": "y", "origin": [0, 3, 0]},
			"faces": {
				"north": {"uv": [0, 0, 12, 9], "texture": "#5"},
				"east": {"uv": [0, 0, 16, 9], "texture": "#5"},
				"south": {"uv": [0, 0, 12, 9], "texture": "#5"},
				"west": {"uv": [0, 0, 16, 9], "texture": "#5"},
				"up": {"uv": [0, 0, 11, 16], "texture": "#5"},
				"down": {"uv": [0, 0, 12, 16], "texture": "#5"}
			}
		},
		{
			"from": [-9, 10, 11.5],
			"to": [-6, 10.5, 15.5],
			"rotation": {"angle": 45, "axis": "y", "origin": [0, 3, 0]},
			"faces": {
				"north": {"uv": [0, 0, 12, 9], "texture": "#5"},
				"east": {"uv": [0, 0, 16, 9], "texture": "#5"},
				"south": {"uv": [0, 0, 12, 9], "texture": "#5"},
				"west": {"uv": [0, 0, 16, 9], "texture": "#5"},
				"up": {"uv": [0, 0, 11, 16], "texture": "#5"},
				"down": {"uv": [0, 0, 12, 16], "texture": "#5"}
			}
		},
		{
			"from": [-8.5, 9.5, 11.5],
			"to": [-5.5, 10, 15.5],
			"rotation": {"angle": 45, "axis": "y", "origin": [0, 3, 0]},
			"faces": {
				"north": {"uv": [0, 0, 12, 9], "texture": "#5"},
				"east": {"uv": [0, 0, 16, 9], "texture": "#5"},
				"south": {"uv": [0, 0, 12, 9], "texture": "#5"},
				"west": {"uv": [0, 0, 16, 9], "texture": "#5"},
				"up": {"uv": [0, 0, 11, 16], "texture": "#5"},
				"down": {"uv": [0, 0, 12, 16], "texture": "#5"}
			}
		},
		{
			"from": [-8, 9, 11.5],
			"to": [-5, 9.5, 15.5],
			"rotation": {"angle": 45, "axis": "y", "origin": [0, 3, 0]},
			"faces": {
				"north": {"uv": [0, 0, 12, 9], "texture": "#5"},
				"east": {"uv": [0, 0, 16, 9], "texture": "#5"},
				"south": {"uv": [0, 0, 12, 9], "texture": "#5"},
				"west": {"uv": [0, 0, 16, 9], "texture": "#5"},
				"up": {"uv": [0, 0, 11, 16], "texture": "#5"},
				"down": {"uv": [0, 0, 12, 16], "texture": "#5"}
			}
		},
		{
			"from": [-7.5, 8.5, 11.5],
			"to": [-4.5, 9, 15.5],
			"rotation": {"angle": 45, "axis": "y", "origin": [0, 3, 0]},
			"faces": {
				"north": {"uv": [0, 0, 12, 9], "texture": "#5"},
				"east": {"uv": [0, 0, 16, 9], "texture": "#5"},
				"south": {"uv": [0, 0, 12, 9], "texture": "#5"},
				"west": {"uv": [0, 0, 16, 9], "texture": "#5"},
				"up": {"uv": [0, 0, 11, 16], "texture": "#5"},
				"down": {"uv": [0, 0, 12, 16], "texture": "#5"}
			}
		},
		{
			"from": [-7, 8, 11.5],
			"to": [-4, 8.5, 15.5],
			"rotation": {"angle": 45, "axis": "y", "origin": [0, 3, 0]},
			"faces": {
				"north": {"uv": [0, 0, 12, 9], "texture": "#5"},
				"east": {"uv": [0, 0, 16, 9], "texture": "#5"},
				"south": {"uv": [0, 0, 12, 9], "texture": "#5"},
				"west": {"uv": [0, 0, 16, 9], "texture": "#5"},
				"up": {"uv": [0, 0, 11, 16], "texture": "#5"},
				"down": {"uv": [0, 0, 12, 16], "texture": "#5"}
			}
		},
		{
			"from": [-7, 7, 11.5],
			"to": [-4, 8, 13.5],
			"rotation": {"angle": 45, "axis": "y", "origin": [0, 3, 0]},
			"faces": {
				"north": {"uv": [0, 0, 12, 9], "texture": "#5"},
				"east": {"uv": [0, 0, 16, 9], "texture": "#5"},
				"south": {"uv": [0, 0, 12, 9], "texture": "#5"},
				"west": {"uv": [0, 0, 16, 9], "texture": "#5"},
				"up": {"uv": [0, 0, 11, 16], "texture": "#5"},
				"down": {"uv": [0, 0, 12, 16], "texture": "#5"}
			}
		},
		{
			"from": [22, 10, 11.5],
			"to": [25, 10.5, 15.5],
			"rotation": {"angle": -45, "axis": "y", "origin": [16, 3, 0]},
			"faces": {
				"north": {"uv": [12, 0, 0, 9], "texture": "#5"},
				"east": {"uv": [16, 0, 0, 9], "texture": "#5"},
				"south": {"uv": [12, 0, 0, 9], "texture": "#5"},
				"west": {"uv": [16, 0, 0, 9], "texture": "#5"},
				"up": {"uv": [11, 0, 0, 16], "texture": "#5"},
				"down": {"uv": [12, 0, 0, 16], "texture": "#5"}
			}
		},
		{
			"from": [22, 10.5, 11],
			"to": [25, 12.5, 16],
			"rotation": {"angle": -45, "axis": "y", "origin": [16, 3, 0]},
			"faces": {
				"north": {"uv": [12, 0, 0, 9], "texture": "#5"},
				"east": {"uv": [16, 0, 0, 9], "texture": "#5"},
				"south": {"uv": [12, 0, 0, 9], "texture": "#5"},
				"west": {"uv": [16, 0, 0, 9], "texture": "#5"},
				"up": {"uv": [11, 0, 0, 16], "texture": "#5"},
				"down": {"uv": [12, 0, 0, 16], "texture": "#5"}
			}
		},
		{
			"from": [13, 10.5, 4],
			"to": [16, 12.5, 10],
			"rotation": {"angle": 0, "axis": "y", "origin": [16, 3, 0]},
			"faces": {
				"north": {"uv": [12, 0, 0, 9], "texture": "#5"},
				"east": {"uv": [16, 0, 0, 9], "texture": "#5"},
				"south": {"uv": [12, 0, 0, 9], "texture": "#5"},
				"west": {"uv": [16, 0, 0, 9], "texture": "#5"},
				"up": {"uv": [11, 0, 0, 16], "texture": "#5"},
				"down": {"uv": [12, 0, 0, 16], "texture": "#5"}
			}
		},
		{
			"from": [10, 4, 4],
			"to": [13, 10, 11],
			"rotation": {"angle": -22.5, "axis": "z", "origin": [16, 3, 0]},
			"faces": {
				"north": {"uv": [12, 0, 0, 9], "texture": "#5"},
				"east": {"uv": [16, 0, 0, 9], "texture": "#5"},
				"south": {"uv": [12, 0, 0, 9], "texture": "#5"},
				"west": {"uv": [16, 0, 0, 9], "texture": "#5"},
				"up": {"uv": [11, 0, 0, 16], "texture": "#5"},
				"down": {"uv": [12, 0, 0, 16], "texture": "#5"}
			}
		},
		{
			"from": [17, 10.5, 9],
			"to": [20, 12.5, 14],
			"rotation": {"angle": -22.5, "axis": "y", "origin": [16, 3, 0]},
			"faces": {
				"north": {"uv": [12, 0, 0, 9], "texture": "#5"},
				"east": {"uv": [16, 0, 0, 9], "texture": "#5"},
				"south": {"uv": [12, 0, 0, 9], "texture": "#5"},
				"west": {"uv": [16, 0, 0, 9], "texture": "#5"},
				"up": {"uv": [11, 0, 0, 16], "texture": "#5"},
				"down": {"uv": [12, 0, 0, 16], "texture": "#5"}
			}
		},
		{
			"from": [11, 10.5, 0],
			"to": [14, 12.5, 5],
			"rotation": {"angle": 22.5, "axis": "y", "origin": [16, 3, 0]},
			"faces": {
				"north": {"uv": [12, 0, 0, 9], "texture": "#5"},
				"east": {"uv": [16, 0, 0, 9], "texture": "#5"},
				"south": {"uv": [12, 0, 0, 9], "texture": "#5"},
				"west": {"uv": [16, 0, 0, 9], "texture": "#5"},
				"up": {"uv": [11, 0, 0, 16], "texture": "#5"},
				"down": {"uv": [12, 0, 0, 16], "texture": "#5"}
			}
		},
		{
			"from": [12, 9.5, 0],
			"to": [14, 10.5, 4],
			"rotation": {"angle": 22.5, "axis": "y", "origin": [16, 3, 0]},
			"faces": {
				"north": {"uv": [12, 0, 0, 9], "texture": "#5"},
				"east": {"uv": [16, 0, 0, 9], "texture": "#5"},
				"south": {"uv": [12, 0, 0, 9], "texture": "#5"},
				"west": {"uv": [16, 0, 0, 9], "texture": "#5"},
				"up": {"uv": [11, 0, 0, 16], "texture": "#5"},
				"down": {"uv": [12, 0, 0, 16], "texture": "#5"}
			}
		},
		{
			"from": [11.5, 8.5, 0],
			"to": [13.5, 9.5, 4],
			"rotation": {"angle": 22.5, "axis": "y", "origin": [16, 3, 0]},
			"faces": {
				"north": {"uv": [12, 0, 0, 9], "texture": "#5"},
				"east": {"uv": [16, 0, 0, 9], "texture": "#5"},
				"south": {"uv": [12, 0, 0, 9], "texture": "#5"},
				"west": {"uv": [16, 0, 0, 9], "texture": "#5"},
				"up": {"uv": [11, 0, 0, 16], "texture": "#5"},
				"down": {"uv": [12, 0, 0, 16], "texture": "#5"}
			}
		},
		{
			"from": [11, 7.5, 0],
			"to": [13, 8.5, 4],
			"rotation": {"angle": 22.5, "axis": "y", "origin": [16, 3, 0]},
			"faces": {
				"north": {"uv": [12, 0, 0, 9], "texture": "#5"},
				"east": {"uv": [16, 0, 0, 9], "texture": "#5"},
				"south": {"uv": [12, 0, 0, 9], "texture": "#5"},
				"west": {"uv": [16, 0, 0, 9], "texture": "#5"},
				"up": {"uv": [11, 0, 0, 16], "texture": "#5"},
				"down": {"uv": [12, 0, 0, 16], "texture": "#5"}
			}
		},
		{
			"from": [17.75, 10, 10],
			"to": [19.75, 10.5, 14],
			"rotation": {"angle": -22.5, "axis": "y", "origin": [16, 3, 0]},
			"faces": {
				"north": {"uv": [12, 0, 0, 9], "texture": "#5"},
				"east": {"uv": [16, 0, 0, 9], "texture": "#5"},
				"south": {"uv": [12, 0, 0, 9], "texture": "#5"},
				"west": {"uv": [16, 0, 0, 9], "texture": "#5"},
				"up": {"uv": [11, 0, 0, 16], "texture": "#5"},
				"down": {"uv": [12, 0, 0, 16], "texture": "#5"}
			}
		},
		{
			"from": [17.5, 9.5, 10],
			"to": [19.5, 10, 14],
			"rotation": {"angle": -22.5, "axis": "y", "origin": [16, 3, 0]},
			"faces": {
				"north": {"uv": [12, 0, 0, 9], "texture": "#5"},
				"east": {"uv": [16, 0, 0, 9], "texture": "#5"},
				"south": {"uv": [12, 0, 0, 9], "texture": "#5"},
				"west": {"uv": [16, 0, 0, 9], "texture": "#5"},
				"up": {"uv": [11, 0, 0, 16], "texture": "#5"},
				"down": {"uv": [12, 0, 0, 16], "texture": "#5"}
			}
		},
		{
			"from": [17.25, 9, 10],
			"to": [19.25, 9.5, 14],
			"rotation": {"angle": -22.5, "axis": "y", "origin": [16, 3, 0]},
			"faces": {
				"north": {"uv": [12, 0, 0, 9], "texture": "#5"},
				"east": {"uv": [16, 0, 0, 9], "texture": "#5"},
				"south": {"uv": [12, 0, 0, 9], "texture": "#5"},
				"west": {"uv": [16, 0, 0, 9], "texture": "#5"},
				"up": {"uv": [11, 0, 0, 16], "texture": "#5"},
				"down": {"uv": [12, 0, 0, 16], "texture": "#5"}
			}
		},
		{
			"from": [17, 8.5, 10],
			"to": [19, 9, 14],
			"rotation": {"angle": -22.5, "axis": "y", "origin": [16, 3, 0]},
			"faces": {
				"north": {"uv": [12, 0, 0, 9], "texture": "#5"},
				"east": {"uv": [16, 0, 0, 9], "texture": "#5"},
				"south": {"uv": [12, 0, 0, 9], "texture": "#5"},
				"west": {"uv": [16, 0, 0, 9], "texture": "#5"},
				"up": {"uv": [11, 0, 0, 16], "texture": "#5"},
				"down": {"uv": [12, 0, 0, 16], "texture": "#5"}
			}
		},
		{
			"from": [16.75, 8, 10],
			"to": [18.75, 8.5, 14],
			"rotation": {"angle": -22.5, "axis": "y", "origin": [16, 3, 0]},
			"faces": {
				"north": {"uv": [12, 0, 0, 9], "texture": "#5"},
				"east": {"uv": [16, 0, 0, 9], "texture": "#5"},
				"south": {"uv": [12, 0, 0, 9], "texture": "#5"},
				"west": {"uv": [16, 0, 0, 9], "texture": "#5"},
				"up": {"uv": [11, 0, 0, 16], "texture": "#5"},
				"down": {"uv": [12, 0, 0, 16], "texture": "#5"}
			}
		},
		{
			"from": [21.5, 9.5, 11.5],
			"to": [24.5, 10, 15.5],
			"rotation": {"angle": -45, "axis": "y", "origin": [16, 3, 0]},
			"faces": {
				"north": {"uv": [12, 0, 0, 9], "texture": "#5"},
				"east": {"uv": [16, 0, 0, 9], "texture": "#5"},
				"south": {"uv": [12, 0, 0, 9], "texture": "#5"},
				"west": {"uv": [16, 0, 0, 9], "texture": "#5"},
				"up": {"uv": [11, 0, 0, 16], "texture": "#5"},
				"down": {"uv": [12, 0, 0, 16], "texture": "#5"}
			}
		},
		{
			"from": [21, 9, 11.5],
			"to": [24, 9.5, 15.5],
			"rotation": {"angle": -45, "axis": "y", "origin": [16, 3, 0]},
			"faces": {
				"north": {"uv": [12, 0, 0, 9], "texture": "#5"},
				"east": {"uv": [16, 0, 0, 9], "texture": "#5"},
				"south": {"uv": [12, 0, 0, 9], "texture": "#5"},
				"west": {"uv": [16, 0, 0, 9], "texture": "#5"},
				"up": {"uv": [11, 0, 0, 16], "texture": "#5"},
				"down": {"uv": [12, 0, 0, 16], "texture": "#5"}
			}
		},
		{
			"from": [20.5, 8.5, 11.5],
			"to": [23.5, 9, 15.5],
			"rotation": {"angle": -45, "axis": "y", "origin": [16, 3, 0]},
			"faces": {
				"north": {"uv": [12, 0, 0, 9], "texture": "#5"},
				"east": {"uv": [16, 0, 0, 9], "texture": "#5"},
				"south": {"uv": [12, 0, 0, 9], "texture": "#5"},
				"west": {"uv": [16, 0, 0, 9], "texture": "#5"},
				"up": {"uv": [11, 0, 0, 16], "texture": "#5"},
				"down": {"uv": [12, 0, 0, 16], "texture": "#5"}
			}
		},
		{
			"from": [20, 8, 11.5],
			"to": [23, 8.5, 15.5],
			"rotation": {"angle": -45, "axis": "y", "origin": [16, 3, 0]},
			"faces": {
				"north": {"uv": [12, 0, 0, 9], "texture": "#5"},
				"east": {"uv": [16, 0, 0, 9], "texture": "#5"},
				"south": {"uv": [12, 0, 0, 9], "texture": "#5"},
				"west": {"uv": [16, 0, 0, 9], "texture": "#5"},
				"up": {"uv": [11, 0, 0, 16], "texture": "#5"},
				"down": {"uv": [12, 0, 0, 16], "texture": "#5"}
			}
		},
		{
			"from": [21, 7, 12.5],
			"to": [24, 8, 14.5],
			"rotation": {"angle": -45, "axis": "y", "origin": [18, 3, 0]},
			"faces": {
				"north": {"uv": [12, 0, 0, 9], "texture": "#5"},
				"east": {"uv": [16, 0, 0, 9], "texture": "#5"},
				"south": {"uv": [12, 0, 0, 9], "texture": "#5"},
				"west": {"uv": [16, 0, 0, 9], "texture": "#5"},
				"up": {"uv": [11, 0, 0, 16], "texture": "#5"},
				"down": {"uv": [12, 0, 0, 16], "texture": "#5"}
			}
		},
		{
			"from": [5, 10.5, 16],
			"to": [11, 12.5, 18],
			"rotation": {"angle": 0, "axis": "y", "origin": [0, 3, 0]},
			"faces": {
				"north": {"uv": [0, 0, 12, 9], "texture": "#5"},
				"east": {"uv": [0, 0, 16, 9], "texture": "#5"},
				"south": {"uv": [0, 0, 12, 9], "texture": "#5"},
				"west": {"uv": [0, 0, 16, 9], "texture": "#5"},
				"up": {"uv": [0, 0, 11, 16], "texture": "#5"},
				"down": {"uv": [0, 0, 12, 16], "texture": "#5"}
			}
		},
		{
			"from": [13, 12, 1.5],
			"to": [16, 18, 2.5],
			"rotation": {"angle": 0, "axis": "y", "origin": [16, 8, -6]},
			"faces": {
				"north": {"uv": [12, 16, 0, 0], "rotation": 180, "texture": "#5"},
				"east": {"uv": [0, 0, 16, 9], "rotation": 270, "texture": "#5"},
				"south": {"uv": [11, 16, 0, 0], "texture": "#5"},
				"west": {"uv": [0, 0, 16, 9], "rotation": 90, "texture": "#5"},
				"up": {"uv": [12, 9, 0, 0], "texture": "#5"},
				"down": {"uv": [12, 9, 0, 0], "rotation": 180, "texture": "#5"}
			}
		},
		{
			"from": [17, 17, 1.5],
			"to": [20, 22, 2.5],
			"rotation": {"angle": 22.5, "axis": "z", "origin": [16, 8, -6]},
			"faces": {
				"north": {"uv": [12, 16, 0, 0], "rotation": 180, "texture": "#5"},
				"east": {"uv": [0, 0, 16, 9], "rotation": 270, "texture": "#5"},
				"south": {"uv": [11, 16, 0, 0], "texture": "#5"},
				"west": {"uv": [0, 0, 16, 9], "rotation": 90, "texture": "#5"},
				"up": {"uv": [12, 9, 0, 0], "texture": "#5"},
				"down": {"uv": [12, 9, 0, 0], "rotation": 180, "texture": "#5"}
			}
		},
		{
			"from": [18, 19, 1.75],
			"to": [19, 21, 2.75],
			"rotation": {"angle": 22.5, "axis": "z", "origin": [16, 8, -6]},
			"faces": {
				"north": {"uv": [12, 16, 0, 0], "rotation": 180, "texture": "#3"},
				"east": {"uv": [0, 0, 16, 9], "rotation": 270, "texture": "#3"},
				"south": {"uv": [11, 16, 0, 0], "texture": "#3"},
				"west": {"uv": [0, 0, 16, 9], "rotation": 90, "texture": "#3"},
				"up": {"uv": [12, 9, 0, 0], "texture": "#3"},
				"down": {"uv": [12, 9, 0, 0], "rotation": 180, "texture": "#3"}
			}
		},
		{
			"from": [-1, 13, 1.75],
			"to": [0, 15, 2.75],
			"rotation": {"angle": -22.5, "axis": "z", "origin": [18, 8, -6]},
			"faces": {
				"north": {"uv": [12, 16, 0, 0], "rotation": 180, "texture": "#3"},
				"east": {"uv": [0, 0, 16, 9], "rotation": 270, "texture": "#3"},
				"south": {"uv": [11, 16, 0, 0], "texture": "#3"},
				"west": {"uv": [0, 0, 16, 9], "rotation": 90, "texture": "#3"},
				"up": {"uv": [12, 9, 0, 0], "texture": "#3"},
				"down": {"uv": [12, 9, 0, 0], "rotation": 180, "texture": "#3"}
			}
		},
		{
			"from": [22, 19, 1.5],
			"to": [25, 24, 2.5],
			"rotation": {"angle": 45, "axis": "z", "origin": [16, 8, -6]},
			"faces": {
				"north": {"uv": [12, 16, 0, 0], "rotation": 180, "texture": "#5"},
				"east": {"uv": [0, 0, 16, 9], "rotation": 270, "texture": "#5"},
				"south": {"uv": [11, 16, 0, 0], "texture": "#5"},
				"west": {"uv": [0, 0, 16, 9], "rotation": 90, "texture": "#5"},
				"up": {"uv": [12, 9, 0, 0], "texture": "#5"},
				"down": {"uv": [12, 9, 0, 0], "rotation": 180, "texture": "#5"}
			}
		},
		{
			"from": [5, 23, 1.5],
			"to": [11, 26, 2.5],
			"rotation": {"angle": 0, "axis": "y", "origin": [0, 8, -6]},
			"faces": {
				"north": {"uv": [0, 16, 12, 0], "rotation": 180, "texture": "#5"},
				"east": {"uv": [16, 0, 0, 9], "rotation": 270, "texture": "#5"},
				"south": {"uv": [0, 16, 11, 0], "texture": "#5"},
				"west": {"uv": [16, 0, 0, 9], "rotation": 90, "texture": "#5"},
				"up": {"uv": [0, 9, 12, 0], "texture": "#5"},
				"down": {"uv": [0, 9, 12, 0], "rotation": 180, "texture": "#5"}
			}
		},
		{
			"from": [-9, 19, 1.5],
			"to": [-6, 24, 2.5],
			"rotation": {"angle": -45, "axis": "z", "origin": [0, 8, -6]},
			"faces": {
				"north": {"uv": [0, 16, 12, 0], "rotation": 180, "texture": "#5"},
				"east": {"uv": [16, 0, 0, 9], "rotation": 270, "texture": "#5"},
				"south": {"uv": [0, 16, 11, 0], "texture": "#5"},
				"west": {"uv": [16, 0, 0, 9], "rotation": 90, "texture": "#5"},
				"up": {"uv": [0, 9, 12, 0], "texture": "#5"},
				"down": {"uv": [0, 9, 12, 0], "rotation": 180, "texture": "#5"}
			}
		},
		{
			"from": [-4, 17, 1.5],
			"to": [-1, 22, 2.5],
			"rotation": {"angle": -22.5, "axis": "z", "origin": [0, 8, -6]},
			"faces": {
				"north": {"uv": [0, 16, 12, 0], "rotation": 180, "texture": "#5"},
				"east": {"uv": [16, 0, 0, 9], "rotation": 270, "texture": "#5"},
				"south": {"uv": [0, 16, 11, 0], "texture": "#5"},
				"west": {"uv": [16, 0, 0, 9], "rotation": 90, "texture": "#5"},
				"up": {"uv": [0, 9, 12, 0], "texture": "#5"},
				"down": {"uv": [0, 9, 12, 0], "rotation": 180, "texture": "#5"}
			}
		},
		{
			"from": [0, 12, 1.5],
			"to": [3, 18, 2.5],
			"rotation": {"angle": 0, "axis": "y", "origin": [0, 8, -6]},
			"faces": {
				"north": {"uv": [0, 16, 12, 0], "rotation": 180, "texture": "#5"},
				"east": {"uv": [16, 0, 0, 9], "rotation": 270, "texture": "#5"},
				"south": {"uv": [0, 16, 11, 0], "texture": "#5"},
				"west": {"uv": [16, 0, 0, 9], "rotation": 90, "texture": "#5"},
				"up": {"uv": [0, 9, 12, 0], "texture": "#5"},
				"down": {"uv": [0, 9, 12, 0], "rotation": 180, "texture": "#5"}
			}
		},
		{
			"from": [5, -4.5, 12],
			"to": [11, -2.5, 18],
			"rotation": {"angle": -45, "axis": "x", "origin": [0, 3, 0]},
			"faces": {
				"north": {"uv": [0, 0, 12, 9], "texture": "#5"},
				"east": {"uv": [0, 0, 16, 9], "texture": "#5"},
				"south": {"uv": [0, 0, 12, 9], "texture": "#5"},
				"west": {"uv": [0, 0, 16, 9], "texture": "#5"},
				"up": {"uv": [0, 0, 11, 16], "texture": "#5"},
				"down": {"uv": [0, 0, 12, 16], "texture": "#5"}
			}
		}
	],
	"display": {
		"thirdperson_righthand": {
			"scale": [0.75, 0.75, 0.75]
		},
		"firstperson_righthand": {
			"scale": [0.7, 0.7, 0.7]
		},
		"firstperson_lefthand": {
			"scale": [0.7, 0.7, 0.7]
		},
		"ground": {
			"scale": [0.5, 0.5, 0.5]
		},
		"gui": {
			"rotation": [7, -24, 0],
			"translation": [0, -3, 0],
			"scale": [0.5, 0.5, 0.5]
		},
		"fixed": {
			"rotation": [-90, 0, 0],
			"translation": [0, 0, -14],
			"scale": [2, 2, 2]
		}
	}
}