{
	"credit": "Made with Blockbench",
	"textures": {
		"1": "block/red_wool",
		"2": "block/acacia_log",
		"3": "block/green_concrete_powder",
		"particle": "block/acacia_log"
	},
	"elements": [
		{
			"from": [6, 4, 6],
			"to": [7.25, 7, 9],
			"rotation": {"angle": 0, "axis": "y", "origin": [4, 2, 4]},
			"faces": {
				"north": {"uv": [1, 1, 16, 16], "texture": "#1"},
				"east": {"uv": [1, 1, 16, 16], "texture": "#1"},
				"south": {"uv": [1, 1, 16, 16], "texture": "#1"},
				"west": {"uv": [1, 1, 16, 16], "texture": "#1"},
				"up": {"uv": [0, 0, 8, 1], "texture": "#1"},
				"down": {"uv": [0, 0, 8, 1], "texture": "#1"}
			}
		},
		{
			"from": [3, 8, 6.5],
			"to": [3.75, 9.5, 7.5],
			"rotation": {"angle": -45, "axis": "z", "origin": [4, 2, 4]},
			"faces": {
				"north": {"uv": [1, 1, 16, 16], "texture": "#3"},
				"east": {"uv": [1, 1, 16, 16], "texture": "#3"},
				"south": {"uv": [1, 1, 16, 16], "texture": "#3"},
				"west": {"uv": [1, 1, 16, 16], "texture": "#3"},
				"up": {"uv": [0, 0, 8, 1], "texture": "#3"},
				"down": {"uv": [0, 0, 8, 1], "texture": "#3"}
			}
		},
		{
			"from": [5, 7, 7.5],
			"to": [5.75, 9, 9],
			"rotation": {"angle": -22.5, "axis": "z", "origin": [4, 2, 4]},
			"faces": {
				"north": {"uv": [1, 1, 16, 16], "texture": "#3"},
				"east": {"uv": [1, 1, 16, 16], "texture": "#3"},
				"south": {"uv": [1, 1, 16, 16], "texture": "#3"},
				"west": {"uv": [1, 1, 16, 16], "texture": "#3"},
				"up": {"uv": [0, 0, 8, 1], "texture": "#3"},
				"down": {"uv": [0, 0, 8, 1], "texture": "#3"}
			}
		},
		{
			"from": [8, 4, 6],
			"to": [9.25, 7, 9],
			"rotation": {"angle": 0, "axis": "y", "origin": [4, 2, 4]},
			"faces": {
				"north": {"uv": [1, 1, 16, 16], "texture": "#1"},
				"east": {"uv": [1, 1, 16, 16], "texture": "#1"},
				"south": {"uv": [1, 1, 16, 16], "texture": "#1"},
				"west": {"uv": [1, 1, 16, 16], "texture": "#1"},
				"up": {"uv": [0, 0, 8, 1], "texture": "#1"},
				"down": {"uv": [0, 0, 8, 1], "texture": "#1"}
			}
		},
		{
			"from": [7, 4, 6],
			"to": [8, 6.5, 9],
			"rotation": {"angle": 0, "axis": "y", "origin": [4, 2, 4]},
			"faces": {
				"north": {"uv": [1, 1, 16, 16], "texture": "#1"},
				"east": {"uv": [1, 1, 16, 16], "texture": "#1"},
				"south": {"uv": [1, 1, 16, 16], "texture": "#1"},
				"west": {"uv": [1, 1, 16, 16], "texture": "#1"},
				"up": {"uv": [0, 0, 8, 1], "texture": "#1"},
				"down": {"uv": [0, 0, 8, 1], "texture": "#1"}
			}
		},
		{
			"from": [8.75, 4.5, 6.25],
			"to": [9.75, 6.5, 8.75],
			"rotation": {"angle": 0, "axis": "y", "origin": [4, 2, 4]},
			"faces": {
				"north": {"uv": [1, 1, 16, 16], "texture": "#1"},
				"east": {"uv": [1, 1, 16, 16], "texture": "#1"},
				"south": {"uv": [1, 1, 16, 16], "texture": "#1"},
				"west": {"uv": [1, 1, 16, 16], "texture": "#1"},
				"up": {"uv": [0, 0, 8, 1], "texture": "#1"},
				"down": {"uv": [0, 0, 8, 1], "texture": "#1"}
			}
		},
		{
			"from": [5.5, 4.5, 6.25],
			"to": [6.5, 6.5, 8.75],
			"rotation": {"angle": 0, "axis": "y", "origin": [4, 2, 4]},
			"faces": {
				"north": {"uv": [1, 1, 16, 16], "texture": "#1"},
				"east": {"uv": [1, 1, 16, 16], "texture": "#1"},
				"south": {"uv": [1, 1, 16, 16], "texture": "#1"},
				"west": {"uv": [1, 1, 16, 16], "texture": "#1"},
				"up": {"uv": [0, 0, 8, 1], "texture": "#1"},
				"down": {"uv": [0, 0, 8, 1], "texture": "#1"}
			}
		},
		{
			"from": [6.25, 4.5, 5.5],
			"to": [8.75, 6.5, 6.5],
			"rotation": {"angle": 0, "axis": "y", "origin": [4, 2, 4]},
			"faces": {
				"north": {"uv": [1, 1, 16, 16], "texture": "#1"},
				"east": {"uv": [1, 1, 16, 16], "texture": "#1"},
				"south": {"uv": [1, 1, 16, 16], "texture": "#1"},
				"west": {"uv": [1, 1, 16, 16], "texture": "#1"},
				"up": {"uv": [0, 0, 8, 1], "rotation": 90, "texture": "#1"},
				"down": {"uv": [0, 0, 8, 1], "rotation": 270, "texture": "#1"}
			}
		},
		{
			"from": [6.25, 4.5, 5.4],
			"to": [7, 5, 6.4],
			"rotation": {"angle": 0, "axis": "y", "origin": [4, 2, 4]},
			"faces": {
				"north": {"uv": [1, 1, 16, 16], "texture": "#2"},
				"east": {"uv": [1, 1, 16, 16], "texture": "#2"},
				"south": {"uv": [1, 1, 16, 16], "texture": "#2"},
				"west": {"uv": [1, 1, 16, 16], "texture": "#2"},
				"up": {"uv": [0, 0, 8, 1], "rotation": 90, "texture": "#2"},
				"down": {"uv": [0, 0, 8, 1], "rotation": 270, "texture": "#2"}
			}
		},
		{
			"from": [6.25, 4.5, 8.5],
			"to": [8.75, 6.5, 9.5],
			"rotation": {"angle": 0, "axis": "y", "origin": [4, 2, 4]},
			"faces": {
				"north": {"uv": [1, 1, 16, 16], "texture": "#1"},
				"east": {"uv": [1, 1, 16, 16], "texture": "#1"},
				"south": {"uv": [1, 1, 16, 16], "texture": "#1"},
				"west": {"uv": [1, 1, 16, 16], "texture": "#1"},
				"up": {"uv": [0, 0, 8, 1], "rotation": 90, "texture": "#1"},
				"down": {"uv": [0, 0, 8, 1], "rotation": 270, "texture": "#1"}
			}
		}
	],
	"display": {
		"firstperson_righthand": {
			"translation": [0, 2, 0]
		},
		"firstperson_lefthand": {
			"translation": [0, 2, 0]
		},
		"gui": {
			"rotation": [5, 174, 0],
			"translation": [0, 5, 0],
			"scale": [3, 3, 3]
		},
		"head": {
			"translation": [0, 10, 0],
			"scale": [2, 2, 2]
		},
		"fixed": {
			"translation": [0, 2, 0],
			"scale": [2, 2, 2]
		}
	}
}