{
	"credit": "Made with Blockbench",
	"textures": {
		"0": "block/white_concrete",
		"particle": "block/red_concrete"
	},
	"elements": [
		{
			"from": [5, 1, 5],
			"to": [11, 7, 11],
			"faces": {
				"north": {"uv": [0, 0, 6, 6], "texture": "#0"},
				"east": {"uv": [0, 0, 6, 6], "texture": "#0"},
				"south": {"uv": [0, 0, 6, 6], "texture": "#0"},
				"west": {"uv": [0, 0, 6, 6], "texture": "#0"},
				"up": {"uv": [0, 0, 6, 6], "texture": "#0"},
				"down": {"uv": [0, 0, 6, 6], "texture": "#0"}
			}
		}
	],
	"display": {
		"gui": {
			"rotation": [13, -26, 0],
			"translation": [0, 6, 0],
			"scale": [1.5, 1.5, 1.5]
		}
	}
}