{
	"credit": "Made with Blockbench",
	"textures": {
		"0": "block/lime_terracotta",
		"particle": "block/lime_terracotta"
	},
	"elements": [
		{
			"from": [5, 1, 5],
			"to": [11, 2, 11],
			"faces": {
				"north": {"uv": [0, 0, 6, 1], "texture": "#0"},
				"east": {"uv": [0, 0, 6, 1], "texture": "#0"},
				"south": {"uv": [0, 0, 6, 1], "texture": "#0"},
				"west": {"uv": [0, 0, 6, 1], "texture": "#0"},
				"up": {"uv": [0, 0, 6, 6], "texture": "#0"},
				"down": {"uv": [0, 0, 6, 6], "texture": "#0"}
			}
		},
		{
			"from": [5, 1.5, 5.75],
			"to": [11, 3.5, 9.75],
			"faces": {
				"north": {"uv": [0, 0, 6, 2], "texture": "#0"},
				"east": {"uv": [0, 0, 4, 2], "texture": "#0"},
				"south": {"uv": [0, 0, 6, 2], "texture": "#0"},
				"west": {"uv": [0, 0, 4, 2], "texture": "#0"},
				"up": {"uv": [0, 0, 6, 4], "texture": "#0"},
				"down": {"uv": [0, 0, 6, 4], "texture": "#0"}
			}
		},
		{
			"from": [5, -2.5, 5],
			"to": [11, 3.5, 7.2],
			"rotation": {"angle": 22.5, "axis": "x", "origin": [0, 0, 16]},
			"faces": {
				"north": {"uv": [0, 4, 6, 10], "rotation": 180, "texture": "#0"},
				"east": {"uv": [4, 0, 10, 2.2], "rotation": 90, "texture": "#0"},
				"south": {"uv": [0, 4, 6, 10], "texture": "#0"},
				"west": {"uv": [4, 0, 10, 2.2], "rotation": 270, "texture": "#0"},
				"up": {"uv": [6, 0, 12, 2.2], "texture": "#0"},
				"down": {"uv": [6, 0, 12, 2.2], "rotation": 180, "texture": "#0"}
			}
		},
		{
			"from": [5, -2.5, 8.7],
			"to": [11, 3.5, 11],
			"rotation": {"angle": -22.5, "axis": "x", "origin": [0, 0, 0]},
			"faces": {
				"north": {"uv": [6, 4, 12, 10], "texture": "#0"},
				"east": {"uv": [4, 1, 10, 3.3], "rotation": 90, "texture": "#0"},
				"south": {"uv": [6, 4, 12, 10], "rotation": 180, "texture": "#0"},
				"west": {"uv": [4, 1, 10, 3.3], "rotation": 270, "texture": "#0"},
				"up": {"uv": [6, 1, 12, 3.3], "texture": "#0"},
				"down": {"uv": [6, 1, 12, 3.3], "rotation": 180, "texture": "#0"}
			}
		}
	],
	"display": {
		"gui": {
			"rotation": [13, -26, 0],
			"translation": [0, 6, 0],
			"scale": [1.5, 1.5, 1.5]
		}
	}
}