{
	"credit": "Made with Blockbench",
	"textures": {
		"0": "block/cyan_terracotta",
		"1": "block/red_concrete",
		"2": "block/gray_concrete",
		"3": "block/iron_block",
		"5": "block/light_gray_concrete_powder",
		"6": "block/gray_wool",
		"8": "block/quartz_block_bottom",
		"11": "custom/nt",
		"particle": "block/cyan_terracotta"
	},
	"elements": [
		{
			"name": "kipp",
			"from": [15.5, 5, -8],
			"to": [16, 6, 31],
			"rotation": {"angle": 0, "axis": "y", "origin": [-0.8, 0, -7.8]},
			"faces": {
				"north": {"uv": [5, 3, 6, 4], "texture": "#5"},
				"east": {"uv": [5, 3, 6, 4], "texture": "#5"},
				"south": {"uv": [5, 3, 6, 4], "texture": "#5"},
				"west": {"uv": [5, 3, 6, 4], "texture": "#5"},
				"up": {"uv": [0, 0, 0.75, 9], "texture": "#5"},
				"down": {"uv": [0, 0, 0.75, 9], "texture": "#5"}
			}
		},
		{
			"name": "kipp",
			"from": [15.5, 6, -8],
			"to": [16, 20, 30.5],
			"rotation": {"angle": 0, "axis": "y", "origin": [-0.8, 0, -7.8]},
			"faces": {
				"north": {"uv": [5, 3, 6, 4], "texture": "#8"},
				"east": {"uv": [5, 3, 6, 4], "texture": "#8"},
				"south": {"uv": [5, 3, 6, 4], "texture": "#8"},
				"west": {"uv": [5, 3, 6, 4], "texture": "#8"},
				"up": {"uv": [0, 0, 0.75, 9], "texture": "#8"},
				"down": {"uv": [0, 0, 0.75, 9], "texture": "#8"}
			}
		},
		{
			"name": "kipp",
			"from": [16, 7, 1],
			"to": [16.1, 19, 14],
			"rotation": {"angle": 0, "axis": "y", "origin": [-0.8, 0, -7.8]},
			"faces": {
				"north": {"uv": [5, 3, 6, 4], "texture": "#8"},
				"east": {"uv": [0, 0, 16, 16], "texture": "#11"},
				"south": {"uv": [5, 3, 6, 4], "texture": "#8"},
				"west": {"uv": [5, 3, 6, 4], "texture": "#8"},
				"up": {"uv": [0, 0, 0.75, 9], "texture": "#8"},
				"down": {"uv": [0, 0, 0.75, 9], "texture": "#8"}
			}
		},
		{
			"name": "kipp",
			"from": [-0.25, 7, 1],
			"to": [-0.15, 19, 14],
			"rotation": {"angle": 0, "axis": "y", "origin": [-0.8, 0, -7.8]},
			"faces": {
				"north": {"uv": [5, 3, 6, 4], "texture": "#8"},
				"east": {"uv": [0, 0, 16, 16], "texture": "#11"},
				"south": {"uv": [5, 3, 6, 4], "texture": "#8"},
				"west": {"uv": [0, 0, 16, 16], "texture": "#11"},
				"up": {"uv": [0, 0, 0.75, 9], "texture": "#8"},
				"down": {"uv": [0, 0, 0.75, 9], "texture": "#8"}
			}
		},
		{
			"name": "kipp",
			"from": [8, 5, -8.4],
			"to": [15.5, 19.5, -7.9],
			"rotation": {"angle": 0, "axis": "y", "origin": [-0.8, 0, -7.8]},
			"faces": {
				"north": {"uv": [5, 3, 6, 4], "texture": "#8"},
				"east": {"uv": [5, 3, 6, 4], "texture": "#8"},
				"south": {"uv": [5, 3, 6, 4], "texture": "#8"},
				"west": {"uv": [5, 3, 6, 4], "texture": "#8"},
				"up": {"uv": [0, 0, 0.75, 9], "texture": "#8"},
				"down": {"uv": [0, 0, 0.75, 9], "texture": "#8"}
			}
		},
		{
			"name": "kipp",
			"from": [7.5, 4.5, -8.5],
			"to": [16, 5, -8],
			"rotation": {"angle": 0, "axis": "y", "origin": [-0.8, 0, -7.8]},
			"faces": {
				"north": {"uv": [5, 3, 6, 4], "texture": "#5"},
				"east": {"uv": [5, 3, 6, 4], "texture": "#5"},
				"south": {"uv": [5, 3, 6, 4], "texture": "#5"},
				"west": {"uv": [5, 3, 6, 4], "texture": "#5"},
				"up": {"uv": [0, 0, 0.75, 9], "texture": "#5"},
				"down": {"uv": [0, 0, 0.75, 9], "texture": "#5"}
			}
		},
		{
			"name": "kipp",
			"from": [12.75, 2.45, -9.85],
			"to": [15.25, 3.95, -9.35],
			"rotation": {"angle": 22.5, "axis": "x", "origin": [-0.8, 0, -7.8]},
			"faces": {
				"north": {"uv": [5, 3, 6, 4], "texture": "#1"},
				"east": {"uv": [5, 3, 6, 4], "texture": "#1"},
				"south": {"uv": [5, 3, 6, 4], "texture": "#1"},
				"west": {"uv": [5, 3, 6, 4], "texture": "#1"},
				"up": {"uv": [0, 0, 0.75, 9], "texture": "#1"},
				"down": {"uv": [0, 0, 0.75, 9], "texture": "#1"}
			}
		},
		{
			"name": "kipp",
			"from": [0.75, 2.45, -9.85],
			"to": [3.25, 3.95, -9.35],
			"rotation": {"angle": 22.5, "axis": "x", "origin": [-0.8, 0, -7.8]},
			"faces": {
				"north": {"uv": [5, 3, 6, 4], "texture": "#1"},
				"east": {"uv": [5, 3, 6, 4], "texture": "#1"},
				"south": {"uv": [5, 3, 6, 4], "texture": "#1"},
				"west": {"uv": [5, 3, 6, 4], "texture": "#1"},
				"up": {"uv": [0, 0, 0.75, 9], "texture": "#1"},
				"down": {"uv": [0, 0, 0.75, 9], "texture": "#1"}
			}
		},
		{
			"name": "kipp",
			"from": [7.5, 19.5, -8.5],
			"to": [16, 20, -8],
			"rotation": {"angle": 0, "axis": "y", "origin": [-0.8, 0, -7.8]},
			"faces": {
				"north": {"uv": [5, 3, 6, 4], "texture": "#5"},
				"east": {"uv": [5, 3, 6, 4], "texture": "#5"},
				"south": {"uv": [5, 3, 6, 4], "texture": "#5"},
				"west": {"uv": [5, 3, 6, 4], "texture": "#5"},
				"up": {"uv": [0, 0, 0.75, 9], "texture": "#5"},
				"down": {"uv": [0, 0, 0.75, 9], "texture": "#5"}
			}
		},
		{
			"name": "kipp",
			"from": [15.5, 5, -8.5],
			"to": [16, 20, -8],
			"rotation": {"angle": 0, "axis": "y", "origin": [-0.8, 0, -7.8]},
			"faces": {
				"north": {"uv": [5, 3, 6, 4], "texture": "#5"},
				"east": {"uv": [5, 3, 6, 4], "texture": "#5"},
				"south": {"uv": [5, 3, 6, 4], "texture": "#5"},
				"west": {"uv": [5, 3, 6, 4], "texture": "#5"},
				"up": {"uv": [0, 0, 0.75, 9], "texture": "#5"},
				"down": {"uv": [0, 0, 0.75, 9], "texture": "#5"}
			}
		},
		{
			"name": "kipp",
			"from": [7.5, 5, -8.5],
			"to": [8, 20, -8],
			"rotation": {"angle": 0, "axis": "y", "origin": [-0.8, 0, -7.8]},
			"faces": {
				"north": {"uv": [5, 3, 6, 4], "texture": "#5"},
				"east": {"uv": [5, 3, 6, 4], "texture": "#5"},
				"south": {"uv": [5, 3, 6, 4], "texture": "#5"},
				"west": {"uv": [5, 3, 6, 4], "texture": "#5"},
				"up": {"uv": [0, 0, 0.75, 9], "texture": "#5"},
				"down": {"uv": [0, 0, 0.75, 9], "texture": "#5"}
			}
		},
		{
			"name": "kipp",
			"from": [7.75, 9, -8.5],
			"to": [8.25, 13, -8],
			"rotation": {"angle": 0, "axis": "y", "origin": [-0.8, 0, -7.8]},
			"faces": {
				"north": {"uv": [5, 3, 6, 4], "texture": "#5"},
				"east": {"uv": [5, 3, 6, 4], "texture": "#5"},
				"south": {"uv": [5, 3, 6, 4], "texture": "#5"},
				"west": {"uv": [5, 3, 6, 4], "texture": "#5"},
				"up": {"uv": [0, 0, 0.75, 9], "texture": "#5"},
				"down": {"uv": [0, 0, 0.75, 9], "texture": "#5"}
			}
		},
		{
			"name": "kipp",
			"from": [7.25, 9, -8.5],
			"to": [7.75, 13, -8],
			"rotation": {"angle": 0, "axis": "y", "origin": [-0.8, 0, -7.8]},
			"faces": {
				"north": {"uv": [5, 3, 6, 4], "texture": "#5"},
				"east": {"uv": [5, 3, 6, 4], "texture": "#5"},
				"south": {"uv": [5, 3, 6, 4], "texture": "#5"},
				"west": {"uv": [5, 3, 6, 4], "texture": "#5"},
				"up": {"uv": [0, 0, 0.75, 9], "texture": "#5"},
				"down": {"uv": [0, 0, 0.75, 9], "texture": "#5"}
			}
		},
		{
			"name": "kipp",
			"from": [14.75, 18, -8.5],
			"to": [15.75, 18.5, -8],
			"rotation": {"angle": 0, "axis": "y", "origin": [-0.8, 0, -7.8]},
			"faces": {
				"north": {"uv": [5, 3, 6, 4], "texture": "#5"},
				"east": {"uv": [5, 3, 6, 4], "texture": "#5"},
				"south": {"uv": [5, 3, 6, 4], "texture": "#5"},
				"west": {"uv": [5, 3, 6, 4], "texture": "#5"},
				"up": {"uv": [0, 0, 0.75, 9], "texture": "#5"},
				"down": {"uv": [0, 0, 0.75, 9], "texture": "#5"}
			}
		},
		{
			"name": "kipp",
			"from": [14.75, 6, -8.5],
			"to": [15.75, 6.5, -8],
			"rotation": {"angle": 0, "axis": "y", "origin": [-0.8, 0, -7.8]},
			"faces": {
				"north": {"uv": [5, 3, 6, 4], "texture": "#5"},
				"east": {"uv": [5, 3, 6, 4], "texture": "#5"},
				"south": {"uv": [5, 3, 6, 4], "texture": "#5"},
				"west": {"uv": [5, 3, 6, 4], "texture": "#5"},
				"up": {"uv": [0, 0, 0.75, 9], "texture": "#5"},
				"down": {"uv": [0, 0, 0.75, 9], "texture": "#5"}
			}
		},
		{
			"name": "kipp",
			"from": [14.75, 12, -8.5],
			"to": [15.75, 12.5, -8],
			"rotation": {"angle": 0, "axis": "y", "origin": [-0.8, 0, -7.8]},
			"faces": {
				"north": {"uv": [5, 3, 6, 4], "texture": "#5"},
				"east": {"uv": [5, 3, 6, 4], "texture": "#5"},
				"south": {"uv": [5, 3, 6, 4], "texture": "#5"},
				"west": {"uv": [5, 3, 6, 4], "texture": "#5"},
				"up": {"uv": [0, 0, 0.75, 9], "texture": "#5"},
				"down": {"uv": [0, 0, 0.75, 9], "texture": "#5"}
			}
		},
		{
			"name": "kipp",
			"from": [14, 1.5, 6],
			"to": [14.5, 4.5, 6.5],
			"rotation": {"angle": 0, "axis": "y", "origin": [-0.8, 0, -7.8]},
			"faces": {
				"north": {"uv": [5, 3, 6, 4], "texture": "#5"},
				"east": {"uv": [5, 3, 6, 4], "texture": "#5"},
				"south": {"uv": [5, 3, 6, 4], "texture": "#5"},
				"west": {"uv": [5, 3, 6, 4], "texture": "#5"},
				"up": {"uv": [0, 0, 0.75, 9], "texture": "#5"},
				"down": {"uv": [0, 0, 0.75, 9], "texture": "#5"}
			}
		},
		{
			"name": "kipp",
			"from": [14, 1.5, 14],
			"to": [14.5, 4.5, 14.5],
			"rotation": {"angle": 0, "axis": "y", "origin": [-0.8, 0, -7.8]},
			"faces": {
				"north": {"uv": [5, 3, 6, 4], "texture": "#5"},
				"east": {"uv": [5, 3, 6, 4], "texture": "#5"},
				"south": {"uv": [5, 3, 6, 4], "texture": "#5"},
				"west": {"uv": [5, 3, 6, 4], "texture": "#5"},
				"up": {"uv": [0, 0, 0.75, 9], "texture": "#5"},
				"down": {"uv": [0, 0, 0.75, 9], "texture": "#5"}
			}
		},
		{
			"name": "kipp",
			"from": [14, 1.5, 6.5],
			"to": [14.5, 2, 14],
			"rotation": {"angle": 0, "axis": "y", "origin": [-0.8, 0, -7.8]},
			"faces": {
				"north": {"uv": [5, 3, 6, 4], "texture": "#5"},
				"east": {"uv": [5, 3, 6, 4], "texture": "#5"},
				"south": {"uv": [5, 3, 6, 4], "texture": "#5"},
				"west": {"uv": [5, 3, 6, 4], "texture": "#5"},
				"up": {"uv": [0, 0, 0.75, 9], "texture": "#5"},
				"down": {"uv": [0, 0, 0.75, 9], "texture": "#5"}
			}
		},
		{
			"name": "kipp",
			"from": [14, 3, 6.5],
			"to": [14.5, 3.5, 14],
			"rotation": {"angle": 0, "axis": "y", "origin": [-0.8, 0, -7.8]},
			"faces": {
				"north": {"uv": [5, 3, 6, 4], "texture": "#5"},
				"east": {"uv": [5, 3, 6, 4], "texture": "#5"},
				"south": {"uv": [5, 3, 6, 4], "texture": "#5"},
				"west": {"uv": [5, 3, 6, 4], "texture": "#5"},
				"up": {"uv": [0, 0, 0.75, 9], "texture": "#5"},
				"down": {"uv": [0, 0, 0.75, 9], "texture": "#5"}
			}
		},
		{
			"name": "kipp",
			"from": [0, 6, -8],
			"to": [0.5, 20, 30.5],
			"rotation": {"angle": 0, "axis": "y", "origin": [16.8, 0, -7.8]},
			"faces": {
				"north": {"uv": [6, 3, 5, 4], "texture": "#8"},
				"east": {"uv": [6, 3, 5, 4], "texture": "#8"},
				"south": {"uv": [6, 3, 5, 4], "texture": "#8"},
				"west": {"uv": [6, 3, 5, 4], "texture": "#8"},
				"up": {"uv": [0.75, 0, 0, 9], "texture": "#8"},
				"down": {"uv": [0.75, 0, 0, 9], "texture": "#8"}
			}
		},
		{
			"name": "kipp",
			"from": [0, 5, -8],
			"to": [0.5, 6, 31],
			"rotation": {"angle": 0, "axis": "y", "origin": [16.8, 0, -7.8]},
			"faces": {
				"north": {"uv": [6, 3, 5, 4], "texture": "#5"},
				"east": {"uv": [6, 3, 5, 4], "texture": "#5"},
				"south": {"uv": [6, 3, 5, 4], "texture": "#5"},
				"west": {"uv": [6, 3, 5, 4], "texture": "#5"},
				"up": {"uv": [0.75, 0, 0, 9], "texture": "#5"},
				"down": {"uv": [0.75, 0, 0, 9], "texture": "#5"}
			}
		},
		{
			"name": "wheel2",
			"from": [-0.25, -0.6, -0.045],
			"to": [1.95, 0.5, 4.135],
			"rotation": {"angle": 0, "axis": "y", "origin": [-1.9, -2.2, 21.948]},
			"faces": {
				"north": {"uv": [0, 0, 14, 5], "texture": "#6"},
				"east": {"uv": [0, 0, 14, 5], "texture": "#6"},
				"south": {"uv": [0, 0, 14, 5], "texture": "#6"},
				"west": {"uv": [0, 0, 14, 5], "texture": "#6"},
				"up": {"uv": [0, 0, 14, 5], "texture": "#6"},
				"down": {"uv": [0, 0, 16, 1], "rotation": 270, "texture": "#6"}
			}
		},
		{
			"name": "wheel4",
			"from": [-0.25, 0.11, -0.595],
			"to": [1.95, 4.18, 0.505],
			"rotation": {"angle": 0, "axis": "y", "origin": [-1.9, -2.2, 21.97]},
			"faces": {
				"north": {"uv": [0, 0, 14, 5], "texture": "#6"},
				"east": {"uv": [0, 0, 14, 5], "texture": "#6"},
				"south": {"uv": [0, 0, 14, 5], "texture": "#6"},
				"west": {"uv": [0, 0, 4, 5], "texture": "#6"},
				"up": {"uv": [0, 0, 14, 5], "texture": "#6"},
				"down": {"uv": [0, 0, 16, 1], "rotation": 270, "texture": "#6"}
			}
		},
		{
			"name": "wheel7",
			"from": [-0.36, 1.54, 1.495],
			"to": [0.74, 2.64, 2.595],
			"rotation": {"angle": 0, "axis": "y", "origin": [-1.9, -2.5674, 21.948]},
			"faces": {
				"north": {"uv": [0, 0, 4, 2], "rotation": 270, "texture": "#0"},
				"east": {"uv": [0, 0, 4, 2], "rotation": 270, "texture": "#0"},
				"south": {"uv": [0, 0, 4, 2], "rotation": 270, "texture": "#0"},
				"west": {"uv": [0, 0, 4, 2], "rotation": 270, "texture": "#0"},
				"up": {"uv": [0, 0, 4, 2], "rotation": 270, "texture": "#0"},
				"down": {"uv": [0, 0, 4, 2], "rotation": 270, "texture": "#0"}
			}
		},
		{
			"name": "wheel6",
			"from": [-0.25, 1.21, 1.165],
			"to": [0.85, 2.97, 2.925],
			"rotation": {"angle": 0, "axis": "y", "origin": [-1.9, -2.5674, 21.948]},
			"faces": {
				"north": {"uv": [0, 0, 4, 2], "rotation": 270, "texture": "#5"},
				"east": {"uv": [0, 0, 4, 2], "rotation": 270, "texture": "#5"},
				"south": {"uv": [0, 0, 4, 2], "rotation": 270, "texture": "#5"},
				"west": {"uv": [10, 5, 11, 6], "rotation": 270, "texture": "#5"},
				"up": {"uv": [0, 0, 4, 2], "rotation": 270, "texture": "#5"},
				"down": {"uv": [0, 0, 4, 2], "rotation": 270, "texture": "#5"}
			}
		},
		{
			"name": "wheel8",
			"from": [-0.36, 1.32, 2.65],
			"to": [-0.14, 1.54, 2.87],
			"rotation": {"angle": 0, "axis": "y", "origin": [-1.9, -2.5674, 21.948]},
			"faces": {
				"north": {"uv": [0, 0, 4, 2], "rotation": 270, "texture": "#5"},
				"east": {"uv": [0, 0, 4, 2], "rotation": 270, "texture": "#5"},
				"south": {"uv": [0, 0, 4, 2], "rotation": 270, "texture": "#5"},
				"west": {"uv": [4, 10, 5, 11], "rotation": 270, "texture": "#5"},
				"up": {"uv": [0, 0, 4, 2], "rotation": 270, "texture": "#5"},
				"down": {"uv": [0, 0, 4, 2], "rotation": 270, "texture": "#5"}
			}
		},
		{
			"name": "wheel12",
			"from": [-0.36, 1.76, 2.76],
			"to": [-0.14, 1.98, 2.98],
			"rotation": {"angle": 0, "axis": "y", "origin": [-1.9, -2.5674, 21.948]},
			"faces": {
				"north": {"uv": [0, 0, 4, 2], "rotation": 270, "texture": "#5"},
				"east": {"uv": [0, 0, 4, 2], "rotation": 270, "texture": "#5"},
				"south": {"uv": [0, 0, 4, 2], "rotation": 270, "texture": "#5"},
				"west": {"uv": [4, 10, 5, 11], "rotation": 270, "texture": "#5"},
				"up": {"uv": [0, 0, 4, 2], "rotation": 270, "texture": "#5"},
				"down": {"uv": [0, 0, 4, 2], "rotation": 270, "texture": "#5"}
			}
		},
		{
			"name": "wheel13",
			"from": [-0.36, 2.2, 2.76],
			"to": [-0.14, 2.42, 2.98],
			"rotation": {"angle": 0, "axis": "y", "origin": [-1.9, -2.5674, 21.948]},
			"faces": {
				"north": {"uv": [0, 0, 4, 2], "rotation": 270, "texture": "#5"},
				"east": {"uv": [0, 0, 4, 2], "rotation": 270, "texture": "#5"},
				"south": {"uv": [0, 0, 4, 2], "rotation": 270, "texture": "#5"},
				"west": {"uv": [4, 10, 5, 11], "rotation": 270, "texture": "#5"},
				"up": {"uv": [0, 0, 4, 2], "rotation": 270, "texture": "#5"},
				"down": {"uv": [0, 0, 4, 2], "rotation": 270, "texture": "#5"}
			}
		},
		{
			"name": "wheel9",
			"from": [-0.36, 2.64, 2.65],
			"to": [-0.14, 2.86, 2.87],
			"rotation": {"angle": 0, "axis": "y", "origin": [-1.9, -2.5674, 21.948]},
			"faces": {
				"north": {"uv": [0, 0, 4, 2], "rotation": 270, "texture": "#5"},
				"east": {"uv": [0, 0, 4, 2], "rotation": 270, "texture": "#5"},
				"south": {"uv": [0, 0, 4, 2], "rotation": 270, "texture": "#5"},
				"west": {"uv": [4, 10, 5, 11], "rotation": 270, "texture": "#5"},
				"up": {"uv": [0, 0, 4, 2], "rotation": 270, "texture": "#5"},
				"down": {"uv": [0, 0, 4, 2], "rotation": 270, "texture": "#5"}
			}
		},
		{
			"name": "wheel14",
			"from": [-0.36, 2.75, 2.21],
			"to": [-0.14, 2.97, 2.43],
			"rotation": {"angle": 0, "axis": "y", "origin": [-1.9, -2.5674, 21.948]},
			"faces": {
				"north": {"uv": [0, 0, 4, 2], "rotation": 270, "texture": "#5"},
				"east": {"uv": [0, 0, 4, 2], "rotation": 270, "texture": "#5"},
				"south": {"uv": [0, 0, 4, 2], "rotation": 270, "texture": "#5"},
				"west": {"uv": [4, 10, 5, 11], "rotation": 270, "texture": "#5"},
				"up": {"uv": [0, 0, 4, 2], "rotation": 270, "texture": "#5"},
				"down": {"uv": [0, 0, 4, 2], "rotation": 270, "texture": "#5"}
			}
		},
		{
			"name": "wheel15",
			"from": [-0.36, 2.75, 1.77],
			"to": [-0.14, 2.97, 1.99],
			"rotation": {"angle": 0, "axis": "y", "origin": [-1.9, -2.5674, 21.948]},
			"faces": {
				"north": {"uv": [0, 0, 4, 2], "rotation": 270, "texture": "#5"},
				"east": {"uv": [0, 0, 4, 2], "rotation": 270, "texture": "#5"},
				"south": {"uv": [0, 0, 4, 2], "rotation": 270, "texture": "#5"},
				"west": {"uv": [4, 10, 5, 11], "rotation": 270, "texture": "#5"},
				"up": {"uv": [0, 0, 4, 2], "rotation": 270, "texture": "#5"},
				"down": {"uv": [0, 0, 4, 2], "rotation": 270, "texture": "#5"}
			}
		},
		{
			"name": "wheel12",
			"from": [-0.36, 2.2, 1.22],
			"to": [-0.14, 2.42, 1.44],
			"rotation": {"angle": 0, "axis": "y", "origin": [-1.9, -2.5674, 21.948]},
			"faces": {
				"north": {"uv": [0, 0, 4, 2], "rotation": 270, "texture": "#5"},
				"east": {"uv": [0, 0, 4, 2], "rotation": 270, "texture": "#5"},
				"south": {"uv": [0, 0, 4, 2], "rotation": 270, "texture": "#5"},
				"west": {"uv": [4, 10, 5, 11], "rotation": 270, "texture": "#5"},
				"up": {"uv": [0, 0, 4, 2], "rotation": 270, "texture": "#5"},
				"down": {"uv": [0, 0, 4, 2], "rotation": 270, "texture": "#5"}
			}
		},
		{
			"name": "wheel10",
			"from": [-0.36, 2.64, 1.33],
			"to": [-0.14, 2.86, 1.55],
			"rotation": {"angle": 0, "axis": "y", "origin": [-1.9, -2.5674, 21.948]},
			"faces": {
				"north": {"uv": [0, 0, 4, 2], "rotation": 270, "texture": "#5"},
				"east": {"uv": [0, 0, 4, 2], "rotation": 270, "texture": "#5"},
				"south": {"uv": [0, 0, 4, 2], "rotation": 270, "texture": "#5"},
				"west": {"uv": [4, 10, 5, 11], "rotation": 270, "texture": "#5"},
				"up": {"uv": [0, 0, 4, 2], "rotation": 270, "texture": "#5"},
				"down": {"uv": [0, 0, 4, 2], "rotation": 270, "texture": "#5"}
			}
		},
		{
			"name": "wheel11",
			"from": [-0.36, 1.76, 1.22],
			"to": [-0.14, 1.98, 1.44],
			"rotation": {"angle": 0, "axis": "y", "origin": [-1.9, -2.5674, 21.948]},
			"faces": {
				"north": {"uv": [0, 0, 4, 2], "rotation": 270, "texture": "#5"},
				"east": {"uv": [0, 0, 4, 2], "rotation": 270, "texture": "#5"},
				"south": {"uv": [0, 0, 4, 2], "rotation": 270, "texture": "#5"},
				"west": {"uv": [4, 10, 5, 11], "rotation": 270, "texture": "#5"},
				"up": {"uv": [0, 0, 4, 2], "rotation": 270, "texture": "#5"},
				"down": {"uv": [0, 0, 4, 2], "rotation": 270, "texture": "#5"}
			}
		},
		{
			"name": "wheel7",
			"from": [-0.36, 1.32, 1.275],
			"to": [-0.14, 1.54, 1.495],
			"rotation": {"angle": 0, "axis": "y", "origin": [-1.9, -2.5674, 21.948]},
			"faces": {
				"north": {"uv": [0, 0, 4, 2], "rotation": 270, "texture": "#5"},
				"east": {"uv": [0, 0, 4, 2], "rotation": 270, "texture": "#5"},
				"south": {"uv": [0, 0, 4, 2], "rotation": 270, "texture": "#5"},
				"west": {"uv": [4, 10, 5, 11], "rotation": 270, "texture": "#5"},
				"up": {"uv": [0, 0, 4, 2], "rotation": 270, "texture": "#5"},
				"down": {"uv": [0, 0, 4, 2], "rotation": 270, "texture": "#5"}
			}
		},
		{
			"name": "wheel14",
			"from": [-0.36, 1.21, 1.77],
			"to": [-0.14, 1.43, 1.99],
			"rotation": {"angle": 0, "axis": "y", "origin": [-1.9, -2.5674, 21.948]},
			"faces": {
				"north": {"uv": [0, 0, 4, 2], "rotation": 270, "texture": "#5"},
				"east": {"uv": [0, 0, 4, 2], "rotation": 270, "texture": "#5"},
				"south": {"uv": [0, 0, 4, 2], "rotation": 270, "texture": "#5"},
				"west": {"uv": [4, 10, 5, 11], "rotation": 270, "texture": "#5"},
				"up": {"uv": [0, 0, 4, 2], "rotation": 270, "texture": "#5"},
				"down": {"uv": [0, 0, 4, 2], "rotation": 270, "texture": "#5"}
			}
		},
		{
			"name": "wheel15",
			"from": [-0.36, 1.21, 2.27],
			"to": [-0.14, 1.43, 2.49],
			"rotation": {"angle": 0, "axis": "y", "origin": [-1.9, -2.5674, 21.948]},
			"faces": {
				"north": {"uv": [0, 0, 4, 2], "rotation": 270, "texture": "#5"},
				"east": {"uv": [0, 0, 4, 2], "rotation": 270, "texture": "#5"},
				"south": {"uv": [0, 0, 4, 2], "rotation": 270, "texture": "#5"},
				"west": {"uv": [4, 10, 5, 11], "rotation": 270, "texture": "#5"},
				"up": {"uv": [0, 0, 4, 2], "rotation": 270, "texture": "#5"},
				"down": {"uv": [0, 0, 4, 2], "rotation": 270, "texture": "#5"}
			}
		},
		{
			"name": "wheel4",
			"from": [-0.25, 0.4962, 0.6],
			"to": [1.95, 0.6414, 3.5],
			"rotation": {"angle": 0, "axis": "y", "origin": [-1.9, -2.5674, 21.948]},
			"faces": {
				"north": {"uv": [0, 0, 4, 2], "rotation": 270, "texture": "#3"},
				"east": {"uv": [0, 0, 4, 2], "rotation": 270, "texture": "#3"},
				"south": {"uv": [0, 0, 4, 2], "rotation": 270, "texture": "#3"},
				"west": {"uv": [0, 0, 4, 2], "rotation": 270, "texture": "#3"},
				"up": {"uv": [0, 0, 4, 2], "rotation": 270, "texture": "#3"},
				"down": {"uv": [0, 0, 4, 2], "rotation": 270, "texture": "#3"}
			}
		},
		{
			"name": "wheel6",
			"from": [-0.25, 0.67, 3.135],
			"to": [1.95, 1, 3.465],
			"rotation": {"angle": 0, "axis": "y", "origin": [-1.9, -2.53, 21.97]},
			"faces": {
				"north": {"uv": [0, 0, 4, 2], "rotation": 270, "texture": "#3"},
				"east": {"uv": [0, 0, 4, 2], "rotation": 270, "texture": "#3"},
				"south": {"uv": [0, 0, 4, 2], "rotation": 270, "texture": "#3"},
				"west": {"uv": [1, 1, 8, 6], "rotation": 270, "texture": "#3"},
				"up": {"uv": [0, 0, 4, 2], "rotation": 270, "texture": "#3"},
				"down": {"uv": [0, 0, 4, 2], "rotation": 270, "texture": "#3"}
			}
		},
		{
			"name": "wheel7",
			"from": [0.025, 0.615, 0.615],
			"to": [1.125, 3.515, 3.515],
			"rotation": {"angle": 0, "axis": "y", "origin": [-1.9, -2.53, 21.948]},
			"faces": {
				"north": {"uv": [0, 0, 4, 2], "rotation": 90, "texture": "#3"},
				"east": {"uv": [0, 0, 4, 2], "rotation": 180, "texture": "#3"},
				"south": {"uv": [0, 0, 4, 2], "rotation": 270, "texture": "#3"},
				"west": {"uv": [0, 0, 1, 1], "texture": "#3"},
				"up": {"uv": [0, 0, 4, 2], "rotation": 90, "texture": "#3"},
				"down": {"uv": [0, 0, 4, 2], "rotation": 270, "texture": "#3"}
			}
		},
		{
			"name": "wheel5",
			"from": [-0.25, 0.67, 0.625],
			"to": [1.95, 1, 0.955],
			"rotation": {"angle": 0, "axis": "y", "origin": [-1.9, -2.53, 21.97]},
			"faces": {
				"north": {"uv": [0, 0, 4, 2], "rotation": 270, "texture": "#3"},
				"east": {"uv": [0, 0, 4, 2], "rotation": 270, "texture": "#3"},
				"south": {"uv": [0, 0, 4, 2], "rotation": 270, "texture": "#3"},
				"west": {"uv": [1, 1, 8, 6], "rotation": 270, "texture": "#3"},
				"up": {"uv": [0, 0, 4, 2], "rotation": 270, "texture": "#3"},
				"down": {"uv": [0, 0, 4, 2], "rotation": 270, "texture": "#3"}
			}
		},
		{
			"name": "wheel4",
			"from": [-0.25, 0.6414, 0.515],
			"to": [1.95, 3.5414, 0.615],
			"rotation": {"angle": 0, "axis": "y", "origin": [-1.9, -2.5674, 21.948]},
			"faces": {
				"north": {"uv": [0, 0, 4, 2], "rotation": 270, "texture": "#3"},
				"east": {"uv": [0, 0, 4, 2], "rotation": 270, "texture": "#3"},
				"south": {"uv": [0, 0, 4, 2], "rotation": 270, "texture": "#3"},
				"west": {"uv": [0, 0, 4, 2], "rotation": 270, "texture": "#3"},
				"up": {"uv": [0, 0, 4, 2], "rotation": 270, "texture": "#3"},
				"down": {"uv": [0, 0, 4, 2], "rotation": 270, "texture": "#3"}
			}
		},
		{
			"name": "wheel4",
			"from": [-0.25, 3.18, 0.625],
			"to": [1.95, 3.51, 0.955],
			"rotation": {"angle": 0, "axis": "y", "origin": [-1.9, -25.3, 21.97]},
			"faces": {
				"north": {"uv": [0, 0, 4, 2], "rotation": 270, "texture": "#3"},
				"east": {"uv": [0, 0, 4, 2], "rotation": 270, "texture": "#3"},
				"south": {"uv": [0, 0, 4, 2], "rotation": 270, "texture": "#3"},
				"west": {"uv": [1, 1, 8, 6], "rotation": 270, "texture": "#3"},
				"up": {"uv": [0, 0, 4, 2], "rotation": 270, "texture": "#3"},
				"down": {"uv": [0, 0, 4, 2], "rotation": 270, "texture": "#3"}
			}
		},
		{
			"name": "wheel5",
			"from": [-0.25, 3.18, 3.135],
			"to": [1.95, 3.51, 3.465],
			"rotation": {"angle": 0, "axis": "y", "origin": [-1.9, -25.3, 21.97]},
			"faces": {
				"north": {"uv": [0, 0, 4, 2], "rotation": 270, "texture": "#3"},
				"east": {"uv": [0, 0, 4, 2], "rotation": 270, "texture": "#3"},
				"south": {"uv": [0, 0, 4, 2], "rotation": 270, "texture": "#3"},
				"west": {"uv": [1, 1, 8, 6], "rotation": 270, "texture": "#3"},
				"up": {"uv": [0, 0, 4, 2], "rotation": 270, "texture": "#3"},
				"down": {"uv": [0, 0, 4, 2], "rotation": 270, "texture": "#3"}
			}
		},
		{
			"name": "wheel5",
			"from": [-0.25, 0.6414, 3.465],
			"to": [1.95, 3.5414, 3.6102],
			"rotation": {"angle": 0, "axis": "y", "origin": [-1.9, -2.5674, 21.948]},
			"faces": {
				"north": {"uv": [0, 0, 4, 2], "rotation": 270, "texture": "#3"},
				"east": {"uv": [0, 0, 4, 2], "rotation": 270, "texture": "#3"},
				"south": {"uv": [0, 0, 4, 2], "rotation": 270, "texture": "#3"},
				"west": {"uv": [0, 0, 4, 2], "rotation": 270, "texture": "#3"},
				"up": {"uv": [0, 0, 4, 2], "rotation": 270, "texture": "#3"},
				"down": {"uv": [0, 0, 4, 2], "rotation": 270, "texture": "#3"}
			}
		},
		{
			"name": "wheel3",
			"from": [-0.25, 3.5, 0.625],
			"to": [1.95, 3.6452, 3.525],
			"rotation": {"angle": 0, "axis": "y", "origin": [-1.9, -2.5674, 21.948]},
			"faces": {
				"north": {"uv": [0, 0, 4, 2], "rotation": 270, "texture": "#3"},
				"east": {"uv": [0, 0, 4, 2], "rotation": 270, "texture": "#3"},
				"south": {"uv": [0, 0, 4, 2], "rotation": 270, "texture": "#3"},
				"west": {"uv": [0, 0, 4, 2], "rotation": 270, "texture": "#3"},
				"up": {"uv": [0, 0, 4, 2], "rotation": 270, "texture": "#3"},
				"down": {"uv": [0, 0, 4, 2], "rotation": 270, "texture": "#3"}
			}
		},
		{
			"name": "wheel3",
			"from": [-0.25, 3.6, -0.045],
			"to": [1.95, 4.7, 4.135],
			"rotation": {"angle": 0, "axis": "y", "origin": [-1.9, -2.2, 21.948]},
			"faces": {
				"north": {"uv": [0, 0, 14, 5], "texture": "#6"},
				"east": {"uv": [0, 0, 14, 5], "texture": "#6"},
				"south": {"uv": [0, 0, 14, 5], "texture": "#6"},
				"west": {"uv": [0, 0, 14, 5], "texture": "#6"},
				"up": {"uv": [0, 0, 14, 5], "texture": "#6"},
				"down": {"uv": [0, 0, 16, 1], "rotation": 270, "texture": "#6"}
			}
		},
		{
			"name": "wheel5",
			"from": [-0.25, 0.11, 3.585],
			"to": [1.95, 4.18, 4.685],
			"rotation": {"angle": 0, "axis": "y", "origin": [-1.9, -2.2, 21.97]},
			"faces": {
				"north": {"uv": [0, 0, 14, 5], "texture": "#6"},
				"east": {"uv": [0, 0, 14, 5], "texture": "#6"},
				"south": {"uv": [0, 0, 14, 5], "texture": "#6"},
				"west": {"uv": [0, 0, 4, 5], "texture": "#6"},
				"up": {"uv": [0, 0, 14, 5], "texture": "#6"},
				"down": {"uv": [0, 0, 16, 1], "rotation": 270, "texture": "#6"}
			}
		},
		{
			"name": "wheel6",
			"from": [-0.25, 0.11, -2.665],
			"to": [1.95, 4.18, -1.565],
			"rotation": {"angle": 0, "axis": "y", "origin": [-1.9, -2.2, 21.97]},
			"faces": {
				"north": {"uv": [0, 0, 14, 5], "texture": "#6"},
				"east": {"uv": [0, 0, 14, 5], "texture": "#6"},
				"south": {"uv": [0, 0, 14, 5], "texture": "#6"},
				"west": {"uv": [0, 0, 4, 5], "texture": "#6"},
				"up": {"uv": [0, 0, 14, 5], "texture": "#6"},
				"down": {"uv": [0, 0, 16, 1], "rotation": 270, "texture": "#6"}
			}
		},
		{
			"name": "wheel4",
			"from": [-0.25, 3.6, -6.295],
			"to": [1.95, 4.7, -2.115],
			"rotation": {"angle": 0, "axis": "y", "origin": [-1.9, -2.2, 21.948]},
			"faces": {
				"north": {"uv": [0, 0, 14, 5], "texture": "#6"},
				"east": {"uv": [0, 0, 14, 5], "texture": "#6"},
				"south": {"uv": [0, 0, 14, 5], "texture": "#6"},
				"west": {"uv": [0, 0, 14, 5], "texture": "#6"},
				"up": {"uv": [0, 0, 14, 5], "texture": "#6"},
				"down": {"uv": [0, 0, 16, 1], "rotation": 270, "texture": "#6"}
			}
		},
		{
			"name": "wheel5",
			"from": [-0.25, 0.11, -6.845],
			"to": [1.95, 4.18, -5.745],
			"rotation": {"angle": 0, "axis": "y", "origin": [-1.9, -2.2, 21.97]},
			"faces": {
				"north": {"uv": [0, 0, 14, 5], "texture": "#6"},
				"east": {"uv": [0, 0, 14, 5], "texture": "#6"},
				"south": {"uv": [0, 0, 14, 5], "texture": "#6"},
				"west": {"uv": [0, 0, 4, 5], "texture": "#6"},
				"up": {"uv": [0, 0, 14, 5], "texture": "#6"},
				"down": {"uv": [0, 0, 16, 1], "rotation": 270, "texture": "#6"}
			}
		},
		{
			"name": "wheel3",
			"from": [-0.25, -0.6, -6.295],
			"to": [1.95, 0.5, -2.115],
			"rotation": {"angle": 0, "axis": "y", "origin": [-1.9, -2.2, 21.948]},
			"faces": {
				"north": {"uv": [0, 0, 14, 5], "texture": "#6"},
				"east": {"uv": [0, 0, 14, 5], "texture": "#6"},
				"south": {"uv": [0, 0, 14, 5], "texture": "#6"},
				"west": {"uv": [0, 0, 14, 5], "texture": "#6"},
				"up": {"uv": [0, 0, 14, 5], "texture": "#6"},
				"down": {"uv": [0, 0, 16, 1], "rotation": 270, "texture": "#6"}
			}
		},
		{
			"name": "wheel5",
			"from": [-0.25, 0.4962, -5.65],
			"to": [1.95, 0.6414, -2.75],
			"rotation": {"angle": 0, "axis": "y", "origin": [-1.9, -2.5674, 21.948]},
			"faces": {
				"north": {"uv": [0, 0, 4, 2], "rotation": 270, "texture": "#3"},
				"east": {"uv": [0, 0, 4, 2], "rotation": 270, "texture": "#3"},
				"south": {"uv": [0, 0, 4, 2], "rotation": 270, "texture": "#3"},
				"west": {"uv": [0, 0, 4, 2], "rotation": 270, "texture": "#3"},
				"up": {"uv": [0, 0, 4, 2], "rotation": 270, "texture": "#3"},
				"down": {"uv": [0, 0, 4, 2], "rotation": 270, "texture": "#3"}
			}
		},
		{
			"name": "wheel6",
			"from": [-0.25, 0.67, -5.625],
			"to": [1.95, 1, -5.295],
			"rotation": {"angle": 0, "axis": "y", "origin": [-1.9, -2.53, 21.97]},
			"faces": {
				"north": {"uv": [0, 0, 4, 2], "rotation": 270, "texture": "#3"},
				"east": {"uv": [0, 0, 4, 2], "rotation": 270, "texture": "#3"},
				"south": {"uv": [0, 0, 4, 2], "rotation": 270, "texture": "#3"},
				"west": {"uv": [1, 1, 8, 6], "rotation": 270, "texture": "#3"},
				"up": {"uv": [0, 0, 4, 2], "rotation": 270, "texture": "#3"},
				"down": {"uv": [0, 0, 4, 2], "rotation": 270, "texture": "#3"}
			}
		},
		{
			"name": "wheel5",
			"from": [-0.25, 0.6414, -5.735],
			"to": [1.95, 3.5414, -5.635],
			"rotation": {"angle": 0, "axis": "y", "origin": [-1.9, -2.5674, 21.948]},
			"faces": {
				"north": {"uv": [0, 0, 4, 2], "rotation": 270, "texture": "#3"},
				"east": {"uv": [0, 0, 4, 2], "rotation": 270, "texture": "#3"},
				"south": {"uv": [0, 0, 4, 2], "rotation": 270, "texture": "#3"},
				"west": {"uv": [0, 0, 4, 2], "rotation": 270, "texture": "#3"},
				"up": {"uv": [0, 0, 4, 2], "rotation": 270, "texture": "#3"},
				"down": {"uv": [0, 0, 4, 2], "rotation": 270, "texture": "#3"}
			}
		},
		{
			"name": "wheel5",
			"from": [-0.25, 3.18, -5.625],
			"to": [1.95, 3.51, -5.295],
			"rotation": {"angle": 0, "axis": "y", "origin": [-1.9, -25.3, 21.97]},
			"faces": {
				"north": {"uv": [0, 0, 4, 2], "rotation": 270, "texture": "#3"},
				"east": {"uv": [0, 0, 4, 2], "rotation": 270, "texture": "#3"},
				"south": {"uv": [0, 0, 4, 2], "rotation": 270, "texture": "#3"},
				"west": {"uv": [1, 1, 8, 6], "rotation": 270, "texture": "#3"},
				"up": {"uv": [0, 0, 4, 2], "rotation": 270, "texture": "#3"},
				"down": {"uv": [0, 0, 4, 2], "rotation": 270, "texture": "#3"}
			}
		},
		{
			"name": "wheel6",
			"from": [-0.25, 3.18, -3.115],
			"to": [1.95, 3.51, -2.785],
			"rotation": {"angle": 0, "axis": "y", "origin": [-1.9, -25.3, 21.97]},
			"faces": {
				"north": {"uv": [0, 0, 4, 2], "rotation": 270, "texture": "#3"},
				"east": {"uv": [0, 0, 4, 2], "rotation": 270, "texture": "#3"},
				"south": {"uv": [0, 0, 4, 2], "rotation": 270, "texture": "#3"},
				"west": {"uv": [1, 1, 8, 6], "rotation": 270, "texture": "#3"},
				"up": {"uv": [0, 0, 4, 2], "rotation": 270, "texture": "#3"},
				"down": {"uv": [0, 0, 4, 2], "rotation": 270, "texture": "#3"}
			}
		},
		{
			"name": "wheel4",
			"from": [-0.25, 3.5, -5.625],
			"to": [1.95, 3.6452, -2.725],
			"rotation": {"angle": 0, "axis": "y", "origin": [-1.9, -2.5674, 21.948]},
			"faces": {
				"north": {"uv": [0, 0, 4, 2], "rotation": 270, "texture": "#3"},
				"east": {"uv": [0, 0, 4, 2], "rotation": 270, "texture": "#3"},
				"south": {"uv": [0, 0, 4, 2], "rotation": 270, "texture": "#3"},
				"west": {"uv": [0, 0, 4, 2], "rotation": 270, "texture": "#3"},
				"up": {"uv": [0, 0, 4, 2], "rotation": 270, "texture": "#3"},
				"down": {"uv": [0, 0, 4, 2], "rotation": 270, "texture": "#3"}
			}
		},
		{
			"name": "wheel6",
			"from": [-0.25, 0.6414, -2.785],
			"to": [1.95, 3.5414, -2.6398],
			"rotation": {"angle": 0, "axis": "y", "origin": [-1.9, -2.5674, 21.948]},
			"faces": {
				"north": {"uv": [0, 0, 4, 2], "rotation": 270, "texture": "#3"},
				"east": {"uv": [0, 0, 4, 2], "rotation": 270, "texture": "#3"},
				"south": {"uv": [0, 0, 4, 2], "rotation": 270, "texture": "#3"},
				"west": {"uv": [0, 0, 4, 2], "rotation": 270, "texture": "#3"},
				"up": {"uv": [0, 0, 4, 2], "rotation": 270, "texture": "#3"},
				"down": {"uv": [0, 0, 4, 2], "rotation": 270, "texture": "#3"}
			}
		},
		{
			"name": "wheel7",
			"from": [-0.25, 0.67, -3.115],
			"to": [1.95, 1, -2.785],
			"rotation": {"angle": 0, "axis": "y", "origin": [-1.9, -2.53, 21.97]},
			"faces": {
				"north": {"uv": [0, 0, 4, 2], "rotation": 270, "texture": "#3"},
				"east": {"uv": [0, 0, 4, 2], "rotation": 270, "texture": "#3"},
				"south": {"uv": [0, 0, 4, 2], "rotation": 270, "texture": "#3"},
				"west": {"uv": [1, 1, 8, 6], "rotation": 270, "texture": "#3"},
				"up": {"uv": [0, 0, 4, 2], "rotation": 270, "texture": "#3"},
				"down": {"uv": [0, 0, 4, 2], "rotation": 270, "texture": "#3"}
			}
		},
		{
			"name": "wheel8",
			"from": [0.025, 0.615, -5.635],
			"to": [1.125, 3.515, -2.735],
			"rotation": {"angle": 0, "axis": "y", "origin": [-1.9, -2.53, 21.948]},
			"faces": {
				"north": {"uv": [0, 0, 4, 2], "rotation": 90, "texture": "#3"},
				"east": {"uv": [0, 0, 4, 2], "rotation": 180, "texture": "#3"},
				"south": {"uv": [0, 0, 4, 2], "rotation": 270, "texture": "#3"},
				"west": {"uv": [0, 0, 1, 1], "texture": "#3"},
				"up": {"uv": [0, 0, 4, 2], "rotation": 90, "texture": "#3"},
				"down": {"uv": [0, 0, 4, 2], "rotation": 270, "texture": "#3"}
			}
		},
		{
			"name": "wheel9",
			"from": [1, 1.6, -4.6],
			"to": [14, 3.6, -3.6],
			"rotation": {"angle": 0, "axis": "y", "origin": [-1.9, -2.53, 21.948]},
			"faces": {
				"north": {"uv": [0, 0, 4, 2], "rotation": 90, "texture": "#5"},
				"east": {"uv": [0, 0, 4, 2], "rotation": 180, "texture": "#5"},
				"south": {"uv": [0, 0, 4, 2], "rotation": 270, "texture": "#5"},
				"west": {"uv": [0, 0, 1, 1], "texture": "#5"},
				"up": {"uv": [0, 0, 4, 2], "rotation": 90, "texture": "#5"},
				"down": {"uv": [0, 0, 4, 2], "rotation": 270, "texture": "#5"}
			}
		},
		{
			"name": "wheel10",
			"from": [1, 1.5, 1.6],
			"to": [14, 3.5, 2.6],
			"rotation": {"angle": 0, "axis": "y", "origin": [-1.9, -2.53, 21.948]},
			"faces": {
				"north": {"uv": [0, 0, 4, 2], "rotation": 90, "texture": "#5"},
				"east": {"uv": [0, 0, 4, 2], "rotation": 180, "texture": "#5"},
				"south": {"uv": [0, 0, 4, 2], "rotation": 270, "texture": "#5"},
				"west": {"uv": [0, 0, 1, 1], "texture": "#5"},
				"up": {"uv": [0, 0, 4, 2], "rotation": 90, "texture": "#5"},
				"down": {"uv": [0, 0, 4, 2], "rotation": 270, "texture": "#5"}
			}
		},
		{
			"name": "wheel13",
			"from": [-0.36, 1.76, -3.49],
			"to": [-0.14, 1.98, -3.27],
			"rotation": {"angle": 0, "axis": "y", "origin": [-1.9, -2.5674, 21.948]},
			"faces": {
				"north": {"uv": [0, 0, 4, 2], "rotation": 270, "texture": "#5"},
				"east": {"uv": [0, 0, 4, 2], "rotation": 270, "texture": "#5"},
				"south": {"uv": [0, 0, 4, 2], "rotation": 270, "texture": "#5"},
				"west": {"uv": [4, 10, 5, 11], "rotation": 270, "texture": "#5"},
				"up": {"uv": [0, 0, 4, 2], "rotation": 270, "texture": "#5"},
				"down": {"uv": [0, 0, 4, 2], "rotation": 270, "texture": "#5"}
			}
		},
		{
			"name": "wheel14",
			"from": [-0.36, 2.2, -3.49],
			"to": [-0.14, 2.42, -3.27],
			"rotation": {"angle": 0, "axis": "y", "origin": [-1.9, -2.5674, 21.948]},
			"faces": {
				"north": {"uv": [0, 0, 4, 2], "rotation": 270, "texture": "#5"},
				"east": {"uv": [0, 0, 4, 2], "rotation": 270, "texture": "#5"},
				"south": {"uv": [0, 0, 4, 2], "rotation": 270, "texture": "#5"},
				"west": {"uv": [4, 10, 5, 11], "rotation": 270, "texture": "#5"},
				"up": {"uv": [0, 0, 4, 2], "rotation": 270, "texture": "#5"},
				"down": {"uv": [0, 0, 4, 2], "rotation": 270, "texture": "#5"}
			}
		},
		{
			"name": "wheel10",
			"from": [-0.36, 2.64, -3.6],
			"to": [-0.14, 2.86, -3.38],
			"rotation": {"angle": 0, "axis": "y", "origin": [-1.9, -2.5674, 21.948]},
			"faces": {
				"north": {"uv": [0, 0, 4, 2], "rotation": 270, "texture": "#5"},
				"east": {"uv": [0, 0, 4, 2], "rotation": 270, "texture": "#5"},
				"south": {"uv": [0, 0, 4, 2], "rotation": 270, "texture": "#5"},
				"west": {"uv": [4, 10, 5, 11], "rotation": 270, "texture": "#5"},
				"up": {"uv": [0, 0, 4, 2], "rotation": 270, "texture": "#5"},
				"down": {"uv": [0, 0, 4, 2], "rotation": 270, "texture": "#5"}
			}
		},
		{
			"name": "wheel15",
			"from": [-0.36, 2.75, -4.04],
			"to": [-0.14, 2.97, -3.82],
			"rotation": {"angle": 0, "axis": "y", "origin": [-1.9, -2.5674, 21.948]},
			"faces": {
				"north": {"uv": [0, 0, 4, 2], "rotation": 270, "texture": "#5"},
				"east": {"uv": [0, 0, 4, 2], "rotation": 270, "texture": "#5"},
				"south": {"uv": [0, 0, 4, 2], "rotation": 270, "texture": "#5"},
				"west": {"uv": [4, 10, 5, 11], "rotation": 270, "texture": "#5"},
				"up": {"uv": [0, 0, 4, 2], "rotation": 270, "texture": "#5"},
				"down": {"uv": [0, 0, 4, 2], "rotation": 270, "texture": "#5"}
			}
		},
		{
			"name": "wheel16",
			"from": [-0.36, 2.75, -4.48],
			"to": [-0.14, 2.97, -4.26],
			"rotation": {"angle": 0, "axis": "y", "origin": [-1.9, -2.5674, 21.948]},
			"faces": {
				"north": {"uv": [0, 0, 4, 2], "rotation": 270, "texture": "#5"},
				"east": {"uv": [0, 0, 4, 2], "rotation": 270, "texture": "#5"},
				"south": {"uv": [0, 0, 4, 2], "rotation": 270, "texture": "#5"},
				"west": {"uv": [4, 10, 5, 11], "rotation": 270, "texture": "#5"},
				"up": {"uv": [0, 0, 4, 2], "rotation": 270, "texture": "#5"},
				"down": {"uv": [0, 0, 4, 2], "rotation": 270, "texture": "#5"}
			}
		},
		{
			"name": "wheel11",
			"from": [-0.36, 2.64, -4.92],
			"to": [-0.14, 2.86, -4.7],
			"rotation": {"angle": 0, "axis": "y", "origin": [-1.9, -2.5674, 21.948]},
			"faces": {
				"north": {"uv": [0, 0, 4, 2], "rotation": 270, "texture": "#5"},
				"east": {"uv": [0, 0, 4, 2], "rotation": 270, "texture": "#5"},
				"south": {"uv": [0, 0, 4, 2], "rotation": 270, "texture": "#5"},
				"west": {"uv": [4, 10, 5, 11], "rotation": 270, "texture": "#5"},
				"up": {"uv": [0, 0, 4, 2], "rotation": 270, "texture": "#5"},
				"down": {"uv": [0, 0, 4, 2], "rotation": 270, "texture": "#5"}
			}
		},
		{
			"name": "wheel13",
			"from": [-0.36, 2.2, -5.03],
			"to": [-0.14, 2.42, -4.81],
			"rotation": {"angle": 0, "axis": "y", "origin": [-1.9, -2.5674, 21.948]},
			"faces": {
				"north": {"uv": [0, 0, 4, 2], "rotation": 270, "texture": "#5"},
				"east": {"uv": [0, 0, 4, 2], "rotation": 270, "texture": "#5"},
				"south": {"uv": [0, 0, 4, 2], "rotation": 270, "texture": "#5"},
				"west": {"uv": [4, 10, 5, 11], "rotation": 270, "texture": "#5"},
				"up": {"uv": [0, 0, 4, 2], "rotation": 270, "texture": "#5"},
				"down": {"uv": [0, 0, 4, 2], "rotation": 270, "texture": "#5"}
			}
		},
		{
			"name": "wheel12",
			"from": [-0.36, 1.76, -5.03],
			"to": [-0.14, 1.98, -4.81],
			"rotation": {"angle": 0, "axis": "y", "origin": [-1.9, -2.5674, 21.948]},
			"faces": {
				"north": {"uv": [0, 0, 4, 2], "rotation": 270, "texture": "#5"},
				"east": {"uv": [0, 0, 4, 2], "rotation": 270, "texture": "#5"},
				"south": {"uv": [0, 0, 4, 2], "rotation": 270, "texture": "#5"},
				"west": {"uv": [4, 10, 5, 11], "rotation": 270, "texture": "#5"},
				"up": {"uv": [0, 0, 4, 2], "rotation": 270, "texture": "#5"},
				"down": {"uv": [0, 0, 4, 2], "rotation": 270, "texture": "#5"}
			}
		},
		{
			"name": "wheel8",
			"from": [-0.36, 1.32, -4.975],
			"to": [-0.14, 1.54, -4.755],
			"rotation": {"angle": 0, "axis": "y", "origin": [-1.9, -2.5674, 21.948]},
			"faces": {
				"north": {"uv": [0, 0, 4, 2], "rotation": 270, "texture": "#5"},
				"east": {"uv": [0, 0, 4, 2], "rotation": 270, "texture": "#5"},
				"south": {"uv": [0, 0, 4, 2], "rotation": 270, "texture": "#5"},
				"west": {"uv": [4, 10, 5, 11], "rotation": 270, "texture": "#5"},
				"up": {"uv": [0, 0, 4, 2], "rotation": 270, "texture": "#5"},
				"down": {"uv": [0, 0, 4, 2], "rotation": 270, "texture": "#5"}
			}
		},
		{
			"name": "wheel15",
			"from": [-0.36, 1.21, -4.48],
			"to": [-0.14, 1.43, -4.26],
			"rotation": {"angle": 0, "axis": "y", "origin": [-1.9, -2.5674, 21.948]},
			"faces": {
				"north": {"uv": [0, 0, 4, 2], "rotation": 270, "texture": "#5"},
				"east": {"uv": [0, 0, 4, 2], "rotation": 270, "texture": "#5"},
				"south": {"uv": [0, 0, 4, 2], "rotation": 270, "texture": "#5"},
				"west": {"uv": [4, 10, 5, 11], "rotation": 270, "texture": "#5"},
				"up": {"uv": [0, 0, 4, 2], "rotation": 270, "texture": "#5"},
				"down": {"uv": [0, 0, 4, 2], "rotation": 270, "texture": "#5"}
			}
		},
		{
			"name": "wheel16",
			"from": [-0.36, 1.21, -3.98],
			"to": [-0.14, 1.43, -3.76],
			"rotation": {"angle": 0, "axis": "y", "origin": [-1.9, -2.5674, 21.948]},
			"faces": {
				"north": {"uv": [0, 0, 4, 2], "rotation": 270, "texture": "#5"},
				"east": {"uv": [0, 0, 4, 2], "rotation": 270, "texture": "#5"},
				"south": {"uv": [0, 0, 4, 2], "rotation": 270, "texture": "#5"},
				"west": {"uv": [4, 10, 5, 11], "rotation": 270, "texture": "#5"},
				"up": {"uv": [0, 0, 4, 2], "rotation": 270, "texture": "#5"},
				"down": {"uv": [0, 0, 4, 2], "rotation": 270, "texture": "#5"}
			}
		},
		{
			"name": "wheel9",
			"from": [-0.36, 1.32, -3.6],
			"to": [-0.14, 1.54, -3.38],
			"rotation": {"angle": 0, "axis": "y", "origin": [-1.9, -2.5674, 21.948]},
			"faces": {
				"north": {"uv": [0, 0, 4, 2], "rotation": 270, "texture": "#5"},
				"east": {"uv": [0, 0, 4, 2], "rotation": 270, "texture": "#5"},
				"south": {"uv": [0, 0, 4, 2], "rotation": 270, "texture": "#5"},
				"west": {"uv": [4, 10, 5, 11], "rotation": 270, "texture": "#5"},
				"up": {"uv": [0, 0, 4, 2], "rotation": 270, "texture": "#5"},
				"down": {"uv": [0, 0, 4, 2], "rotation": 270, "texture": "#5"}
			}
		},
		{
			"name": "wheel8",
			"from": [-0.36, 1.54, -4.755],
			"to": [0.74, 2.64, -3.655],
			"rotation": {"angle": 0, "axis": "y", "origin": [-1.9, -2.5674, 21.948]},
			"faces": {
				"north": {"uv": [0, 0, 4, 2], "rotation": 270, "texture": "#0"},
				"east": {"uv": [0, 0, 4, 2], "rotation": 270, "texture": "#0"},
				"south": {"uv": [0, 0, 4, 2], "rotation": 270, "texture": "#0"},
				"west": {"uv": [0, 0, 4, 2], "rotation": 270, "texture": "#0"},
				"up": {"uv": [0, 0, 4, 2], "rotation": 270, "texture": "#0"},
				"down": {"uv": [0, 0, 4, 2], "rotation": 270, "texture": "#0"}
			}
		},
		{
			"name": "wheel7",
			"from": [-0.25, 1.21, -5.085],
			"to": [0.85, 2.97, -3.325],
			"rotation": {"angle": 0, "axis": "y", "origin": [-1.9, -2.5674, 21.948]},
			"faces": {
				"north": {"uv": [0, 0, 4, 2], "rotation": 270, "texture": "#5"},
				"east": {"uv": [0, 0, 4, 2], "rotation": 270, "texture": "#5"},
				"south": {"uv": [0, 0, 4, 2], "rotation": 270, "texture": "#5"},
				"west": {"uv": [10, 5, 11, 6], "rotation": 270, "texture": "#5"},
				"up": {"uv": [0, 0, 4, 2], "rotation": 270, "texture": "#5"},
				"down": {"uv": [0, 0, 4, 2], "rotation": 270, "texture": "#5"}
			}
		},
		{
			"name": "wheel7",
			"from": [14.05, 0.11, -2.665],
			"to": [16.25, 4.18, -1.565],
			"rotation": {"angle": 0, "axis": "y", "origin": [17.9, -2.2, 21.97]},
			"faces": {
				"north": {"uv": [14, 0, 0, 5], "texture": "#6"},
				"east": {"uv": [4, 0, 0, 5], "texture": "#6"},
				"south": {"uv": [14, 0, 0, 5], "texture": "#6"},
				"west": {"uv": [14, 0, 0, 5], "texture": "#6"},
				"up": {"uv": [14, 0, 0, 5], "texture": "#6"},
				"down": {"uv": [0, 1, 16, 0], "rotation": 270, "texture": "#6"}
			}
		},
		{
			"name": "wheel5",
			"from": [14.05, 3.6, -6.295],
			"to": [16.25, 4.7, -2.115],
			"rotation": {"angle": 0, "axis": "y", "origin": [17.9, -2.2, 21.948]},
			"faces": {
				"north": {"uv": [14, 0, 0, 5], "texture": "#6"},
				"east": {"uv": [14, 0, 0, 5], "texture": "#6"},
				"south": {"uv": [14, 0, 0, 5], "texture": "#6"},
				"west": {"uv": [14, 0, 0, 5], "texture": "#6"},
				"up": {"uv": [14, 0, 0, 5], "texture": "#6"},
				"down": {"uv": [0, 1, 16, 0], "rotation": 270, "texture": "#6"}
			}
		},
		{
			"name": "wheel6",
			"from": [14.05, 0.11, -6.845],
			"to": [16.25, 4.18, -5.745],
			"rotation": {"angle": 0, "axis": "y", "origin": [17.9, -2.2, 21.97]},
			"faces": {
				"north": {"uv": [14, 0, 0, 5], "texture": "#6"},
				"east": {"uv": [4, 0, 0, 5], "texture": "#6"},
				"south": {"uv": [14, 0, 0, 5], "texture": "#6"},
				"west": {"uv": [14, 0, 0, 5], "texture": "#6"},
				"up": {"uv": [14, 0, 0, 5], "texture": "#6"},
				"down": {"uv": [0, 1, 16, 0], "rotation": 270, "texture": "#6"}
			}
		},
		{
			"name": "wheel4",
			"from": [14.05, -0.6, -6.295],
			"to": [16.25, 0.5, -2.115],
			"rotation": {"angle": 0, "axis": "y", "origin": [17.9, -2.2, 21.948]},
			"faces": {
				"north": {"uv": [14, 0, 0, 5], "texture": "#6"},
				"east": {"uv": [14, 0, 0, 5], "texture": "#6"},
				"south": {"uv": [14, 0, 0, 5], "texture": "#6"},
				"west": {"uv": [14, 0, 0, 5], "texture": "#6"},
				"up": {"uv": [14, 0, 0, 5], "texture": "#6"},
				"down": {"uv": [0, 1, 16, 0], "rotation": 270, "texture": "#6"}
			}
		},
		{
			"name": "wheel6",
			"from": [14.05, 0.4962, -5.65],
			"to": [16.25, 0.6414, -2.75],
			"rotation": {"angle": 0, "axis": "y", "origin": [17.9, -2.5674, 21.948]},
			"faces": {
				"north": {"uv": [0, 2, 4, 0], "rotation": 270, "texture": "#3"},
				"east": {"uv": [0, 2, 4, 0], "rotation": 270, "texture": "#3"},
				"south": {"uv": [0, 2, 4, 0], "rotation": 270, "texture": "#3"},
				"west": {"uv": [0, 2, 4, 0], "rotation": 270, "texture": "#3"},
				"up": {"uv": [0, 2, 4, 0], "rotation": 270, "texture": "#3"},
				"down": {"uv": [0, 2, 4, 0], "rotation": 270, "texture": "#3"}
			}
		},
		{
			"name": "wheel7",
			"from": [14.05, 0.67, -5.625],
			"to": [16.25, 1, -5.295],
			"rotation": {"angle": 0, "axis": "y", "origin": [17.9, -2.53, 21.97]},
			"faces": {
				"north": {"uv": [0, 2, 4, 0], "rotation": 270, "texture": "#3"},
				"east": {"uv": [1, 6, 8, 1], "rotation": 270, "texture": "#3"},
				"south": {"uv": [0, 2, 4, 0], "rotation": 270, "texture": "#3"},
				"west": {"uv": [0, 2, 4, 0], "rotation": 270, "texture": "#3"},
				"up": {"uv": [0, 2, 4, 0], "rotation": 270, "texture": "#3"},
				"down": {"uv": [0, 2, 4, 0], "rotation": 270, "texture": "#3"}
			}
		},
		{
			"name": "wheel6",
			"from": [14.05, 0.6414, -5.735],
			"to": [16.25, 3.5414, -5.635],
			"rotation": {"angle": 0, "axis": "y", "origin": [17.9, -2.5674, 21.948]},
			"faces": {
				"north": {"uv": [0, 2, 4, 0], "rotation": 270, "texture": "#3"},
				"east": {"uv": [0, 2, 4, 0], "rotation": 270, "texture": "#3"},
				"south": {"uv": [0, 2, 4, 0], "rotation": 270, "texture": "#3"},
				"west": {"uv": [0, 2, 4, 0], "rotation": 270, "texture": "#3"},
				"up": {"uv": [0, 2, 4, 0], "rotation": 270, "texture": "#3"},
				"down": {"uv": [0, 2, 4, 0], "rotation": 270, "texture": "#3"}
			}
		},
		{
			"name": "wheel6",
			"from": [14.05, 3.18, -5.625],
			"to": [16.25, 3.51, -5.295],
			"rotation": {"angle": 0, "axis": "y", "origin": [17.9, -25.3, 21.97]},
			"faces": {
				"north": {"uv": [0, 2, 4, 0], "rotation": 270, "texture": "#3"},
				"east": {"uv": [1, 6, 8, 1], "rotation": 270, "texture": "#3"},
				"south": {"uv": [0, 2, 4, 0], "rotation": 270, "texture": "#3"},
				"west": {"uv": [0, 2, 4, 0], "rotation": 270, "texture": "#3"},
				"up": {"uv": [0, 2, 4, 0], "rotation": 270, "texture": "#3"},
				"down": {"uv": [0, 2, 4, 0], "rotation": 270, "texture": "#3"}
			}
		},
		{
			"name": "wheel7",
			"from": [14.05, 3.18, -3.115],
			"to": [16.25, 3.51, -2.785],
			"rotation": {"angle": 0, "axis": "y", "origin": [17.9, -25.3, 21.97]},
			"faces": {
				"north": {"uv": [0, 2, 4, 0], "rotation": 270, "texture": "#3"},
				"east": {"uv": [1, 6, 8, 1], "rotation": 270, "texture": "#3"},
				"south": {"uv": [0, 2, 4, 0], "rotation": 270, "texture": "#3"},
				"west": {"uv": [0, 2, 4, 0], "rotation": 270, "texture": "#3"},
				"up": {"uv": [0, 2, 4, 0], "rotation": 270, "texture": "#3"},
				"down": {"uv": [0, 2, 4, 0], "rotation": 270, "texture": "#3"}
			}
		},
		{
			"name": "wheel5",
			"from": [14.05, 3.5, -5.625],
			"to": [16.25, 3.6452, -2.725],
			"rotation": {"angle": 0, "axis": "y", "origin": [17.9, -2.5674, 21.948]},
			"faces": {
				"north": {"uv": [0, 2, 4, 0], "rotation": 270, "texture": "#3"},
				"east": {"uv": [0, 2, 4, 0], "rotation": 270, "texture": "#3"},
				"south": {"uv": [0, 2, 4, 0], "rotation": 270, "texture": "#3"},
				"west": {"uv": [0, 2, 4, 0], "rotation": 270, "texture": "#3"},
				"up": {"uv": [0, 2, 4, 0], "rotation": 270, "texture": "#3"},
				"down": {"uv": [0, 2, 4, 0], "rotation": 270, "texture": "#3"}
			}
		},
		{
			"name": "wheel7",
			"from": [14.05, 0.6414, -2.785],
			"to": [16.25, 3.5414, -2.6398],
			"rotation": {"angle": 0, "axis": "y", "origin": [17.9, -2.5674, 21.948]},
			"faces": {
				"north": {"uv": [0, 2, 4, 0], "rotation": 270, "texture": "#3"},
				"east": {"uv": [0, 2, 4, 0], "rotation": 270, "texture": "#3"},
				"south": {"uv": [0, 2, 4, 0], "rotation": 270, "texture": "#3"},
				"west": {"uv": [0, 2, 4, 0], "rotation": 270, "texture": "#3"},
				"up": {"uv": [0, 2, 4, 0], "rotation": 270, "texture": "#3"},
				"down": {"uv": [0, 2, 4, 0], "rotation": 270, "texture": "#3"}
			}
		},
		{
			"name": "wheel8",
			"from": [14.05, 0.67, -3.115],
			"to": [16.25, 1, -2.785],
			"rotation": {"angle": 0, "axis": "y", "origin": [17.9, -2.53, 21.97]},
			"faces": {
				"north": {"uv": [0, 2, 4, 0], "rotation": 270, "texture": "#3"},
				"east": {"uv": [1, 6, 8, 1], "rotation": 270, "texture": "#3"},
				"south": {"uv": [0, 2, 4, 0], "rotation": 270, "texture": "#3"},
				"west": {"uv": [0, 2, 4, 0], "rotation": 270, "texture": "#3"},
				"up": {"uv": [0, 2, 4, 0], "rotation": 270, "texture": "#3"},
				"down": {"uv": [0, 2, 4, 0], "rotation": 270, "texture": "#3"}
			}
		},
		{
			"name": "wheel9",
			"from": [14.875, 0.615, -5.635],
			"to": [15.975, 3.515, -2.735],
			"rotation": {"angle": 0, "axis": "y", "origin": [17.9, -2.53, 21.948]},
			"faces": {
				"north": {"uv": [0, 2, 4, 0], "rotation": 90, "texture": "#3"},
				"east": {"uv": [1, 0, 0, 1], "texture": "#3"},
				"south": {"uv": [0, 2, 4, 0], "rotation": 270, "texture": "#3"},
				"west": {"uv": [4, 0, 0, 2], "rotation": 180, "texture": "#3"},
				"up": {"uv": [0, 2, 4, 0], "rotation": 90, "texture": "#3"},
				"down": {"uv": [0, 2, 4, 0], "rotation": 270, "texture": "#3"}
			}
		},
		{
			"name": "wheel14",
			"from": [16.14, 1.76, -3.49],
			"to": [16.36, 1.98, -3.27],
			"rotation": {"angle": 0, "axis": "y", "origin": [17.9, -2.5674, 21.948]},
			"faces": {
				"north": {"uv": [0, 2, 4, 0], "rotation": 270, "texture": "#5"},
				"east": {"uv": [4, 11, 5, 10], "rotation": 270, "texture": "#5"},
				"south": {"uv": [0, 2, 4, 0], "rotation": 270, "texture": "#5"},
				"west": {"uv": [0, 2, 4, 0], "rotation": 270, "texture": "#5"},
				"up": {"uv": [0, 2, 4, 0], "rotation": 270, "texture": "#5"},
				"down": {"uv": [0, 2, 4, 0], "rotation": 270, "texture": "#5"}
			}
		},
		{
			"name": "wheel15",
			"from": [16.14, 2.2, -3.49],
			"to": [16.36, 2.42, -3.27],
			"rotation": {"angle": 0, "axis": "y", "origin": [17.9, -2.5674, 21.948]},
			"faces": {
				"north": {"uv": [0, 2, 4, 0], "rotation": 270, "texture": "#5"},
				"east": {"uv": [4, 11, 5, 10], "rotation": 270, "texture": "#5"},
				"south": {"uv": [0, 2, 4, 0], "rotation": 270, "texture": "#5"},
				"west": {"uv": [0, 2, 4, 0], "rotation": 270, "texture": "#5"},
				"up": {"uv": [0, 2, 4, 0], "rotation": 270, "texture": "#5"},
				"down": {"uv": [0, 2, 4, 0], "rotation": 270, "texture": "#5"}
			}
		},
		{
			"name": "wheel11",
			"from": [16.14, 2.64, -3.6],
			"to": [16.36, 2.86, -3.38],
			"rotation": {"angle": 0, "axis": "y", "origin": [17.9, -2.5674, 21.948]},
			"faces": {
				"north": {"uv": [0, 2, 4, 0], "rotation": 270, "texture": "#5"},
				"east": {"uv": [4, 11, 5, 10], "rotation": 270, "texture": "#5"},
				"south": {"uv": [0, 2, 4, 0], "rotation": 270, "texture": "#5"},
				"west": {"uv": [0, 2, 4, 0], "rotation": 270, "texture": "#5"},
				"up": {"uv": [0, 2, 4, 0], "rotation": 270, "texture": "#5"},
				"down": {"uv": [0, 2, 4, 0], "rotation": 270, "texture": "#5"}
			}
		},
		{
			"name": "wheel16",
			"from": [16.14, 2.75, -4.04],
			"to": [16.36, 2.97, -3.82],
			"rotation": {"angle": 0, "axis": "y", "origin": [17.9, -2.5674, 21.948]},
			"faces": {
				"north": {"uv": [0, 2, 4, 0], "rotation": 270, "texture": "#5"},
				"east": {"uv": [4, 11, 5, 10], "rotation": 270, "texture": "#5"},
				"south": {"uv": [0, 2, 4, 0], "rotation": 270, "texture": "#5"},
				"west": {"uv": [0, 2, 4, 0], "rotation": 270, "texture": "#5"},
				"up": {"uv": [0, 2, 4, 0], "rotation": 270, "texture": "#5"},
				"down": {"uv": [0, 2, 4, 0], "rotation": 270, "texture": "#5"}
			}
		},
		{
			"name": "wheel17",
			"from": [16.14, 2.75, -4.48],
			"to": [16.36, 2.97, -4.26],
			"rotation": {"angle": 0, "axis": "y", "origin": [17.9, -2.5674, 21.948]},
			"faces": {
				"north": {"uv": [0, 2, 4, 0], "rotation": 270, "texture": "#5"},
				"east": {"uv": [4, 11, 5, 10], "rotation": 270, "texture": "#5"},
				"south": {"uv": [0, 2, 4, 0], "rotation": 270, "texture": "#5"},
				"west": {"uv": [0, 2, 4, 0], "rotation": 270, "texture": "#5"},
				"up": {"uv": [0, 2, 4, 0], "rotation": 270, "texture": "#5"},
				"down": {"uv": [0, 2, 4, 0], "rotation": 270, "texture": "#5"}
			}
		},
		{
			"name": "wheel12",
			"from": [16.14, 2.64, -4.92],
			"to": [16.36, 2.86, -4.7],
			"rotation": {"angle": 0, "axis": "y", "origin": [17.9, -2.5674, 21.948]},
			"faces": {
				"north": {"uv": [0, 2, 4, 0], "rotation": 270, "texture": "#5"},
				"east": {"uv": [4, 11, 5, 10], "rotation": 270, "texture": "#5"},
				"south": {"uv": [0, 2, 4, 0], "rotation": 270, "texture": "#5"},
				"west": {"uv": [0, 2, 4, 0], "rotation": 270, "texture": "#5"},
				"up": {"uv": [0, 2, 4, 0], "rotation": 270, "texture": "#5"},
				"down": {"uv": [0, 2, 4, 0], "rotation": 270, "texture": "#5"}
			}
		},
		{
			"name": "wheel14",
			"from": [16.14, 2.2, -5.03],
			"to": [16.36, 2.42, -4.81],
			"rotation": {"angle": 0, "axis": "y", "origin": [17.9, -2.5674, 21.948]},
			"faces": {
				"north": {"uv": [0, 2, 4, 0], "rotation": 270, "texture": "#5"},
				"east": {"uv": [4, 11, 5, 10], "rotation": 270, "texture": "#5"},
				"south": {"uv": [0, 2, 4, 0], "rotation": 270, "texture": "#5"},
				"west": {"uv": [0, 2, 4, 0], "rotation": 270, "texture": "#5"},
				"up": {"uv": [0, 2, 4, 0], "rotation": 270, "texture": "#5"},
				"down": {"uv": [0, 2, 4, 0], "rotation": 270, "texture": "#5"}
			}
		},
		{
			"name": "wheel13",
			"from": [16.14, 1.76, -5.03],
			"to": [16.36, 1.98, -4.81],
			"rotation": {"angle": 0, "axis": "y", "origin": [17.9, -2.5674, 21.948]},
			"faces": {
				"north": {"uv": [0, 2, 4, 0], "rotation": 270, "texture": "#5"},
				"east": {"uv": [4, 11, 5, 10], "rotation": 270, "texture": "#5"},
				"south": {"uv": [0, 2, 4, 0], "rotation": 270, "texture": "#5"},
				"west": {"uv": [0, 2, 4, 0], "rotation": 270, "texture": "#5"},
				"up": {"uv": [0, 2, 4, 0], "rotation": 270, "texture": "#5"},
				"down": {"uv": [0, 2, 4, 0], "rotation": 270, "texture": "#5"}
			}
		},
		{
			"name": "wheel9",
			"from": [16.14, 1.32, -4.975],
			"to": [16.36, 1.54, -4.755],
			"rotation": {"angle": 0, "axis": "y", "origin": [17.9, -2.5674, 21.948]},
			"faces": {
				"north": {"uv": [0, 2, 4, 0], "rotation": 270, "texture": "#5"},
				"east": {"uv": [4, 11, 5, 10], "rotation": 270, "texture": "#5"},
				"south": {"uv": [0, 2, 4, 0], "rotation": 270, "texture": "#5"},
				"west": {"uv": [0, 2, 4, 0], "rotation": 270, "texture": "#5"},
				"up": {"uv": [0, 2, 4, 0], "rotation": 270, "texture": "#5"},
				"down": {"uv": [0, 2, 4, 0], "rotation": 270, "texture": "#5"}
			}
		},
		{
			"name": "wheel16",
			"from": [16.14, 1.21, -4.48],
			"to": [16.36, 1.43, -4.26],
			"rotation": {"angle": 0, "axis": "y", "origin": [17.9, -2.5674, 21.948]},
			"faces": {
				"north": {"uv": [0, 2, 4, 0], "rotation": 270, "texture": "#5"},
				"east": {"uv": [4, 11, 5, 10], "rotation": 270, "texture": "#5"},
				"south": {"uv": [0, 2, 4, 0], "rotation": 270, "texture": "#5"},
				"west": {"uv": [0, 2, 4, 0], "rotation": 270, "texture": "#5"},
				"up": {"uv": [0, 2, 4, 0], "rotation": 270, "texture": "#5"},
				"down": {"uv": [0, 2, 4, 0], "rotation": 270, "texture": "#5"}
			}
		},
		{
			"name": "wheel17",
			"from": [16.14, 1.21, -3.98],
			"to": [16.36, 1.43, -3.76],
			"rotation": {"angle": 0, "axis": "y", "origin": [17.9, -2.5674, 21.948]},
			"faces": {
				"north": {"uv": [0, 2, 4, 0], "rotation": 270, "texture": "#5"},
				"east": {"uv": [4, 11, 5, 10], "rotation": 270, "texture": "#5"},
				"south": {"uv": [0, 2, 4, 0], "rotation": 270, "texture": "#5"},
				"west": {"uv": [0, 2, 4, 0], "rotation": 270, "texture": "#5"},
				"up": {"uv": [0, 2, 4, 0], "rotation": 270, "texture": "#5"},
				"down": {"uv": [0, 2, 4, 0], "rotation": 270, "texture": "#5"}
			}
		},
		{
			"name": "wheel10",
			"from": [16.14, 1.32, -3.6],
			"to": [16.36, 1.54, -3.38],
			"rotation": {"angle": 0, "axis": "y", "origin": [17.9, -2.5674, 21.948]},
			"faces": {
				"north": {"uv": [0, 2, 4, 0], "rotation": 270, "texture": "#5"},
				"east": {"uv": [4, 11, 5, 10], "rotation": 270, "texture": "#5"},
				"south": {"uv": [0, 2, 4, 0], "rotation": 270, "texture": "#5"},
				"west": {"uv": [0, 2, 4, 0], "rotation": 270, "texture": "#5"},
				"up": {"uv": [0, 2, 4, 0], "rotation": 270, "texture": "#5"},
				"down": {"uv": [0, 2, 4, 0], "rotation": 270, "texture": "#5"}
			}
		},
		{
			"name": "wheel9",
			"from": [15.26, 1.54, -4.755],
			"to": [16.36, 2.64, -3.655],
			"rotation": {"angle": 0, "axis": "y", "origin": [17.9, -2.5674, 21.948]},
			"faces": {
				"north": {"uv": [0, 2, 4, 0], "rotation": 270, "texture": "#0"},
				"east": {"uv": [0, 2, 4, 0], "rotation": 270, "texture": "#0"},
				"south": {"uv": [0, 2, 4, 0], "rotation": 270, "texture": "#0"},
				"west": {"uv": [0, 2, 4, 0], "rotation": 270, "texture": "#0"},
				"up": {"uv": [0, 2, 4, 0], "rotation": 270, "texture": "#0"},
				"down": {"uv": [0, 2, 4, 0], "rotation": 270, "texture": "#0"}
			}
		},
		{
			"name": "wheel8",
			"from": [15.15, 1.21, -5.085],
			"to": [16.25, 2.97, -3.325],
			"rotation": {"angle": 0, "axis": "y", "origin": [17.9, -2.5674, 21.948]},
			"faces": {
				"north": {"uv": [0, 2, 4, 0], "rotation": 270, "texture": "#5"},
				"east": {"uv": [10, 6, 11, 5], "rotation": 270, "texture": "#5"},
				"south": {"uv": [0, 2, 4, 0], "rotation": 270, "texture": "#5"},
				"west": {"uv": [0, 2, 4, 0], "rotation": 270, "texture": "#5"},
				"up": {"uv": [0, 2, 4, 0], "rotation": 270, "texture": "#5"},
				"down": {"uv": [0, 2, 4, 0], "rotation": 270, "texture": "#5"}
			}
		},
		{
			"name": "wheel5",
			"from": [14.05, 0.11, -0.595],
			"to": [16.25, 4.18, 0.505],
			"rotation": {"angle": 0, "axis": "y", "origin": [17.9, -2.2, 21.97]},
			"faces": {
				"north": {"uv": [14, 0, 0, 5], "texture": "#6"},
				"east": {"uv": [4, 0, 0, 5], "texture": "#6"},
				"south": {"uv": [14, 0, 0, 5], "texture": "#3"},
				"west": {"uv": [14, 0, 0, 5], "texture": "#6"},
				"up": {"uv": [14, 0, 0, 5], "texture": "#6"},
				"down": {"uv": [0, 1, 16, 0], "rotation": 270, "texture": "#6"}
			}
		},
		{
			"name": "wheel4",
			"from": [14.05, 3.6, -0.045],
			"to": [16.25, 4.7, 4.135],
			"rotation": {"angle": 0, "axis": "y", "origin": [17.9, -2.2, 21.948]},
			"faces": {
				"north": {"uv": [14, 0, 0, 5], "texture": "#6"},
				"east": {"uv": [14, 0, 0, 5], "texture": "#6"},
				"south": {"uv": [14, 0, 0, 5], "texture": "#6"},
				"west": {"uv": [14, 0, 0, 5], "texture": "#6"},
				"up": {"uv": [14, 0, 0, 5], "texture": "#6"},
				"down": {"uv": [0, 1, 16, 0], "rotation": 270, "texture": "#6"}
			}
		},
		{
			"name": "wheel5",
			"from": [14.05, 3.18, 0.625],
			"to": [16.25, 3.51, 0.955],
			"rotation": {"angle": 0, "axis": "y", "origin": [17.9, -25.3, 21.97]},
			"faces": {
				"north": {"uv": [0, 2, 4, 0], "rotation": 270, "texture": "#3"},
				"east": {"uv": [1, 6, 8, 1], "rotation": 270, "texture": "#3"},
				"south": {"uv": [0, 2, 4, 0], "rotation": 270, "texture": "#3"},
				"west": {"uv": [0, 2, 4, 0], "rotation": 270, "texture": "#3"},
				"up": {"uv": [0, 2, 4, 0], "rotation": 270, "texture": "#3"},
				"down": {"uv": [0, 2, 4, 0], "rotation": 270, "texture": "#3"}
			}
		},
		{
			"name": "wheel6",
			"from": [14.05, 3.18, 3.135],
			"to": [16.25, 3.51, 3.465],
			"rotation": {"angle": 0, "axis": "y", "origin": [17.9, -25.3, 21.97]},
			"faces": {
				"north": {"uv": [0, 2, 4, 0], "rotation": 270, "texture": "#3"},
				"east": {"uv": [1, 6, 8, 1], "rotation": 270, "texture": "#3"},
				"south": {"uv": [0, 2, 4, 0], "rotation": 270, "texture": "#3"},
				"west": {"uv": [0, 2, 4, 0], "rotation": 270, "texture": "#3"},
				"up": {"uv": [0, 2, 4, 0], "rotation": 270, "texture": "#3"},
				"down": {"uv": [0, 2, 4, 0], "rotation": 270, "texture": "#3"}
			}
		},
		{
			"name": "wheel6",
			"from": [14.05, 0.6414, 3.465],
			"to": [16.25, 3.5414, 3.6102],
			"rotation": {"angle": 0, "axis": "y", "origin": [17.9, -2.5674, 21.948]},
			"faces": {
				"north": {"uv": [0, 2, 4, 0], "rotation": 270, "texture": "#3"},
				"east": {"uv": [0, 2, 4, 0], "rotation": 270, "texture": "#3"},
				"south": {"uv": [0, 2, 4, 0], "rotation": 270, "texture": "#3"},
				"west": {"uv": [0, 2, 4, 0], "rotation": 270, "texture": "#3"},
				"up": {"uv": [0, 2, 4, 0], "rotation": 270, "texture": "#3"},
				"down": {"uv": [0, 2, 4, 0], "rotation": 270, "texture": "#3"}
			}
		},
		{
			"name": "wheel8",
			"from": [14.875, 0.615, 0.615],
			"to": [15.975, 3.515, 3.515],
			"rotation": {"angle": 0, "axis": "y", "origin": [17.9, -2.53, 21.948]},
			"faces": {
				"north": {"uv": [0, 2, 4, 0], "rotation": 90, "texture": "#3"},
				"east": {"uv": [1, 0, 0, 1], "texture": "#3"},
				"south": {"uv": [0, 2, 4, 0], "rotation": 270, "texture": "#3"},
				"west": {"uv": [4, 0, 0, 2], "rotation": 180, "texture": "#3"},
				"up": {"uv": [0, 2, 4, 0], "rotation": 90, "texture": "#3"},
				"down": {"uv": [0, 2, 4, 0], "rotation": 270, "texture": "#3"}
			}
		},
		{
			"name": "wheel4",
			"from": [14.05, 3.5, 0.625],
			"to": [16.25, 3.6452, 3.525],
			"rotation": {"angle": 0, "axis": "y", "origin": [17.9, -2.5674, 21.948]},
			"faces": {
				"north": {"uv": [0, 2, 4, 0], "rotation": 270, "texture": "#3"},
				"east": {"uv": [0, 2, 4, 0], "rotation": 270, "texture": "#3"},
				"south": {"uv": [0, 2, 4, 0], "rotation": 270, "texture": "#3"},
				"west": {"uv": [0, 2, 4, 0], "rotation": 270, "texture": "#3"},
				"up": {"uv": [0, 2, 4, 0], "rotation": 270, "texture": "#3"},
				"down": {"uv": [0, 2, 4, 0], "rotation": 270, "texture": "#3"}
			}
		},
		{
			"name": "wheel7",
			"from": [14.05, 0.67, 3.135],
			"to": [16.25, 1, 3.465],
			"rotation": {"angle": 0, "axis": "y", "origin": [17.9, -2.53, 21.97]},
			"faces": {
				"north": {"uv": [0, 2, 4, 0], "rotation": 270, "texture": "#3"},
				"east": {"uv": [1, 6, 8, 1], "rotation": 270, "texture": "#3"},
				"south": {"uv": [0, 2, 4, 0], "rotation": 270, "texture": "#3"},
				"west": {"uv": [0, 2, 4, 0], "rotation": 270, "texture": "#3"},
				"up": {"uv": [0, 2, 4, 0], "rotation": 270, "texture": "#3"},
				"down": {"uv": [0, 2, 4, 0], "rotation": 270, "texture": "#3"}
			}
		},
		{
			"name": "wheel6",
			"from": [14.05, 0.67, 0.625],
			"to": [16.25, 1, 0.955],
			"rotation": {"angle": 0, "axis": "y", "origin": [17.9, -2.53, 21.97]},
			"faces": {
				"north": {"uv": [0, 2, 4, 0], "rotation": 270, "texture": "#3"},
				"east": {"uv": [1, 6, 8, 1], "rotation": 270, "texture": "#3"},
				"south": {"uv": [0, 2, 4, 0], "rotation": 270, "texture": "#3"},
				"west": {"uv": [0, 2, 4, 0], "rotation": 270, "texture": "#3"},
				"up": {"uv": [0, 2, 4, 0], "rotation": 270, "texture": "#3"},
				"down": {"uv": [0, 2, 4, 0], "rotation": 270, "texture": "#3"}
			}
		},
		{
			"name": "wheel5",
			"from": [14.05, 0.4962, 0.6],
			"to": [16.25, 0.6414, 3.5],
			"rotation": {"angle": 0, "axis": "y", "origin": [17.9, -2.5674, 21.948]},
			"faces": {
				"north": {"uv": [0, 2, 4, 0], "rotation": 270, "texture": "#3"},
				"east": {"uv": [0, 2, 4, 0], "rotation": 270, "texture": "#3"},
				"south": {"uv": [0, 2, 4, 0], "rotation": 270, "texture": "#3"},
				"west": {"uv": [0, 2, 4, 0], "rotation": 270, "texture": "#3"},
				"up": {"uv": [0, 2, 4, 0], "rotation": 270, "texture": "#3"},
				"down": {"uv": [0, 2, 4, 0], "rotation": 270, "texture": "#3"}
			}
		},
		{
			"name": "wheel3",
			"from": [14.05, -0.6, -0.045],
			"to": [16.25, 0.5, 4.135],
			"rotation": {"angle": 0, "axis": "y", "origin": [17.9, -2.2, 21.948]},
			"faces": {
				"north": {"uv": [14, 0, 0, 5], "texture": "#6"},
				"east": {"uv": [14, 0, 0, 5], "texture": "#6"},
				"south": {"uv": [14, 0, 0, 5], "texture": "#6"},
				"west": {"uv": [14, 0, 0, 5], "texture": "#6"},
				"up": {"uv": [14, 0, 0, 5], "texture": "#6"},
				"down": {"uv": [0, 1, 16, 0], "rotation": 270, "texture": "#6"}
			}
		},
		{
			"name": "wheel6",
			"from": [14.05, 0.11, 3.585],
			"to": [16.25, 4.18, 4.685],
			"rotation": {"angle": 0, "axis": "y", "origin": [17.9, -2.2, 21.97]},
			"faces": {
				"north": {"uv": [14, 0, 0, 5], "texture": "#6"},
				"east": {"uv": [4, 0, 0, 5], "texture": "#6"},
				"south": {"uv": [14, 0, 0, 5], "texture": "#6"},
				"west": {"uv": [14, 0, 0, 5], "texture": "#6"},
				"up": {"uv": [14, 0, 0, 5], "texture": "#6"},
				"down": {"uv": [0, 1, 16, 0], "rotation": 270, "texture": "#6"}
			}
		},
		{
			"name": "wheel10",
			"from": [16.14, 2.64, 2.65],
			"to": [16.36, 2.86, 2.87],
			"rotation": {"angle": 0, "axis": "y", "origin": [17.9, -2.5674, 21.948]},
			"faces": {
				"north": {"uv": [0, 2, 4, 0], "rotation": 270, "texture": "#5"},
				"east": {"uv": [4, 11, 5, 10], "rotation": 270, "texture": "#5"},
				"south": {"uv": [0, 2, 4, 0], "rotation": 270, "texture": "#5"},
				"west": {"uv": [0, 2, 4, 0], "rotation": 270, "texture": "#5"},
				"up": {"uv": [0, 2, 4, 0], "rotation": 270, "texture": "#5"},
				"down": {"uv": [0, 2, 4, 0], "rotation": 270, "texture": "#5"}
			}
		},
		{
			"name": "wheel14",
			"from": [16.14, 2.2, 2.76],
			"to": [16.36, 2.42, 2.98],
			"rotation": {"angle": 0, "axis": "y", "origin": [17.9, -2.5674, 21.948]},
			"faces": {
				"north": {"uv": [0, 2, 4, 0], "rotation": 270, "texture": "#5"},
				"east": {"uv": [4, 11, 5, 10], "rotation": 270, "texture": "#5"},
				"south": {"uv": [0, 2, 4, 0], "rotation": 270, "texture": "#5"},
				"west": {"uv": [0, 2, 4, 0], "rotation": 270, "texture": "#5"},
				"up": {"uv": [0, 2, 4, 0], "rotation": 270, "texture": "#5"},
				"down": {"uv": [0, 2, 4, 0], "rotation": 270, "texture": "#5"}
			}
		},
		{
			"name": "wheel13",
			"from": [16.14, 1.76, 2.76],
			"to": [16.36, 1.98, 2.98],
			"rotation": {"angle": 0, "axis": "y", "origin": [17.9, -2.5674, 21.948]},
			"faces": {
				"north": {"uv": [0, 2, 4, 0], "rotation": 270, "texture": "#5"},
				"east": {"uv": [4, 11, 5, 10], "rotation": 270, "texture": "#5"},
				"south": {"uv": [0, 2, 4, 0], "rotation": 270, "texture": "#5"},
				"west": {"uv": [0, 2, 4, 0], "rotation": 270, "texture": "#5"},
				"up": {"uv": [0, 2, 4, 0], "rotation": 270, "texture": "#5"},
				"down": {"uv": [0, 2, 4, 0], "rotation": 270, "texture": "#5"}
			}
		},
		{
			"name": "wheel9",
			"from": [16.14, 1.32, 2.65],
			"to": [16.36, 1.54, 2.87],
			"rotation": {"angle": 0, "axis": "y", "origin": [17.9, -2.5674, 21.948]},
			"faces": {
				"north": {"uv": [0, 2, 4, 0], "rotation": 270, "texture": "#5"},
				"east": {"uv": [4, 11, 5, 10], "rotation": 270, "texture": "#5"},
				"south": {"uv": [0, 2, 4, 0], "rotation": 270, "texture": "#5"},
				"west": {"uv": [0, 2, 4, 0], "rotation": 270, "texture": "#5"},
				"up": {"uv": [0, 2, 4, 0], "rotation": 270, "texture": "#5"},
				"down": {"uv": [0, 2, 4, 0], "rotation": 270, "texture": "#5"}
			}
		},
		{
			"name": "wheel16",
			"from": [16.14, 1.21, 2.27],
			"to": [16.36, 1.43, 2.49],
			"rotation": {"angle": 0, "axis": "y", "origin": [17.9, -2.5674, 21.948]},
			"faces": {
				"north": {"uv": [0, 2, 4, 0], "rotation": 270, "texture": "#5"},
				"east": {"uv": [4, 11, 5, 10], "rotation": 270, "texture": "#5"},
				"south": {"uv": [0, 2, 4, 0], "rotation": 270, "texture": "#5"},
				"west": {"uv": [0, 2, 4, 0], "rotation": 270, "texture": "#5"},
				"up": {"uv": [0, 2, 4, 0], "rotation": 270, "texture": "#5"},
				"down": {"uv": [0, 2, 4, 0], "rotation": 270, "texture": "#5"}
			}
		},
		{
			"name": "wheel15",
			"from": [16.14, 1.21, 1.77],
			"to": [16.36, 1.43, 1.99],
			"rotation": {"angle": 0, "axis": "y", "origin": [17.9, -2.5674, 21.948]},
			"faces": {
				"north": {"uv": [0, 2, 4, 0], "rotation": 270, "texture": "#5"},
				"east": {"uv": [4, 11, 5, 10], "rotation": 270, "texture": "#5"},
				"south": {"uv": [0, 2, 4, 0], "rotation": 270, "texture": "#5"},
				"west": {"uv": [0, 2, 4, 0], "rotation": 270, "texture": "#5"},
				"up": {"uv": [0, 2, 4, 0], "rotation": 270, "texture": "#5"},
				"down": {"uv": [0, 2, 4, 0], "rotation": 270, "texture": "#5"}
			}
		},
		{
			"name": "wheel8",
			"from": [16.14, 1.32, 1.275],
			"to": [16.36, 1.54, 1.495],
			"rotation": {"angle": 0, "axis": "y", "origin": [17.9, -2.5674, 21.948]},
			"faces": {
				"north": {"uv": [0, 2, 4, 0], "rotation": 270, "texture": "#5"},
				"east": {"uv": [4, 11, 5, 10], "rotation": 270, "texture": "#5"},
				"south": {"uv": [0, 2, 4, 0], "rotation": 270, "texture": "#5"},
				"west": {"uv": [0, 2, 4, 0], "rotation": 270, "texture": "#5"},
				"up": {"uv": [0, 2, 4, 0], "rotation": 270, "texture": "#5"},
				"down": {"uv": [0, 2, 4, 0], "rotation": 270, "texture": "#5"}
			}
		},
		{
			"name": "wheel12",
			"from": [16.14, 1.76, 1.22],
			"to": [16.36, 1.98, 1.44],
			"rotation": {"angle": 0, "axis": "y", "origin": [17.9, -2.5674, 21.948]},
			"faces": {
				"north": {"uv": [0, 2, 4, 0], "rotation": 270, "texture": "#5"},
				"east": {"uv": [4, 11, 5, 10], "rotation": 270, "texture": "#5"},
				"south": {"uv": [0, 2, 4, 0], "rotation": 270, "texture": "#5"},
				"west": {"uv": [0, 2, 4, 0], "rotation": 270, "texture": "#5"},
				"up": {"uv": [0, 2, 4, 0], "rotation": 270, "texture": "#5"},
				"down": {"uv": [0, 2, 4, 0], "rotation": 270, "texture": "#5"}
			}
		},
		{
			"name": "wheel13",
			"from": [16.14, 2.2, 1.22],
			"to": [16.36, 2.42, 1.44],
			"rotation": {"angle": 0, "axis": "y", "origin": [17.9, -2.5674, 21.948]},
			"faces": {
				"north": {"uv": [0, 2, 4, 0], "rotation": 270, "texture": "#5"},
				"east": {"uv": [4, 11, 5, 10], "rotation": 270, "texture": "#5"},
				"south": {"uv": [0, 2, 4, 0], "rotation": 270, "texture": "#5"},
				"west": {"uv": [0, 2, 4, 0], "rotation": 270, "texture": "#5"},
				"up": {"uv": [0, 2, 4, 0], "rotation": 270, "texture": "#5"},
				"down": {"uv": [0, 2, 4, 0], "rotation": 270, "texture": "#5"}
			}
		},
		{
			"name": "wheel11",
			"from": [16.14, 2.64, 1.33],
			"to": [16.36, 2.86, 1.55],
			"rotation": {"angle": 0, "axis": "y", "origin": [17.9, -2.5674, 21.948]},
			"faces": {
				"north": {"uv": [0, 2, 4, 0], "rotation": 270, "texture": "#5"},
				"east": {"uv": [4, 11, 5, 10], "rotation": 270, "texture": "#5"},
				"south": {"uv": [0, 2, 4, 0], "rotation": 270, "texture": "#5"},
				"west": {"uv": [0, 2, 4, 0], "rotation": 270, "texture": "#5"},
				"up": {"uv": [0, 2, 4, 0], "rotation": 270, "texture": "#5"},
				"down": {"uv": [0, 2, 4, 0], "rotation": 270, "texture": "#5"}
			}
		},
		{
			"name": "wheel16",
			"from": [16.14, 2.75, 1.77],
			"to": [16.36, 2.97, 1.99],
			"rotation": {"angle": 0, "axis": "y", "origin": [17.9, -2.5674, 21.948]},
			"faces": {
				"north": {"uv": [0, 2, 4, 0], "rotation": 270, "texture": "#5"},
				"east": {"uv": [4, 11, 5, 10], "rotation": 270, "texture": "#5"},
				"south": {"uv": [0, 2, 4, 0], "rotation": 270, "texture": "#5"},
				"west": {"uv": [0, 2, 4, 0], "rotation": 270, "texture": "#5"},
				"up": {"uv": [0, 2, 4, 0], "rotation": 270, "texture": "#5"},
				"down": {"uv": [0, 2, 4, 0], "rotation": 270, "texture": "#5"}
			}
		},
		{
			"name": "wheel15",
			"from": [16.14, 2.75, 2.21],
			"to": [16.36, 2.97, 2.43],
			"rotation": {"angle": 0, "axis": "y", "origin": [17.9, -2.5674, 21.948]},
			"faces": {
				"north": {"uv": [0, 2, 4, 0], "rotation": 270, "texture": "#5"},
				"east": {"uv": [4, 11, 5, 10], "rotation": 270, "texture": "#5"},
				"south": {"uv": [0, 2, 4, 0], "rotation": 270, "texture": "#5"},
				"west": {"uv": [0, 2, 4, 0], "rotation": 270, "texture": "#5"},
				"up": {"uv": [0, 2, 4, 0], "rotation": 270, "texture": "#5"},
				"down": {"uv": [0, 2, 4, 0], "rotation": 270, "texture": "#5"}
			}
		},
		{
			"name": "wheel7",
			"from": [15.15, 1.21, 1.165],
			"to": [16.25, 2.97, 2.925],
			"rotation": {"angle": 0, "axis": "y", "origin": [17.9, -2.5674, 21.948]},
			"faces": {
				"north": {"uv": [0, 2, 4, 0], "rotation": 270, "texture": "#5"},
				"east": {"uv": [10, 6, 11, 5], "rotation": 270, "texture": "#5"},
				"south": {"uv": [0, 2, 4, 0], "rotation": 270, "texture": "#5"},
				"west": {"uv": [0, 2, 4, 0], "rotation": 270, "texture": "#5"},
				"up": {"uv": [0, 2, 4, 0], "rotation": 270, "texture": "#5"},
				"down": {"uv": [0, 2, 4, 0], "rotation": 270, "texture": "#5"}
			}
		},
		{
			"name": "wheel8",
			"from": [15.26, 1.54, 1.495],
			"to": [16.36, 2.64, 2.595],
			"rotation": {"angle": 0, "axis": "y", "origin": [17.9, -2.5674, 21.948]},
			"faces": {
				"north": {"uv": [0, 2, 4, 0], "rotation": 270, "texture": "#0"},
				"east": {"uv": [0, 2, 4, 0], "rotation": 270, "texture": "#0"},
				"south": {"uv": [0, 2, 4, 0], "rotation": 270, "texture": "#0"},
				"west": {"uv": [0, 2, 4, 0], "rotation": 270, "texture": "#0"},
				"up": {"uv": [0, 2, 4, 0], "rotation": 270, "texture": "#0"},
				"down": {"uv": [0, 2, 4, 0], "rotation": 270, "texture": "#0"}
			}
		},
		{
			"from": [0.4, 4.75, -7.95],
			"to": [15.4, 5.75, 31.05],
			"rotation": {"angle": 0, "axis": "y", "origin": [16.8, 0, -7.8]},
			"faces": {
				"north": {"uv": [7, 0, 0, 1], "texture": "#0"},
				"east": {"uv": [10, 0, 0, 1], "texture": "#2"},
				"south": {"uv": [7, 0, 0, 1], "texture": "#2"},
				"west": {"uv": [10, 0, 0, 1], "texture": "#2"},
				"up": {"uv": [7, 0, 0, 10], "texture": "#0"},
				"down": {"uv": [7, 0, 0, 10], "texture": "#2"}
			}
		},
		{
			"name": "kipp",
			"from": [1.5, 1.5, 6],
			"to": [2, 4.5, 6.5],
			"rotation": {"angle": 0, "axis": "y", "origin": [16.8, 0, -7.8]},
			"faces": {
				"north": {"uv": [6, 3, 5, 4], "texture": "#5"},
				"east": {"uv": [6, 3, 5, 4], "texture": "#5"},
				"south": {"uv": [6, 3, 5, 4], "texture": "#5"},
				"west": {"uv": [6, 3, 5, 4], "texture": "#5"},
				"up": {"uv": [0.75, 0, 0, 9], "texture": "#5"},
				"down": {"uv": [0.75, 0, 0, 9], "texture": "#5"}
			}
		},
		{
			"name": "kipp",
			"from": [1.5, 1.5, 14],
			"to": [2, 4.5, 14.5],
			"rotation": {"angle": 0, "axis": "y", "origin": [16.8, 0, -7.8]},
			"faces": {
				"north": {"uv": [6, 3, 5, 4], "texture": "#5"},
				"east": {"uv": [6, 3, 5, 4], "texture": "#5"},
				"south": {"uv": [6, 3, 5, 4], "texture": "#5"},
				"west": {"uv": [6, 3, 5, 4], "texture": "#5"},
				"up": {"uv": [0.75, 0, 0, 9], "texture": "#5"},
				"down": {"uv": [0.75, 0, 0, 9], "texture": "#5"}
			}
		},
		{
			"name": "kipp",
			"from": [1.5, 1.5, 6.5],
			"to": [2, 2, 14],
			"rotation": {"angle": 0, "axis": "y", "origin": [16.8, 0, -7.8]},
			"faces": {
				"north": {"uv": [6, 3, 5, 4], "texture": "#5"},
				"east": {"uv": [6, 3, 5, 4], "texture": "#5"},
				"south": {"uv": [6, 3, 5, 4], "texture": "#5"},
				"west": {"uv": [6, 3, 5, 4], "texture": "#5"},
				"up": {"uv": [0.75, 0, 0, 9], "texture": "#5"},
				"down": {"uv": [0.75, 0, 0, 9], "texture": "#5"}
			}
		},
		{
			"name": "kipp",
			"from": [1.5, 3, 6.5],
			"to": [2, 3.5, 14],
			"rotation": {"angle": 0, "axis": "y", "origin": [16.8, 0, -7.8]},
			"faces": {
				"north": {"uv": [6, 3, 5, 4], "texture": "#5"},
				"east": {"uv": [6, 3, 5, 4], "texture": "#5"},
				"south": {"uv": [6, 3, 5, 4], "texture": "#5"},
				"west": {"uv": [6, 3, 5, 4], "texture": "#5"},
				"up": {"uv": [0.75, 0, 0, 9], "texture": "#5"},
				"down": {"uv": [0.75, 0, 0, 9], "texture": "#5"}
			}
		},
		{
			"name": "kipp",
			"from": [0.5, 5, 30.5],
			"to": [15.5, 20, 31],
			"rotation": {"angle": 0, "axis": "y", "origin": [16.8, 0, -7.8]},
			"faces": {
				"north": {"uv": [6, 3, 5, 4], "texture": "#8"},
				"east": {"uv": [6, 3, 5, 4], "texture": "#8"},
				"south": {"uv": [6, 3, 5, 4], "texture": "#8"},
				"west": {"uv": [6, 3, 5, 4], "texture": "#8"},
				"up": {"uv": [0.75, 0, 0, 9], "texture": "#8"},
				"down": {"uv": [0.75, 0, 0, 9], "texture": "#8"}
			}
		},
		{
			"name": "kipp",
			"from": [0.5, 5, -8.4],
			"to": [8, 19.5, -7.9],
			"rotation": {"angle": 0, "axis": "y", "origin": [16.8, 0, -7.8]},
			"faces": {
				"north": {"uv": [6, 3, 5, 4], "texture": "#8"},
				"east": {"uv": [6, 3, 5, 4], "texture": "#8"},
				"south": {"uv": [6, 3, 5, 4], "texture": "#8"},
				"west": {"uv": [6, 3, 5, 4], "texture": "#8"},
				"up": {"uv": [0.75, 0, 0, 9], "texture": "#8"},
				"down": {"uv": [0.75, 0, 0, 9], "texture": "#8"}
			}
		},
		{
			"name": "kipp",
			"from": [0, 5, -8.5],
			"to": [0.5, 20, -8],
			"rotation": {"angle": 0, "axis": "y", "origin": [16.8, 0, -7.8]},
			"faces": {
				"north": {"uv": [6, 3, 5, 4], "texture": "#5"},
				"east": {"uv": [6, 3, 5, 4], "texture": "#5"},
				"south": {"uv": [6, 3, 5, 4], "texture": "#5"},
				"west": {"uv": [6, 3, 5, 4], "texture": "#5"},
				"up": {"uv": [0.75, 0, 0, 9], "texture": "#5"},
				"down": {"uv": [0.75, 0, 0, 9], "texture": "#5"}
			}
		},
		{
			"name": "kipp",
			"from": [0, 4.5, -8.5],
			"to": [8.5, 5, -8],
			"rotation": {"angle": 0, "axis": "y", "origin": [16.8, 0, -7.8]},
			"faces": {
				"north": {"uv": [6, 3, 5, 4], "texture": "#5"},
				"east": {"uv": [6, 3, 5, 4], "texture": "#5"},
				"south": {"uv": [6, 3, 5, 4], "texture": "#5"},
				"west": {"uv": [6, 3, 5, 4], "texture": "#5"},
				"up": {"uv": [0.75, 0, 0, 9], "texture": "#5"},
				"down": {"uv": [0.75, 0, 0, 9], "texture": "#5"}
			}
		},
		{
			"name": "kipp",
			"from": [0, 19.5, -8.5],
			"to": [8.5, 20, -8],
			"rotation": {"angle": 0, "axis": "y", "origin": [16.8, 0, -7.8]},
			"faces": {
				"north": {"uv": [6, 3, 5, 4], "texture": "#5"},
				"east": {"uv": [6, 3, 5, 4], "texture": "#5"},
				"south": {"uv": [6, 3, 5, 4], "texture": "#5"},
				"west": {"uv": [6, 3, 5, 4], "texture": "#5"},
				"up": {"uv": [0.75, 0, 0, 9], "texture": "#5"},
				"down": {"uv": [0.75, 0, 0, 9], "texture": "#5"}
			}
		},
		{
			"name": "kipp",
			"from": [1, 2.25, -9.75],
			"to": [15, 4.75, -9.25],
			"rotation": {"angle": 22.5, "axis": "x", "origin": [16.8, 0, -7.8]},
			"faces": {
				"north": {"uv": [6, 3, 5, 4], "texture": "#0"},
				"east": {"uv": [6, 3, 5, 4], "texture": "#0"},
				"south": {"uv": [6, 3, 5, 4], "texture": "#0"},
				"west": {"uv": [6, 3, 5, 4], "texture": "#0"},
				"up": {"uv": [0.75, 0, 0, 9], "texture": "#0"},
				"down": {"uv": [0.75, 0, 0, 9], "texture": "#0"}
			}
		},
		{
			"name": "kipp",
			"from": [1, 0.75, -8.75],
			"to": [15, 3.25, -8.25],
			"rotation": {"angle": 0, "axis": "y", "origin": [16.8, 0, -7.8]},
			"faces": {
				"north": {"uv": [6, 3, 5, 4], "texture": "#0"},
				"east": {"uv": [6, 3, 5, 4], "texture": "#0"},
				"south": {"uv": [6, 3, 5, 4], "texture": "#0"},
				"west": {"uv": [6, 3, 5, 4], "texture": "#0"},
				"up": {"uv": [0.75, 0, 0, 9], "texture": "#0"},
				"down": {"uv": [0.75, 0, 0, 9], "texture": "#0"}
			}
		},
		{
			"name": "kipp",
			"from": [7.75, 9, -8.5],
			"to": [8.25, 13, -8],
			"rotation": {"angle": 0, "axis": "y", "origin": [16.8, 0, -7.8]},
			"faces": {
				"north": {"uv": [6, 3, 5, 4], "texture": "#5"},
				"east": {"uv": [6, 3, 5, 4], "texture": "#5"},
				"south": {"uv": [6, 3, 5, 4], "texture": "#5"},
				"west": {"uv": [6, 3, 5, 4], "texture": "#5"},
				"up": {"uv": [0.75, 0, 0, 9], "texture": "#5"},
				"down": {"uv": [0.75, 0, 0, 9], "texture": "#5"}
			}
		},
		{
			"name": "kipp",
			"from": [0.25, 18, -8.5],
			"to": [1.25, 18.5, -8],
			"rotation": {"angle": 0, "axis": "y", "origin": [16.8, 0, -7.8]},
			"faces": {
				"north": {"uv": [6, 3, 5, 4], "texture": "#5"},
				"east": {"uv": [6, 3, 5, 4], "texture": "#5"},
				"south": {"uv": [6, 3, 5, 4], "texture": "#5"},
				"west": {"uv": [6, 3, 5, 4], "texture": "#5"},
				"up": {"uv": [0.75, 0, 0, 9], "texture": "#5"},
				"down": {"uv": [0.75, 0, 0, 9], "texture": "#5"}
			}
		},
		{
			"name": "kipp",
			"from": [0.25, 6, -8.5],
			"to": [1.25, 6.5, -8],
			"rotation": {"angle": 0, "axis": "y", "origin": [16.8, 0, -7.8]},
			"faces": {
				"north": {"uv": [6, 3, 5, 4], "texture": "#5"},
				"east": {"uv": [6, 3, 5, 4], "texture": "#5"},
				"south": {"uv": [6, 3, 5, 4], "texture": "#5"},
				"west": {"uv": [6, 3, 5, 4], "texture": "#5"},
				"up": {"uv": [0.75, 0, 0, 9], "texture": "#5"},
				"down": {"uv": [0.75, 0, 0, 9], "texture": "#5"}
			}
		},
		{
			"name": "kipp",
			"from": [0.25, 12, -8.5],
			"to": [1.25, 12.5, -8],
			"rotation": {"angle": 0, "axis": "y", "origin": [16.8, 0, -7.8]},
			"faces": {
				"north": {"uv": [6, 3, 5, 4], "texture": "#5"},
				"east": {"uv": [6, 3, 5, 4], "texture": "#5"},
				"south": {"uv": [6, 3, 5, 4], "texture": "#5"},
				"west": {"uv": [6, 3, 5, 4], "texture": "#5"},
				"up": {"uv": [0.75, 0, 0, 9], "texture": "#5"},
				"down": {"uv": [0.75, 0, 0, 9], "texture": "#5"}
			}
		},
		{
			"from": [0.4, 19.75, -7.95],
			"to": [15.4, 20.5, 30.55],
			"rotation": {"angle": 0, "axis": "y", "origin": [16.8, 0, -7.8]},
			"faces": {
				"north": {"uv": [7, 0, 0, 1], "texture": "#5"},
				"east": {"uv": [10, 0, 0, 1], "texture": "#5"},
				"south": {"uv": [7, 0, 0, 1], "texture": "#5"},
				"west": {"uv": [10, 0, 0, 1], "texture": "#5"},
				"up": {"uv": [7, 0, 0, 10], "texture": "#5"},
				"down": {"uv": [7, 0, 0, 10], "texture": "#5"}
			}
		}
	],
	"display": {
		"head": {
			"rotation": [0, -180, 0],
			"translation": [0, -9, 0],
			"scale": [4, 4, 4]
		}
	}
}