{
	"credit": "Made with Blockbench",
	"textures": {
		"0": "block/gray_terracotta",
		"2": "block/black_terracotta",
		"particle": "block/gray_terracotta"
	},
	"elements": [
		{
			"from": [0, 0.5, -3],
			"to": [13, 3.5, 8],
			"faces": {
				"north": {"uv": [0, 0, 13, 3], "texture": "#2"},
				"east": {"uv": [0, 0, 16, 3], "texture": "#2"},
				"south": {"uv": [0, 0, 13, 3], "texture": "#2"},
				"west": {"uv": [7, 5, 8, 6], "texture": "#2"},
				"up": {"uv": [0, 0, 13, 16], "texture": "#2"},
				"down": {"uv": [0, 0, 13, 16], "texture": "#2"}
			}
		},
		{
			"from": [-2, -2, 0],
			"to": [0, 3, 1.25],
			"faces": {
				"north": {"uv": [0, 0, 2, 5], "texture": "#2"},
				"east": {"uv": [0, 0, 1.25, 5], "texture": "#2"},
				"south": {"uv": [0, 0, 2, 5], "texture": "#2"},
				"west": {"uv": [0, 0, 1.25, 5], "texture": "#2"},
				"up": {"uv": [0, 0, 2, 1.25], "texture": "#2"},
				"down": {"uv": [0, 0, 2, 1.25], "texture": "#2"}
			}
		},
		{
			"from": [-2, -1, 5],
			"to": [0, 2, 7],
			"rotation": {"angle": 0, "axis": "y", "origin": [0, -1, 0]},
			"faces": {
				"north": {"uv": [0, 0, 2, 3], "texture": "#0"},
				"east": {"uv": [0, 0, 2, 3], "texture": "#0"},
				"south": {"uv": [0, 0, 2, 3], "texture": "#0"},
				"west": {"uv": [0, 0, 2, 3], "texture": "#0"},
				"up": {"uv": [0, 0, 2, 2], "texture": "#0"},
				"down": {"uv": [0, 0, 2, 2], "texture": "#0"}
			}
		},
		{
			"from": [-3, 0, -1],
			"to": [-2, 1, 7],
			"faces": {
				"north": {"uv": [0, 0, 1, 1], "texture": "#0"},
				"east": {"uv": [0, 0, 8, 1], "texture": "#0"},
				"south": {"uv": [0, 0, 1, 1], "texture": "#0"},
				"west": {"uv": [0, 0, 8, 1], "texture": "#0"},
				"up": {"uv": [0, 0, 1, 8], "texture": "#0"},
				"down": {"uv": [0, 0, 1, 8], "texture": "#0"}
			}
		},
		{
			"from": [-3, 0, -4],
			"to": [-2, 1, 0],
			"rotation": {"angle": 45, "axis": "x", "origin": [0, 0, 0]},
			"faces": {
				"north": {"uv": [0, 0, 1, 1], "texture": "#0"},
				"east": {"uv": [0, 0, 4, 1], "texture": "#0"},
				"south": {"uv": [0, 0, 1, 1], "texture": "#0"},
				"west": {"uv": [0, 0, 4, 1], "texture": "#0"},
				"up": {"uv": [0, 0, 1, 4], "texture": "#0"},
				"down": {"uv": [0, 0, 1, 4], "texture": "#0"}
			}
		},
		{
			"from": [-2, -6, 4.75],
			"to": [0, -1, 6.75],
			"rotation": {"angle": -45, "axis": "x", "origin": [0, -1, 0]},
			"faces": {
				"north": {"uv": [0, 0, 2, 5], "texture": "#0"},
				"east": {"uv": [0, 0, 2, 5], "texture": "#0"},
				"south": {"uv": [0, 0, 2, 5], "texture": "#0"},
				"west": {"uv": [0, 0, 2, 5], "texture": "#0"},
				"up": {"uv": [0, 0, 2, 2], "texture": "#0"},
				"down": {"uv": [0, 0, 2, 2], "texture": "#0"}
			}
		},
		{
			"from": [-2, -2.25, 0],
			"to": [0, 2.75, 1.25],
			"rotation": {"angle": -22.5, "axis": "x", "origin": [0, 0, 0]},
			"faces": {
				"north": {"uv": [0, 0, 2, 5], "texture": "#2"},
				"east": {"uv": [0, 0, 1.25, 5], "texture": "#2"},
				"south": {"uv": [0, 0, 2, 5], "texture": "#2"},
				"west": {"uv": [0, 0, 1.25, 5], "texture": "#2"},
				"up": {"uv": [0, 0, 2, 1.25], "texture": "#2"},
				"down": {"uv": [0, 0, 2, 1.25], "texture": "#2"}
			}
		},
		{
			"from": [-2, -2.5, 0],
			"to": [0, 2.5, 1.25],
			"rotation": {"angle": -45, "axis": "x", "origin": [0, 0, 0]},
			"faces": {
				"north": {"uv": [0, 0, 2, 5], "texture": "#2"},
				"east": {"uv": [0, 0, 1.25, 5], "texture": "#2"},
				"south": {"uv": [0, 0, 2, 5], "texture": "#2"},
				"west": {"uv": [0, 0, 1.25, 5], "texture": "#2"},
				"up": {"uv": [0, 0, 2, 1.25], "texture": "#2"},
				"down": {"uv": [0, 0, 2, 1.25], "texture": "#2"}
			}
		},
		{
			"from": [-2, -1.75, 0],
			"to": [0, 3.25, 1.25],
			"rotation": {"angle": 22.5, "axis": "x", "origin": [0, 0, 0]},
			"faces": {
				"north": {"uv": [0, 0, 2, 5], "texture": "#2"},
				"east": {"uv": [0, 0, 1.25, 5], "texture": "#2"},
				"south": {"uv": [0, 0, 2, 5], "texture": "#2"},
				"west": {"uv": [0, 0, 1.25, 5], "texture": "#2"},
				"up": {"uv": [0, 0, 2, 1.25], "texture": "#2"},
				"down": {"uv": [0, 0, 2, 1.25], "texture": "#2"}
			}
		},
		{
			"from": [-2, -1.75, 0],
			"to": [0, 3.25, 1.25],
			"rotation": {"angle": 45, "axis": "x", "origin": [0, 0, 0]},
			"faces": {
				"north": {"uv": [0, 0, 2, 5], "texture": "#2"},
				"east": {"uv": [0, 0, 1.25, 5], "texture": "#2"},
				"south": {"uv": [0, 0, 2, 5], "texture": "#2"},
				"west": {"uv": [0, 0, 1.25, 5], "texture": "#2"},
				"up": {"uv": [0, 0, 2, 1.25], "texture": "#2"},
				"down": {"uv": [0, 0, 2, 1.25], "texture": "#2"}
			}
		},
		{
			"from": [-2, 0, -2],
			"to": [0, 1.25, 3],
			"faces": {
				"north": {"uv": [0, 0, 2, 1.25], "texture": "#2"},
				"east": {"uv": [0, 0, 5, 1.25], "texture": "#2"},
				"south": {"uv": [0, 0, 2, 1.25], "texture": "#2"},
				"west": {"uv": [4, 4, 9, 5.25], "texture": "#2"},
				"up": {"uv": [0, 0, 2, 5], "texture": "#2"},
				"down": {"uv": [0, 0, 2, 5], "texture": "#2"}
			}
		},
		{
			"from": [-2, 0, -1.75],
			"to": [0, 1.25, 3.25],
			"rotation": {"angle": -22.5, "axis": "x", "origin": [0, 0, 0]},
			"faces": {
				"north": {"uv": [0, 0, 2, 1.25], "texture": "#2"},
				"east": {"uv": [0, 0, 5, 1.25], "texture": "#2"},
				"south": {"uv": [0, 0, 2, 1.25], "texture": "#2"},
				"west": {"uv": [0, 0, 5, 1.25], "texture": "#2"},
				"up": {"uv": [0, 0, 2, 5], "texture": "#2"},
				"down": {"uv": [0, 0, 2, 5], "texture": "#2"}
			}
		},
		{
			"from": [-2, -0.25, -1.75],
			"to": [0, 1, 3.25],
			"rotation": {"angle": -45, "axis": "x", "origin": [0, 0, 0]},
			"faces": {
				"north": {"uv": [0, 0, 2, 1.25], "texture": "#2"},
				"east": {"uv": [0, 0, 5, 1.25], "texture": "#2"},
				"south": {"uv": [0, 0, 2, 1.25], "texture": "#2"},
				"west": {"uv": [0, 0, 5, 1.25], "texture": "#2"},
				"up": {"uv": [0, 0, 2, 5], "texture": "#2"},
				"down": {"uv": [0, 0, 2, 5], "texture": "#2"}
			}
		},
		{
			"from": [-2, 0, -2.25],
			"to": [0, 1.25, 2.75],
			"rotation": {"angle": 22.5, "axis": "x", "origin": [0, 0, 0]},
			"faces": {
				"north": {"uv": [0, 0, 2, 1.25], "texture": "#2"},
				"east": {"uv": [0, 0, 5, 1.25], "texture": "#2"},
				"south": {"uv": [0, 0, 2, 1.25], "texture": "#2"},
				"west": {"uv": [0, 0, 5, 1.25], "texture": "#2"},
				"up": {"uv": [0, 0, 2, 5], "texture": "#2"},
				"down": {"uv": [0, 0, 2, 5], "texture": "#2"}
			}
		},
		{
			"from": [13, -6, 4.75],
			"to": [15, -1, 6.75],
			"rotation": {"angle": -45, "axis": "x", "origin": [13, -1, 0]},
			"faces": {
				"north": {"uv": [2, 0, 4, 5], "texture": "#0"},
				"east": {"uv": [2, 0, 4, 5], "texture": "#0"},
				"south": {"uv": [2, 0, 4, 5], "texture": "#0"},
				"west": {"uv": [2, 0, 4, 5], "texture": "#0"},
				"up": {"uv": [2, 0, 4, 2], "texture": "#0"},
				"down": {"uv": [2, 0, 4, 2], "texture": "#0"}
			}
		},
		{
			"from": [13, -1, 5],
			"to": [15, 2, 7],
			"rotation": {"angle": 0, "axis": "y", "origin": [13, -1, 0]},
			"faces": {
				"north": {"uv": [2, 0, 4, 3], "texture": "#0"},
				"east": {"uv": [2, 0, 4, 3], "texture": "#0"},
				"south": {"uv": [2, 0, 4, 3], "texture": "#0"},
				"west": {"uv": [2, 0, 4, 3], "texture": "#0"},
				"up": {"uv": [2, 0, 4, 2], "texture": "#0"},
				"down": {"uv": [2, 0, 4, 2], "texture": "#0"}
			}
		},
		{
			"from": [15, 0, -1],
			"to": [16, 1, 7],
			"rotation": {"angle": 0, "axis": "y", "origin": [13, 0, 0]},
			"faces": {
				"north": {"uv": [1, 0, 2, 1], "texture": "#0"},
				"east": {"uv": [8, 0, 16, 1], "texture": "#0"},
				"south": {"uv": [1, 0, 2, 1], "texture": "#0"},
				"west": {"uv": [8, 0, 16, 1], "texture": "#0"},
				"up": {"uv": [1, 0, 2, 8], "texture": "#0"},
				"down": {"uv": [1, 0, 2, 8], "texture": "#0"}
			}
		},
		{
			"from": [15, 0, -4],
			"to": [16, 1, 0],
			"rotation": {"angle": 45, "axis": "x", "origin": [13, 0, 0]},
			"faces": {
				"north": {"uv": [1, 0, 2, 1], "texture": "#0"},
				"east": {"uv": [4, 0, 8, 1], "texture": "#0"},
				"south": {"uv": [1, 0, 2, 1], "texture": "#0"},
				"west": {"uv": [4, 0, 8, 1], "texture": "#0"},
				"up": {"uv": [1, 0, 2, 4], "texture": "#0"},
				"down": {"uv": [1, 0, 2, 4], "texture": "#0"}
			}
		},
		{
			"from": [13, -2, 0],
			"to": [15, 3, 1.25],
			"rotation": {"angle": 0, "axis": "y", "origin": [13, 0, 0]},
			"faces": {
				"north": {"uv": [2, 0, 4, 5], "texture": "#2"},
				"east": {"uv": [1.25, 0, 2.5, 5], "texture": "#2"},
				"south": {"uv": [2, 0, 4, 5], "texture": "#2"},
				"west": {"uv": [1.25, 0, 2.5, 5], "texture": "#2"},
				"up": {"uv": [2, 0, 4, 1.25], "texture": "#2"},
				"down": {"uv": [2, 0, 4, 1.25], "texture": "#2"}
			}
		},
		{
			"from": [13, 0, -2],
			"to": [15, 1.25, 3],
			"rotation": {"angle": 0, "axis": "y", "origin": [13, 0, 0]},
			"faces": {
				"north": {"uv": [2, 0, 0, 1.25], "texture": "#2"},
				"east": {"uv": [9, 4, 4, 5.25], "texture": "#2"},
				"south": {"uv": [2, 0, 0, 1.25], "texture": "#2"},
				"west": {"uv": [5, 0, 0, 1.25], "texture": "#2"},
				"up": {"uv": [2, 0, 0, 5], "texture": "#2"},
				"down": {"uv": [2, 0, 0, 5], "texture": "#2"}
			}
		},
		{
			"from": [13, -1.75, 0],
			"to": [15, 3.25, 1.25],
			"rotation": {"angle": 22.5, "axis": "x", "origin": [13, 0, 0]},
			"faces": {
				"north": {"uv": [2, 0, 4, 5], "texture": "#2"},
				"east": {"uv": [1.25, 0, 2.5, 5], "texture": "#2"},
				"south": {"uv": [2, 0, 4, 5], "texture": "#2"},
				"west": {"uv": [1.25, 0, 2.5, 5], "texture": "#2"},
				"up": {"uv": [2, 0, 4, 1.25], "texture": "#2"},
				"down": {"uv": [2, 0, 4, 1.25], "texture": "#2"}
			}
		},
		{
			"from": [13, -1.75, 0],
			"to": [15, 3.25, 1.25],
			"rotation": {"angle": 45, "axis": "x", "origin": [13, 0, 0]},
			"faces": {
				"north": {"uv": [2, 0, 4, 5], "texture": "#2"},
				"east": {"uv": [1.25, 0, 2.5, 5], "texture": "#2"},
				"south": {"uv": [2, 0, 4, 5], "texture": "#2"},
				"west": {"uv": [1.25, 0, 2.5, 5], "texture": "#2"},
				"up": {"uv": [2, 0, 4, 1.25], "texture": "#2"},
				"down": {"uv": [2, 0, 4, 1.25], "texture": "#2"}
			}
		},
		{
			"from": [13, 0, -2.25],
			"to": [15, 1.25, 2.75],
			"rotation": {"angle": 22.5, "axis": "x", "origin": [13, 0, 0]},
			"faces": {
				"north": {"uv": [2, 0, 4, 1.25], "texture": "#2"},
				"east": {"uv": [5, 0, 10, 1.25], "texture": "#2"},
				"south": {"uv": [2, 0, 4, 1.25], "texture": "#2"},
				"west": {"uv": [5, 0, 10, 1.25], "texture": "#2"},
				"up": {"uv": [2, 0, 4, 5], "texture": "#2"},
				"down": {"uv": [2, 0, 4, 5], "texture": "#2"}
			}
		},
		{
			"from": [13, -2.25, 0],
			"to": [15, 2.75, 1.25],
			"rotation": {"angle": -22.5, "axis": "x", "origin": [13, 0, 0]},
			"faces": {
				"north": {"uv": [2, 0, 4, 5], "texture": "#2"},
				"east": {"uv": [1.25, 0, 2.5, 5], "texture": "#2"},
				"south": {"uv": [2, 0, 4, 5], "texture": "#2"},
				"west": {"uv": [1.25, 0, 2.5, 5], "texture": "#2"},
				"up": {"uv": [2, 0, 4, 1.25], "texture": "#2"},
				"down": {"uv": [2, 0, 4, 1.25], "texture": "#2"}
			}
		},
		{
			"from": [13, -2.5, 0],
			"to": [15, 2.5, 1.25],
			"rotation": {"angle": -45, "axis": "x", "origin": [13, 0, 0]},
			"faces": {
				"north": {"uv": [2, 0, 4, 5], "texture": "#2"},
				"east": {"uv": [1.25, 0, 2.5, 5], "texture": "#2"},
				"south": {"uv": [2, 0, 4, 5], "texture": "#2"},
				"west": {"uv": [1.25, 0, 2.5, 5], "texture": "#2"},
				"up": {"uv": [2, 0, 4, 1.25], "texture": "#2"},
				"down": {"uv": [2, 0, 4, 1.25], "texture": "#2"}
			}
		},
		{
			"from": [13, 0, -1.75],
			"to": [15, 1.25, 3.25],
			"rotation": {"angle": -22.5, "axis": "x", "origin": [13, 0, 0]},
			"faces": {
				"north": {"uv": [2, 0, 4, 1.25], "texture": "#2"},
				"east": {"uv": [5, 0, 10, 1.25], "texture": "#2"},
				"south": {"uv": [2, 0, 4, 1.25], "texture": "#2"},
				"west": {"uv": [5, 0, 10, 1.25], "texture": "#2"},
				"up": {"uv": [2, 0, 4, 5], "texture": "#2"},
				"down": {"uv": [2, 0, 4, 5], "texture": "#2"}
			}
		},
		{
			"from": [13, -0.25, -1.75],
			"to": [15, 1, 3.25],
			"rotation": {"angle": -45, "axis": "x", "origin": [13, 0, 0]},
			"faces": {
				"north": {"uv": [2, 0, 4, 1.25], "texture": "#2"},
				"east": {"uv": [5, 0, 10, 1.25], "texture": "#2"},
				"south": {"uv": [2, 0, 4, 1.25], "texture": "#2"},
				"west": {"uv": [5, 0, 10, 1.25], "texture": "#2"},
				"up": {"uv": [2, 0, 4, 5], "texture": "#2"},
				"down": {"uv": [2, 0, 4, 5], "texture": "#2"}
			}
		},
		{
			"from": [13, -6, 7.25],
			"to": [15, -1, 9.25],
			"rotation": {"angle": 45, "axis": "x", "origin": [13, -1, 14]},
			"faces": {
				"north": {"uv": [4, 0, 6, 5], "texture": "#0"},
				"east": {"uv": [4, 0, 6, 5], "texture": "#0"},
				"south": {"uv": [4, 0, 6, 5], "texture": "#0"},
				"west": {"uv": [4, 0, 6, 5], "texture": "#0"},
				"up": {"uv": [2, 2, 4, 4], "texture": "#0"},
				"down": {"uv": [2, 2, 4, 4], "texture": "#0"}
			}
		},
		{
			"from": [13, -1, 7],
			"to": [15, 2, 9],
			"rotation": {"angle": 0, "axis": "y", "origin": [13, -1, 14]},
			"faces": {
				"north": {"uv": [4, 0, 6, 3], "texture": "#0"},
				"east": {"uv": [4, 0, 6, 3], "texture": "#0"},
				"south": {"uv": [4, 0, 6, 3], "texture": "#0"},
				"west": {"uv": [4, 0, 6, 3], "texture": "#0"},
				"up": {"uv": [2, 2, 4, 4], "texture": "#0"},
				"down": {"uv": [2, 2, 4, 4], "texture": "#0"}
			}
		},
		{
			"from": [15, 0, 7],
			"to": [16, 1, 15],
			"rotation": {"angle": 0, "axis": "y", "origin": [13, 0, 14]},
			"faces": {
				"north": {"uv": [2, 0, 3, 1], "texture": "#0"},
				"east": {"uv": [8, 0, 16, 1], "texture": "#0"},
				"south": {"uv": [2, 0, 3, 1], "texture": "#0"},
				"west": {"uv": [8, 0, 16, 1], "texture": "#0"},
				"up": {"uv": [1, 8, 2, 16], "texture": "#0"},
				"down": {"uv": [1, 8, 2, 16], "texture": "#0"}
			}
		},
		{
			"from": [15, 0, 14],
			"to": [16, 1, 18],
			"rotation": {"angle": -45, "axis": "x", "origin": [13, 0, 14]},
			"faces": {
				"north": {"uv": [2, 0, 3, 1], "texture": "#0"},
				"east": {"uv": [8, 0, 12, 1], "texture": "#0"},
				"south": {"uv": [2, 0, 3, 1], "texture": "#0"},
				"west": {"uv": [8, 0, 12, 1], "texture": "#0"},
				"up": {"uv": [1, 4, 2, 8], "texture": "#0"},
				"down": {"uv": [1, 4, 2, 8], "texture": "#0"}
			}
		},
		{
			"from": [13, -2, 12.75],
			"to": [15, 3, 14],
			"rotation": {"angle": 0, "axis": "y", "origin": [13, 0, 14]},
			"faces": {
				"north": {"uv": [4, 0, 6, 5], "texture": "#2"},
				"east": {"uv": [2.5, 0, 3.75, 5], "texture": "#2"},
				"south": {"uv": [4, 0, 6, 5], "texture": "#2"},
				"west": {"uv": [2.5, 0, 3.75, 5], "texture": "#2"},
				"up": {"uv": [2, 1.25, 4, 2.5], "texture": "#2"},
				"down": {"uv": [2, 1.25, 4, 2.5], "texture": "#2"}
			}
		},
		{
			"from": [13, 0, 11],
			"to": [15, 1.25, 16],
			"rotation": {"angle": 0, "axis": "y", "origin": [13, 0, 14]},
			"faces": {
				"north": {"uv": [0, 0, 2, 1.25], "texture": "#2"},
				"east": {"uv": [4, 4, 9, 5.25], "texture": "#2"},
				"south": {"uv": [0, 0, 2, 1.25], "texture": "#2"},
				"west": {"uv": [0, 0, 5, 1.25], "texture": "#2"},
				"up": {"uv": [2, 5, 0, 0], "texture": "#2"},
				"down": {"uv": [2, 5, 0, 0], "texture": "#2"}
			}
		},
		{
			"from": [13, -1.75, 12.75],
			"to": [15, 3.25, 14],
			"rotation": {"angle": -22.5, "axis": "x", "origin": [13, 0, 14]},
			"faces": {
				"north": {"uv": [4, 0, 6, 5], "texture": "#2"},
				"east": {"uv": [2.5, 0, 3.75, 5], "texture": "#2"},
				"south": {"uv": [4, 0, 6, 5], "texture": "#2"},
				"west": {"uv": [2.5, 0, 3.75, 5], "texture": "#2"},
				"up": {"uv": [2, 1.25, 4, 2.5], "texture": "#2"},
				"down": {"uv": [2, 1.25, 4, 2.5], "texture": "#2"}
			}
		},
		{
			"from": [13, -1.75, 12.75],
			"to": [15, 3.25, 14],
			"rotation": {"angle": -45, "axis": "x", "origin": [13, 0, 14]},
			"faces": {
				"north": {"uv": [4, 0, 6, 5], "texture": "#2"},
				"east": {"uv": [2.5, 0, 3.75, 5], "texture": "#2"},
				"south": {"uv": [4, 0, 6, 5], "texture": "#2"},
				"west": {"uv": [2.5, 0, 3.75, 5], "texture": "#2"},
				"up": {"uv": [2, 1.25, 4, 2.5], "texture": "#2"},
				"down": {"uv": [2, 1.25, 4, 2.5], "texture": "#2"}
			}
		},
		{
			"from": [13, 0, 11.25],
			"to": [15, 1.25, 16.25],
			"rotation": {"angle": -22.5, "axis": "x", "origin": [13, 0, 14]},
			"faces": {
				"north": {"uv": [4, 0, 6, 1.25], "texture": "#2"},
				"east": {"uv": [10, 0, 15, 1.25], "texture": "#2"},
				"south": {"uv": [4, 0, 6, 1.25], "texture": "#2"},
				"west": {"uv": [10, 0, 15, 1.25], "texture": "#2"},
				"up": {"uv": [2, 5, 4, 10], "texture": "#2"},
				"down": {"uv": [2, 5, 4, 10], "texture": "#2"}
			}
		},
		{
			"from": [13, -2.25, 12.75],
			"to": [15, 2.75, 14],
			"rotation": {"angle": 22.5, "axis": "x", "origin": [13, 0, 14]},
			"faces": {
				"north": {"uv": [4, 0, 6, 5], "texture": "#2"},
				"east": {"uv": [2.5, 0, 3.75, 5], "texture": "#2"},
				"south": {"uv": [4, 0, 6, 5], "texture": "#2"},
				"west": {"uv": [2.5, 0, 3.75, 5], "texture": "#2"},
				"up": {"uv": [2, 1.25, 4, 2.5], "texture": "#2"},
				"down": {"uv": [2, 1.25, 4, 2.5], "texture": "#2"}
			}
		},
		{
			"from": [13, -2.5, 12.75],
			"to": [15, 2.5, 14],
			"rotation": {"angle": 45, "axis": "x", "origin": [13, 0, 14]},
			"faces": {
				"north": {"uv": [4, 0, 6, 5], "texture": "#2"},
				"east": {"uv": [2.5, 0, 3.75, 5], "texture": "#2"},
				"south": {"uv": [4, 0, 6, 5], "texture": "#2"},
				"west": {"uv": [2.5, 0, 3.75, 5], "texture": "#2"},
				"up": {"uv": [2, 1.25, 4, 2.5], "texture": "#2"},
				"down": {"uv": [2, 1.25, 4, 2.5], "texture": "#2"}
			}
		},
		{
			"from": [13, 0, 10.75],
			"to": [15, 1.25, 15.75],
			"rotation": {"angle": 22.5, "axis": "x", "origin": [13, 0, 14]},
			"faces": {
				"north": {"uv": [4, 0, 6, 1.25], "texture": "#2"},
				"east": {"uv": [10, 0, 15, 1.25], "texture": "#2"},
				"south": {"uv": [4, 0, 6, 1.25], "texture": "#2"},
				"west": {"uv": [10, 0, 15, 1.25], "texture": "#2"},
				"up": {"uv": [2, 5, 4, 10], "texture": "#2"},
				"down": {"uv": [2, 5, 4, 10], "texture": "#2"}
			}
		},
		{
			"from": [13, -0.25, 10.75],
			"to": [15, 1, 15.75],
			"rotation": {"angle": 45, "axis": "x", "origin": [13, 0, 14]},
			"faces": {
				"north": {"uv": [4, 0, 6, 1.25], "texture": "#2"},
				"east": {"uv": [10, 0, 15, 1.25], "texture": "#2"},
				"south": {"uv": [4, 0, 6, 1.25], "texture": "#2"},
				"west": {"uv": [10, 0, 15, 1.25], "texture": "#2"},
				"up": {"uv": [2, 5, 4, 10], "texture": "#2"},
				"down": {"uv": [2, 5, 4, 10], "texture": "#2"}
			}
		},
		{
			"from": [0, 0.5, 6],
			"to": [13, 3.5, 17],
			"rotation": {"angle": 0, "axis": "y", "origin": [0, 0, 14]},
			"faces": {
				"north": {"uv": [13, 0, 0, 3], "texture": "#2"},
				"east": {"uv": [16, 0, 0, 3], "texture": "#2"},
				"south": {"uv": [13, 0, 0, 3], "texture": "#2"},
				"west": {"uv": [8, 5, 7, 6], "texture": "#2"},
				"up": {"uv": [0, 16, 13, 0], "texture": "#2"},
				"down": {"uv": [0, 16, 13, 0], "texture": "#2"}
			}
		},
		{
			"from": [-2, -2, 12.75],
			"to": [0, 3, 14],
			"rotation": {"angle": 0, "axis": "y", "origin": [0, 0, 14]},
			"faces": {
				"north": {"uv": [2, 0, 4, 5], "texture": "#2"},
				"east": {"uv": [1.25, 0, 2.5, 5], "texture": "#2"},
				"south": {"uv": [2, 0, 4, 5], "texture": "#2"},
				"west": {"uv": [1.25, 0, 2.5, 5], "texture": "#2"},
				"up": {"uv": [0, 1.25, 2, 2.5], "texture": "#2"},
				"down": {"uv": [0, 1.25, 2, 2.5], "texture": "#2"}
			}
		},
		{
			"from": [-2, 0, 11],
			"to": [0, 1.25, 16],
			"rotation": {"angle": 0, "axis": "y", "origin": [0, 0, 14]},
			"faces": {
				"north": {"uv": [2, 0, 0, 1.25], "texture": "#2"},
				"east": {"uv": [5, 0, 0, 1.25], "texture": "#2"},
				"south": {"uv": [2, 0, 0, 1.25], "texture": "#2"},
				"west": {"uv": [9, 4, 4, 5.25], "texture": "#2"},
				"up": {"uv": [0, 5, 2, 0], "texture": "#2"},
				"down": {"uv": [0, 5, 2, 0], "texture": "#2"}
			}
		},
		{
			"from": [-2, -1.75, 12.75],
			"to": [0, 3.25, 14],
			"rotation": {"angle": -22.5, "axis": "x", "origin": [0, 0, 14]},
			"faces": {
				"north": {"uv": [2, 0, 4, 5], "texture": "#2"},
				"east": {"uv": [1.25, 0, 2.5, 5], "texture": "#2"},
				"south": {"uv": [2, 0, 4, 5], "texture": "#2"},
				"west": {"uv": [1.25, 0, 2.5, 5], "texture": "#2"},
				"up": {"uv": [0, 1.25, 2, 2.5], "texture": "#2"},
				"down": {"uv": [0, 1.25, 2, 2.5], "texture": "#2"}
			}
		},
		{
			"from": [-2, -1.75, 12.75],
			"to": [0, 3.25, 14],
			"rotation": {"angle": -45, "axis": "x", "origin": [0, 0, 14]},
			"faces": {
				"north": {"uv": [2, 0, 4, 5], "texture": "#2"},
				"east": {"uv": [1.25, 0, 2.5, 5], "texture": "#2"},
				"south": {"uv": [2, 0, 4, 5], "texture": "#2"},
				"west": {"uv": [1.25, 0, 2.5, 5], "texture": "#2"},
				"up": {"uv": [0, 1.25, 2, 2.5], "texture": "#2"},
				"down": {"uv": [0, 1.25, 2, 2.5], "texture": "#2"}
			}
		},
		{
			"from": [-2, 0, 11.25],
			"to": [0, 1.25, 16.25],
			"rotation": {"angle": -22.5, "axis": "x", "origin": [0, 0, 14]},
			"faces": {
				"north": {"uv": [2, 0, 4, 1.25], "texture": "#2"},
				"east": {"uv": [5, 0, 10, 1.25], "texture": "#2"},
				"south": {"uv": [2, 0, 4, 1.25], "texture": "#2"},
				"west": {"uv": [5, 0, 10, 1.25], "texture": "#2"},
				"up": {"uv": [0, 5, 2, 10], "texture": "#2"},
				"down": {"uv": [0, 5, 2, 10], "texture": "#2"}
			}
		},
		{
			"from": [-2, -2.25, 12.75],
			"to": [0, 2.75, 14],
			"rotation": {"angle": 22.5, "axis": "x", "origin": [0, 0, 14]},
			"faces": {
				"north": {"uv": [2, 0, 4, 5], "texture": "#2"},
				"east": {"uv": [1.25, 0, 2.5, 5], "texture": "#2"},
				"south": {"uv": [2, 0, 4, 5], "texture": "#2"},
				"west": {"uv": [1.25, 0, 2.5, 5], "texture": "#2"},
				"up": {"uv": [0, 1.25, 2, 2.5], "texture": "#2"},
				"down": {"uv": [0, 1.25, 2, 2.5], "texture": "#2"}
			}
		},
		{
			"from": [-2, -2.5, 12.75],
			"to": [0, 2.5, 14],
			"rotation": {"angle": 45, "axis": "x", "origin": [0, 0, 14]},
			"faces": {
				"north": {"uv": [2, 0, 4, 5], "texture": "#2"},
				"east": {"uv": [1.25, 0, 2.5, 5], "texture": "#2"},
				"south": {"uv": [2, 0, 4, 5], "texture": "#2"},
				"west": {"uv": [1.25, 0, 2.5, 5], "texture": "#2"},
				"up": {"uv": [0, 1.25, 2, 2.5], "texture": "#2"},
				"down": {"uv": [0, 1.25, 2, 2.5], "texture": "#2"}
			}
		},
		{
			"from": [-2, 0, 10.75],
			"to": [0, 1.25, 15.75],
			"rotation": {"angle": 22.5, "axis": "x", "origin": [0, 0, 14]},
			"faces": {
				"north": {"uv": [2, 0, 4, 1.25], "texture": "#2"},
				"east": {"uv": [5, 0, 10, 1.25], "texture": "#2"},
				"south": {"uv": [2, 0, 4, 1.25], "texture": "#2"},
				"west": {"uv": [5, 0, 10, 1.25], "texture": "#2"},
				"up": {"uv": [0, 5, 2, 10], "texture": "#2"},
				"down": {"uv": [0, 5, 2, 10], "texture": "#2"}
			}
		},
		{
			"from": [-2, -0.25, 10.75],
			"to": [0, 1, 15.75],
			"rotation": {"angle": 45, "axis": "x", "origin": [0, 0, 14]},
			"faces": {
				"north": {"uv": [2, 0, 4, 1.25], "texture": "#2"},
				"east": {"uv": [5, 0, 10, 1.25], "texture": "#2"},
				"south": {"uv": [2, 0, 4, 1.25], "texture": "#2"},
				"west": {"uv": [5, 0, 10, 1.25], "texture": "#2"},
				"up": {"uv": [0, 5, 2, 10], "texture": "#2"},
				"down": {"uv": [0, 5, 2, 10], "texture": "#2"}
			}
		},
		{
			"from": [-2, -1, 7],
			"to": [0, 2, 9],
			"rotation": {"angle": 0, "axis": "y", "origin": [0, -1, 14]},
			"faces": {
				"north": {"uv": [2, 0, 4, 3], "texture": "#0"},
				"east": {"uv": [2, 0, 4, 3], "texture": "#0"},
				"south": {"uv": [2, 0, 4, 3], "texture": "#0"},
				"west": {"uv": [2, 0, 4, 3], "texture": "#0"},
				"up": {"uv": [0, 2, 2, 4], "texture": "#0"},
				"down": {"uv": [0, 2, 2, 4], "texture": "#0"}
			}
		},
		{
			"from": [-2, -6, 7.25],
			"to": [0, -1, 9.25],
			"rotation": {"angle": 45, "axis": "x", "origin": [0, -1, 14]},
			"faces": {
				"north": {"uv": [2, 0, 4, 5], "texture": "#0"},
				"east": {"uv": [2, 0, 4, 5], "texture": "#0"},
				"south": {"uv": [2, 0, 4, 5], "texture": "#0"},
				"west": {"uv": [2, 0, 4, 5], "texture": "#0"},
				"up": {"uv": [0, 2, 2, 4], "texture": "#0"},
				"down": {"uv": [0, 2, 2, 4], "texture": "#0"}
			}
		},
		{
			"from": [-3, 0, 7],
			"to": [-2, 1, 15],
			"rotation": {"angle": 0, "axis": "y", "origin": [0, 0, 14]},
			"faces": {
				"north": {"uv": [1, 0, 2, 1], "texture": "#0"},
				"east": {"uv": [8, 0, 16, 1], "texture": "#0"},
				"south": {"uv": [1, 0, 2, 1], "texture": "#0"},
				"west": {"uv": [8, 0, 16, 1], "texture": "#0"},
				"up": {"uv": [0, 8, 1, 16], "texture": "#0"},
				"down": {"uv": [0, 8, 1, 16], "texture": "#0"}
			}
		},
		{
			"from": [-3, 0, 14],
			"to": [-2, 1, 18],
			"rotation": {"angle": -45, "axis": "x", "origin": [0, 0, 14]},
			"faces": {
				"north": {"uv": [1, 0, 2, 1], "texture": "#0"},
				"east": {"uv": [4, 0, 8, 1], "texture": "#0"},
				"south": {"uv": [1, 0, 2, 1], "texture": "#0"},
				"west": {"uv": [4, 0, 8, 1], "texture": "#0"},
				"up": {"uv": [0, 4, 1, 8], "texture": "#0"},
				"down": {"uv": [0, 4, 1, 8], "texture": "#0"}
			}
		}
	],
	"display": {
		"head": {
			"translation": [5.5, -6, 5],
			"scale": [3.5, 3.5, 3.5]
		}
	}
}