{
	"credit": "Made with Blockbench",
	"textures": {
		"0": "block/stone",
		"1": "block/light_gray_concrete_powder",
		"2": "block/gray_wool",
		"particle": "block/stone"
	},
	"elements": [
		{
			"from": [6.2, -4, 6.5],
			"to": [9.2, -3, 11.3],
			"rotation": {"angle": 0, "axis": "y", "origin": [5.5, -4, 6.2]},
			"faces": {
				"north": {"uv": [0, 0, 4, 1], "texture": "#0"},
				"east": {"uv": [0, 0, 6, 1], "texture": "#0"},
				"south": {"uv": [0, 0, 4, 1], "texture": "#0"},
				"west": {"uv": [0, 0, 6, 1], "texture": "#0"},
				"up": {"uv": [0, 0, 4, 6], "texture": "#0"},
				"down": {"uv": [0, 0, 4, 6], "texture": "#0"}
			}
		},
		{
			"from": [6.5, -3, 6.9],
			"to": [7, -1, 7.9],
			"rotation": {"angle": 0, "axis": "y", "origin": [6.5, 1, 7.1]},
			"faces": {
				"north": {"uv": [0, 0, 0.5, 2], "texture": "#2"},
				"east": {"uv": [0, 0, 1, 2], "texture": "#2"},
				"south": {"uv": [0, 0, 0.5, 2], "texture": "#2"},
				"west": {"uv": [0, 0, 1, 2], "texture": "#2"},
				"up": {"uv": [0, 0, 0.5, 1], "texture": "#2"},
				"down": {"uv": [0, 0, 0.5, 1], "texture": "#2"}
			}
		},
		{
			"from": [6.5, -3, 9.8],
			"to": [7, -1, 10.8],
			"rotation": {"angle": 0, "axis": "y", "origin": [6.5, 1, 10]},
			"faces": {
				"north": {"uv": [0, 0, 0.5, 2], "texture": "#2"},
				"east": {"uv": [0, 0, 1, 2], "texture": "#2"},
				"south": {"uv": [0, 0, 0.5, 2], "texture": "#2"},
				"west": {"uv": [0, 0, 1, 2], "texture": "#2"},
				"up": {"uv": [0, 0, 0.5, 1], "texture": "#2"},
				"down": {"uv": [0, 0, 0.5, 1], "texture": "#2"}
			}
		},
		{
			"from": [8.5, -3, 9.8],
			"to": [9, -1, 10.8],
			"rotation": {"angle": 0, "axis": "y", "origin": [8.5, 1, 10]},
			"faces": {
				"north": {"uv": [0, 0, 0.5, 2], "texture": "#2"},
				"east": {"uv": [0, 0, 1, 2], "texture": "#2"},
				"south": {"uv": [0, 0, 0.5, 2], "texture": "#2"},
				"west": {"uv": [0, 0, 1, 2], "texture": "#2"},
				"up": {"uv": [0, 0, 0.5, 1], "texture": "#2"},
				"down": {"uv": [0, 0, 0.5, 1], "texture": "#2"}
			}
		},
		{
			"from": [8.5, -3, 6.9],
			"to": [9, -1, 7.9],
			"rotation": {"angle": 0, "axis": "y", "origin": [8.5, 1, 7.1]},
			"faces": {
				"north": {"uv": [0, 0, 0.5, 2], "texture": "#2"},
				"east": {"uv": [0, 0, 1, 2], "texture": "#2"},
				"south": {"uv": [0, 0, 0.5, 2], "texture": "#2"},
				"west": {"uv": [0, 0, 1, 2], "texture": "#2"},
				"up": {"uv": [0, 0, 0.5, 1], "texture": "#2"},
				"down": {"uv": [0, 0, 0.5, 1], "texture": "#2"}
			}
		},
		{
			"from": [8.5, -1, 7.3],
			"to": [9, 32, 7.8],
			"rotation": {"angle": 0, "axis": "y", "origin": [8.5, 3, 7.3]},
			"faces": {
				"north": {"uv": [11, 13, 12, 14], "texture": "#1"},
				"east": {"uv": [11, 13, 12, 14], "texture": "#1"},
				"south": {"uv": [11, 13, 12, 14], "texture": "#1"},
				"west": {"uv": [11, 13, 12, 14], "texture": "#1"},
				"up": {"uv": [11, 13, 12, 14], "texture": "#1"},
				"down": {"uv": [0, 0, 0.5, 0.5], "texture": "#1"}
			}
		},
		{
			"from": [6.5, -1, 7.2],
			"to": [7, 32, 7.7],
			"rotation": {"angle": 0, "axis": "y", "origin": [6.5, 3, 7.2]},
			"faces": {
				"north": {"uv": [11, 13, 12, 14], "texture": "#1"},
				"east": {"uv": [11, 13, 12, 14], "texture": "#1"},
				"south": {"uv": [11, 13, 12, 14], "texture": "#1"},
				"west": {"uv": [11, 13, 12, 14], "texture": "#1"},
				"up": {"uv": [11, 13, 12, 14], "texture": "#1"},
				"down": {"uv": [0, 0, 0.5, 0.5], "texture": "#1"}
			}
		},
		{
			"from": [6.5, 31.5, 7.5],
			"to": [7, 32, 10.5],
			"rotation": {"angle": 0, "axis": "y", "origin": [6.5, 33.5, 7.5]},
			"faces": {
				"north": {"uv": [11, 13, 12, 14], "texture": "#1"},
				"east": {"uv": [11, 13, 12, 14], "texture": "#1"},
				"south": {"uv": [11, 13, 12, 14], "texture": "#1"},
				"west": {"uv": [11, 13, 12, 14], "texture": "#1"},
				"up": {"uv": [11, 13, 12, 14], "texture": "#1"},
				"down": {"uv": [0, 0, 0.5, 0.5], "texture": "#1"}
			}
		},
		{
			"from": [6.6, -2.5, 4.75],
			"to": [7, -2, 8.75],
			"rotation": {"angle": -45, "axis": "x", "origin": [6.6, 1.5, 4.75]},
			"faces": {
				"north": {"uv": [11, 13, 12, 14], "texture": "#1"},
				"east": {"uv": [11, 13, 12, 14], "texture": "#1"},
				"south": {"uv": [11, 13, 12, 14], "texture": "#1"},
				"west": {"uv": [11, 13, 12, 14], "texture": "#1"},
				"up": {"uv": [11, 13, 12, 14], "texture": "#1"},
				"down": {"uv": [0, 0, 0.5, 0.5], "texture": "#1"}
			}
		},
		{
			"from": [6.6, 3, 10],
			"to": [7, 3.5, 14],
			"rotation": {"angle": 45, "axis": "x", "origin": [6.6, 7, 10]},
			"faces": {
				"north": {"uv": [11, 13, 12, 14], "texture": "#1"},
				"east": {"uv": [11, 13, 12, 14], "texture": "#1"},
				"south": {"uv": [11, 13, 12, 14], "texture": "#1"},
				"west": {"uv": [11, 13, 12, 14], "texture": "#1"},
				"up": {"uv": [11, 13, 12, 14], "texture": "#1"},
				"down": {"uv": [0, 0, 0.5, 0.5], "texture": "#1"}
			}
		},
		{
			"from": [6.6, 8, 10],
			"to": [7, 8.5, 14],
			"rotation": {"angle": 45, "axis": "x", "origin": [6.6, 12, 10]},
			"faces": {
				"north": {"uv": [11, 13, 12, 14], "texture": "#1"},
				"east": {"uv": [11, 13, 12, 14], "texture": "#1"},
				"south": {"uv": [11, 13, 12, 14], "texture": "#1"},
				"west": {"uv": [11, 13, 12, 14], "texture": "#1"},
				"up": {"uv": [11, 13, 12, 14], "texture": "#1"},
				"down": {"uv": [0, 0, 0.5, 0.5], "texture": "#1"}
			}
		},
		{
			"from": [6.6, 2.5, 4.75],
			"to": [7, 3, 8.75],
			"rotation": {"angle": -45, "axis": "x", "origin": [6.6, 6.5, 4.75]},
			"faces": {
				"north": {"uv": [11, 13, 12, 14], "texture": "#1"},
				"east": {"uv": [11, 13, 12, 14], "texture": "#1"},
				"south": {"uv": [11, 13, 12, 14], "texture": "#1"},
				"west": {"uv": [11, 13, 12, 14], "texture": "#1"},
				"up": {"uv": [11, 13, 12, 14], "texture": "#1"},
				"down": {"uv": [0, 0, 0.5, 0.5], "texture": "#1"}
			}
		},
		{
			"from": [6.6, 18, 10],
			"to": [7, 18.5, 14],
			"rotation": {"angle": 45, "axis": "x", "origin": [6.6, 22, 10]},
			"faces": {
				"north": {"uv": [11, 13, 12, 14], "texture": "#1"},
				"east": {"uv": [11, 13, 12, 14], "texture": "#1"},
				"south": {"uv": [11, 13, 12, 14], "texture": "#1"},
				"west": {"uv": [11, 13, 12, 14], "texture": "#1"},
				"up": {"uv": [11, 13, 12, 14], "texture": "#1"},
				"down": {"uv": [0, 0, 0.5, 0.5], "texture": "#1"}
			}
		},
		{
			"from": [6.6, 12.5, 4.75],
			"to": [7, 13, 8.75],
			"rotation": {"angle": -45, "axis": "x", "origin": [6.6, 16.5, 4.75]},
			"faces": {
				"north": {"uv": [11, 13, 12, 14], "texture": "#1"},
				"east": {"uv": [11, 13, 12, 14], "texture": "#1"},
				"south": {"uv": [11, 13, 12, 14], "texture": "#1"},
				"west": {"uv": [11, 13, 12, 14], "texture": "#1"},
				"up": {"uv": [11, 13, 12, 14], "texture": "#1"},
				"down": {"uv": [0, 0, 0.5, 0.5], "texture": "#1"}
			}
		},
		{
			"from": [6.6, 13, 10],
			"to": [7, 13.5, 14],
			"rotation": {"angle": 45, "axis": "x", "origin": [6.6, 17, 10]},
			"faces": {
				"north": {"uv": [11, 13, 12, 14], "texture": "#1"},
				"east": {"uv": [11, 13, 12, 14], "texture": "#1"},
				"south": {"uv": [11, 13, 12, 14], "texture": "#1"},
				"west": {"uv": [11, 13, 12, 14], "texture": "#1"},
				"up": {"uv": [11, 13, 12, 14], "texture": "#1"},
				"down": {"uv": [0, 0, 0.5, 0.5], "texture": "#1"}
			}
		},
		{
			"from": [6.6, 7.5, 4.75],
			"to": [7, 8, 8.75],
			"rotation": {"angle": -45, "axis": "x", "origin": [6.6, 11.5, 4.75]},
			"faces": {
				"north": {"uv": [11, 13, 12, 14], "texture": "#1"},
				"east": {"uv": [11, 13, 12, 14], "texture": "#1"},
				"south": {"uv": [11, 13, 12, 14], "texture": "#1"},
				"west": {"uv": [11, 13, 12, 14], "texture": "#1"},
				"up": {"uv": [11, 13, 12, 14], "texture": "#1"},
				"down": {"uv": [0, 0, 0.5, 0.5], "texture": "#1"}
			}
		},
		{
			"from": [6.6, 28, 10],
			"to": [7, 28.5, 14],
			"rotation": {"angle": 45, "axis": "x", "origin": [6.6, 32, 10]},
			"faces": {
				"north": {"uv": [11, 13, 12, 14], "texture": "#1"},
				"east": {"uv": [11, 13, 12, 14], "texture": "#1"},
				"south": {"uv": [11, 13, 12, 14], "texture": "#1"},
				"west": {"uv": [11, 13, 12, 14], "texture": "#1"},
				"up": {"uv": [11, 13, 12, 14], "texture": "#1"},
				"down": {"uv": [0, 0, 0.5, 0.5], "texture": "#1"}
			}
		},
		{
			"from": [6.6, 22.5, 4.75],
			"to": [7, 23, 8.75],
			"rotation": {"angle": -45, "axis": "x", "origin": [6.6, 26.5, 4.75]},
			"faces": {
				"north": {"uv": [11, 13, 12, 14], "texture": "#1"},
				"east": {"uv": [11, 13, 12, 14], "texture": "#1"},
				"south": {"uv": [11, 13, 12, 14], "texture": "#1"},
				"west": {"uv": [11, 13, 12, 14], "texture": "#1"},
				"up": {"uv": [11, 13, 12, 14], "texture": "#1"},
				"down": {"uv": [0, 0, 0.5, 0.5], "texture": "#1"}
			}
		},
		{
			"from": [6.6, 27.5, 4.75],
			"to": [7, 28, 8.75],
			"rotation": {"angle": -45, "axis": "x", "origin": [6.6, 31.5, 4.75]},
			"faces": {
				"north": {"uv": [11, 13, 12, 14], "texture": "#1"},
				"east": {"uv": [11, 13, 12, 14], "texture": "#1"},
				"south": {"uv": [11, 13, 12, 14], "texture": "#1"},
				"west": {"uv": [11, 13, 12, 14], "texture": "#1"},
				"up": {"uv": [11, 13, 12, 14], "texture": "#1"},
				"down": {"uv": [0, 0, 0.5, 0.5], "texture": "#1"}
			}
		},
		{
			"from": [6.6, 23, 10],
			"to": [7, 23.5, 14],
			"rotation": {"angle": 45, "axis": "x", "origin": [6.6, 27, 10]},
			"faces": {
				"north": {"uv": [11, 13, 12, 14], "texture": "#1"},
				"east": {"uv": [11, 13, 12, 14], "texture": "#1"},
				"south": {"uv": [11, 13, 12, 14], "texture": "#1"},
				"west": {"uv": [11, 13, 12, 14], "texture": "#1"},
				"up": {"uv": [11, 13, 12, 14], "texture": "#1"},
				"down": {"uv": [0, 0, 0.5, 0.5], "texture": "#1"}
			}
		},
		{
			"from": [6.6, 17.5, 4.75],
			"to": [7, 18, 8.75],
			"rotation": {"angle": -45, "axis": "x", "origin": [6.6, 21.5, 4.75]},
			"faces": {
				"north": {"uv": [11, 13, 12, 14], "texture": "#1"},
				"east": {"uv": [11, 13, 12, 14], "texture": "#1"},
				"south": {"uv": [11, 13, 12, 14], "texture": "#1"},
				"west": {"uv": [11, 13, 12, 14], "texture": "#1"},
				"up": {"uv": [11, 13, 12, 14], "texture": "#1"},
				"down": {"uv": [0, 0, 0.5, 0.5], "texture": "#1"}
			}
		},
		{
			"from": [8.5, 27.5, 8.95],
			"to": [8.9, 28, 12.95],
			"rotation": {"angle": 45, "axis": "x", "origin": [8.9, 31.5, 12.95]},
			"faces": {
				"north": {"uv": [11, 13, 12, 14], "texture": "#1"},
				"east": {"uv": [11, 13, 12, 14], "texture": "#1"},
				"south": {"uv": [11, 13, 12, 14], "texture": "#1"},
				"west": {"uv": [11, 13, 12, 14], "texture": "#1"},
				"up": {"uv": [12, 14, 11, 13], "texture": "#1"},
				"down": {"uv": [0.5, 0.5, 0, 0], "texture": "#1"}
			}
		},
		{
			"from": [8.5, 28, 3.7],
			"to": [8.9, 28.5, 7.7],
			"rotation": {"angle": -45, "axis": "x", "origin": [8.9, 32, 7.7]},
			"faces": {
				"north": {"uv": [11, 13, 12, 14], "texture": "#1"},
				"east": {"uv": [11, 13, 12, 14], "texture": "#1"},
				"south": {"uv": [11, 13, 12, 14], "texture": "#1"},
				"west": {"uv": [11, 13, 12, 14], "texture": "#1"},
				"up": {"uv": [12, 14, 11, 13], "texture": "#1"},
				"down": {"uv": [0.5, 0.5, 0, 0], "texture": "#1"}
			}
		},
		{
			"from": [8.5, 22.5, 8.95],
			"to": [8.9, 23, 12.95],
			"rotation": {"angle": 45, "axis": "x", "origin": [8.9, 26.5, 12.95]},
			"faces": {
				"north": {"uv": [11, 13, 12, 14], "texture": "#1"},
				"east": {"uv": [11, 13, 12, 14], "texture": "#1"},
				"south": {"uv": [11, 13, 12, 14], "texture": "#1"},
				"west": {"uv": [11, 13, 12, 14], "texture": "#1"},
				"up": {"uv": [12, 14, 11, 13], "texture": "#1"},
				"down": {"uv": [0.5, 0.5, 0, 0], "texture": "#1"}
			}
		},
		{
			"from": [8.5, 23, 3.7],
			"to": [8.9, 23.5, 7.7],
			"rotation": {"angle": -45, "axis": "x", "origin": [8.9, 27, 7.7]},
			"faces": {
				"north": {"uv": [11, 13, 12, 14], "texture": "#1"},
				"east": {"uv": [11, 13, 12, 14], "texture": "#1"},
				"south": {"uv": [11, 13, 12, 14], "texture": "#1"},
				"west": {"uv": [11, 13, 12, 14], "texture": "#1"},
				"up": {"uv": [12, 14, 11, 13], "texture": "#1"},
				"down": {"uv": [0.5, 0.5, 0, 0], "texture": "#1"}
			}
		},
		{
			"from": [8.5, 17.5, 8.95],
			"to": [8.9, 18, 12.95],
			"rotation": {"angle": 45, "axis": "x", "origin": [8.9, 21.5, 12.95]},
			"faces": {
				"north": {"uv": [11, 13, 12, 14], "texture": "#1"},
				"east": {"uv": [11, 13, 12, 14], "texture": "#1"},
				"south": {"uv": [11, 13, 12, 14], "texture": "#1"},
				"west": {"uv": [11, 13, 12, 14], "texture": "#1"},
				"up": {"uv": [12, 14, 11, 13], "texture": "#1"},
				"down": {"uv": [0.5, 0.5, 0, 0], "texture": "#1"}
			}
		},
		{
			"from": [8.5, 18, 3.7],
			"to": [8.9, 18.5, 7.7],
			"rotation": {"angle": -45, "axis": "x", "origin": [8.9, 22, 7.7]},
			"faces": {
				"north": {"uv": [11, 13, 12, 14], "texture": "#1"},
				"east": {"uv": [11, 13, 12, 14], "texture": "#1"},
				"south": {"uv": [11, 13, 12, 14], "texture": "#1"},
				"west": {"uv": [11, 13, 12, 14], "texture": "#1"},
				"up": {"uv": [12, 14, 11, 13], "texture": "#1"},
				"down": {"uv": [0.5, 0.5, 0, 0], "texture": "#1"}
			}
		},
		{
			"from": [8.5, 12.5, 8.95],
			"to": [8.9, 13, 12.95],
			"rotation": {"angle": 45, "axis": "x", "origin": [8.9, 16.5, 12.95]},
			"faces": {
				"north": {"uv": [11, 13, 12, 14], "texture": "#1"},
				"east": {"uv": [11, 13, 12, 14], "texture": "#1"},
				"south": {"uv": [11, 13, 12, 14], "texture": "#1"},
				"west": {"uv": [11, 13, 12, 14], "texture": "#1"},
				"up": {"uv": [12, 14, 11, 13], "texture": "#1"},
				"down": {"uv": [0.5, 0.5, 0, 0], "texture": "#1"}
			}
		},
		{
			"from": [8.5, 13, 3.7],
			"to": [8.9, 13.5, 7.7],
			"rotation": {"angle": -45, "axis": "x", "origin": [8.9, 17, 7.7]},
			"faces": {
				"north": {"uv": [11, 13, 12, 14], "texture": "#1"},
				"east": {"uv": [11, 13, 12, 14], "texture": "#1"},
				"south": {"uv": [11, 13, 12, 14], "texture": "#1"},
				"west": {"uv": [11, 13, 12, 14], "texture": "#1"},
				"up": {"uv": [12, 14, 11, 13], "texture": "#1"},
				"down": {"uv": [0.5, 0.5, 0, 0], "texture": "#1"}
			}
		},
		{
			"from": [8.5, 7.5, 8.95],
			"to": [8.9, 8, 12.95],
			"rotation": {"angle": 45, "axis": "x", "origin": [8.9, 11.5, 12.95]},
			"faces": {
				"north": {"uv": [11, 13, 12, 14], "texture": "#1"},
				"east": {"uv": [11, 13, 12, 14], "texture": "#1"},
				"south": {"uv": [11, 13, 12, 14], "texture": "#1"},
				"west": {"uv": [11, 13, 12, 14], "texture": "#1"},
				"up": {"uv": [12, 14, 11, 13], "texture": "#1"},
				"down": {"uv": [0.5, 0.5, 0, 0], "texture": "#1"}
			}
		},
		{
			"from": [8.5, 8, 3.7],
			"to": [8.9, 8.5, 7.7],
			"rotation": {"angle": -45, "axis": "x", "origin": [8.9, 12, 7.7]},
			"faces": {
				"north": {"uv": [11, 13, 12, 14], "texture": "#1"},
				"east": {"uv": [11, 13, 12, 14], "texture": "#1"},
				"south": {"uv": [11, 13, 12, 14], "texture": "#1"},
				"west": {"uv": [11, 13, 12, 14], "texture": "#1"},
				"up": {"uv": [12, 14, 11, 13], "texture": "#1"},
				"down": {"uv": [0.5, 0.5, 0, 0], "texture": "#1"}
			}
		},
		{
			"from": [8.5, 2.5, 8.95],
			"to": [8.9, 3, 12.95],
			"rotation": {"angle": 45, "axis": "x", "origin": [8.9, 6.5, 12.95]},
			"faces": {
				"north": {"uv": [11, 13, 12, 14], "texture": "#1"},
				"east": {"uv": [11, 13, 12, 14], "texture": "#1"},
				"south": {"uv": [11, 13, 12, 14], "texture": "#1"},
				"west": {"uv": [11, 13, 12, 14], "texture": "#1"},
				"up": {"uv": [12, 14, 11, 13], "texture": "#1"},
				"down": {"uv": [0.5, 0.5, 0, 0], "texture": "#1"}
			}
		},
		{
			"from": [8.5, -2.5, 8.95],
			"to": [8.9, -2, 12.95],
			"rotation": {"angle": 45, "axis": "x", "origin": [8.9, 1.5, 12.95]},
			"faces": {
				"north": {"uv": [11, 13, 12, 14], "texture": "#1"},
				"east": {"uv": [11, 13, 12, 14], "texture": "#1"},
				"south": {"uv": [11, 13, 12, 14], "texture": "#1"},
				"west": {"uv": [11, 13, 12, 14], "texture": "#1"},
				"up": {"uv": [12, 14, 11, 13], "texture": "#1"},
				"down": {"uv": [0.5, 0.5, 0, 0], "texture": "#1"}
			}
		},
		{
			"from": [8.5, 3, 3.7],
			"to": [8.9, 3.5, 7.7],
			"rotation": {"angle": -45, "axis": "x", "origin": [8.9, 7, 7.7]},
			"faces": {
				"north": {"uv": [11, 13, 12, 14], "texture": "#1"},
				"east": {"uv": [11, 13, 12, 14], "texture": "#1"},
				"south": {"uv": [11, 13, 12, 14], "texture": "#1"},
				"west": {"uv": [11, 13, 12, 14], "texture": "#1"},
				"up": {"uv": [12, 14, 11, 13], "texture": "#1"},
				"down": {"uv": [0.5, 0.5, 0, 0], "texture": "#1"}
			}
		},
		{
			"from": [8.5, 31.5, 7.5],
			"to": [9, 32, 10.5],
			"rotation": {"angle": 0, "axis": "y", "origin": [8.5, 33.5, 7.5]},
			"faces": {
				"north": {"uv": [11, 13, 12, 14], "texture": "#1"},
				"east": {"uv": [11, 13, 12, 14], "texture": "#1"},
				"south": {"uv": [11, 13, 12, 14], "texture": "#1"},
				"west": {"uv": [11, 13, 12, 14], "texture": "#1"},
				"up": {"uv": [11, 13, 12, 14], "texture": "#1"},
				"down": {"uv": [0, 0, 0.5, 0.5], "texture": "#1"}
			}
		},
		{
			"from": [8.5, -1, 10],
			"to": [9, 32, 10.5],
			"rotation": {"angle": 0, "axis": "y", "origin": [8.5, 3, 10]},
			"faces": {
				"north": {"uv": [11, 13, 12, 14], "texture": "#1"},
				"east": {"uv": [11, 13, 12, 14], "texture": "#1"},
				"south": {"uv": [11, 13, 12, 14], "texture": "#1"},
				"west": {"uv": [11, 13, 12, 14], "texture": "#1"},
				"up": {"uv": [11, 13, 12, 14], "texture": "#1"},
				"down": {"uv": [0, 0, 0.5, 0.5], "texture": "#1"}
			}
		},
		{
			"from": [6.5, -1, 10],
			"to": [7, 32, 10.5],
			"rotation": {"angle": 0, "axis": "y", "origin": [6.5, 3, 10]},
			"faces": {
				"north": {"uv": [11, 13, 12, 14], "texture": "#1"},
				"east": {"uv": [11, 13, 12, 14], "texture": "#1"},
				"south": {"uv": [11, 13, 12, 14], "texture": "#1"},
				"west": {"uv": [11, 13, 12, 14], "texture": "#1"},
				"up": {"uv": [11, 13, 12, 14], "texture": "#1"},
				"down": {"uv": [0, 0, 0.5, 0.5], "texture": "#1"}
			}
		},
		{
			"from": [7, -2, 10],
			"to": [8.5, 32, 10.3],
			"rotation": {"angle": 0, "axis": "y", "origin": [7, 2, 10]},
			"faces": {
				"north": {"uv": [11, 13, 12, 14], "texture": "#1"},
				"east": {"uv": [11, 13, 12, 14], "texture": "#1"},
				"south": {"uv": [11, 13, 12, 14], "texture": "#1"},
				"west": {"uv": [11, 13, 12, 14], "texture": "#1"},
				"up": {"uv": [11, 13, 12, 14], "texture": "#1"},
				"down": {"uv": [0, 0, 0.5, 0.5], "texture": "#1"}
			}
		},
		{
			"from": [7, -2, 7.3],
			"to": [8.5, 32, 7.6],
			"rotation": {"angle": 0, "axis": "y", "origin": [7, 2, 7.3]},
			"faces": {
				"north": {"uv": [11, 13, 12, 14], "texture": "#1"},
				"east": {"uv": [11, 13, 12, 14], "texture": "#1"},
				"south": {"uv": [11, 13, 12, 14], "texture": "#1"},
				"west": {"uv": [11, 13, 12, 14], "texture": "#1"},
				"up": {"uv": [11, 13, 12, 14], "texture": "#1"},
				"down": {"uv": [0, 0, 0.5, 0.5], "texture": "#1"}
			}
		},
		{
			"from": [7, 29, -8],
			"to": [8, 29.8, 5],
			"rotation": {"angle": 0, "axis": "y", "origin": [7, 33, -7.8]},
			"faces": {
				"north": {"uv": [11, 13, 12, 14], "texture": "#1"},
				"east": {"uv": [11, 13, 12, 14], "texture": "#1"},
				"south": {"uv": [11, 13, 12, 14], "texture": "#1"},
				"west": {"uv": [11, 13, 12, 14], "texture": "#1"},
				"up": {"uv": [11, 13, 12, 14], "texture": "#1"},
				"down": {"uv": [0, 0, 0.5, 0.5], "texture": "#1"}
			}
		},
		{
			"from": [7, 28.8, -5],
			"to": [8, 29.6, 9],
			"rotation": {"angle": 22.5, "axis": "x", "origin": [7, 32.8, -4.8]},
			"faces": {
				"north": {"uv": [11, 13, 12, 14], "texture": "#1"},
				"east": {"uv": [11, 13, 12, 14], "texture": "#1"},
				"south": {"uv": [11, 13, 12, 14], "texture": "#1"},
				"west": {"uv": [11, 13, 12, 14], "texture": "#1"},
				"up": {"uv": [11, 13, 12, 14], "texture": "#1"},
				"down": {"uv": [0, 0, 0.5, 0.5], "texture": "#1"}
			}
		},
		{
			"from": [7.1, 24, -7],
			"to": [7.9, 24.7, 7.5],
			"rotation": {"angle": 0, "axis": "y", "origin": [7.1, 28, -6.3]},
			"faces": {
				"north": {"uv": [11, 13, 12, 14], "texture": "#1"},
				"east": {"uv": [11, 13, 12, 14], "texture": "#1"},
				"south": {"uv": [11, 13, 12, 14], "texture": "#1"},
				"west": {"uv": [11, 13, 12, 14], "texture": "#1"},
				"up": {"uv": [11, 13, 12, 14], "texture": "#1"},
				"down": {"uv": [0, 0, 0.5, 0.5], "texture": "#1"}
			}
		},
		{
			"from": [6.9, 29, 5],
			"to": [8.1, 30, 7],
			"rotation": {"angle": 0, "axis": "y", "origin": [6.9, 33, 5.2]},
			"faces": {
				"north": {"uv": [3, 11, 12, 14], "texture": "#2"},
				"east": {"uv": [3, 11, 12, 14], "texture": "#2"},
				"south": {"uv": [3, 11, 12, 14], "texture": "#2"},
				"west": {"uv": [3, 11, 12, 14], "texture": "#2"},
				"up": {"uv": [11, 13, 12, 14], "texture": "#2"},
				"down": {"uv": [3, 11, 12, 14], "texture": "#2"}
			}
		},
		{
			"from": [7, 23, -6.6],
			"to": [8, 24, -4.6],
			"rotation": {"angle": 0, "axis": "y", "origin": [7, 27, -0.6]},
			"faces": {
				"north": {"uv": [3, 11, 12, 14], "texture": "#2"},
				"east": {"uv": [3, 11, 12, 14], "texture": "#2"},
				"south": {"uv": [3, 11, 12, 14], "texture": "#2"},
				"west": {"uv": [3, 11, 12, 14], "texture": "#2"},
				"up": {"uv": [11, 13, 12, 14], "texture": "#2"},
				"down": {"uv": [3, 11, 12, 14], "texture": "#2"}
			}
		}
	],
	"display": {
		"head": {
			"scale": [3.5, 3.5, 3.5]
		}
	}
}