{
	"credit": "Made with Blockbench",
	"textures": {
		"0": "block/oak_planks",
		"1": "block/white_wool",
		"2": "block/gray_wool",
		"4": "block/brown_mushroom_block",
		"particle": "block/oak_planks"
	},
	"elements": [
		{
			"from": [1, 6, 7],
			"to": [15, 15, 10],
			"rotation": {"angle": 0, "axis": "x", "origin": [2, -2, 3]},
			"faces": {
				"north": {"uv": [1, 0, 6, 3], "texture": "#2"},
				"east": {"uv": [0, 0, 3, 5], "texture": "#2"},
				"south": {"uv": [0, 0, 3, 5], "texture": "#2"},
				"west": {"uv": [0, 0, 3, 5], "texture": "#2"},
				"up": {"uv": [13, 8, 14, 9], "texture": "#0"},
				"down": {"uv": [11, 5, 13, 6], "texture": "#0"}
			}
		},
		{
			"from": [15, 6, 7],
			"to": [16, 17, 9],
			"rotation": {"angle": 0, "axis": "x", "origin": [17, -2, 3]},
			"faces": {
				"north": {"uv": [1, 0, 6, 3], "texture": "#4"},
				"east": {"uv": [0, 0, 3, 5], "texture": "#4"},
				"south": {"uv": [0, 0, 3, 5], "texture": "#4"},
				"west": {"uv": [0, 0, 3, 5], "texture": "#4"},
				"up": {"uv": [13, 8, 14, 9], "texture": "#4"},
				"down": {"uv": [11, 5, 13, 6], "texture": "#4"}
			}
		},
		{
			"from": [14, 17, 7],
			"to": [15, 21, 9],
			"rotation": {"angle": 0, "axis": "x", "origin": [17, -2, 3]},
			"faces": {
				"north": {"uv": [1, 0, 6, 3], "texture": "#4"},
				"east": {"uv": [0, 0, 3, 5], "texture": "#4"},
				"south": {"uv": [0, 0, 3, 5], "texture": "#4"},
				"west": {"uv": [0, 0, 3, 5], "texture": "#4"},
				"up": {"uv": [13, 8, 14, 9], "texture": "#4"},
				"down": {"uv": [11, 5, 13, 6], "texture": "#4"}
			}
		},
		{
			"from": [13, 21, -0.5],
			"to": [14, 25, 1.5],
			"rotation": {"angle": 22.5, "axis": "x", "origin": [16, 2, 3]},
			"faces": {
				"north": {"uv": [1, 0, 6, 3], "texture": "#4"},
				"east": {"uv": [0, 0, 3, 5], "texture": "#4"},
				"south": {"uv": [0, 0, 3, 5], "texture": "#4"},
				"west": {"uv": [0, 0, 3, 5], "texture": "#4"},
				"up": {"uv": [13, 8, 14, 9], "texture": "#4"},
				"down": {"uv": [11, 5, 13, 6], "texture": "#4"}
			}
		},
		{
			"from": [12, 25, -0.5],
			"to": [13, 29, 1.5],
			"rotation": {"angle": 22.5, "axis": "x", "origin": [16, 2, 3]},
			"faces": {
				"north": {"uv": [1, 0, 6, 3], "texture": "#4"},
				"east": {"uv": [0, 0, 3, 5], "texture": "#4"},
				"south": {"uv": [0, 0, 3, 5], "texture": "#4"},
				"west": {"uv": [0, 0, 3, 5], "texture": "#4"},
				"up": {"uv": [13, 8, 14, 9], "texture": "#4"},
				"down": {"uv": [11, 5, 13, 6], "texture": "#4"}
			}
		},
		{
			"from": [11, 26, -9.5],
			"to": [12, 30, -7.5],
			"rotation": {"angle": 45, "axis": "x", "origin": [16, 2, 3]},
			"faces": {
				"north": {"uv": [1, 0, 6, 3], "texture": "#4"},
				"east": {"uv": [0, 0, 3, 5], "texture": "#4"},
				"south": {"uv": [0, 0, 3, 5], "texture": "#4"},
				"west": {"uv": [0, 0, 3, 5], "texture": "#4"},
				"up": {"uv": [13, 8, 14, 9], "texture": "#4"},
				"down": {"uv": [11, 5, 13, 6], "texture": "#4"}
			}
		},
		{
			"from": [2.5, 6, 4],
			"to": [16.5, 15, 7],
			"rotation": {"angle": -22.5, "axis": "y", "origin": [2, -2, 3]},
			"faces": {
				"north": {"uv": [1, 0, 6, 3], "texture": "#2"},
				"east": {"uv": [0, 0, 3, 5], "texture": "#2"},
				"south": {"uv": [0, 0, 3, 5], "texture": "#2"},
				"west": {"uv": [0, 0, 3, 5], "texture": "#2"},
				"up": {"uv": [13, 8, 14, 9], "texture": "#0"},
				"down": {"uv": [11, 5, 13, 6], "texture": "#0"}
			}
		},
		{
			"from": [-1.75, 6, 9],
			"to": [12.5, 15, 12],
			"rotation": {"angle": 22.5, "axis": "y", "origin": [2, -2, 3]},
			"faces": {
				"north": {"uv": [1, 0, 6, 3], "texture": "#2"},
				"east": {"uv": [0, 0, 3, 5], "texture": "#2"},
				"south": {"uv": [0, 0, 3, 5], "texture": "#2"},
				"west": {"uv": [0, 0, 3, 5], "texture": "#2"},
				"up": {"uv": [13, 8, 14, 9], "texture": "#0"},
				"down": {"uv": [11, 5, 13, 6], "texture": "#0"}
			}
		},
		{
			"from": [-4.75, 6, 10],
			"to": [9.25, 15, 13],
			"rotation": {"angle": 45, "axis": "y", "origin": [2, -2, 3]},
			"faces": {
				"north": {"uv": [1, 0, 6, 3], "texture": "#2"},
				"east": {"uv": [0, 0, 3, 5], "texture": "#2"},
				"south": {"uv": [0, 0, 3, 5], "texture": "#2"},
				"west": {"uv": [0, 0, 3, 5], "texture": "#2"},
				"up": {"uv": [13, 8, 14, 9], "texture": "#0"},
				"down": {"uv": [11, 5, 13, 6], "texture": "#0"}
			}
		},
		{
			"from": [7.25, 6, 2],
			"to": [10.25, 15, 16],
			"rotation": {"angle": 0, "axis": "y", "origin": [2, -2, 3]},
			"faces": {
				"north": {"uv": [1, 0, 6, 3], "texture": "#2"},
				"east": {"uv": [0, 0, 3, 5], "texture": "#2"},
				"south": {"uv": [0, 0, 3, 5], "texture": "#2"},
				"west": {"uv": [0, 0, 3, 5], "texture": "#2"},
				"up": {"uv": [13, 8, 14, 9], "texture": "#0"},
				"down": {"uv": [11, 5, 13, 6], "texture": "#0"}
			}
		},
		{
			"from": [7.25, 6, 1.5],
			"to": [10.25, 7, 2],
			"rotation": {"angle": 0, "axis": "y", "origin": [2, -2, 3]},
			"faces": {
				"north": {"uv": [1, 0, 6, 3], "texture": "#1"},
				"east": {"uv": [0, 0, 3, 5], "texture": "#1"},
				"south": {"uv": [0, 0, 3, 5], "texture": "#1"},
				"west": {"uv": [0, 0, 3, 5], "texture": "#1"},
				"up": {"uv": [13, 8, 14, 9], "texture": "#1"},
				"down": {"uv": [11, 5, 13, 6], "texture": "#1"}
			}
		},
		{
			"from": [8.75, 6, -1.5],
			"to": [11.75, 7, -1],
			"rotation": {"angle": -22.5, "axis": "y", "origin": [2, -2, 3]},
			"faces": {
				"north": {"uv": [1, 0, 6, 3], "texture": "#1"},
				"east": {"uv": [0, 0, 3, 5], "texture": "#1"},
				"south": {"uv": [0, 0, 3, 5], "texture": "#1"},
				"west": {"uv": [0, 0, 3, 5], "texture": "#1"},
				"up": {"uv": [13, 8, 14, 9], "texture": "#1"},
				"down": {"uv": [11, 5, 13, 6], "texture": "#1"}
			}
		},
		{
			"from": [8.75, 6, -4.75],
			"to": [11.75, 7, -4.25],
			"rotation": {"angle": -45, "axis": "y", "origin": [2, -2, 3]},
			"faces": {
				"north": {"uv": [1, 0, 6, 3], "texture": "#1"},
				"east": {"uv": [0, 0, 3, 5], "texture": "#1"},
				"south": {"uv": [0, 0, 3, 5], "texture": "#1"},
				"west": {"uv": [0, 0, 3, 5], "texture": "#1"},
				"up": {"uv": [13, 8, 14, 9], "texture": "#1"},
				"down": {"uv": [11, 5, 13, 6], "texture": "#1"}
			}
		},
		{
			"from": [12.25, 6, 9],
			"to": [12.75, 7, 12],
			"rotation": {"angle": 22.5, "axis": "y", "origin": [2, -2, 3]},
			"faces": {
				"north": {"uv": [0, 0, 3, 5], "texture": "#1"},
				"east": {"uv": [1, 0, 6, 3], "texture": "#1"},
				"south": {"uv": [0, 0, 3, 5], "texture": "#1"},
				"west": {"uv": [0, 0, 3, 5], "texture": "#1"},
				"up": {"uv": [13, 8, 14, 9], "rotation": 90, "texture": "#1"},
				"down": {"uv": [11, 5, 13, 6], "rotation": 270, "texture": "#1"}
			}
		},
		{
			"from": [4.25, 6, 3.5],
			"to": [7.25, 7, 4],
			"rotation": {"angle": 22.5, "axis": "y", "origin": [2, -2, 3]},
			"faces": {
				"north": {"uv": [1, 0, 6, 3], "texture": "#1"},
				"east": {"uv": [0, 0, 3, 5], "texture": "#1"},
				"south": {"uv": [0, 0, 3, 5], "texture": "#1"},
				"west": {"uv": [0, 0, 3, 5], "texture": "#1"},
				"up": {"uv": [13, 8, 14, 9], "texture": "#1"},
				"down": {"uv": [11, 5, 13, 6], "texture": "#1"}
			}
		},
		{
			"from": [1.25, 6, 4],
			"to": [4.25, 7, 4.5],
			"rotation": {"angle": 45, "axis": "y", "origin": [2, -2, 3]},
			"faces": {
				"north": {"uv": [1, 0, 6, 3], "texture": "#1"},
				"east": {"uv": [0, 0, 3, 5], "texture": "#1"},
				"south": {"uv": [0, 0, 3, 5], "texture": "#1"},
				"west": {"uv": [0, 0, 3, 5], "texture": "#1"},
				"up": {"uv": [13, 8, 14, 9], "texture": "#1"},
				"down": {"uv": [11, 5, 13, 6], "texture": "#1"}
			}
		},
		{
			"from": [12.25, 14, 9],
			"to": [12.75, 15, 12],
			"rotation": {"angle": 22.5, "axis": "y", "origin": [2, 6, 3]},
			"faces": {
				"north": {"uv": [0, 0, 3, 5], "texture": "#1"},
				"east": {"uv": [1, 0, 6, 3], "texture": "#1"},
				"south": {"uv": [0, 0, 3, 5], "texture": "#1"},
				"west": {"uv": [0, 0, 3, 5], "texture": "#1"},
				"up": {"uv": [13, 8, 14, 9], "rotation": 90, "texture": "#1"},
				"down": {"uv": [11, 5, 13, 6], "rotation": 270, "texture": "#1"}
			}
		},
		{
			"from": [8.75, 14, -4.75],
			"to": [11.75, 15, -4.25],
			"rotation": {"angle": -45, "axis": "y", "origin": [2, 6, 3]},
			"faces": {
				"north": {"uv": [1, 0, 6, 3], "texture": "#1"},
				"east": {"uv": [0, 0, 3, 5], "texture": "#1"},
				"south": {"uv": [0, 0, 3, 5], "texture": "#1"},
				"west": {"uv": [0, 0, 3, 5], "texture": "#1"},
				"up": {"uv": [13, 8, 14, 9], "texture": "#1"},
				"down": {"uv": [11, 5, 13, 6], "texture": "#1"}
			}
		},
		{
			"from": [8.75, 14, -1.5],
			"to": [11.75, 15, -1],
			"rotation": {"angle": -22.5, "axis": "y", "origin": [2, 6, 3]},
			"faces": {
				"north": {"uv": [1, 0, 6, 3], "texture": "#1"},
				"east": {"uv": [0, 0, 3, 5], "texture": "#1"},
				"south": {"uv": [0, 0, 3, 5], "texture": "#1"},
				"west": {"uv": [0, 0, 3, 5], "texture": "#1"},
				"up": {"uv": [13, 8, 14, 9], "texture": "#1"},
				"down": {"uv": [11, 5, 13, 6], "texture": "#1"}
			}
		},
		{
			"from": [7.25, 14, 1.5],
			"to": [10.25, 15, 2],
			"rotation": {"angle": 0, "axis": "y", "origin": [2, 6, 3]},
			"faces": {
				"north": {"uv": [1, 0, 6, 3], "texture": "#1"},
				"east": {"uv": [0, 0, 3, 5], "texture": "#1"},
				"south": {"uv": [0, 0, 3, 5], "texture": "#1"},
				"west": {"uv": [0, 0, 3, 5], "texture": "#1"},
				"up": {"uv": [13, 8, 14, 9], "texture": "#1"},
				"down": {"uv": [11, 5, 13, 6], "texture": "#1"}
			}
		},
		{
			"from": [4.25, 14, 3.5],
			"to": [7.25, 15, 4],
			"rotation": {"angle": 22.5, "axis": "y", "origin": [2, 6, 3]},
			"faces": {
				"north": {"uv": [1, 0, 6, 3], "texture": "#1"},
				"east": {"uv": [0, 0, 3, 5], "texture": "#1"},
				"south": {"uv": [0, 0, 3, 5], "texture": "#1"},
				"west": {"uv": [0, 0, 3, 5], "texture": "#1"},
				"up": {"uv": [13, 8, 14, 9], "texture": "#1"},
				"down": {"uv": [11, 5, 13, 6], "texture": "#1"}
			}
		},
		{
			"from": [1.25, 14, 4],
			"to": [4.25, 15, 4.5],
			"rotation": {"angle": 45, "axis": "y", "origin": [2, 6, 3]},
			"faces": {
				"north": {"uv": [1, 0, 6, 3], "texture": "#1"},
				"east": {"uv": [0, 0, 3, 5], "texture": "#1"},
				"south": {"uv": [0, 0, 3, 5], "texture": "#1"},
				"west": {"uv": [0, 0, 3, 5], "texture": "#1"},
				"up": {"uv": [13, 8, 14, 9], "texture": "#1"},
				"down": {"uv": [11, 5, 13, 6], "texture": "#1"}
			}
		},
		{
			"from": [4.25, 6, 4],
			"to": [7.25, 15, 18],
			"rotation": {"angle": 22.5, "axis": "y", "origin": [2, -2, 3]},
			"faces": {
				"north": {"uv": [1, 0, 6, 3], "texture": "#2"},
				"east": {"uv": [0, 0, 3, 5], "texture": "#2"},
				"south": {"uv": [0, 0, 3, 5], "texture": "#2"},
				"west": {"uv": [0, 0, 3, 5], "texture": "#2"},
				"up": {"uv": [13, 8, 14, 9], "texture": "#0"},
				"down": {"uv": [11, 5, 13, 6], "texture": "#0"}
			}
		},
		{
			"from": [1.25, 6, 4.25],
			"to": [4.25, 15, 18.25],
			"rotation": {"angle": 45, "axis": "y", "origin": [2, -2, 3]},
			"faces": {
				"north": {"uv": [1, 0, 6, 3], "texture": "#2"},
				"east": {"uv": [0, 0, 3, 5], "texture": "#2"},
				"south": {"uv": [0, 0, 3, 5], "texture": "#2"},
				"west": {"uv": [0, 0, 3, 5], "texture": "#2"},
				"up": {"uv": [13, 8, 14, 9], "texture": "#0"},
				"down": {"uv": [11, 5, 13, 6], "texture": "#0"}
			}
		},
		{
			"from": [8.75, 6, -1],
			"to": [11.75, 15, 13],
			"rotation": {"angle": -22.5, "axis": "y", "origin": [2, -2, 3]},
			"faces": {
				"north": {"uv": [1, 0, 6, 3], "texture": "#2"},
				"east": {"uv": [0, 0, 3, 5], "texture": "#2"},
				"south": {"uv": [0, 0, 3, 5], "texture": "#2"},
				"west": {"uv": [0, 0, 3, 5], "texture": "#2"},
				"up": {"uv": [13, 8, 14, 9], "texture": "#0"},
				"down": {"uv": [11, 5, 13, 6], "texture": "#0"}
			}
		}
	],
	"display": {
		"thirdperson_righthand": {
			"rotation": [90, 0, 0],
			"translation": [-4, 2, 0],
			"scale": [0.75, 0.75, 0.75]
		},
		"thirdperson_lefthand": {
			"rotation": [90, 0, 20],
			"translation": [-4, 3, 0],
			"scale": [0.75, 0.75, 0.75]
		}
	}
}