{
	"credit": "Made with Blockbench",
	"textures": {
		"0": "block/cyan_terracotta",
		"1": "block/red_concrete",
		"2": "block/gray_concrete",
		"3": "block/iron_block",
		"4": "block/glass",
		"5": "block/light_gray_concrete_powder",
		"6": "block/gray_wool",
		"7": "block/glowstone",
		"8": "custom/kenn",
		"9": "custom/cl",
		"particle": "block/cyan_terracotta"
	},
	"elements": [
		{
			"from": [9, 2.5, -1.5],
			"to": [16, 3.5, 8.5],
			"faces": {
				"north": {"uv": [0, 0, 7, 1], "texture": "#0"},
				"east": {"uv": [0, 0, 10, 1], "texture": "#0"},
				"south": {"uv": [0, 0, 7, 1], "texture": "#0"},
				"west": {"uv": [0, 0, 10, 1], "texture": "#0"},
				"up": {"uv": [0, 0, 7, 10], "texture": "#0"},
				"down": {"uv": [0, 0, 7, 10], "texture": "#0"}
			}
		},
		{
			"from": [6, 0.5, -5.5],
			"to": [12, 3.5, -1.5],
			"faces": {
				"north": {"uv": [0, 0, 6, 3], "texture": "#0"},
				"east": {"uv": [0, 0, 4, 3], "texture": "#0"},
				"south": {"uv": [0, 0, 6, 3], "texture": "#0"},
				"west": {"uv": [0, 0, 4, 3], "texture": "#0"},
				"up": {"uv": [0, 0, 6, 4], "texture": "#0"},
				"down": {"uv": [0, 0, 6, 4], "texture": "#0"}
			}
		},
		{
			"from": [5, 4.75, -5.5],
			"to": [13, 5.25, -4.5],
			"faces": {
				"north": {"uv": [0, 0, 6, 3], "texture": "#0"},
				"east": {"uv": [0, 0, 4, 3], "texture": "#0"},
				"south": {"uv": [0, 0, 6, 3], "texture": "#0"},
				"west": {"uv": [0, 0, 4, 3], "texture": "#0"},
				"up": {"uv": [0, 0, 6, 4], "texture": "#0"},
				"down": {"uv": [0, 0, 6, 4], "texture": "#0"}
			}
		},
		{
			"from": [8, 2.75, -6],
			"to": [9, 4.75, -5],
			"faces": {
				"north": {"uv": [0, 0, 6, 3], "texture": "#0"},
				"east": {"uv": [0, 0, 4, 3], "texture": "#0"},
				"south": {"uv": [0, 0, 6, 3], "texture": "#0"},
				"west": {"uv": [0, 0, 4, 3], "texture": "#0"},
				"up": {"uv": [0, 0, 6, 4], "texture": "#0"},
				"down": {"uv": [0, 0, 6, 4], "texture": "#0"}
			}
		},
		{
			"from": [12.75, 5, -6.5],
			"to": [16.25, 5.5, -1.5],
			"faces": {
				"north": {"uv": [0, 0, 3.5, 0.5], "texture": "#0"},
				"east": {"uv": [0, 0, 5, 0.5], "texture": "#0"},
				"south": {"uv": [0, 0, 3.5, 0.5], "texture": "#0"},
				"west": {"uv": [0, 0, 5, 0.5], "texture": "#0"},
				"up": {"uv": [0, 0, 3.5, 5], "texture": "#0"},
				"down": {"uv": [0, 0, 3.5, 5], "texture": "#0"}
			}
		},
		{
			"from": [12.75, 4.5, -1.5],
			"to": [16.25, 5, -0.5],
			"faces": {
				"north": {"uv": [0, 0, 3.5, 0.5], "texture": "#0"},
				"east": {"uv": [0, 0, 1, 0.5], "texture": "#0"},
				"south": {"uv": [0, 0, 3.5, 0.5], "texture": "#0"},
				"west": {"uv": [0, 0, 1, 0.5], "texture": "#0"},
				"up": {"uv": [0, 0, 3.5, 1], "texture": "#0"},
				"down": {"uv": [0, 0, 3.5, 1], "texture": "#0"}
			}
		},
		{
			"from": [12.75, 8, -2.9],
			"to": [16.25, 8.5, -0.9],
			"rotation": {"angle": -45, "axis": "x", "origin": [0, 0, 0]},
			"faces": {
				"north": {"uv": [0, 0, 3.5, 0.5], "texture": "#0"},
				"east": {"uv": [0, 0, 2, 0.5], "texture": "#0"},
				"south": {"uv": [0, 0, 3.5, 0.5], "texture": "#0"},
				"west": {"uv": [0, 0, 2, 0.5], "texture": "#0"},
				"up": {"uv": [0, 0, 3.5, 2], "texture": "#0"},
				"down": {"uv": [0, 0, 3.5, 2], "texture": "#0"}
			}
		},
		{
			"from": [13.75, 8.1, -2.4],
			"to": [15.75, 8.6, -1.4],
			"rotation": {"angle": -45, "axis": "x", "origin": [0, 0, 0]},
			"faces": {
				"north": {"uv": [0, 0, 2, 0.5], "texture": "#1"},
				"east": {"uv": [0, 0, 1, 0.5], "texture": "#1"},
				"south": {"uv": [0, 0, 2, 0.5], "texture": "#1"},
				"west": {"uv": [0, 0, 1, 0.5], "texture": "#1"},
				"up": {"uv": [0, 0, 2, 1], "texture": "#1"},
				"down": {"uv": [0, 0, 2, 1], "texture": "#1"}
			}
		},
		{
			"from": [16, 1, 16],
			"to": [16.5, 5, 16.5],
			"faces": {
				"north": {"uv": [0, 0, 0.5, 4], "texture": "#1"},
				"east": {"uv": [0, 0, 0.5, 4], "texture": "#1"},
				"south": {"uv": [0, 0, 0.5, 4], "texture": "#1"},
				"west": {"uv": [0, 0, 0.5, 4], "texture": "#1"},
				"up": {"uv": [0, 0, 0.5, 0.5], "texture": "#1"},
				"down": {"uv": [0, 0, 0.5, 0.5], "texture": "#1"}
			}
		},
		{
			"from": [14.75, -0.5, -6.5],
			"to": [16.75, 0.5, -1.5],
			"faces": {
				"north": {"uv": [0, 0, 2, 5], "texture": "#6"},
				"east": {"uv": [0, 0, 5, 5], "texture": "#6"},
				"south": {"uv": [0, 0, 2, 5], "texture": "#6"},
				"west": {"uv": [0, 0, 5, 5], "texture": "#6"},
				"up": {"uv": [0, 0, 2, 5], "texture": "#3"},
				"down": {"uv": [0, 0, 2, 5], "texture": "#6"}
			}
		},
		{
			"from": [14.75, 3.5, -6.5],
			"to": [16.75, 4.5, -1.5],
			"faces": {
				"north": {"uv": [0, 0, 2, 5], "texture": "#6"},
				"east": {"uv": [0, 0, 5, 5], "texture": "#6"},
				"south": {"uv": [0, 0, 2, 5], "texture": "#6"},
				"west": {"uv": [0, 0, 5, 5], "texture": "#6"},
				"up": {"uv": [0, 0, 2, 5], "texture": "#6"},
				"down": {"uv": [0, 0, 2, 5], "texture": "#6"}
			}
		},
		{
			"from": [14.75, 0.5, -6.5],
			"to": [16.75, 3.5, -5.5],
			"faces": {
				"north": {"uv": [0, 0, 2, 5], "texture": "#6"},
				"east": {"uv": [0, 0, 5, 5], "texture": "#6"},
				"south": {"uv": [0, 0, 2, 5], "texture": "#3"},
				"west": {"uv": [0, 0, 5, 5], "texture": "#6"},
				"up": {"uv": [0, 0, 2, 5], "texture": "#6"},
				"down": {"uv": [0, 0, 2, 5], "texture": "#6"}
			}
		},
		{
			"from": [14.75, 0.5, -2.5],
			"to": [16.75, 3.5, -1.5],
			"faces": {
				"north": {"uv": [0, 0, 2, 5], "texture": "#3"},
				"east": {"uv": [0, 0, 5, 5], "texture": "#6"},
				"south": {"uv": [0, 0, 2, 5], "texture": "#6"},
				"west": {"uv": [0, 0, 5, 5], "texture": "#6"},
				"up": {"uv": [0, 0, 2, 5], "texture": "#6"},
				"down": {"uv": [0, 0, 2, 5], "texture": "#6"}
			}
		},
		{
			"from": [12.5, -0.5, -6.5],
			"to": [14.5, 4.5, -1.5],
			"faces": {
				"north": {"uv": [0, 0, 2, 5], "texture": "#6"},
				"east": {"uv": [0, 0, 5, 5], "texture": "#6"},
				"south": {"uv": [0, 0, 2, 5], "texture": "#6"},
				"west": {"uv": [0, 0, 5, 5], "texture": "#6"},
				"up": {"uv": [0, 0, 2, 5], "texture": "#6"},
				"down": {"uv": [0, 0, 2, 5], "texture": "#6"}
			}
		},
		{
			"from": [12.85, 0.25, -5.75],
			"to": [14.85, 3.75, -2.25],
			"faces": {
				"north": {"uv": [0, 0, 2, 3.5], "texture": "#3"},
				"east": {"uv": [9, 7, 12.5, 10.5], "texture": "#3"},
				"south": {"uv": [0, 0, 2, 3.5], "texture": "#3"},
				"west": {"uv": [0, 0, 3.5, 3.5], "texture": "#3"},
				"up": {"uv": [0, 0, 2, 3.5], "texture": "#3"},
				"down": {"uv": [0, 0, 2, 3.5], "texture": "#3"}
			}
		},
		{
			"from": [1.25, 0.5, -6.5],
			"to": [3.25, 3.5, -5.5],
			"rotation": {"angle": 0, "axis": "y", "origin": [16, 0, 0]},
			"faces": {
				"north": {"uv": [2, 0, 0, 5], "texture": "#6"},
				"east": {"uv": [5, 0, 0, 5], "texture": "#6"},
				"south": {"uv": [2, 0, 0, 5], "texture": "#3"},
				"west": {"uv": [5, 0, 0, 5], "texture": "#6"},
				"up": {"uv": [2, 0, 0, 5], "texture": "#6"},
				"down": {"uv": [2, 0, 0, 5], "texture": "#6"}
			}
		},
		{
			"from": [16, 0.5, 16.5],
			"to": [16.5, 1, 19],
			"faces": {
				"north": {"uv": [0, 0, 0.5, 0.5], "texture": "#1"},
				"east": {"uv": [0, 0, 2.5, 0.5], "texture": "#1"},
				"south": {"uv": [0, 0, 0.5, 0.5], "texture": "#1"},
				"west": {"uv": [0, 0, 2.5, 0.5], "texture": "#1"},
				"up": {"uv": [0, 0, 0.5, 2.5], "texture": "#1"},
				"down": {"uv": [0, 0, 0.5, 2.5], "texture": "#1"}
			}
		},
		{
			"from": [16, 5, 10],
			"to": [16.75, 7, 19],
			"faces": {
				"north": {"uv": [0, 0, 0.75, 2], "texture": "#1"},
				"east": {"uv": [0, 0, 9, 2], "texture": "#1"},
				"south": {"uv": [0, 0, 0.75, 2], "texture": "#1"},
				"west": {"uv": [0, 0, 9, 2], "texture": "#1"},
				"up": {"uv": [0, 0, 0.75, 9], "texture": "#1"},
				"down": {"uv": [0, 0, 0.75, 9], "texture": "#1"}
			}
		},
		{
			"from": [16, 5.75, 8],
			"to": [16.75, 7.15, 10],
			"faces": {
				"north": {"uv": [0, 0, 0.75, 1.4], "texture": "#1"},
				"east": {"uv": [0, 0, 2, 1.4], "texture": "#1"},
				"south": {"uv": [0, 0, 0.75, 1.4], "texture": "#1"},
				"west": {"uv": [0, 0, 2, 1.4], "texture": "#1"},
				"up": {"uv": [0, 0, 0.75, 2], "texture": "#1"},
				"down": {"uv": [0, 0, 0.75, 2], "texture": "#1"}
			}
		},
		{
			"from": [16, 1, -1],
			"to": [16.75, 2, 10],
			"faces": {
				"north": {"uv": [0, 0, 0.75, 1], "texture": "#1"},
				"east": {"uv": [0, 0, 11, 1], "texture": "#1"},
				"south": {"uv": [0, 0, 0.75, 1], "texture": "#1"},
				"west": {"uv": [0, 0, 11, 1], "texture": "#1"},
				"up": {"uv": [0, 0, 0.75, 11], "texture": "#1"},
				"down": {"uv": [0, 0, 0.75, 11], "texture": "#1"}
			}
		},
		{
			"from": [16.1, 1.25, 0],
			"to": [16.85, 1.75, 2],
			"faces": {
				"north": {"uv": [0, 0, 0.75, 0.5], "texture": "#0"},
				"east": {"uv": [0, 0, 2, 0.5], "texture": "#0"},
				"south": {"uv": [0, 0, 0.75, 0.5], "texture": "#0"},
				"west": {"uv": [0, 0, 2, 0.5], "texture": "#0"},
				"up": {"uv": [0, 0, 0.75, 2], "texture": "#0"},
				"down": {"uv": [0, 0, 0.75, 2], "texture": "#0"}
			}
		},
		{
			"from": [16.1, 1.25, 7],
			"to": [16.85, 1.75, 9],
			"faces": {
				"north": {"uv": [0, 0, 0.75, 0.5], "texture": "#0"},
				"east": {"uv": [0, 0, 2, 0.5], "texture": "#0"},
				"south": {"uv": [0, 0, 0.75, 0.5], "texture": "#0"},
				"west": {"uv": [0, 0, 2, 0.5], "texture": "#0"},
				"up": {"uv": [0, 0, 0.75, 2], "texture": "#0"},
				"down": {"uv": [0, 0, 0.75, 2], "texture": "#0"}
			}
		},
		{
			"from": [16, 4, -1],
			"to": [16.75, 5, 10],
			"faces": {
				"north": {"uv": [0, 0, 0.75, 1], "texture": "#5"},
				"east": {"uv": [0, 0, 11, 1], "texture": "#5"},
				"south": {"uv": [0, 0, 0.75, 1], "texture": "#5"},
				"west": {"uv": [0, 0, 11, 1], "texture": "#5"},
				"up": {"uv": [0, 0, 0.75, 11], "texture": "#5"},
				"down": {"uv": [0, 0, 0.75, 11], "texture": "#5"}
			}
		},
		{
			"from": [16, 2, -1],
			"to": [17, 4, 10],
			"faces": {
				"north": {"uv": [0, 0, 0.5, 2], "texture": "#1"},
				"east": {"uv": [0, 0, 11, 2], "texture": "#1"},
				"south": {"uv": [0, 0, 0.5, 2], "texture": "#1"},
				"west": {"uv": [0, 0, 11, 2], "texture": "#1"},
				"up": {"uv": [0, 0, 0.5, 11], "texture": "#1"},
				"down": {"uv": [0, 0, 0.5, 11], "texture": "#1"}
			}
		},
		{
			"name": "wheel13",
			"from": [1.4, 2.25, 13.85],
			"to": [1.6, 2.45, 14.05],
			"rotation": {"angle": 0, "axis": "y", "origin": [-1, -2.334, 20.68]},
			"faces": {
				"north": {"uv": [0, 0, 4, 2], "rotation": 270, "texture": "#5"},
				"east": {"uv": [0, 0, 4, 2], "rotation": 270, "texture": "#5"},
				"south": {"uv": [0, 0, 4, 2], "rotation": 270, "texture": "#5"},
				"west": {"uv": [2, 2, 6, 5], "rotation": 270, "texture": "#5"},
				"up": {"uv": [0, 0, 4, 2], "rotation": 270, "texture": "#5"},
				"down": {"uv": [0, 0, 4, 2], "rotation": 270, "texture": "#5"}
			}
		},
		{
			"name": "wheel12",
			"from": [1.4, 1.85, 13.85],
			"to": [1.6, 2.05, 14.05],
			"rotation": {"angle": 0, "axis": "y", "origin": [-1, -2.334, 20.68]},
			"faces": {
				"north": {"uv": [0, 0, 4, 2], "rotation": 270, "texture": "#5"},
				"east": {"uv": [0, 0, 4, 2], "rotation": 270, "texture": "#5"},
				"south": {"uv": [0, 0, 4, 2], "rotation": 270, "texture": "#5"},
				"west": {"uv": [2, 2, 6, 5], "rotation": 270, "texture": "#5"},
				"up": {"uv": [0, 0, 4, 2], "rotation": 270, "texture": "#5"},
				"down": {"uv": [0, 0, 4, 2], "rotation": 270, "texture": "#5"}
			}
		},
		{
			"name": "wheel14",
			"from": [1.4, 2.75, 13.35],
			"to": [1.6, 2.95, 13.55],
			"rotation": {"angle": 0, "axis": "y", "origin": [-1, -2.334, 20.68]},
			"faces": {
				"north": {"uv": [0, 0, 4, 2], "rotation": 270, "texture": "#5"},
				"east": {"uv": [0, 0, 4, 2], "rotation": 270, "texture": "#5"},
				"south": {"uv": [0, 0, 4, 2], "rotation": 270, "texture": "#5"},
				"west": {"uv": [2, 2, 6, 5], "rotation": 270, "texture": "#5"},
				"up": {"uv": [0, 0, 4, 2], "rotation": 270, "texture": "#5"},
				"down": {"uv": [0, 0, 4, 2], "rotation": 270, "texture": "#5"}
			}
		},
		{
			"name": "wheel15",
			"from": [1.4, 2.75, 12.95],
			"to": [1.6, 2.95, 13.15],
			"rotation": {"angle": 0, "axis": "y", "origin": [-1, -2.334, 20.68]},
			"faces": {
				"north": {"uv": [0, 0, 4, 2], "rotation": 270, "texture": "#5"},
				"east": {"uv": [0, 0, 4, 2], "rotation": 270, "texture": "#5"},
				"south": {"uv": [0, 0, 4, 2], "rotation": 270, "texture": "#5"},
				"west": {"uv": [2, 2, 6, 5], "rotation": 270, "texture": "#5"},
				"up": {"uv": [0, 0, 4, 2], "rotation": 270, "texture": "#5"},
				"down": {"uv": [0, 0, 4, 2], "rotation": 270, "texture": "#5"}
			}
		},
		{
			"name": "wheel14",
			"from": [1.4, 1.35, 12.95],
			"to": [1.6, 1.55, 13.15],
			"rotation": {"angle": 0, "axis": "y", "origin": [-1, -2.334, 20.68]},
			"faces": {
				"north": {"uv": [0, 0, 4, 2], "rotation": 270, "texture": "#5"},
				"east": {"uv": [0, 0, 4, 2], "rotation": 270, "texture": "#5"},
				"south": {"uv": [0, 0, 4, 2], "rotation": 270, "texture": "#5"},
				"west": {"uv": [2, 2, 6, 5], "rotation": 270, "texture": "#5"},
				"up": {"uv": [0, 0, 4, 2], "rotation": 270, "texture": "#5"},
				"down": {"uv": [0, 0, 4, 2], "rotation": 270, "texture": "#5"}
			}
		},
		{
			"name": "wheel13",
			"from": [1.4, 1.35, 13.35],
			"to": [1.6, 1.55, 13.55],
			"rotation": {"angle": 0, "axis": "y", "origin": [-1, -2.334, 20.68]},
			"faces": {
				"north": {"uv": [0, 0, 4, 2], "rotation": 270, "texture": "#5"},
				"east": {"uv": [0, 0, 4, 2], "rotation": 270, "texture": "#5"},
				"south": {"uv": [0, 0, 4, 2], "rotation": 270, "texture": "#5"},
				"west": {"uv": [2, 2, 6, 5], "rotation": 270, "texture": "#5"},
				"up": {"uv": [0, 0, 4, 2], "rotation": 270, "texture": "#5"},
				"down": {"uv": [0, 0, 4, 2], "rotation": 270, "texture": "#5"}
			}
		},
		{
			"name": "wheel12",
			"from": [1.4, 2.25, 12.45],
			"to": [1.6, 2.45, 12.65],
			"rotation": {"angle": 0, "axis": "y", "origin": [-1, -2.334, 20.68]},
			"faces": {
				"north": {"uv": [0, 0, 4, 2], "rotation": 270, "texture": "#5"},
				"east": {"uv": [0, 0, 4, 2], "rotation": 270, "texture": "#5"},
				"south": {"uv": [0, 0, 4, 2], "rotation": 270, "texture": "#5"},
				"west": {"uv": [2, 2, 6, 5], "rotation": 270, "texture": "#5"},
				"up": {"uv": [0, 0, 4, 2], "rotation": 270, "texture": "#5"},
				"down": {"uv": [0, 0, 4, 2], "rotation": 270, "texture": "#5"}
			}
		},
		{
			"name": "wheel11",
			"from": [1.4, 1.85, 12.45],
			"to": [1.6, 2.05, 12.65],
			"rotation": {"angle": 0, "axis": "y", "origin": [-1, -2.334, 20.68]},
			"faces": {
				"north": {"uv": [0, 0, 4, 2], "rotation": 270, "texture": "#5"},
				"east": {"uv": [0, 0, 4, 2], "rotation": 270, "texture": "#5"},
				"south": {"uv": [0, 0, 4, 2], "rotation": 270, "texture": "#5"},
				"west": {"uv": [2, 2, 6, 5], "rotation": 270, "texture": "#5"},
				"up": {"uv": [0, 0, 4, 2], "rotation": 270, "texture": "#5"},
				"down": {"uv": [0, 0, 4, 2], "rotation": 270, "texture": "#5"}
			}
		},
		{
			"name": "wheel10",
			"from": [1.4, 2.65, 12.55],
			"to": [1.6, 2.85, 12.75],
			"rotation": {"angle": 0, "axis": "y", "origin": [-1, -2.334, 20.68]},
			"faces": {
				"north": {"uv": [0, 0, 4, 2], "rotation": 270, "texture": "#5"},
				"east": {"uv": [0, 0, 4, 2], "rotation": 270, "texture": "#5"},
				"south": {"uv": [0, 0, 4, 2], "rotation": 270, "texture": "#5"},
				"west": {"uv": [2, 2, 6, 5], "rotation": 270, "texture": "#5"},
				"up": {"uv": [0, 0, 4, 2], "rotation": 270, "texture": "#5"},
				"down": {"uv": [0, 0, 4, 2], "rotation": 270, "texture": "#5"}
			}
		},
		{
			"name": "wheel9",
			"from": [1.4, 2.65, 13.75],
			"to": [1.6, 2.85, 13.95],
			"rotation": {"angle": 0, "axis": "y", "origin": [-1, -2.334, 20.68]},
			"faces": {
				"north": {"uv": [0, 0, 4, 2], "rotation": 270, "texture": "#5"},
				"east": {"uv": [0, 0, 4, 2], "rotation": 270, "texture": "#5"},
				"south": {"uv": [0, 0, 4, 2], "rotation": 270, "texture": "#5"},
				"west": {"uv": [2, 2, 6, 5], "rotation": 270, "texture": "#5"},
				"up": {"uv": [0, 0, 4, 2], "rotation": 270, "texture": "#5"},
				"down": {"uv": [0, 0, 4, 2], "rotation": 270, "texture": "#5"}
			}
		},
		{
			"name": "wheel8",
			"from": [1.4, 1.45, 13.75],
			"to": [1.6, 1.65, 13.95],
			"rotation": {"angle": 0, "axis": "y", "origin": [-1, -2.334, 20.68]},
			"faces": {
				"north": {"uv": [0, 0, 4, 2], "rotation": 270, "texture": "#5"},
				"east": {"uv": [0, 0, 4, 2], "rotation": 270, "texture": "#5"},
				"south": {"uv": [0, 0, 4, 2], "rotation": 270, "texture": "#5"},
				"west": {"uv": [2, 2, 6, 5], "rotation": 270, "texture": "#5"},
				"up": {"uv": [0, 0, 4, 2], "rotation": 270, "texture": "#5"},
				"down": {"uv": [0, 0, 4, 2], "rotation": 270, "texture": "#5"}
			}
		},
		{
			"name": "wheel7",
			"from": [1.4, 1.45, 12.5],
			"to": [1.6, 1.65, 12.7],
			"rotation": {"angle": 0, "axis": "y", "origin": [-1, -2.334, 20.68]},
			"faces": {
				"north": {"uv": [0, 0, 4, 2], "rotation": 270, "texture": "#5"},
				"east": {"uv": [0, 0, 4, 2], "rotation": 270, "texture": "#5"},
				"south": {"uv": [0, 0, 4, 2], "rotation": 270, "texture": "#5"},
				"west": {"uv": [2, 2, 6, 5], "rotation": 270, "texture": "#5"},
				"up": {"uv": [0, 0, 4, 2], "rotation": 270, "texture": "#5"},
				"down": {"uv": [0, 0, 4, 2], "rotation": 270, "texture": "#5"}
			}
		},
		{
			"name": "wheel6",
			"from": [1.5, 0.7, 14.35],
			"to": [3.5, 1, 14.65],
			"rotation": {"angle": 0, "axis": "y", "origin": [-1, -2.3, 20.7]},
			"faces": {
				"north": {"uv": [0, 0, 4, 2], "rotation": 270, "texture": "#3"},
				"east": {"uv": [0, 0, 4, 2], "rotation": 270, "texture": "#3"},
				"south": {"uv": [0, 0, 4, 2], "rotation": 270, "texture": "#3"},
				"west": {"uv": [1, 1, 8, 6], "rotation": 270, "texture": "#3"},
				"up": {"uv": [0, 0, 4, 2], "rotation": 270, "texture": "#3"},
				"down": {"uv": [0, 0, 4, 2], "rotation": 270, "texture": "#3"}
			}
		},
		{
			"name": "wheel5",
			"from": [1.5, 0.7, 11.75],
			"to": [3.5, 1, 12.05],
			"rotation": {"angle": 0, "axis": "y", "origin": [-1, -2.3, 20.7]},
			"faces": {
				"north": {"uv": [0, 0, 4, 2], "rotation": 270, "texture": "#3"},
				"east": {"uv": [0, 0, 4, 2], "rotation": 270, "texture": "#3"},
				"south": {"uv": [0, 0, 4, 2], "rotation": 270, "texture": "#3"},
				"west": {"uv": [1, 1, 8, 6], "rotation": 270, "texture": "#3"},
				"up": {"uv": [0, 0, 4, 2], "rotation": 270, "texture": "#3"},
				"down": {"uv": [0, 0, 4, 2], "rotation": 270, "texture": "#3"}
			}
		},
		{
			"name": "wheel7",
			"from": [1.75, 0.65, 11.65],
			"to": [2.75, 3.55, 14.65],
			"rotation": {"angle": 0, "axis": "y", "origin": [-1, -2.3, 20.68]},
			"faces": {
				"north": {"uv": [0, 0, 4, 2], "rotation": 90, "texture": "#3"},
				"east": {"uv": [0, 0, 4, 2], "rotation": 180, "texture": "#3"},
				"south": {"uv": [0, 0, 4, 2], "rotation": 270, "texture": "#3"},
				"west": {"uv": [0, 0, 1, 1], "texture": "#3"},
				"up": {"uv": [0, 0, 4, 2], "rotation": 90, "texture": "#3"},
				"down": {"uv": [0, 0, 4, 2], "rotation": 270, "texture": "#3"}
			}
		},
		{
			"name": "wheel7",
			"from": [1.4, 1.65, 12.7],
			"to": [2.4, 2.65, 13.7],
			"rotation": {"angle": 0, "axis": "y", "origin": [-1, -2.334, 20.68]},
			"faces": {
				"north": {"uv": [0, 0, 4, 2], "rotation": 270, "texture": "#6"},
				"east": {"uv": [0, 0, 4, 2], "rotation": 270, "texture": "#6"},
				"south": {"uv": [0, 0, 4, 2], "rotation": 270, "texture": "#6"},
				"west": {"uv": [0, 0, 4, 2], "rotation": 270, "texture": "#6"},
				"up": {"uv": [0, 0, 4, 2], "rotation": 270, "texture": "#6"},
				"down": {"uv": [0, 0, 4, 2], "rotation": 270, "texture": "#6"}
			}
		},
		{
			"name": "wheel5",
			"from": [1.5, 0.674, 14.65],
			"to": [3.5, 3.55, 14.782],
			"rotation": {"angle": 0, "axis": "y", "origin": [-1, -2.334, 20.68]},
			"faces": {
				"north": {"uv": [0, 0, 4, 2], "rotation": 270, "texture": "#3"},
				"east": {"uv": [0, 0, 4, 2], "rotation": 270, "texture": "#3"},
				"south": {"uv": [0, 0, 4, 2], "rotation": 270, "texture": "#3"},
				"west": {"uv": [0, 0, 4, 2], "rotation": 270, "texture": "#3"},
				"up": {"uv": [0, 0, 4, 2], "rotation": 270, "texture": "#3"},
				"down": {"uv": [0, 0, 4, 2], "rotation": 270, "texture": "#3"}
			}
		},
		{
			"name": "wheel5",
			"from": [1.5, 0.1, 14.85],
			"to": [3.5, 3.8, 15.85],
			"rotation": {"angle": 0, "axis": "y", "origin": [-1, -2, 20.7]},
			"faces": {
				"north": {"uv": [0, 0, 14, 5], "texture": "#6"},
				"east": {"uv": [0, 0, 14, 5], "texture": "#6"},
				"south": {"uv": [0, 0, 14, 5], "texture": "#6"},
				"west": {"uv": [0, 0, 4, 5], "texture": "#6"},
				"up": {"uv": [0, 0, 14, 5], "texture": "#6"},
				"down": {"uv": [0, 0, 16, 1], "rotation": 270, "texture": "#6"}
			}
		},
		{
			"name": "wheel3",
			"from": [1.5, 3.7, 11.05],
			"to": [3.5, 4.7, 14.85],
			"rotation": {"angle": 0, "axis": "y", "origin": [-1, -2, 20.68]},
			"faces": {
				"north": {"uv": [0, 0, 14, 5], "texture": "#6"},
				"east": {"uv": [0, 0, 14, 5], "texture": "#6"},
				"south": {"uv": [0, 0, 14, 5], "texture": "#6"},
				"west": {"uv": [0, 0, 14, 5], "texture": "#6"},
				"up": {"uv": [0, 0, 14, 5], "texture": "#6"},
				"down": {"uv": [0, 0, 16, 1], "rotation": 270, "texture": "#6"}
			}
		},
		{
			"name": "wheel4",
			"from": [1.5, 3.3, 11.75],
			"to": [3.5, 3.6, 12.05],
			"rotation": {"angle": 0, "axis": "y", "origin": [-1, -23, 20.7]},
			"faces": {
				"north": {"uv": [0, 0, 4, 2], "rotation": 270, "texture": "#3"},
				"east": {"uv": [0, 0, 4, 2], "rotation": 270, "texture": "#3"},
				"south": {"uv": [0, 0, 4, 2], "rotation": 270, "texture": "#3"},
				"west": {"uv": [1, 1, 8, 6], "rotation": 270, "texture": "#3"},
				"up": {"uv": [0, 0, 4, 2], "rotation": 270, "texture": "#3"},
				"down": {"uv": [0, 0, 4, 2], "rotation": 270, "texture": "#3"}
			}
		},
		{
			"name": "wheel4",
			"from": [1.5, 0.674, 11.65],
			"to": [3.5, 3.55, 11.782],
			"rotation": {"angle": 0, "axis": "y", "origin": [-1, -2.334, 20.68]},
			"faces": {
				"north": {"uv": [0, 0, 4, 2], "rotation": 270, "texture": "#3"},
				"east": {"uv": [0, 0, 4, 2], "rotation": 270, "texture": "#3"},
				"south": {"uv": [0, 0, 4, 2], "rotation": 270, "texture": "#3"},
				"west": {"uv": [0, 0, 4, 2], "rotation": 270, "texture": "#3"},
				"up": {"uv": [0, 0, 4, 2], "rotation": 270, "texture": "#3"},
				"down": {"uv": [0, 0, 4, 2], "rotation": 270, "texture": "#3"}
			}
		},
		{
			"name": "wheel3",
			"from": [1.5, 3.55, 11.75],
			"to": [3.5, 3.682, 14.69],
			"rotation": {"angle": 0, "axis": "y", "origin": [-1, -2.334, 20.68]},
			"faces": {
				"north": {"uv": [0, 0, 4, 2], "rotation": 270, "texture": "#3"},
				"east": {"uv": [0, 0, 4, 2], "rotation": 270, "texture": "#3"},
				"south": {"uv": [0, 0, 4, 2], "rotation": 270, "texture": "#3"},
				"west": {"uv": [0, 0, 4, 2], "rotation": 270, "texture": "#3"},
				"up": {"uv": [0, 0, 4, 2], "rotation": 270, "texture": "#3"},
				"down": {"uv": [0, 0, 4, 2], "rotation": 270, "texture": "#3"}
			}
		},
		{
			"name": "wheel6",
			"from": [1.5, 1.35, 12.4],
			"to": [2.5, 2.95, 14],
			"rotation": {"angle": 0, "axis": "y", "origin": [-1, -2.334, 20.68]},
			"faces": {
				"north": {"uv": [0, 0, 4, 2], "rotation": 270, "texture": "#3"},
				"east": {"uv": [0, 0, 4, 2], "rotation": 270, "texture": "#3"},
				"south": {"uv": [0, 0, 4, 2], "rotation": 270, "texture": "#3"},
				"west": {"uv": [2, 2, 6, 5], "rotation": 270, "texture": "#3"},
				"up": {"uv": [0, 0, 4, 2], "rotation": 270, "texture": "#3"},
				"down": {"uv": [0, 0, 4, 2], "rotation": 270, "texture": "#3"}
			}
		},
		{
			"name": "wheel4",
			"from": [1.5, 0.542, 11.75],
			"to": [3.5, 0.674, 14.69],
			"rotation": {"angle": 0, "axis": "y", "origin": [-1, -2.334, 20.68]},
			"faces": {
				"north": {"uv": [0, 0, 4, 2], "rotation": 270, "texture": "#3"},
				"east": {"uv": [0, 0, 4, 2], "rotation": 270, "texture": "#3"},
				"south": {"uv": [0, 0, 4, 2], "rotation": 270, "texture": "#3"},
				"west": {"uv": [0, 0, 4, 2], "rotation": 270, "texture": "#3"},
				"up": {"uv": [0, 0, 4, 2], "rotation": 270, "texture": "#3"},
				"down": {"uv": [0, 0, 4, 2], "rotation": 270, "texture": "#3"}
			}
		},
		{
			"name": "wheel2",
			"from": [1.5, -0.5, 11.05],
			"to": [3.5, 0.5, 14.85],
			"rotation": {"angle": 0, "axis": "y", "origin": [-1, -2, 20.68]},
			"faces": {
				"north": {"uv": [0, 0, 14, 5], "texture": "#6"},
				"east": {"uv": [0, 0, 14, 5], "texture": "#6"},
				"south": {"uv": [0, 0, 14, 5], "texture": "#6"},
				"west": {"uv": [0, 0, 14, 5], "texture": "#6"},
				"up": {"uv": [0, 0, 14, 5], "texture": "#6"},
				"down": {"uv": [0, 0, 16, 1], "rotation": 270, "texture": "#6"}
			}
		},
		{
			"name": "wheel5",
			"from": [1.5, 3.3, 14.45],
			"to": [3.5, 3.6, 14.75],
			"rotation": {"angle": 0, "axis": "y", "origin": [-1, -23, 20.7]},
			"faces": {
				"north": {"uv": [0, 0, 4, 2], "rotation": 270, "texture": "#3"},
				"east": {"uv": [0, 0, 4, 2], "rotation": 270, "texture": "#3"},
				"south": {"uv": [0, 0, 4, 2], "rotation": 270, "texture": "#3"},
				"west": {"uv": [1, 1, 8, 6], "rotation": 270, "texture": "#3"},
				"up": {"uv": [0, 0, 4, 2], "rotation": 270, "texture": "#3"},
				"down": {"uv": [0, 0, 4, 2], "rotation": 270, "texture": "#3"}
			}
		},
		{
			"name": "wheel4",
			"from": [1.5, 0.1, 10.55],
			"to": [3.5, 3.8, 11.55],
			"rotation": {"angle": 0, "axis": "y", "origin": [-1, -2, 20.7]},
			"faces": {
				"north": {"uv": [0, 0, 14, 5], "texture": "#6"},
				"east": {"uv": [0, 0, 14, 5], "texture": "#6"},
				"south": {"uv": [0, 0, 14, 5], "texture": "#6"},
				"west": {"uv": [0, 0, 4, 5], "texture": "#6"},
				"up": {"uv": [0, 0, 14, 5], "texture": "#6"},
				"down": {"uv": [0, 0, 16, 1], "rotation": 270, "texture": "#6"}
			}
		},
		{
			"name": "wheel6",
			"from": [14.5, 0.1, 14.85],
			"to": [16.5, 3.8, 15.85],
			"rotation": {"angle": 0, "axis": "y", "origin": [17, -2, 20.7]},
			"faces": {
				"north": {"uv": [14, 0, 0, 5], "texture": "#6"},
				"east": {"uv": [4, 0, 0, 5], "texture": "#6"},
				"south": {"uv": [14, 0, 0, 5], "texture": "#6"},
				"west": {"uv": [14, 0, 0, 5], "texture": "#6"},
				"up": {"uv": [14, 0, 0, 5], "texture": "#6"},
				"down": {"uv": [0, 1, 16, 0], "rotation": 270, "texture": "#6"}
			}
		},
		{
			"name": "wheel4",
			"from": [14.5, 3.7, 11.05],
			"to": [16.5, 4.7, 14.85],
			"rotation": {"angle": 0, "axis": "y", "origin": [17, -2, 20.68]},
			"faces": {
				"north": {"uv": [14, 0, 0, 5], "texture": "#6"},
				"east": {"uv": [14, 0, 0, 5], "texture": "#6"},
				"south": {"uv": [14, 0, 0, 5], "texture": "#6"},
				"west": {"uv": [14, 0, 0, 5], "texture": "#6"},
				"up": {"uv": [14, 0, 0, 5], "texture": "#6"},
				"down": {"uv": [0, 1, 16, 0], "rotation": 270, "texture": "#6"}
			}
		},
		{
			"name": "wheel5",
			"from": [14.5, -0.3, 11.05],
			"to": [16.5, 0.7, 14.85],
			"rotation": {"angle": 0, "axis": "y", "origin": [17, -2, 20.68]},
			"faces": {
				"north": {"uv": [14, 0, 0, 5], "texture": "#6"},
				"east": {"uv": [14, 0, 0, 5], "texture": "#6"},
				"south": {"uv": [14, 0, 0, 5], "texture": "#6"},
				"west": {"uv": [14, 0, 0, 5], "texture": "#6"},
				"up": {"uv": [14, 0, 0, 5], "texture": "#6"},
				"down": {"uv": [0, 1, 16, 0], "rotation": 270, "texture": "#6"}
			}
		},
		{
			"name": "wheel5",
			"from": [14.5, 0.1, 10.55],
			"to": [16.5, 3.8, 11.55],
			"rotation": {"angle": 0, "axis": "y", "origin": [17, -2, 20.7]},
			"faces": {
				"north": {"uv": [14, 0, 0, 5], "texture": "#6"},
				"east": {"uv": [4, 0, 0, 5], "texture": "#6"},
				"south": {"uv": [14, 0, 0, 5], "texture": "#6"},
				"west": {"uv": [14, 0, 0, 5], "texture": "#6"},
				"up": {"uv": [14, 0, 0, 5], "texture": "#6"},
				"down": {"uv": [0, 1, 16, 0], "rotation": 270, "texture": "#6"}
			}
		},
		{
			"name": "wheel5",
			"from": [14.5, 3.3, 11.75],
			"to": [16.5, 3.6, 12.05],
			"rotation": {"angle": 0, "axis": "y", "origin": [17, -23, 20.7]},
			"faces": {
				"north": {"uv": [0, 2, 4, 0], "rotation": 270, "texture": "#3"},
				"east": {"uv": [1, 6, 8, 1], "rotation": 270, "texture": "#3"},
				"south": {"uv": [0, 2, 4, 0], "rotation": 270, "texture": "#3"},
				"west": {"uv": [0, 2, 4, 0], "rotation": 270, "texture": "#3"},
				"up": {"uv": [0, 2, 4, 0], "rotation": 270, "texture": "#3"},
				"down": {"uv": [0, 2, 4, 0], "rotation": 270, "texture": "#3"}
			}
		},
		{
			"name": "wheel5",
			"from": [14.5, 0.674, 11.65],
			"to": [16.5, 3.55, 11.782],
			"rotation": {"angle": 0, "axis": "y", "origin": [17, -2.334, 20.68]},
			"faces": {
				"north": {"uv": [0, 2, 4, 0], "rotation": 270, "texture": "#3"},
				"east": {"uv": [0, 2, 4, 0], "rotation": 270, "texture": "#3"},
				"south": {"uv": [0, 2, 4, 0], "rotation": 270, "texture": "#3"},
				"west": {"uv": [0, 2, 4, 0], "rotation": 270, "texture": "#3"},
				"up": {"uv": [0, 2, 4, 0], "rotation": 270, "texture": "#3"},
				"down": {"uv": [0, 2, 4, 0], "rotation": 270, "texture": "#3"}
			}
		},
		{
			"name": "wheel4",
			"from": [14.5, 3.55, 11.75],
			"to": [16.5, 3.682, 14.69],
			"rotation": {"angle": 0, "axis": "y", "origin": [17, -2.334, 20.68]},
			"faces": {
				"north": {"uv": [0, 2, 4, 0], "rotation": 270, "texture": "#3"},
				"east": {"uv": [0, 2, 4, 0], "rotation": 270, "texture": "#3"},
				"south": {"uv": [0, 2, 4, 0], "rotation": 270, "texture": "#3"},
				"west": {"uv": [0, 2, 4, 0], "rotation": 270, "texture": "#3"},
				"up": {"uv": [0, 2, 4, 0], "rotation": 270, "texture": "#3"},
				"down": {"uv": [0, 2, 4, 0], "rotation": 270, "texture": "#3"}
			}
		},
		{
			"name": "wheel6",
			"from": [14.5, 3.3, 14.45],
			"to": [16.5, 3.6, 14.75],
			"rotation": {"angle": 0, "axis": "y", "origin": [17, -23, 20.7]},
			"faces": {
				"north": {"uv": [0, 2, 4, 0], "rotation": 270, "texture": "#3"},
				"east": {"uv": [1, 6, 8, 1], "rotation": 270, "texture": "#3"},
				"south": {"uv": [0, 2, 4, 0], "rotation": 270, "texture": "#3"},
				"west": {"uv": [0, 2, 4, 0], "rotation": 270, "texture": "#3"},
				"up": {"uv": [0, 2, 4, 0], "rotation": 270, "texture": "#3"},
				"down": {"uv": [0, 2, 4, 0], "rotation": 270, "texture": "#3"}
			}
		},
		{
			"name": "wheel6",
			"from": [14.5, 0.674, 14.65],
			"to": [16.5, 3.55, 14.782],
			"rotation": {"angle": 0, "axis": "y", "origin": [17, -2.334, 20.68]},
			"faces": {
				"north": {"uv": [0, 2, 4, 0], "rotation": 270, "texture": "#3"},
				"east": {"uv": [0, 2, 4, 0], "rotation": 270, "texture": "#3"},
				"south": {"uv": [0, 2, 4, 0], "rotation": 270, "texture": "#3"},
				"west": {"uv": [0, 2, 4, 0], "rotation": 270, "texture": "#3"},
				"up": {"uv": [0, 2, 4, 0], "rotation": 270, "texture": "#3"},
				"down": {"uv": [0, 2, 4, 0], "rotation": 270, "texture": "#3"}
			}
		},
		{
			"name": "wheel8",
			"from": [15.25, 0.65, 11.65],
			"to": [16.25, 3.55, 14.65],
			"rotation": {"angle": 0, "axis": "y", "origin": [17, -2.3, 20.68]},
			"faces": {
				"north": {"uv": [0, 2, 4, 0], "rotation": 90, "texture": "#3"},
				"east": {"uv": [1, 0, 0, 1], "texture": "#3"},
				"south": {"uv": [0, 2, 4, 0], "rotation": 270, "texture": "#3"},
				"west": {"uv": [4, 0, 0, 2], "rotation": 180, "texture": "#3"},
				"up": {"uv": [0, 2, 4, 0], "rotation": 90, "texture": "#3"},
				"down": {"uv": [0, 2, 4, 0], "rotation": 270, "texture": "#3"}
			}
		},
		{
			"name": "wheel7",
			"from": [14.5, 0.7, 14.35],
			"to": [16.5, 1, 14.65],
			"rotation": {"angle": 0, "axis": "y", "origin": [17, -2.3, 20.7]},
			"faces": {
				"north": {"uv": [0, 2, 4, 0], "rotation": 270, "texture": "#3"},
				"east": {"uv": [1, 6, 8, 1], "rotation": 270, "texture": "#3"},
				"south": {"uv": [0, 2, 4, 0], "rotation": 270, "texture": "#3"},
				"west": {"uv": [0, 2, 4, 0], "rotation": 270, "texture": "#3"},
				"up": {"uv": [0, 2, 4, 0], "rotation": 270, "texture": "#3"},
				"down": {"uv": [0, 2, 4, 0], "rotation": 270, "texture": "#3"}
			}
		},
		{
			"name": "wheel5",
			"from": [14.5, 0.542, 11.75],
			"to": [16.5, 0.674, 14.69],
			"rotation": {"angle": 0, "axis": "y", "origin": [17, -2.334, 20.68]},
			"faces": {
				"north": {"uv": [0, 2, 4, 0], "rotation": 270, "texture": "#3"},
				"east": {"uv": [0, 2, 4, 0], "rotation": 270, "texture": "#3"},
				"south": {"uv": [0, 2, 4, 0], "rotation": 270, "texture": "#3"},
				"west": {"uv": [0, 2, 4, 0], "rotation": 270, "texture": "#3"},
				"up": {"uv": [0, 2, 4, 0], "rotation": 270, "texture": "#3"},
				"down": {"uv": [0, 2, 4, 0], "rotation": 270, "texture": "#3"}
			}
		},
		{
			"name": "wheel6",
			"from": [14.5, 0.7, 11.75],
			"to": [16.5, 1, 12.05],
			"rotation": {"angle": 0, "axis": "y", "origin": [17, -2.3, 20.7]},
			"faces": {
				"north": {"uv": [0, 2, 4, 0], "rotation": 270, "texture": "#3"},
				"east": {"uv": [1, 6, 8, 1], "rotation": 270, "texture": "#3"},
				"south": {"uv": [0, 2, 4, 0], "rotation": 270, "texture": "#3"},
				"west": {"uv": [0, 2, 4, 0], "rotation": 270, "texture": "#3"},
				"up": {"uv": [0, 2, 4, 0], "rotation": 270, "texture": "#3"},
				"down": {"uv": [0, 2, 4, 0], "rotation": 270, "texture": "#3"}
			}
		},
		{
			"name": "wheel7",
			"from": [14.5, 0.45, -5.5],
			"to": [16.5, 0.75, -5.2],
			"rotation": {"angle": 0, "axis": "y", "origin": [17, -2.3, 20.7]},
			"faces": {
				"north": {"uv": [0, 2, 4, 0], "rotation": 270, "texture": "#3"},
				"east": {"uv": [1, 6, 8, 1], "rotation": 270, "texture": "#3"},
				"south": {"uv": [0, 2, 4, 0], "rotation": 270, "texture": "#3"},
				"west": {"uv": [0, 2, 4, 0], "rotation": 270, "texture": "#3"},
				"up": {"uv": [0, 2, 4, 0], "rotation": 270, "texture": "#3"},
				"down": {"uv": [0, 2, 4, 0], "rotation": 270, "texture": "#3"}
			}
		},
		{
			"name": "wheel6",
			"from": [14.5, 3.3, -5.5],
			"to": [16.5, 3.6, -5.2],
			"rotation": {"angle": 0, "axis": "y", "origin": [17, -23, 20.7]},
			"faces": {
				"north": {"uv": [0, 2, 4, 0], "rotation": 270, "texture": "#3"},
				"east": {"uv": [1, 6, 8, 1], "rotation": 270, "texture": "#3"},
				"south": {"uv": [0, 2, 4, 0], "rotation": 270, "texture": "#3"},
				"west": {"uv": [0, 2, 4, 0], "rotation": 270, "texture": "#3"},
				"up": {"uv": [0, 2, 4, 0], "rotation": 270, "texture": "#3"},
				"down": {"uv": [0, 2, 4, 0], "rotation": 270, "texture": "#3"}
			}
		},
		{
			"name": "wheel8",
			"from": [14.5, 0.45, -2.8],
			"to": [16.5, 0.75, -2.5],
			"rotation": {"angle": 0, "axis": "y", "origin": [17, -2.3, 20.7]},
			"faces": {
				"north": {"uv": [0, 2, 4, 0], "rotation": 270, "texture": "#3"},
				"east": {"uv": [1, 6, 8, 1], "rotation": 270, "texture": "#3"},
				"south": {"uv": [0, 2, 4, 0], "rotation": 270, "texture": "#3"},
				"west": {"uv": [0, 2, 4, 0], "rotation": 270, "texture": "#3"},
				"up": {"uv": [0, 2, 4, 0], "rotation": 270, "texture": "#3"},
				"down": {"uv": [0, 2, 4, 0], "rotation": 270, "texture": "#3"}
			}
		},
		{
			"name": "wheel7",
			"from": [14.5, 3.3, -2.8],
			"to": [16.5, 3.6, -2.5],
			"rotation": {"angle": 0, "axis": "y", "origin": [17, -23, 20.7]},
			"faces": {
				"north": {"uv": [0, 2, 4, 0], "rotation": 270, "texture": "#3"},
				"east": {"uv": [1, 6, 8, 1], "rotation": 270, "texture": "#3"},
				"south": {"uv": [0, 2, 4, 0], "rotation": 270, "texture": "#3"},
				"west": {"uv": [0, 2, 4, 0], "rotation": 270, "texture": "#3"},
				"up": {"uv": [0, 2, 4, 0], "rotation": 270, "texture": "#3"},
				"down": {"uv": [0, 2, 4, 0], "rotation": 270, "texture": "#3"}
			}
		},
		{
			"name": "wheel8",
			"from": [15.6, 1.65, 12.7],
			"to": [16.6, 2.65, 13.7],
			"rotation": {"angle": 0, "axis": "y", "origin": [17, -2.334, 20.68]},
			"faces": {
				"north": {"uv": [0, 2, 4, 0], "rotation": 270, "texture": "#6"},
				"east": {"uv": [0, 2, 4, 0], "rotation": 270, "texture": "#6"},
				"south": {"uv": [0, 2, 4, 0], "rotation": 270, "texture": "#6"},
				"west": {"uv": [0, 2, 4, 0], "rotation": 270, "texture": "#6"},
				"up": {"uv": [0, 2, 4, 0], "rotation": 270, "texture": "#6"},
				"down": {"uv": [0, 2, 4, 0], "rotation": 270, "texture": "#6"}
			}
		},
		{
			"name": "wheel9",
			"from": [15.1, 1.4, -4.55],
			"to": [16.1, 2.4, -3.55],
			"rotation": {"angle": 0, "axis": "y", "origin": [17, -2.334, 20.68]},
			"faces": {
				"north": {"uv": [0, 2, 4, 0], "rotation": 270, "texture": "#5"},
				"east": {"uv": [0, 2, 4, 0], "rotation": 270, "texture": "#5"},
				"south": {"uv": [0, 2, 4, 0], "rotation": 270, "texture": "#5"},
				"west": {"uv": [0, 2, 4, 0], "rotation": 270, "texture": "#5"},
				"up": {"uv": [0, 2, 4, 0], "rotation": 270, "texture": "#5"},
				"down": {"uv": [0, 2, 4, 0], "rotation": 270, "texture": "#5"}
			}
		},
		{
			"name": "wheel10",
			"from": [15.1, 2.4, -4.55],
			"to": [16.1, 2.65, -3.55],
			"rotation": {"angle": 0, "axis": "y", "origin": [17, -2.334, 20.68]},
			"faces": {
				"north": {"uv": [0, 2, 4, 0], "rotation": 270, "texture": "#5"},
				"east": {"uv": [0, 2, 4, 0], "rotation": 270, "texture": "#5"},
				"south": {"uv": [0, 2, 4, 0], "rotation": 270, "texture": "#5"},
				"west": {"uv": [0, 2, 4, 0], "rotation": 270, "texture": "#5"},
				"up": {"uv": [0, 2, 4, 0], "rotation": 270, "texture": "#5"},
				"down": {"uv": [0, 2, 4, 0], "rotation": 270, "texture": "#5"}
			}
		},
		{
			"name": "wheel11",
			"from": [15.1, 1.15, -4.55],
			"to": [16.1, 1.4, -3.55],
			"rotation": {"angle": 0, "axis": "y", "origin": [17, -2.334, 20.68]},
			"faces": {
				"north": {"uv": [0, 2, 4, 0], "rotation": 270, "texture": "#5"},
				"east": {"uv": [0, 2, 4, 0], "rotation": 270, "texture": "#5"},
				"south": {"uv": [0, 2, 4, 0], "rotation": 270, "texture": "#5"},
				"west": {"uv": [0, 2, 4, 0], "rotation": 270, "texture": "#5"},
				"up": {"uv": [0, 2, 4, 0], "rotation": 270, "texture": "#5"},
				"down": {"uv": [0, 2, 4, 0], "rotation": 270, "texture": "#5"}
			}
		},
		{
			"name": "wheel12",
			"from": [15.1, 1.4, -4.8],
			"to": [16.1, 2.4, -4.55],
			"rotation": {"angle": 0, "axis": "y", "origin": [17, -2.334, 20.68]},
			"faces": {
				"north": {"uv": [0, 2, 4, 0], "rotation": 270, "texture": "#5"},
				"east": {"uv": [0, 2, 4, 0], "rotation": 270, "texture": "#5"},
				"south": {"uv": [0, 2, 4, 0], "rotation": 270, "texture": "#5"},
				"west": {"uv": [0, 2, 4, 0], "rotation": 270, "texture": "#5"},
				"up": {"uv": [0, 2, 4, 0], "rotation": 270, "texture": "#5"},
				"down": {"uv": [0, 2, 4, 0], "rotation": 270, "texture": "#5"}
			}
		},
		{
			"name": "wheel13",
			"from": [15.1, 1.4, -3.55],
			"to": [16.1, 2.4, -3.3],
			"rotation": {"angle": 0, "axis": "y", "origin": [17, -2.334, 20.68]},
			"faces": {
				"north": {"uv": [0, 2, 4, 0], "rotation": 270, "texture": "#5"},
				"east": {"uv": [0, 2, 4, 0], "rotation": 270, "texture": "#5"},
				"south": {"uv": [0, 2, 4, 0], "rotation": 270, "texture": "#5"},
				"west": {"uv": [0, 2, 4, 0], "rotation": 270, "texture": "#5"},
				"up": {"uv": [0, 2, 4, 0], "rotation": 270, "texture": "#5"},
				"down": {"uv": [0, 2, 4, 0], "rotation": 270, "texture": "#5"}
			}
		},
		{
			"name": "wheel7",
			"from": [1.5, 3.3, -5.5],
			"to": [3.5, 3.6, -5.2],
			"rotation": {"angle": 0, "axis": "y", "origin": [-1, -23, 20.7]},
			"faces": {
				"north": {"uv": [0, 0, 4, 2], "rotation": 270, "texture": "#3"},
				"east": {"uv": [0, 0, 4, 2], "rotation": 270, "texture": "#3"},
				"south": {"uv": [0, 0, 4, 2], "rotation": 270, "texture": "#3"},
				"west": {"uv": [1, 1, 8, 6], "rotation": 270, "texture": "#3"},
				"up": {"uv": [0, 0, 4, 2], "rotation": 270, "texture": "#3"},
				"down": {"uv": [0, 0, 4, 2], "rotation": 270, "texture": "#3"}
			}
		},
		{
			"from": [1.25, 3.5, -6.5],
			"to": [3.25, 4.5, -1.5],
			"rotation": {"angle": 0, "axis": "y", "origin": [16, 0, 0]},
			"faces": {
				"north": {"uv": [2, 0, 0, 5], "texture": "#6"},
				"east": {"uv": [5, 0, 0, 5], "texture": "#6"},
				"south": {"uv": [2, 0, 0, 5], "texture": "#6"},
				"west": {"uv": [5, 0, 0, 5], "texture": "#6"},
				"up": {"uv": [2, 0, 0, 5], "texture": "#6"},
				"down": {"uv": [2, 0, 0, 5], "texture": "#6"}
			}
		},
		{
			"name": "wheel8",
			"from": [1.5, 3.3, -2.8],
			"to": [3.5, 3.6, -2.5],
			"rotation": {"angle": 0, "axis": "y", "origin": [-1, -23, 20.7]},
			"faces": {
				"north": {"uv": [0, 0, 4, 2], "rotation": 270, "texture": "#3"},
				"east": {"uv": [0, 0, 4, 2], "rotation": 270, "texture": "#3"},
				"south": {"uv": [0, 0, 4, 2], "rotation": 270, "texture": "#3"},
				"west": {"uv": [1, 1, 8, 6], "rotation": 270, "texture": "#3"},
				"up": {"uv": [0, 0, 4, 2], "rotation": 270, "texture": "#3"},
				"down": {"uv": [0, 0, 4, 2], "rotation": 270, "texture": "#3"}
			}
		},
		{
			"from": [1.25, 0.5, -2.5],
			"to": [3.25, 3.5, -1.5],
			"rotation": {"angle": 0, "axis": "y", "origin": [16, 0, 0]},
			"faces": {
				"north": {"uv": [2, 0, 0, 5], "texture": "#3"},
				"east": {"uv": [5, 0, 0, 5], "texture": "#6"},
				"south": {"uv": [2, 0, 0, 5], "texture": "#6"},
				"west": {"uv": [5, 0, 0, 5], "texture": "#6"},
				"up": {"uv": [2, 0, 0, 5], "texture": "#6"},
				"down": {"uv": [2, 0, 0, 5], "texture": "#6"}
			}
		},
		{
			"name": "wheel9",
			"from": [1.5, 0.45, -2.8],
			"to": [3.5, 0.75, -2.5],
			"rotation": {"angle": 0, "axis": "y", "origin": [-1, -2.3, 20.7]},
			"faces": {
				"north": {"uv": [0, 0, 4, 2], "rotation": 270, "texture": "#3"},
				"east": {"uv": [0, 0, 4, 2], "rotation": 270, "texture": "#3"},
				"south": {"uv": [0, 0, 4, 2], "rotation": 270, "texture": "#3"},
				"west": {"uv": [1, 1, 8, 6], "rotation": 270, "texture": "#3"},
				"up": {"uv": [0, 0, 4, 2], "rotation": 270, "texture": "#3"},
				"down": {"uv": [0, 0, 4, 2], "rotation": 270, "texture": "#3"}
			}
		},
		{
			"from": [1.25, -0.5, -6.5],
			"to": [3.25, 0.5, -1.5],
			"rotation": {"angle": 0, "axis": "y", "origin": [16, 0, 0]},
			"faces": {
				"north": {"uv": [2, 0, 0, 5], "texture": "#6"},
				"east": {"uv": [5, 0, 0, 5], "texture": "#6"},
				"south": {"uv": [2, 0, 0, 5], "texture": "#6"},
				"west": {"uv": [5, 0, 0, 5], "texture": "#6"},
				"up": {"uv": [2, 0, 0, 5], "texture": "#3"},
				"down": {"uv": [2, 0, 0, 5], "texture": "#6"}
			}
		},
		{
			"name": "wheel8",
			"from": [1.5, 0.45, -5.5],
			"to": [3.5, 0.75, -5.2],
			"rotation": {"angle": 0, "axis": "y", "origin": [-1, -2.3, 20.7]},
			"faces": {
				"north": {"uv": [0, 0, 4, 2], "rotation": 270, "texture": "#3"},
				"east": {"uv": [0, 0, 4, 2], "rotation": 270, "texture": "#3"},
				"south": {"uv": [0, 0, 4, 2], "rotation": 270, "texture": "#3"},
				"west": {"uv": [1, 1, 8, 6], "rotation": 270, "texture": "#3"},
				"up": {"uv": [0, 0, 4, 2], "rotation": 270, "texture": "#3"},
				"down": {"uv": [0, 0, 4, 2], "rotation": 270, "texture": "#3"}
			}
		},
		{
			"name": "wheel12",
			"from": [1.9, 1.15, -4.55],
			"to": [2.9, 1.4, -3.55],
			"rotation": {"angle": 0, "axis": "y", "origin": [-1, -2.334, 20.68]},
			"faces": {
				"north": {"uv": [0, 0, 4, 2], "rotation": 270, "texture": "#5"},
				"east": {"uv": [0, 0, 4, 2], "rotation": 270, "texture": "#5"},
				"south": {"uv": [0, 0, 4, 2], "rotation": 270, "texture": "#5"},
				"west": {"uv": [0, 0, 4, 2], "rotation": 270, "texture": "#5"},
				"up": {"uv": [0, 0, 4, 2], "rotation": 270, "texture": "#5"},
				"down": {"uv": [0, 0, 4, 2], "rotation": 270, "texture": "#5"}
			}
		},
		{
			"name": "wheel10",
			"from": [1.9, 1.4, -4.55],
			"to": [2.9, 2.4, -3.55],
			"rotation": {"angle": 0, "axis": "y", "origin": [-1, -2.334, 20.68]},
			"faces": {
				"north": {"uv": [0, 0, 4, 2], "rotation": 270, "texture": "#5"},
				"east": {"uv": [0, 0, 4, 2], "rotation": 270, "texture": "#5"},
				"south": {"uv": [0, 0, 4, 2], "rotation": 270, "texture": "#5"},
				"west": {"uv": [0, 0, 4, 2], "rotation": 270, "texture": "#5"},
				"up": {"uv": [0, 0, 4, 2], "rotation": 270, "texture": "#5"},
				"down": {"uv": [0, 0, 4, 2], "rotation": 270, "texture": "#5"}
			}
		},
		{
			"name": "wheel13",
			"from": [1.9, 1.4, -4.8],
			"to": [2.9, 2.4, -4.55],
			"rotation": {"angle": 0, "axis": "y", "origin": [-1, -2.334, 20.68]},
			"faces": {
				"north": {"uv": [0, 0, 4, 2], "rotation": 270, "texture": "#5"},
				"east": {"uv": [0, 0, 4, 2], "rotation": 270, "texture": "#5"},
				"south": {"uv": [0, 0, 4, 2], "rotation": 270, "texture": "#5"},
				"west": {"uv": [0, 0, 4, 2], "rotation": 270, "texture": "#5"},
				"up": {"uv": [0, 0, 4, 2], "rotation": 270, "texture": "#5"},
				"down": {"uv": [0, 0, 4, 2], "rotation": 270, "texture": "#5"}
			}
		},
		{
			"name": "wheel11",
			"from": [1.9, 2.4, -4.55],
			"to": [2.9, 2.65, -3.55],
			"rotation": {"angle": 0, "axis": "y", "origin": [-1, -2.334, 20.68]},
			"faces": {
				"north": {"uv": [0, 0, 4, 2], "rotation": 270, "texture": "#5"},
				"east": {"uv": [0, 0, 4, 2], "rotation": 270, "texture": "#5"},
				"south": {"uv": [0, 0, 4, 2], "rotation": 270, "texture": "#5"},
				"west": {"uv": [0, 0, 4, 2], "rotation": 270, "texture": "#5"},
				"up": {"uv": [0, 0, 4, 2], "rotation": 270, "texture": "#5"},
				"down": {"uv": [0, 0, 4, 2], "rotation": 270, "texture": "#5"}
			}
		},
		{
			"name": "wheel14",
			"from": [1.9, 1.4, -3.55],
			"to": [2.9, 2.4, -3.3],
			"rotation": {"angle": 0, "axis": "y", "origin": [-1, -2.334, 20.68]},
			"faces": {
				"north": {"uv": [0, 0, 4, 2], "rotation": 270, "texture": "#5"},
				"east": {"uv": [0, 0, 4, 2], "rotation": 270, "texture": "#5"},
				"south": {"uv": [0, 0, 4, 2], "rotation": 270, "texture": "#5"},
				"west": {"uv": [0, 0, 4, 2], "rotation": 270, "texture": "#5"},
				"up": {"uv": [0, 0, 4, 2], "rotation": 270, "texture": "#5"},
				"down": {"uv": [0, 0, 4, 2], "rotation": 270, "texture": "#5"}
			}
		},
		{
			"from": [3.15, 0.25, -5.75],
			"to": [5.15, 3.75, -2.25],
			"rotation": {"angle": 0, "axis": "y", "origin": [16, 0, 0]},
			"faces": {
				"north": {"uv": [2, 0, 0, 3.5], "texture": "#3"},
				"east": {"uv": [3.5, 0, 0, 3.5], "texture": "#3"},
				"south": {"uv": [2, 0, 0, 3.5], "texture": "#3"},
				"west": {"uv": [12.5, 7, 9, 10.5], "texture": "#3"},
				"up": {"uv": [2, 0, 0, 3.5], "texture": "#3"},
				"down": {"uv": [2, 0, 0, 3.5], "texture": "#3"}
			}
		},
		{
			"name": "wheel16",
			"from": [16.4, 2.75, 12.95],
			"to": [16.6, 2.95, 13.15],
			"rotation": {"angle": 0, "axis": "y", "origin": [17, -2.334, 20.68]},
			"faces": {
				"north": {"uv": [0, 2, 4, 0], "rotation": 270, "texture": "#5"},
				"east": {"uv": [2, 5, 6, 2], "rotation": 270, "texture": "#5"},
				"south": {"uv": [0, 2, 4, 0], "rotation": 270, "texture": "#5"},
				"west": {"uv": [0, 2, 4, 0], "rotation": 270, "texture": "#5"},
				"up": {"uv": [0, 2, 4, 0], "rotation": 270, "texture": "#5"},
				"down": {"uv": [0, 2, 4, 0], "rotation": 270, "texture": "#5"}
			}
		},
		{
			"name": "wheel17",
			"from": [16.4, 2.75, 13.45],
			"to": [16.6, 2.95, 13.65],
			"rotation": {"angle": 0, "axis": "y", "origin": [17, -2.334, 20.68]},
			"faces": {
				"north": {"uv": [0, 2, 4, 0], "rotation": 270, "texture": "#5"},
				"east": {"uv": [2, 5, 6, 2], "rotation": 270, "texture": "#5"},
				"south": {"uv": [0, 2, 4, 0], "rotation": 270, "texture": "#5"},
				"west": {"uv": [0, 2, 4, 0], "rotation": 270, "texture": "#5"},
				"up": {"uv": [0, 2, 4, 0], "rotation": 270, "texture": "#5"},
				"down": {"uv": [0, 2, 4, 0], "rotation": 270, "texture": "#5"}
			}
		},
		{
			"name": "wheel11",
			"from": [16.4, 2.65, 12.55],
			"to": [16.6, 2.85, 12.75],
			"rotation": {"angle": 0, "axis": "y", "origin": [17, -2.334, 20.68]},
			"faces": {
				"north": {"uv": [0, 2, 4, 0], "rotation": 270, "texture": "#5"},
				"east": {"uv": [2, 5, 6, 2], "rotation": 270, "texture": "#5"},
				"south": {"uv": [0, 2, 4, 0], "rotation": 270, "texture": "#5"},
				"west": {"uv": [0, 2, 4, 0], "rotation": 270, "texture": "#5"},
				"up": {"uv": [0, 2, 4, 0], "rotation": 270, "texture": "#5"},
				"down": {"uv": [0, 2, 4, 0], "rotation": 270, "texture": "#5"}
			}
		},
		{
			"name": "wheel13",
			"from": [16.4, 2.25, 12.45],
			"to": [16.6, 2.45, 12.65],
			"rotation": {"angle": 0, "axis": "y", "origin": [17, -2.334, 20.68]},
			"faces": {
				"north": {"uv": [0, 2, 4, 0], "rotation": 270, "texture": "#5"},
				"east": {"uv": [2, 5, 6, 2], "rotation": 270, "texture": "#5"},
				"south": {"uv": [0, 2, 4, 0], "rotation": 270, "texture": "#5"},
				"west": {"uv": [0, 2, 4, 0], "rotation": 270, "texture": "#5"},
				"up": {"uv": [0, 2, 4, 0], "rotation": 270, "texture": "#5"},
				"down": {"uv": [0, 2, 4, 0], "rotation": 270, "texture": "#5"}
			}
		},
		{
			"name": "wheel12",
			"from": [16.4, 1.85, 12.45],
			"to": [16.6, 2.05, 12.65],
			"rotation": {"angle": 0, "axis": "y", "origin": [17, -2.334, 20.68]},
			"faces": {
				"north": {"uv": [0, 2, 4, 0], "rotation": 270, "texture": "#5"},
				"east": {"uv": [2, 5, 6, 2], "rotation": 270, "texture": "#5"},
				"south": {"uv": [0, 2, 4, 0], "rotation": 270, "texture": "#5"},
				"west": {"uv": [0, 2, 4, 0], "rotation": 270, "texture": "#5"},
				"up": {"uv": [0, 2, 4, 0], "rotation": 270, "texture": "#5"},
				"down": {"uv": [0, 2, 4, 0], "rotation": 270, "texture": "#5"}
			}
		},
		{
			"name": "wheel8",
			"from": [16.4, 1.45, 12.5],
			"to": [16.6, 1.65, 12.7],
			"rotation": {"angle": 0, "axis": "y", "origin": [17, -2.334, 20.68]},
			"faces": {
				"north": {"uv": [0, 2, 4, 0], "rotation": 270, "texture": "#5"},
				"east": {"uv": [2, 5, 6, 2], "rotation": 270, "texture": "#5"},
				"south": {"uv": [0, 2, 4, 0], "rotation": 270, "texture": "#5"},
				"west": {"uv": [0, 2, 4, 0], "rotation": 270, "texture": "#5"},
				"up": {"uv": [0, 2, 4, 0], "rotation": 270, "texture": "#5"},
				"down": {"uv": [0, 2, 4, 0], "rotation": 270, "texture": "#5"}
			}
		},
		{
			"name": "wheel15",
			"from": [16.4, 1.35, 12.95],
			"to": [16.6, 1.55, 13.15],
			"rotation": {"angle": 0, "axis": "y", "origin": [17, -2.334, 20.68]},
			"faces": {
				"north": {"uv": [0, 2, 4, 0], "rotation": 270, "texture": "#5"},
				"east": {"uv": [2, 5, 6, 2], "rotation": 270, "texture": "#5"},
				"south": {"uv": [0, 2, 4, 0], "rotation": 270, "texture": "#5"},
				"west": {"uv": [0, 2, 4, 0], "rotation": 270, "texture": "#5"},
				"up": {"uv": [0, 2, 4, 0], "rotation": 270, "texture": "#5"},
				"down": {"uv": [0, 2, 4, 0], "rotation": 270, "texture": "#5"}
			}
		},
		{
			"name": "wheel14",
			"from": [16.4, 1.35, 13.35],
			"to": [16.6, 1.55, 13.55],
			"rotation": {"angle": 0, "axis": "y", "origin": [17, -2.334, 20.68]},
			"faces": {
				"north": {"uv": [0, 2, 4, 0], "rotation": 270, "texture": "#5"},
				"east": {"uv": [2, 5, 6, 2], "rotation": 270, "texture": "#5"},
				"south": {"uv": [0, 2, 4, 0], "rotation": 270, "texture": "#5"},
				"west": {"uv": [0, 2, 4, 0], "rotation": 270, "texture": "#5"},
				"up": {"uv": [0, 2, 4, 0], "rotation": 270, "texture": "#5"},
				"down": {"uv": [0, 2, 4, 0], "rotation": 270, "texture": "#5"}
			}
		},
		{
			"name": "wheel9",
			"from": [16.4, 1.45, 13.75],
			"to": [16.6, 1.65, 13.95],
			"rotation": {"angle": 0, "axis": "y", "origin": [17, -2.334, 20.68]},
			"faces": {
				"north": {"uv": [0, 2, 4, 0], "rotation": 270, "texture": "#5"},
				"east": {"uv": [2, 5, 6, 2], "rotation": 270, "texture": "#5"},
				"south": {"uv": [0, 2, 4, 0], "rotation": 270, "texture": "#5"},
				"west": {"uv": [0, 2, 4, 0], "rotation": 270, "texture": "#5"},
				"up": {"uv": [0, 2, 4, 0], "rotation": 270, "texture": "#5"},
				"down": {"uv": [0, 2, 4, 0], "rotation": 270, "texture": "#5"}
			}
		},
		{
			"name": "wheel7",
			"from": [15.5, 1.35, 12.4],
			"to": [16.5, 2.95, 14],
			"rotation": {"angle": 0, "axis": "y", "origin": [17, -2.334, 20.68]},
			"faces": {
				"north": {"uv": [0, 2, 4, 0], "rotation": 270, "texture": "#3"},
				"east": {"uv": [2, 5, 6, 2], "rotation": 270, "texture": "#3"},
				"south": {"uv": [0, 2, 4, 0], "rotation": 270, "texture": "#3"},
				"west": {"uv": [0, 2, 4, 0], "rotation": 270, "texture": "#3"},
				"up": {"uv": [0, 2, 4, 0], "rotation": 270, "texture": "#3"},
				"down": {"uv": [0, 2, 4, 0], "rotation": 270, "texture": "#3"}
			}
		},
		{
			"name": "wheel13",
			"from": [16.4, 1.85, 13.85],
			"to": [16.6, 2.05, 14.05],
			"rotation": {"angle": 0, "axis": "y", "origin": [17, -2.334, 20.68]},
			"faces": {
				"north": {"uv": [0, 2, 4, 0], "rotation": 270, "texture": "#5"},
				"east": {"uv": [2, 5, 6, 2], "rotation": 270, "texture": "#5"},
				"south": {"uv": [0, 2, 4, 0], "rotation": 270, "texture": "#5"},
				"west": {"uv": [0, 2, 4, 0], "rotation": 270, "texture": "#5"},
				"up": {"uv": [0, 2, 4, 0], "rotation": 270, "texture": "#5"},
				"down": {"uv": [0, 2, 4, 0], "rotation": 270, "texture": "#5"}
			}
		},
		{
			"name": "wheel14",
			"from": [16.4, 2.25, 13.85],
			"to": [16.6, 2.45, 14.05],
			"rotation": {"angle": 0, "axis": "y", "origin": [17, -2.334, 20.68]},
			"faces": {
				"north": {"uv": [0, 2, 4, 0], "rotation": 270, "texture": "#5"},
				"east": {"uv": [2, 5, 6, 2], "rotation": 270, "texture": "#5"},
				"south": {"uv": [0, 2, 4, 0], "rotation": 270, "texture": "#5"},
				"west": {"uv": [0, 2, 4, 0], "rotation": 270, "texture": "#5"},
				"up": {"uv": [0, 2, 4, 0], "rotation": 270, "texture": "#5"},
				"down": {"uv": [0, 2, 4, 0], "rotation": 270, "texture": "#5"}
			}
		},
		{
			"from": [16, 18, 8],
			"to": [16.75, 20, 20],
			"faces": {
				"north": {"uv": [0, 0, 0.75, 2], "texture": "#1"},
				"east": {"uv": [0, 0, 12, 2], "texture": "#1"},
				"south": {"uv": [0, 0, 0.75, 2], "texture": "#1"},
				"west": {"uv": [0, 0, 12, 2], "texture": "#1"},
				"up": {"uv": [0, 0, 0.75, 12], "texture": "#1"},
				"down": {"uv": [0, 0, 0.75, 12], "texture": "#1"}
			}
		},
		{
			"from": [16, 7, 13],
			"to": [16.4, 12, 19],
			"faces": {
				"north": {"uv": [0, 0, 0.4, 5], "texture": "#1"},
				"east": {"uv": [0, 0, 6, 5], "texture": "#1"},
				"south": {"uv": [0, 0, 0.4, 5], "texture": "#1"},
				"west": {"uv": [0, 0, 6, 5], "texture": "#1"},
				"up": {"uv": [0, 0, 0.4, 6], "texture": "#1"},
				"down": {"uv": [0, 0, 0.4, 6], "texture": "#1"}
			}
		},
		{
			"from": [16, 17, 13],
			"to": [16.4, 18, 19],
			"faces": {
				"north": {"uv": [0, 0, 0.4, 1], "texture": "#1"},
				"east": {"uv": [0, 0, 6, 1], "texture": "#1"},
				"south": {"uv": [0, 0, 0.4, 1], "texture": "#1"},
				"west": {"uv": [0, 0, 6, 1], "texture": "#1"},
				"up": {"uv": [0, 0, 0.4, 6], "texture": "#1"},
				"down": {"uv": [0, 0, 0.4, 6], "texture": "#1"}
			}
		},
		{
			"from": [16, 10, 13.5],
			"to": [16.5, 10.5, 14.5],
			"faces": {
				"north": {"uv": [0, 0, 0.5, 0.5], "texture": "#0"},
				"east": {"uv": [0, 0, 1, 0.5], "texture": "#0"},
				"south": {"uv": [0, 0, 0.5, 0.5], "texture": "#0"},
				"west": {"uv": [0, 0, 1, 0.5], "texture": "#0"},
				"up": {"uv": [0, 0, 0.5, 1], "texture": "#0"},
				"down": {"uv": [0, 0, 0.5, 1], "texture": "#0"}
			}
		},
		{
			"from": [12, 10, 17.5],
			"to": [14, 10.25, 17.75],
			"faces": {
				"north": {"uv": [0, 0, 0.5, 0.5], "texture": "#0"},
				"east": {"uv": [0, 0, 1, 0.5], "texture": "#0"},
				"south": {"uv": [0, 0, 0.5, 0.5], "texture": "#0"},
				"west": {"uv": [0, 0, 1, 0.5], "texture": "#0"},
				"up": {"uv": [0, 0, 0.5, 1], "texture": "#0"},
				"down": {"uv": [0, 0, 0.5, 1], "texture": "#0"}
			}
		},
		{
			"from": [12, 10.5, 17.5],
			"to": [12.25, 11.75, 17.75],
			"faces": {
				"north": {"uv": [0, 0, 0.5, 0.5], "texture": "#0"},
				"east": {"uv": [0, 0, 1, 0.5], "texture": "#0"},
				"south": {"uv": [0, 0, 0.5, 0.5], "texture": "#0"},
				"west": {"uv": [0, 0, 1, 0.5], "texture": "#0"},
				"up": {"uv": [0, 0, 0.5, 1], "texture": "#0"},
				"down": {"uv": [0, 0, 0.5, 1], "texture": "#0"}
			}
		},
		{
			"from": [13.75, 10.5, 17.5],
			"to": [14, 11.75, 17.75],
			"faces": {
				"north": {"uv": [0, 0, 0.5, 0.5], "texture": "#0"},
				"east": {"uv": [0, 0, 1, 0.5], "texture": "#0"},
				"south": {"uv": [0, 0, 0.5, 0.5], "texture": "#0"},
				"west": {"uv": [0, 0, 1, 0.5], "texture": "#0"},
				"up": {"uv": [0, 0, 0.5, 1], "texture": "#0"},
				"down": {"uv": [0, 0, 0.5, 1], "texture": "#0"}
			}
		},
		{
			"from": [12.9, 10.5, 17.5],
			"to": [13.15, 11.75, 17.75],
			"faces": {
				"north": {"uv": [0, 0, 0.5, 0.5], "texture": "#0"},
				"east": {"uv": [0, 0, 1, 0.5], "texture": "#0"},
				"south": {"uv": [0, 0, 0.5, 0.5], "texture": "#0"},
				"west": {"uv": [0, 0, 1, 0.5], "texture": "#0"},
				"up": {"uv": [0, 0, 0.5, 1], "texture": "#0"},
				"down": {"uv": [0, 0, 0.5, 1], "texture": "#0"}
			}
		},
		{
			"from": [12, 11.75, 17.5],
			"to": [14, 12, 17.75],
			"faces": {
				"north": {"uv": [0, 0, 0.5, 0.5], "texture": "#0"},
				"east": {"uv": [0, 0, 1, 0.5], "texture": "#0"},
				"south": {"uv": [0, 0, 0.5, 0.5], "texture": "#0"},
				"west": {"uv": [0, 0, 1, 0.5], "texture": "#0"},
				"up": {"uv": [0, 0, 0.5, 1], "texture": "#0"},
				"down": {"uv": [0, 0, 0.5, 1], "texture": "#0"}
			}
		},
		{
			"from": [12.25, 11, 17.5],
			"to": [13.75, 11.25, 17.75],
			"faces": {
				"north": {"uv": [0, 0, 0.5, 0.5], "texture": "#0"},
				"east": {"uv": [0, 0, 1, 0.5], "texture": "#0"},
				"south": {"uv": [0, 0, 0.5, 0.5], "texture": "#0"},
				"west": {"uv": [0, 0, 1, 0.5], "texture": "#0"},
				"up": {"uv": [0, 0, 0.5, 1], "texture": "#0"},
				"down": {"uv": [0, 0, 0.5, 1], "texture": "#0"}
			}
		},
		{
			"from": [16, 11, 18.5],
			"to": [16.4, 18, 19],
			"faces": {
				"north": {"uv": [0, 0, 0.4, 7], "texture": "#1"},
				"east": {"uv": [0, 0, 0.5, 7], "texture": "#1"},
				"south": {"uv": [0, 0, 0.4, 7], "texture": "#1"},
				"west": {"uv": [0, 0, 0.5, 7], "texture": "#1"},
				"up": {"uv": [0, 0, 0.4, 0.5], "texture": "#1"},
				"down": {"uv": [0, 0, 0.4, 0.5], "texture": "#1"}
			}
		},
		{
			"from": [16, 12, 13],
			"to": [16.4, 17, 18.5],
			"faces": {
				"north": {"uv": [0, 0, 0.4, 7], "texture": "#2"},
				"east": {"uv": [9, 8, 14.5, 15], "texture": "#4"},
				"south": {"uv": [0, 0, 0.4, 7], "texture": "#2"},
				"west": {"uv": [7, 7, 12.5, 14], "texture": "#4"},
				"up": {"uv": [0, 0, 0.4, 5.5], "texture": "#2"},
				"down": {"uv": [0, 0, 0.4, 5.5], "texture": "#2"}
			}
		},
		{
			"from": [16, 1.5, 16.5],
			"to": [16.5, 2, 19],
			"faces": {
				"north": {"uv": [0, 0, 0.5, 0.5], "texture": "#5"},
				"east": {"uv": [0, 0, 2.5, 0.5], "texture": "#5"},
				"south": {"uv": [0, 0, 0.5, 0.5], "texture": "#5"},
				"west": {"uv": [0, 0, 2.5, 0.5], "texture": "#5"},
				"up": {"uv": [0, 0, 0.5, 2.5], "texture": "#5"},
				"down": {"uv": [0, 0, 0.5, 2.5], "texture": "#5"}
			}
		},
		{
			"from": [16, 3, 16.5],
			"to": [16.5, 3.5, 19],
			"faces": {
				"north": {"uv": [0, 0, 0.5, 0.5], "texture": "#5"},
				"east": {"uv": [0, 0, 2.5, 0.5], "texture": "#5"},
				"south": {"uv": [0, 0, 0.5, 0.5], "texture": "#5"},
				"west": {"uv": [0, 0, 2.5, 0.5], "texture": "#5"},
				"up": {"uv": [0, 0, 0.5, 2.5], "texture": "#5"},
				"down": {"uv": [0, 0, 0.5, 2.5], "texture": "#5"}
			}
		},
		{
			"from": [16, 1, 19],
			"to": [16.5, 18, 20],
			"faces": {
				"north": {"uv": [0, 0, 0.5, 16], "texture": "#1"},
				"east": {"uv": [0, 0, 1, 16], "texture": "#1"},
				"south": {"uv": [0, 0, 0.5, 16], "texture": "#1"},
				"west": {"uv": [0, 0, 1, 16], "texture": "#1"},
				"up": {"uv": [0, 0, 0.5, 1], "texture": "#1"},
				"down": {"uv": [0, 0, 0.5, 1], "texture": "#1"}
			}
		},
		{
			"from": [16, 7, 10],
			"to": [16.5, 18, 13],
			"faces": {
				"north": {"uv": [0, 0, 0.5, 11], "texture": "#1"},
				"east": {"uv": [0, 0, 3, 11], "texture": "#1"},
				"south": {"uv": [0, 0, 0.5, 11], "texture": "#1"},
				"west": {"uv": [0, 0, 3, 11], "texture": "#1"},
				"up": {"uv": [0, 0, 0.5, 3], "texture": "#1"},
				"down": {"uv": [0, 0, 0.5, 3], "texture": "#1"}
			}
		},
		{
			"from": [16, 7, 8],
			"to": [16.5, 18, 9.5],
			"faces": {
				"north": {"uv": [0, 0, 0.5, 11], "texture": "#1"},
				"east": {"uv": [0, 0, 1.5, 11], "texture": "#1"},
				"south": {"uv": [0, 0, 0.5, 11], "texture": "#1"},
				"west": {"uv": [0, 0, 1.5, 11], "texture": "#1"},
				"up": {"uv": [0, 0, 0.5, 1.5], "texture": "#1"},
				"down": {"uv": [0, 0, 0.5, 1.5], "texture": "#1"}
			}
		},
		{
			"from": [16, 7, 9.5],
			"to": [16.4, 18, 10],
			"faces": {
				"north": {"uv": [0, 0, 0.4, 11], "texture": "#2"},
				"east": {"uv": [0, 0, 0.5, 11], "texture": "#2"},
				"south": {"uv": [0, 0, 0.4, 11], "texture": "#2"},
				"west": {"uv": [0, 0, 0.5, 11], "texture": "#2"},
				"up": {"uv": [0, 0, 0.4, 0.5], "texture": "#2"},
				"down": {"uv": [0, 0, 0.4, 0.5], "texture": "#2"}
			}
		},
		{
			"from": [15.5, 1, 16.5],
			"to": [16, 5, 19.5],
			"faces": {
				"north": {"uv": [0, 0, 0.5, 4], "texture": "#2"},
				"east": {"uv": [0, 0, 3, 4], "texture": "#2"},
				"south": {"uv": [0, 0, 0.5, 4], "texture": "#2"},
				"west": {"uv": [0, 0, 3, 4], "texture": "#2"},
				"up": {"uv": [0, 0, 0.5, 3], "texture": "#2"},
				"down": {"uv": [0, 0, 0.5, 3], "texture": "#2"}
			}
		},
		{
			"from": [9, 2, 8.75],
			"to": [15.5, 6, 17.75],
			"faces": {
				"north": {"uv": [0, 0, 6.5, 4], "texture": "#2"},
				"east": {"uv": [0, 0, 9, 4], "texture": "#2"},
				"south": {"uv": [0, 0, 6.5, 4], "texture": "#2"},
				"west": {"uv": [0, 0, 9, 4], "texture": "#2"},
				"up": {"uv": [0, 0, 6.5, 9], "texture": "#0"},
				"down": {"uv": [0, 0, 6.5, 9], "texture": "#2"}
			}
		},
		{
			"from": [3, 6, 17.75],
			"to": [16, 11, 19.75],
			"faces": {
				"north": {"uv": [0, 0, 13, 4], "texture": "#2"},
				"east": {"uv": [0, 0, 2, 4], "texture": "#2"},
				"south": {"uv": [0, 0, 13, 4], "texture": "#2"},
				"west": {"uv": [0, 0, 2, 4], "texture": "#2"},
				"up": {"uv": [0, 0, 13, 2], "texture": "#2"},
				"down": {"uv": [0, 0, 13, 2], "texture": "#2"}
			}
		},
		{
			"from": [11, 7, 12.75],
			"to": [15, 14, 13.75],
			"faces": {
				"north": {"uv": [0, 0, 4, 7], "texture": "#6"},
				"east": {"uv": [0, 0, 1, 7], "texture": "#6"},
				"south": {"uv": [0, 0, 4, 7], "texture": "#6"},
				"west": {"uv": [0, 0, 1, 7], "texture": "#6"},
				"up": {"uv": [0, 0, 4, 1], "texture": "#6"},
				"down": {"uv": [0, 0, 4, 1], "texture": "#6"}
			}
		},
		{
			"from": [3, 7, 12.75],
			"to": [7, 14, 13.75],
			"faces": {
				"north": {"uv": [0, 0, 4, 7], "texture": "#6"},
				"east": {"uv": [0, 0, 1, 7], "texture": "#6"},
				"south": {"uv": [0, 0, 4, 7], "texture": "#6"},
				"west": {"uv": [0, 0, 1, 7], "texture": "#6"},
				"up": {"uv": [0, 0, 4, 1], "texture": "#6"},
				"down": {"uv": [0, 0, 4, 1], "texture": "#6"}
			}
		},
		{
			"from": [3, 6, 13.25],
			"to": [7, 8, 16.25],
			"faces": {
				"north": {"uv": [0, 0, 4, 2], "texture": "#6"},
				"east": {"uv": [0, 0, 3, 2], "texture": "#6"},
				"south": {"uv": [0, 0, 4, 2], "texture": "#6"},
				"west": {"uv": [0, 0, 3, 2], "texture": "#6"},
				"up": {"uv": [0, 0, 4, 3], "texture": "#6"},
				"down": {"uv": [0, 0, 4, 3], "texture": "#6"}
			}
		},
		{
			"from": [11, 6, 13.25],
			"to": [15, 8, 16.25],
			"faces": {
				"north": {"uv": [0, 0, 4, 2], "texture": "#6"},
				"east": {"uv": [0, 0, 3, 2], "texture": "#6"},
				"south": {"uv": [0, 0, 4, 2], "texture": "#6"},
				"west": {"uv": [0, 0, 3, 2], "texture": "#6"},
				"up": {"uv": [0, 0, 4, 3], "texture": "#6"},
				"down": {"uv": [0, 0, 4, 3], "texture": "#6"}
			}
		},
		{
			"from": [2, 1, -2],
			"to": [16, 2, 20],
			"rotation": {"angle": 0, "axis": "y", "origin": [16, 0, 0]},
			"faces": {
				"north": {"uv": [7, 0, 14, 1], "texture": "#0"},
				"east": {"uv": [0, 0, 16, 1], "texture": "#0"},
				"south": {"uv": [7, 0, 14, 1], "texture": "#0"},
				"west": {"uv": [0, 0, 16, 1], "texture": "#0"},
				"up": {"uv": [7, 0, 14, 16], "texture": "#0"},
				"down": {"uv": [7, 0, 14, 16], "texture": "#0"}
			}
		},
		{
			"from": [1.5, 1, 16],
			"to": [2, 5, 16.5],
			"rotation": {"angle": 0, "axis": "y", "origin": [16, 0, 0]},
			"faces": {
				"north": {"uv": [0.5, 0, 1, 4], "texture": "#1"},
				"east": {"uv": [0.5, 0, 1, 4], "texture": "#1"},
				"south": {"uv": [0.5, 0, 1, 4], "texture": "#1"},
				"west": {"uv": [0.5, 0, 1, 4], "texture": "#1"},
				"up": {"uv": [0.5, 0, 1, 0.5], "texture": "#1"},
				"down": {"uv": [0.5, 0, 1, 0.5], "texture": "#1"}
			}
		},
		{
			"from": [1.5, 1, 19],
			"to": [2, 18, 20],
			"rotation": {"angle": 0, "axis": "y", "origin": [16, 0, 0]},
			"faces": {
				"north": {"uv": [0.5, 0, 1, 16], "texture": "#1"},
				"east": {"uv": [1, 0, 2, 16], "texture": "#1"},
				"south": {"uv": [0.5, 0, 1, 16], "texture": "#1"},
				"west": {"uv": [1, 0, 2, 16], "texture": "#1"},
				"up": {"uv": [0.5, 0, 1, 1], "texture": "#1"},
				"down": {"uv": [0.5, 0, 1, 1], "texture": "#1"}
			}
		},
		{
			"from": [2, 1, 20],
			"to": [16, 2, 20.75],
			"rotation": {"angle": 0, "axis": "y", "origin": [16, 0, 0]},
			"faces": {
				"north": {"uv": [0.5, 0, 14.5, 1], "texture": "#1"},
				"east": {"uv": [1, 0, 1.75, 1], "texture": "#1"},
				"south": {"uv": [0.5, 0, 14.5, 1], "texture": "#1"},
				"west": {"uv": [1, 0, 1.75, 1], "texture": "#1"},
				"up": {"uv": [0.5, 0, 14.5, 0.75], "texture": "#1"},
				"down": {"uv": [0.5, 0, 14.5, 0.75], "texture": "#1"}
			}
		},
		{
			"from": [6, 0.5, 20.1],
			"to": [12, 2.5, 20.85],
			"rotation": {"angle": 0, "axis": "y", "origin": [16, 0, 0]},
			"faces": {
				"north": {"uv": [0.5, 0, 14.5, 1], "texture": "#1"},
				"east": {"uv": [1, 0, 1.75, 1], "texture": "#1"},
				"south": {"uv": [0, 4.25, 14.25, 8.25], "texture": "#8"},
				"west": {"uv": [1, 0, 1.75, 1], "texture": "#1"},
				"up": {"uv": [0.5, 0, 14.5, 0.75], "texture": "#1"},
				"down": {"uv": [0.5, 0, 14.5, 0.75], "texture": "#1"}
			}
		},
		{
			"from": [2, 0.75, 20],
			"to": [16, 1.25, 20.5],
			"rotation": {"angle": 0, "axis": "y", "origin": [16, 0, 0]},
			"faces": {
				"north": {"uv": [0.5, 0, 14.5, 0.5], "texture": "#5"},
				"east": {"uv": [1, 0, 1.5, 0.5], "texture": "#5"},
				"south": {"uv": [0.5, 0, 14.5, 0.5], "texture": "#5"},
				"west": {"uv": [1, 0, 1.5, 0.5], "texture": "#5"},
				"up": {"uv": [0.5, 0, 14.5, 0.5], "texture": "#5"},
				"down": {"uv": [0.5, 0, 14.5, 0.5], "texture": "#5"}
			}
		},
		{
			"from": [2, 4, 20],
			"to": [16, 4.5, 20.5],
			"rotation": {"angle": 0, "axis": "y", "origin": [16, 0, 0]},
			"faces": {
				"north": {"uv": [0.5, 0, 14.5, 0.5], "texture": "#1"},
				"east": {"uv": [1, 0, 1.5, 0.5], "texture": "#1"},
				"south": {"uv": [0.5, 0, 14.5, 0.5], "texture": "#1"},
				"west": {"uv": [1, 0, 1.5, 0.5], "texture": "#1"},
				"up": {"uv": [0.5, 0, 14.5, 0.5], "texture": "#1"},
				"down": {"uv": [0.5, 0, 14.5, 0.5], "texture": "#1"}
			}
		},
		{
			"from": [1.9, 4, 20],
			"to": [3.9, 10, 20.5],
			"rotation": {"angle": 0, "axis": "y", "origin": [16, 0, 0]},
			"faces": {
				"north": {"uv": [0.5, 0, 2.5, 6], "texture": "#1"},
				"east": {"uv": [1, 0, 1.5, 6], "texture": "#1"},
				"south": {"uv": [0.5, 0, 2.5, 6], "texture": "#1"},
				"west": {"uv": [1, 0, 1.5, 6], "texture": "#1"},
				"up": {"uv": [0.5, 0, 2.5, 0.5], "texture": "#1"},
				"down": {"uv": [0.5, 0, 2.5, 0.5], "texture": "#1"}
			}
		},
		{
			"from": [2, 10, 20],
			"to": [16, 11, 20.5],
			"rotation": {"angle": 0, "axis": "y", "origin": [16, 0, 0]},
			"faces": {
				"north": {"uv": [0.5, 0, 14.5, 1], "texture": "#1"},
				"east": {"uv": [1, 0, 1.5, 1], "texture": "#1"},
				"south": {"uv": [0.5, 0, 14.5, 1], "texture": "#1"},
				"west": {"uv": [1, 0, 1.5, 1], "texture": "#1"},
				"up": {"uv": [0.5, 0, 14.5, 0.5], "texture": "#1"},
				"down": {"uv": [0.5, 0, 14.5, 0.5], "texture": "#1"}
			}
		},
		{
			"from": [3, 11, 20],
			"to": [15, 17, 20.5],
			"rotation": {"angle": 0, "axis": "y", "origin": [16, 0, 0]},
			"faces": {
				"north": {"uv": [3, 8, 15, 14], "texture": "#4"},
				"east": {"uv": [1, 0, 1.5, 6], "texture": "#2"},
				"south": {"uv": [2, 2, 14, 8], "texture": "#4"},
				"west": {"uv": [1, 0, 1.5, 6], "texture": "#2"},
				"up": {"uv": [0.5, 0, 12.5, 0.5], "texture": "#2"},
				"down": {"uv": [0.5, 0, 12.5, 0.5], "texture": "#2"}
			}
		},
		{
			"from": [2.5, 8, 25],
			"to": [15.5, 10, 25.5],
			"rotation": {"angle": -22.5, "axis": "x", "origin": [16, 0, 0]},
			"faces": {
				"north": {"uv": [3, 8, 15, 14], "texture": "#2"},
				"east": {"uv": [1, 0, 1.5, 6], "texture": "#2"},
				"south": {"uv": [2, 2, 14, 8], "texture": "#2"},
				"west": {"uv": [1, 0, 1.5, 6], "texture": "#2"},
				"up": {"uv": [0.5, 0, 12.5, 0.5], "texture": "#2"},
				"down": {"uv": [0.5, 0, 12.5, 0.5], "texture": "#2"}
			}
		},
		{
			"from": [2, 11, 20],
			"to": [3, 17, 20.5],
			"rotation": {"angle": 0, "axis": "y", "origin": [16, 0, 0]},
			"faces": {
				"north": {"uv": [3, 8, 15, 14], "texture": "#1"},
				"east": {"uv": [1, 0, 1.5, 6], "texture": "#2"},
				"south": {"uv": [2, 2, 14, 8], "texture": "#1"},
				"west": {"uv": [1, 0, 1.5, 6], "texture": "#1"},
				"up": {"uv": [0.5, 0, 12.5, 0.5], "texture": "#1"},
				"down": {"uv": [0.5, 0, 12.5, 0.5], "texture": "#1"}
			}
		},
		{
			"from": [15, 11, 20],
			"to": [16, 17, 20.5],
			"rotation": {"angle": 0, "axis": "y", "origin": [16, 0, 0]},
			"faces": {
				"north": {"uv": [3, 8, 15, 14], "texture": "#1"},
				"east": {"uv": [1, 0, 1.5, 6], "texture": "#1"},
				"south": {"uv": [2, 2, 14, 8], "texture": "#1"},
				"west": {"uv": [1, 0, 1.5, 6], "texture": "#2"},
				"up": {"uv": [0.5, 0, 12.5, 0.5], "texture": "#1"},
				"down": {"uv": [0.5, 0, 12.5, 0.5], "texture": "#1"}
			}
		},
		{
			"from": [15.5, 7.75, 25],
			"to": [16, 10.75, 25.5],
			"rotation": {"angle": -22.5, "axis": "x", "origin": [16, 0, 0]},
			"faces": {
				"north": {"uv": [3, 8, 15, 14], "texture": "#1"},
				"east": {"uv": [1, 0, 1.5, 6], "texture": "#1"},
				"south": {"uv": [2, 2, 14, 8], "texture": "#1"},
				"west": {"uv": [1, 0, 1.5, 6], "texture": "#1"},
				"up": {"uv": [0.5, 0, 12.5, 0.5], "texture": "#1"},
				"down": {"uv": [0.5, 0, 12.5, 0.5], "texture": "#1"}
			}
		},
		{
			"from": [2, 7.75, 25],
			"to": [2.5, 10.75, 25.5],
			"rotation": {"angle": -22.5, "axis": "x", "origin": [16, 0, 0]},
			"faces": {
				"north": {"uv": [3, 8, 15, 14], "texture": "#1"},
				"east": {"uv": [1, 0, 1.5, 6], "texture": "#1"},
				"south": {"uv": [2, 2, 14, 8], "texture": "#1"},
				"west": {"uv": [1, 0, 1.5, 6], "texture": "#1"},
				"up": {"uv": [0.5, 0, 12.5, 0.5], "texture": "#1"},
				"down": {"uv": [0.5, 0, 12.5, 0.5], "texture": "#1"}
			}
		},
		{
			"from": [3.75, 9.5, 20],
			"to": [14.25, 10, 20.5],
			"rotation": {"angle": 0, "axis": "y", "origin": [16, 0, 0]},
			"faces": {
				"north": {"uv": [0.5, 0, 11, 0.5], "texture": "#3"},
				"east": {"uv": [1, 0, 1.5, 0.5], "texture": "#3"},
				"south": {"uv": [0.5, 0, 11, 0.5], "texture": "#3"},
				"west": {"uv": [1, 0, 1.5, 0.5], "texture": "#3"},
				"up": {"uv": [0.5, 0, 11, 0.5], "texture": "#3"},
				"down": {"uv": [0.5, 0, 11, 0.5], "texture": "#3"}
			}
		},
		{
			"from": [6.25, 4.5, 20],
			"to": [12.25, 5, 20.5],
			"rotation": {"angle": 0, "axis": "y", "origin": [16, 0, 0]},
			"faces": {
				"north": {"uv": [0.5, 0, 11, 0.5], "texture": "#3"},
				"east": {"uv": [1, 0, 1.5, 0.5], "texture": "#3"},
				"south": {"uv": [0.5, 0, 11, 0.5], "texture": "#3"},
				"west": {"uv": [1, 0, 1.5, 0.5], "texture": "#3"},
				"up": {"uv": [0.5, 0, 11, 0.5], "texture": "#3"},
				"down": {"uv": [0.5, 0, 11, 0.5], "texture": "#3"}
			}
		},
		{
			"from": [5.75, 5.5, 20],
			"to": [12.25, 5.8, 20.5],
			"rotation": {"angle": 0, "axis": "y", "origin": [16, 0, 0]},
			"faces": {
				"north": {"uv": [0.5, 0, 11, 0.5], "texture": "#3"},
				"east": {"uv": [1, 0, 1.5, 0.5], "texture": "#3"},
				"south": {"uv": [0.5, 0, 11, 0.5], "texture": "#3"},
				"west": {"uv": [1, 0, 1.5, 0.5], "texture": "#3"},
				"up": {"uv": [0.5, 0, 11, 0.5], "texture": "#3"},
				"down": {"uv": [0.5, 0, 11, 0.5], "texture": "#3"}
			}
		},
		{
			"from": [5.25, 6.5, 20],
			"to": [12.75, 6.8, 20.5],
			"rotation": {"angle": 0, "axis": "y", "origin": [16, 0, 0]},
			"faces": {
				"north": {"uv": [0.5, 0, 11, 0.5], "texture": "#3"},
				"east": {"uv": [1, 0, 1.5, 0.5], "texture": "#3"},
				"south": {"uv": [0.5, 0, 11, 0.5], "texture": "#3"},
				"west": {"uv": [1, 0, 1.5, 0.5], "texture": "#3"},
				"up": {"uv": [0.5, 0, 11, 0.5], "texture": "#3"},
				"down": {"uv": [0.5, 0, 11, 0.5], "texture": "#3"}
			}
		},
		{
			"from": [4.75, 7.5, 20],
			"to": [13.25, 7.8, 20.5],
			"rotation": {"angle": 0, "axis": "y", "origin": [16, 0, 0]},
			"faces": {
				"north": {"uv": [0.5, 0, 11, 0.5], "texture": "#3"},
				"east": {"uv": [1, 0, 1.5, 0.5], "texture": "#3"},
				"south": {"uv": [0.5, 0, 11, 0.5], "texture": "#3"},
				"west": {"uv": [1, 0, 1.5, 0.5], "texture": "#3"},
				"up": {"uv": [0.5, 0, 11, 0.5], "texture": "#3"},
				"down": {"uv": [0.5, 0, 11, 0.5], "texture": "#3"}
			}
		},
		{
			"from": [4.75, 8.5, 20],
			"to": [13.25, 8.8, 20.5],
			"rotation": {"angle": 0, "axis": "y", "origin": [16, 0, 0]},
			"faces": {
				"north": {"uv": [0.5, 0, 11, 0.5], "texture": "#3"},
				"east": {"uv": [1, 0, 1.5, 0.5], "texture": "#3"},
				"south": {"uv": [0.5, 0, 11, 0.5], "texture": "#3"},
				"west": {"uv": [1, 0, 1.5, 0.5], "texture": "#3"},
				"up": {"uv": [0.5, 0, 11, 0.5], "texture": "#3"},
				"down": {"uv": [0.5, 0, 11, 0.5], "texture": "#3"}
			}
		},
		{
			"from": [6.5, 8.25, 20],
			"to": [8.5, 13.25, 20.5],
			"rotation": {"angle": 22.5, "axis": "z", "origin": [16, 0, 0]},
			"faces": {
				"north": {"uv": [0.5, 0, 2.5, 5], "texture": "#1"},
				"east": {"uv": [1, 0, 1.5, 5], "texture": "#1"},
				"south": {"uv": [0.5, 0, 2.5, 5], "texture": "#1"},
				"west": {"uv": [1, 0, 1.5, 5], "texture": "#1"},
				"up": {"uv": [0.5, 0, 2.5, 0.5], "texture": "#1"},
				"down": {"uv": [0.5, 0, 2.5, 0.5], "texture": "#1"}
			}
		},
		{
			"from": [9.5, 8.25, 20],
			"to": [11.5, 13.25, 20.5],
			"rotation": {"angle": -22.5, "axis": "z", "origin": [2, 0, 0]},
			"faces": {
				"north": {"uv": [2.5, 0, 4.5, 5], "texture": "#1"},
				"east": {"uv": [1.5, 0, 2, 5], "texture": "#1"},
				"south": {"uv": [2.5, 0, 4.5, 5], "texture": "#1"},
				"west": {"uv": [1.5, 0, 2, 5], "texture": "#1"},
				"up": {"uv": [2.5, 0, 4.5, 0.5], "texture": "#1"},
				"down": {"uv": [2.5, 0, 4.5, 0.5], "texture": "#1"}
			}
		},
		{
			"from": [9.25, 8, 20.1],
			"to": [9.75, 13.5, 20.6],
			"rotation": {"angle": -22.5, "axis": "z", "origin": [2, 0, 0]},
			"faces": {
				"north": {"uv": [2.5, 0, 4.5, 5], "texture": "#5"},
				"east": {"uv": [1.5, 0, 2, 5], "texture": "#5"},
				"south": {"uv": [2.5, 0, 4.5, 5], "texture": "#5"},
				"west": {"uv": [1.5, 0, 2, 5], "texture": "#5"},
				"up": {"uv": [2.5, 0, 4.5, 0.5], "texture": "#5"},
				"down": {"uv": [2.5, 0, 4.5, 0.5], "texture": "#5"}
			}
		},
		{
			"from": [7.25, 2.75, 20.1],
			"to": [7.75, 8.25, 20.6],
			"rotation": {"angle": 22.5, "axis": "z", "origin": [2, 0, 0]},
			"faces": {
				"north": {"uv": [2.5, 0, 4.5, 5], "texture": "#5"},
				"east": {"uv": [1.5, 0, 2, 5], "texture": "#5"},
				"south": {"uv": [2.5, 0, 4.5, 5], "texture": "#5"},
				"west": {"uv": [1.5, 0, 2, 5], "texture": "#5"},
				"up": {"uv": [2.5, 0, 4.5, 0.5], "texture": "#5"},
				"down": {"uv": [2.5, 0, 4.5, 0.5], "texture": "#5"}
			}
		},
		{
			"from": [14.1, 4, 20],
			"to": [16.1, 10, 20.5],
			"rotation": {"angle": 0, "axis": "y", "origin": [2, 0, 0]},
			"faces": {
				"north": {"uv": [2.5, 0, 4.5, 6], "texture": "#1"},
				"east": {"uv": [1.5, 0, 2, 6], "texture": "#1"},
				"south": {"uv": [2.5, 0, 4.5, 6], "texture": "#1"},
				"west": {"uv": [1.5, 0, 2, 6], "texture": "#1"},
				"up": {"uv": [2.5, 0, 4.5, 0.5], "texture": "#1"},
				"down": {"uv": [2.5, 0, 4.5, 0.5], "texture": "#1"}
			}
		},
		{
			"from": [2, 2.25, 20],
			"to": [4, 2.75, 20.5],
			"rotation": {"angle": 0, "axis": "y", "origin": [16, 0, 0]},
			"faces": {
				"north": {"uv": [0.5, 0, 2.5, 0.5], "texture": "#1"},
				"east": {"uv": [1, 0, 1.5, 0.5], "texture": "#1"},
				"south": {"uv": [0.5, 0, 2.5, 0.5], "texture": "#1"},
				"west": {"uv": [1, 0, 1.5, 0.5], "texture": "#1"},
				"up": {"uv": [0.5, 0, 2.5, 0.5], "texture": "#1"},
				"down": {"uv": [0.5, 0, 2.5, 0.5], "texture": "#1"}
			}
		},
		{
			"from": [14, 2.25, 20],
			"to": [16, 2.75, 20.5],
			"rotation": {"angle": 0, "axis": "y", "origin": [16, 0, 0]},
			"faces": {
				"north": {"uv": [0.5, 0, 2.5, 0.5], "texture": "#1"},
				"east": {"uv": [1, 0, 1.5, 0.5], "texture": "#1"},
				"south": {"uv": [0.5, 0, 2.5, 0.5], "texture": "#1"},
				"west": {"uv": [1, 0, 1.5, 0.5], "texture": "#1"},
				"up": {"uv": [0.5, 0, 2.5, 0.5], "texture": "#1"},
				"down": {"uv": [0.5, 0, 2.5, 0.5], "texture": "#1"}
			}
		},
		{
			"from": [14, 3, 20],
			"to": [16, 3.8, 20.5],
			"rotation": {"angle": 0, "axis": "y", "origin": [16, 0, 0]},
			"faces": {
				"north": {"uv": [0.5, 0, 2.5, 1.4], "texture": "#7"},
				"east": {"uv": [1, 0, 1.5, 1.4], "texture": "#7"},
				"south": {"uv": [10, 8, 12, 9.4], "texture": "#7"},
				"west": {"uv": [1, 0, 1.5, 1.4], "texture": "#7"},
				"up": {"uv": [0.5, 0, 2.5, 0.5], "texture": "#7"},
				"down": {"uv": [0.5, 0, 2.5, 0.5], "texture": "#7"}
			}
		},
		{
			"from": [13.5, 5, 20.1],
			"to": [16, 6.4, 20.6],
			"rotation": {"angle": 0, "axis": "y", "origin": [16, 0, 0]},
			"faces": {
				"north": {"uv": [0.5, 0, 2.5, 1.4], "texture": "#7"},
				"east": {"uv": [1, 0, 1.5, 1.4], "texture": "#7"},
				"south": {"uv": [0, 0.5, 16, 13.9], "texture": "#9"},
				"west": {"uv": [1, 0, 1.5, 1.4], "texture": "#7"},
				"up": {"uv": [0.5, 0, 2.5, 0.5], "texture": "#7"},
				"down": {"uv": [0.5, 0, 2.5, 0.5], "texture": "#7"}
			}
		},
		{
			"from": [2, 5, 20.1],
			"to": [4.5, 6.4, 20.6],
			"rotation": {"angle": 0, "axis": "y", "origin": [16, 0, 0]},
			"faces": {
				"north": {"uv": [0.5, 0, 2.5, 1.4], "texture": "#7"},
				"east": {"uv": [1, 0, 1.5, 1.4], "texture": "#7"},
				"south": {"uv": [0, 0.5, 16, 13.9], "texture": "#9"},
				"west": {"uv": [1, 0, 1.5, 1.4], "texture": "#7"},
				"up": {"uv": [0.5, 0, 2.5, 0.5], "texture": "#7"},
				"down": {"uv": [0.5, 0, 2.5, 0.5], "texture": "#7"}
			}
		},
		{
			"from": [2, 3, 20],
			"to": [4, 3.8, 20.5],
			"rotation": {"angle": 0, "axis": "y", "origin": [16, 0, 0]},
			"faces": {
				"north": {"uv": [0.5, 0, 2.5, 1.4], "texture": "#7"},
				"east": {"uv": [1, 0, 1.5, 1.4], "texture": "#7"},
				"south": {"uv": [10, 8, 12, 9.4], "texture": "#7"},
				"west": {"uv": [1, 0, 1.5, 1.4], "texture": "#7"},
				"up": {"uv": [0.5, 0, 2.5, 0.5], "texture": "#7"},
				"down": {"uv": [0.5, 0, 2.5, 0.5], "texture": "#7"}
			}
		},
		{
			"from": [10.75, 0.25, 20],
			"to": [12.75, 0.75, 20.5],
			"rotation": {"angle": -45, "axis": "z", "origin": [16, 0, 0]},
			"faces": {
				"north": {"uv": [0.5, 0, 2.5, 0.5], "texture": "#1"},
				"east": {"uv": [1, 0, 1.5, 0.5], "texture": "#1"},
				"south": {"uv": [0.5, 0, 2.5, 0.5], "texture": "#1"},
				"west": {"uv": [1, 0, 1.5, 0.5], "texture": "#1"},
				"up": {"uv": [0.5, 0, 2.5, 0.5], "texture": "#1"},
				"down": {"uv": [0.5, 0, 2.5, 0.5], "texture": "#1"}
			}
		},
		{
			"from": [9.25, 10.25, 20],
			"to": [11.25, 10.75, 20.5],
			"rotation": {"angle": 45, "axis": "z", "origin": [16, 0, 0]},
			"faces": {
				"north": {"uv": [0.5, 0, 2.5, 0.5], "texture": "#1"},
				"east": {"uv": [1, 0, 1.5, 0.5], "texture": "#1"},
				"south": {"uv": [0.5, 0, 2.5, 0.5], "texture": "#1"},
				"west": {"uv": [1, 0, 1.5, 0.5], "texture": "#1"},
				"up": {"uv": [0.5, 0, 2.5, 0.5], "texture": "#1"},
				"down": {"uv": [0.5, 0, 2.5, 0.5], "texture": "#1"}
			}
		},
		{
			"from": [2, 2, 20],
			"to": [16, 7, 20.4],
			"rotation": {"angle": 0, "axis": "y", "origin": [16, 0, 0]},
			"faces": {
				"north": {"uv": [0.5, 0, 14.5, 5], "texture": "#6"},
				"east": {"uv": [1, 0, 1.4, 5], "texture": "#6"},
				"south": {"uv": [0.5, 0, 14.5, 5], "texture": "#6"},
				"west": {"uv": [1, 0, 1.4, 5], "texture": "#6"},
				"up": {"uv": [0.5, 0, 14.5, 0.4], "texture": "#6"},
				"down": {"uv": [0.5, 0, 14.5, 0.4], "texture": "#6"}
			}
		},
		{
			"from": [4, 7, 20],
			"to": [14, 10, 20.4],
			"rotation": {"angle": 0, "axis": "y", "origin": [16, 0, 0]},
			"faces": {
				"north": {"uv": [0.5, 0, 10.5, 3], "texture": "#2"},
				"east": {"uv": [1, 0, 1.4, 3], "texture": "#2"},
				"south": {"uv": [0.5, 0, 10.5, 3], "texture": "#2"},
				"west": {"uv": [1, 0, 1.4, 3], "texture": "#2"},
				"up": {"uv": [0.5, 0, 10.5, 0.4], "texture": "#2"},
				"down": {"uv": [0.5, 0, 10.5, 0.4], "texture": "#2"}
			}
		},
		{
			"from": [2, 1, 16.5],
			"to": [2.5, 5, 19.5],
			"rotation": {"angle": 0, "axis": "y", "origin": [16, 0, 0]},
			"faces": {
				"north": {"uv": [0.5, 0, 1, 4], "texture": "#2"},
				"east": {"uv": [3, 0, 6, 4], "texture": "#2"},
				"south": {"uv": [0.5, 0, 1, 4], "texture": "#2"},
				"west": {"uv": [3, 0, 6, 4], "texture": "#2"},
				"up": {"uv": [0.5, 0, 1, 3], "texture": "#2"},
				"down": {"uv": [0.5, 0, 1, 3], "texture": "#2"}
			}
		},
		{
			"from": [1.5, 0.5, 16.5],
			"to": [2, 1, 19],
			"rotation": {"angle": 0, "axis": "y", "origin": [16, 0, 0]},
			"faces": {
				"north": {"uv": [0.5, 0, 1, 0.5], "texture": "#1"},
				"east": {"uv": [2.5, 0, 5, 0.5], "texture": "#1"},
				"south": {"uv": [0.5, 0, 1, 0.5], "texture": "#1"},
				"west": {"uv": [2.5, 0, 5, 0.5], "texture": "#1"},
				"up": {"uv": [0.5, 0, 1, 2.5], "texture": "#1"},
				"down": {"uv": [0.5, 0, 1, 2.5], "texture": "#1"}
			}
		},
		{
			"from": [1.5, 1.5, 16.5],
			"to": [2, 2, 19],
			"rotation": {"angle": 0, "axis": "y", "origin": [16, 0, 0]},
			"faces": {
				"north": {"uv": [0.5, 0, 1, 0.5], "texture": "#5"},
				"east": {"uv": [2.5, 0, 5, 0.5], "texture": "#5"},
				"south": {"uv": [0.5, 0, 1, 0.5], "texture": "#5"},
				"west": {"uv": [2.5, 0, 5, 0.5], "texture": "#5"},
				"up": {"uv": [0.5, 0, 1, 2.5], "texture": "#5"},
				"down": {"uv": [0.5, 0, 1, 2.5], "texture": "#5"}
			}
		},
		{
			"from": [1.5, 3, 16.5],
			"to": [2, 3.5, 19],
			"rotation": {"angle": 0, "axis": "y", "origin": [16, 0, 0]},
			"faces": {
				"north": {"uv": [0.5, 0, 1, 0.5], "texture": "#5"},
				"east": {"uv": [2.5, 0, 5, 0.5], "texture": "#5"},
				"south": {"uv": [0.5, 0, 1, 0.5], "texture": "#5"},
				"west": {"uv": [2.5, 0, 5, 0.5], "texture": "#5"},
				"up": {"uv": [0.5, 0, 1, 2.5], "texture": "#5"},
				"down": {"uv": [0.5, 0, 1, 2.5], "texture": "#5"}
			}
		},
		{
			"from": [1.6, 7, 13],
			"to": [2, 12, 19],
			"rotation": {"angle": 0, "axis": "y", "origin": [16, 0, 0]},
			"faces": {
				"north": {"uv": [0.4, 0, 0.8, 5], "texture": "#1"},
				"east": {"uv": [6, 0, 12, 5], "texture": "#1"},
				"south": {"uv": [0.4, 0, 0.8, 5], "texture": "#1"},
				"west": {"uv": [6, 0, 12, 5], "texture": "#1"},
				"up": {"uv": [0.4, 0, 0.8, 6], "texture": "#1"},
				"down": {"uv": [0.4, 0, 0.8, 6], "texture": "#1"}
			}
		},
		{
			"from": [1.25, 5, 10],
			"to": [2, 7, 19],
			"rotation": {"angle": 0, "axis": "y", "origin": [16, 0, 0]},
			"faces": {
				"north": {"uv": [0.75, 0, 1.5, 2], "texture": "#1"},
				"east": {"uv": [7, 0, 16, 2], "texture": "#1"},
				"south": {"uv": [0.75, 0, 1.5, 2], "texture": "#1"},
				"west": {"uv": [7, 0, 16, 2], "texture": "#1"},
				"up": {"uv": [0.75, 0, 1.5, 9], "texture": "#1"},
				"down": {"uv": [0.75, 0, 1.5, 9], "texture": "#1"}
			}
		},
		{
			"from": [1.5, 7, 10],
			"to": [2, 18, 13],
			"rotation": {"angle": 0, "axis": "y", "origin": [16, 0, 0]},
			"faces": {
				"north": {"uv": [0.5, 0, 1, 11], "texture": "#1"},
				"east": {"uv": [3, 0, 6, 11], "texture": "#1"},
				"south": {"uv": [0.5, 0, 1, 11], "texture": "#1"},
				"west": {"uv": [3, 0, 6, 11], "texture": "#1"},
				"up": {"uv": [0.5, 0, 1, 3], "texture": "#1"},
				"down": {"uv": [0.5, 0, 1, 3], "texture": "#1"}
			}
		},
		{
			"from": [1.6, 11, 18.5],
			"to": [2, 18, 19],
			"rotation": {"angle": 0, "axis": "y", "origin": [16, 0, 0]},
			"faces": {
				"north": {"uv": [0.4, 0, 0.8, 7], "texture": "#1"},
				"east": {"uv": [0.5, 0, 1, 7], "texture": "#1"},
				"south": {"uv": [0.4, 0, 0.8, 7], "texture": "#1"},
				"west": {"uv": [0.5, 0, 1, 7], "texture": "#1"},
				"up": {"uv": [0.4, 0, 0.8, 0.5], "texture": "#1"},
				"down": {"uv": [0.4, 0, 0.8, 0.5], "texture": "#1"}
			}
		},
		{
			"from": [1.6, 12, 13],
			"to": [2, 17, 18.5],
			"rotation": {"angle": 0, "axis": "y", "origin": [16, 0, 0]},
			"faces": {
				"north": {"uv": [0.4, 0, 0, 7], "texture": "#2"},
				"east": {"uv": [12.5, 7, 7, 14], "texture": "#4"},
				"south": {"uv": [0.4, 0, 0, 7], "texture": "#2"},
				"west": {"uv": [14.5, 8, 9, 15], "texture": "#4"},
				"up": {"uv": [0.4, 0, 0, 5.5], "texture": "#2"},
				"down": {"uv": [0.4, 0, 0, 5.5], "texture": "#2"}
			}
		},
		{
			"from": [1.6, 17, 13],
			"to": [2, 18, 19],
			"rotation": {"angle": 0, "axis": "y", "origin": [16, 0, 0]},
			"faces": {
				"north": {"uv": [0.4, 0, 0.8, 1], "texture": "#1"},
				"east": {"uv": [6, 0, 12, 1], "texture": "#1"},
				"south": {"uv": [0.4, 0, 0.8, 1], "texture": "#1"},
				"west": {"uv": [6, 0, 12, 1], "texture": "#1"},
				"up": {"uv": [0.4, 0, 0.8, 6], "texture": "#1"},
				"down": {"uv": [0.4, 0, 0.8, 6], "texture": "#1"}
			}
		},
		{
			"from": [1.25, 18, 8],
			"to": [2, 20, 20],
			"rotation": {"angle": 0, "axis": "y", "origin": [16, 0, 0]},
			"faces": {
				"north": {"uv": [0.75, 0, 1.5, 2], "texture": "#1"},
				"east": {"uv": [4, 0, 16, 2], "texture": "#1"},
				"south": {"uv": [0.75, 0, 1.5, 2], "texture": "#1"},
				"west": {"uv": [4, 0, 16, 2], "texture": "#1"},
				"up": {"uv": [0.75, 0, 1.5, 12], "texture": "#1"},
				"down": {"uv": [0.75, 0, 1.5, 12], "texture": "#1"}
			}
		},
		{
			"from": [2, 19, 8],
			"to": [16, 20, 20],
			"rotation": {"angle": 0, "axis": "y", "origin": [16, 0, 0]},
			"faces": {
				"north": {"uv": [0.75, 0, 14.75, 1], "texture": "#1"},
				"east": {"uv": [4, 0, 16, 1], "texture": "#1"},
				"south": {"uv": [0.75, 0, 14.75, 1], "texture": "#1"},
				"west": {"uv": [4, 0, 16, 1], "texture": "#1"},
				"up": {"uv": [0.75, 0, 14.75, 12], "texture": "#1"},
				"down": {"uv": [0.75, 0, 14.75, 12], "texture": "#1"}
			}
		},
		{
			"from": [2.5, 20, 8.25],
			"to": [15.5, 21, 19.25],
			"rotation": {"angle": 0, "axis": "y", "origin": [16, 0, 0]},
			"faces": {
				"north": {"uv": [0.75, 0, 13.75, 1], "texture": "#1"},
				"east": {"uv": [4, 0, 15, 1], "texture": "#1"},
				"south": {"uv": [0.75, 0, 13.75, 1], "texture": "#1"},
				"west": {"uv": [4, 0, 15, 1], "texture": "#1"},
				"up": {"uv": [0.75, 0, 13.75, 11], "texture": "#1"},
				"down": {"uv": [0.75, 0, 13.75, 11], "texture": "#1"}
			}
		},
		{
			"from": [2.5, 23, 0.25],
			"to": [15.5, 25, 6.25],
			"rotation": {"angle": 22.5, "axis": "x", "origin": [16, 0, 0]},
			"faces": {
				"north": {"uv": [0.75, 0, 13.75, 1], "texture": "#1"},
				"east": {"uv": [4, 0, 15, 1], "texture": "#1"},
				"south": {"uv": [0.75, 0, 13.75, 1], "texture": "#1"},
				"west": {"uv": [4, 0, 15, 1], "texture": "#1"},
				"up": {"uv": [0.75, 0, 13.75, 11], "texture": "#1"},
				"down": {"uv": [0.75, 0, 13.75, 11], "texture": "#1"}
			}
		},
		{
			"from": [1.5, 7, 8],
			"to": [2, 18, 9.5],
			"rotation": {"angle": 0, "axis": "y", "origin": [16, 0, 0]},
			"faces": {
				"north": {"uv": [0.5, 0, 1, 11], "texture": "#1"},
				"east": {"uv": [1.5, 0, 3, 11], "texture": "#1"},
				"south": {"uv": [0.5, 0, 1, 11], "texture": "#1"},
				"west": {"uv": [1.5, 0, 3, 11], "texture": "#1"},
				"up": {"uv": [0.5, 0, 1, 1.5], "texture": "#1"},
				"down": {"uv": [0.5, 0, 1, 1.5], "texture": "#1"}
			}
		},
		{
			"from": [1.6, 7, 9.5],
			"to": [2, 18, 10],
			"rotation": {"angle": 0, "axis": "y", "origin": [16, 0, 0]},
			"faces": {
				"north": {"uv": [0.4, 0, 0.8, 11], "texture": "#2"},
				"east": {"uv": [0.5, 0, 1, 11], "texture": "#2"},
				"south": {"uv": [0.4, 0, 0.8, 11], "texture": "#2"},
				"west": {"uv": [0.5, 0, 1, 11], "texture": "#2"},
				"up": {"uv": [0.4, 0, 0.8, 0.5], "texture": "#2"},
				"down": {"uv": [0.4, 0, 0.8, 0.5], "texture": "#2"}
			}
		},
		{
			"from": [1.5, 10, 13.5],
			"to": [2, 10.5, 14.5],
			"rotation": {"angle": 0, "axis": "y", "origin": [16, 0, 0]},
			"faces": {
				"north": {"uv": [0.5, 0, 1, 0.5], "texture": "#0"},
				"east": {"uv": [1, 0, 2, 0.5], "texture": "#0"},
				"south": {"uv": [0.5, 0, 1, 0.5], "texture": "#0"},
				"west": {"uv": [1, 0, 2, 0.5], "texture": "#0"},
				"up": {"uv": [0.5, 0, 1, 1], "texture": "#0"},
				"down": {"uv": [0.5, 0, 1, 1], "texture": "#0"}
			}
		},
		{
			"from": [2.5, 2, 8.75],
			"to": [9, 6, 17.75],
			"rotation": {"angle": 0, "axis": "y", "origin": [16, 0, 0]},
			"faces": {
				"north": {"uv": [6.5, 0, 13, 4], "texture": "#2"},
				"east": {"uv": [7, 0, 16, 4], "texture": "#2"},
				"south": {"uv": [6.5, 0, 13, 4], "texture": "#2"},
				"west": {"uv": [7, 0, 16, 4], "texture": "#2"},
				"up": {"uv": [6.5, 0, 13, 9], "texture": "#2"},
				"down": {"uv": [6.5, 0, 13, 9], "texture": "#2"}
			}
		},
		{
			"from": [1.25, 1, -1],
			"to": [2, 2, 10],
			"rotation": {"angle": 0, "axis": "y", "origin": [16, 0, 0]},
			"faces": {
				"north": {"uv": [0.75, 0, 1.5, 1], "texture": "#1"},
				"east": {"uv": [5, 0, 16, 1], "texture": "#1"},
				"south": {"uv": [0.75, 0, 1.5, 1], "texture": "#1"},
				"west": {"uv": [5, 0, 16, 1], "texture": "#1"},
				"up": {"uv": [0.75, 0, 1.5, 11], "texture": "#1"},
				"down": {"uv": [0.75, 0, 1.5, 11], "texture": "#1"}
			}
		},
		{
			"from": [1.25, 4, -1],
			"to": [2, 5, 10],
			"rotation": {"angle": 0, "axis": "y", "origin": [16, 0, 0]},
			"faces": {
				"north": {"uv": [0.75, 0, 1.5, 1], "texture": "#5"},
				"east": {"uv": [5, 0, 16, 1], "texture": "#5"},
				"south": {"uv": [0.75, 0, 1.5, 1], "texture": "#5"},
				"west": {"uv": [5, 0, 16, 1], "texture": "#5"},
				"up": {"uv": [0.75, 0, 1.5, 11], "texture": "#5"},
				"down": {"uv": [0.75, 0, 1.5, 11], "texture": "#5"}
			}
		},
		{
			"from": [1, 2, -1],
			"to": [1.5, 4, 10],
			"rotation": {"angle": 0, "axis": "y", "origin": [16, 0, 0]},
			"faces": {
				"north": {"uv": [0.5, 0, 1, 2], "texture": "#1"},
				"east": {"uv": [5, 0, 16, 2], "texture": "#1"},
				"south": {"uv": [0.5, 0, 1, 2], "texture": "#1"},
				"west": {"uv": [5, 0, 16, 2], "texture": "#1"},
				"up": {"uv": [0.5, 0, 1, 11], "texture": "#1"},
				"down": {"uv": [0.5, 0, 1, 11], "texture": "#1"}
			}
		},
		{
			"from": [1.15, 1.25, 0],
			"to": [1.9, 1.75, 2],
			"rotation": {"angle": 0, "axis": "y", "origin": [16, 0, 0]},
			"faces": {
				"north": {"uv": [0.75, 0, 1.5, 0.5], "texture": "#0"},
				"east": {"uv": [2, 0, 4, 0.5], "texture": "#0"},
				"south": {"uv": [0.75, 0, 1.5, 0.5], "texture": "#0"},
				"west": {"uv": [2, 0, 4, 0.5], "texture": "#0"},
				"up": {"uv": [0.75, 0, 1.5, 2], "texture": "#0"},
				"down": {"uv": [0.75, 0, 1.5, 2], "texture": "#0"}
			}
		},
		{
			"from": [1.15, 1.25, 7],
			"to": [1.9, 1.75, 9],
			"rotation": {"angle": 0, "axis": "y", "origin": [16, 0, 0]},
			"faces": {
				"north": {"uv": [0.75, 0, 1.5, 0.5], "texture": "#0"},
				"east": {"uv": [2, 0, 4, 0.5], "texture": "#0"},
				"south": {"uv": [0.75, 0, 1.5, 0.5], "texture": "#0"},
				"west": {"uv": [2, 0, 4, 0.5], "texture": "#0"},
				"up": {"uv": [0.75, 0, 1.5, 2], "texture": "#0"},
				"down": {"uv": [0.75, 0, 1.5, 2], "texture": "#0"}
			}
		},
		{
			"from": [3.5, -0.5, -6.5],
			"to": [5.5, 4.5, -1.5],
			"rotation": {"angle": 0, "axis": "y", "origin": [16, 0, 0]},
			"faces": {
				"north": {"uv": [2, 0, 4, 5], "texture": "#6"},
				"east": {"uv": [5, 0, 10, 5], "texture": "#6"},
				"south": {"uv": [2, 0, 4, 5], "texture": "#6"},
				"west": {"uv": [5, 0, 10, 5], "texture": "#6"},
				"up": {"uv": [2, 0, 4, 5], "texture": "#6"},
				"down": {"uv": [2, 0, 4, 5], "texture": "#6"}
			}
		},
		{
			"from": [2.5, 8.1, -2.4],
			"to": [4.5, 8.6, -1.4],
			"rotation": {"angle": -45, "axis": "x", "origin": [-11.25, 0, 0]},
			"faces": {
				"north": {"uv": [0, 0, 2, 0.5], "texture": "#1"},
				"east": {"uv": [0, 0, 1, 0.5], "texture": "#1"},
				"south": {"uv": [0, 0, 2, 0.5], "texture": "#1"},
				"west": {"uv": [0, 0, 1, 0.5], "texture": "#1"},
				"up": {"uv": [0, 0, 2, 1], "texture": "#1"},
				"down": {"uv": [0, 0, 2, 1], "texture": "#1"}
			}
		},
		{
			"from": [1.5, 8, -2.9],
			"to": [5, 8.5, -0.9],
			"rotation": {"angle": -45, "axis": "x", "origin": [-11.25, 0, 0]},
			"faces": {
				"north": {"uv": [0, 0, 3.5, 0.5], "texture": "#0"},
				"east": {"uv": [0, 0, 2, 0.5], "texture": "#0"},
				"south": {"uv": [0, 0, 3.5, 0.5], "texture": "#0"},
				"west": {"uv": [0, 0, 2, 0.5], "texture": "#0"},
				"up": {"uv": [0, 0, 3.5, 2], "texture": "#0"},
				"down": {"uv": [0, 0, 3.5, 2], "texture": "#0"}
			}
		},
		{
			"from": [1.5, 5, -6.5],
			"to": [5, 5.5, -1.5],
			"rotation": {"angle": 0, "axis": "y", "origin": [-11.25, 0, 0]},
			"faces": {
				"north": {"uv": [0, 0, 3.5, 0.5], "texture": "#0"},
				"east": {"uv": [0, 0, 5, 0.5], "texture": "#0"},
				"south": {"uv": [0, 0, 3.5, 0.5], "texture": "#0"},
				"west": {"uv": [0, 0, 5, 0.5], "texture": "#0"},
				"up": {"uv": [0, 0, 3.5, 5], "texture": "#0"},
				"down": {"uv": [0, 0, 3.5, 5], "texture": "#0"}
			}
		},
		{
			"from": [1.5, 4.5, -1.5],
			"to": [5, 5, -0.5],
			"rotation": {"angle": 0, "axis": "y", "origin": [-11.25, 0, 0]},
			"faces": {
				"north": {"uv": [0, 0, 3.5, 0.5], "texture": "#0"},
				"east": {"uv": [0, 0, 1, 0.5], "texture": "#0"},
				"south": {"uv": [0, 0, 3.5, 0.5], "texture": "#0"},
				"west": {"uv": [0, 0, 1, 0.5], "texture": "#0"},
				"up": {"uv": [0, 0, 3.5, 1], "texture": "#0"},
				"down": {"uv": [0, 0, 3.5, 1], "texture": "#0"}
			}
		},
		{
			"from": [1.25, 5.75, 8],
			"to": [2, 7.15, 10],
			"rotation": {"angle": 0, "axis": "y", "origin": [16, 0, 0]},
			"faces": {
				"north": {"uv": [0.75, 0, 1.5, 1.4], "texture": "#1"},
				"east": {"uv": [2, 0, 4, 1.4], "texture": "#1"},
				"south": {"uv": [0.75, 0, 1.5, 1.4], "texture": "#1"},
				"west": {"uv": [2, 0, 4, 1.4], "texture": "#1"},
				"up": {"uv": [0.75, 0, 1.5, 2], "texture": "#1"},
				"down": {"uv": [0.75, 0, 1.5, 2], "texture": "#1"}
			}
		},
		{
			"from": [2, 5, 8.5],
			"to": [16, 20, 9],
			"rotation": {"angle": 0, "axis": "y", "origin": [16, 0, 0]},
			"faces": {
				"north": {"uv": [7, 0, 14, 15], "texture": "#1"},
				"east": {"uv": [0.5, 0, 1, 15], "texture": "#1"},
				"south": {"uv": [10, 2, 11, 3], "texture": "#6"},
				"west": {"uv": [0.5, 0, 1, 15], "texture": "#1"},
				"up": {"uv": [7, 0, 14, 0.5], "texture": "#1"},
				"down": {"uv": [7, 0, 14, 0.5], "texture": "#1"}
			}
		},
		{
			"from": [2, 2.5, -1.5],
			"to": [9, 3.5, 8.5],
			"rotation": {"angle": 0, "axis": "y", "origin": [16, 0, 0]},
			"faces": {
				"north": {"uv": [7, 0, 14, 1], "texture": "#0"},
				"east": {"uv": [6, 0, 16, 1], "texture": "#0"},
				"south": {"uv": [7, 0, 14, 1], "texture": "#0"},
				"west": {"uv": [6, 0, 16, 1], "texture": "#0"},
				"up": {"uv": [7, 0, 14, 10], "texture": "#0"},
				"down": {"uv": [7, 0, 14, 10], "texture": "#0"}
			}
		},
		{
			"from": [6.5, 3, 0.5],
			"to": [7.5, 5, 5.5],
			"rotation": {"angle": -22.5, "axis": "x", "origin": [16, 0, 0]},
			"faces": {
				"north": {"uv": [7, 0, 8, 2], "texture": "#6"},
				"east": {"uv": [6, 0, 11, 2], "texture": "#6"},
				"south": {"uv": [7, 0, 8, 2], "texture": "#6"},
				"west": {"uv": [6, 0, 11, 2], "texture": "#6"},
				"up": {"uv": [7, 0, 8, 5], "texture": "#6"},
				"down": {"uv": [7, 0, 8, 5], "texture": "#6"}
			}
		},
		{
			"from": [10, 3, 0.5],
			"to": [11, 5, 5.5],
			"rotation": {"angle": -22.5, "axis": "x", "origin": [16, 0, 0]},
			"faces": {
				"north": {"uv": [7, 0, 8, 2], "texture": "#6"},
				"east": {"uv": [6, 0, 11, 2], "texture": "#6"},
				"south": {"uv": [7, 0, 8, 2], "texture": "#6"},
				"west": {"uv": [6, 0, 11, 2], "texture": "#6"},
				"up": {"uv": [7, 0, 8, 5], "texture": "#6"},
				"down": {"uv": [7, 0, 8, 5], "texture": "#6"}
			}
		},
		{
			"from": [7, 3, 3.5],
			"to": [10, 5, 5.5],
			"rotation": {"angle": -22.5, "axis": "x", "origin": [16, 0, 0]},
			"faces": {
				"north": {"uv": [7, 0, 10, 2], "texture": "#6"},
				"east": {"uv": [6, 0, 8, 2], "texture": "#6"},
				"south": {"uv": [7, 0, 10, 2], "texture": "#6"},
				"west": {"uv": [6, 0, 8, 2], "texture": "#6"},
				"up": {"uv": [7, 0, 10, 2], "texture": "#6"},
				"down": {"uv": [7, 0, 10, 2], "texture": "#6"}
			}
		},
		{
			"from": [6.25, 3, 2.5],
			"to": [11.25, 5, 8.5],
			"rotation": {"angle": 0, "axis": "y", "origin": [16, 0, 0]},
			"faces": {
				"north": {"uv": [7, 0, 12, 2], "texture": "#5"},
				"east": {"uv": [6, 0, 12, 2], "texture": "#5"},
				"south": {"uv": [7, 0, 12, 2], "texture": "#5"},
				"west": {"uv": [6, 0, 12, 2], "texture": "#5"},
				"up": {"uv": [6, 1, 9, 2], "texture": "#5"},
				"down": {"uv": [7, 0, 12, 6], "texture": "#5"}
			}
		},
		{
			"from": [13.25, 3, 5.5],
			"to": [15.25, 6, 7.5],
			"rotation": {"angle": 0, "axis": "y", "origin": [16, 0, 0]},
			"faces": {
				"north": {"uv": [7, 0, 12, 2], "texture": "#5"},
				"east": {"uv": [6, 0, 12, 2], "texture": "#5"},
				"south": {"uv": [7, 0, 12, 2], "texture": "#5"},
				"west": {"uv": [6, 0, 12, 2], "texture": "#5"},
				"up": {"uv": [6, 1, 9, 2], "texture": "#5"},
				"down": {"uv": [7, 0, 12, 6], "texture": "#5"}
			}
		},
		{
			"from": [13.25, 6, 6],
			"to": [14.25, 6.5, 7],
			"rotation": {"angle": 0, "axis": "y", "origin": [16, 0, 0]},
			"faces": {
				"north": {"uv": [7, 0, 12, 2], "texture": "#7"},
				"east": {"uv": [6, 0, 12, 2], "texture": "#7"},
				"south": {"uv": [7, 0, 12, 2], "texture": "#7"},
				"west": {"uv": [6, 0, 12, 2], "texture": "#7"},
				"up": {"uv": [6, 1, 9, 2], "texture": "#7"},
				"down": {"uv": [7, 0, 12, 6], "texture": "#7"}
			}
		},
		{
			"from": [7, 2.75, 0.25],
			"to": [10, 4.75, 1.25],
			"rotation": {"angle": -22.5, "axis": "x", "origin": [16, 0, 0]},
			"faces": {
				"north": {"uv": [7, 0, 10, 2], "texture": "#6"},
				"east": {"uv": [6, 0, 7, 2], "texture": "#6"},
				"south": {"uv": [7, 0, 10, 2], "texture": "#6"},
				"west": {"uv": [6, 0, 7, 2], "texture": "#6"},
				"up": {"uv": [7, 0, 10, 1], "texture": "#6"},
				"down": {"uv": [7, 0, 10, 1], "texture": "#6"}
			}
		}
	],
	"display": {
		"head": {
			"rotation": [0, 179, 0],
			"translation": [0, 3, 20],
			"scale": [4, 4, 4]
		}
	},
	"groups": [
		{
			"name": "truck1",
			"origin": [8, 8, 8],
			"color": 0,
			"children": [
				0,
				1,
				2,
				3,
				4,
				5,
				6,
				7,
				8,
				9,
				10,
				11,
				12,
				13,
				14,
				15,
				16,
				17,
				18,
				19,
				20,
				21,
				22,
				23,
				24,
				25,
				26,
				27,
				28,
				29,
				30,
				31,
				32,
				33,
				34,
				35,
				36,
				37,
				38,
				39,
				40,
				41,
				42,
				43,
				44,
				45,
				46,
				47,
				48,
				49,
				50,
				51,
				52,
				53,
				54,
				55,
				56,
				57,
				58,
				59,
				60,
				61,
				62,
				63,
				64,
				65,
				66,
				67,
				68,
				69,
				70,
				71,
				72,
				73,
				74,
				75,
				76,
				77,
				78,
				79,
				80,
				81,
				82,
				83,
				84,
				85,
				86,
				87,
				88,
				89,
				90,
				91,
				92,
				93,
				94,
				95,
				96,
				97,
				98,
				99,
				100,
				101,
				102,
				103,
				104,
				105,
				106,
				107,
				108,
				109,
				110,
				111,
				112,
				113,
				114,
				115,
				116,
				117,
				118,
				119,
				120,
				121,
				122,
				123,
				124,
				125,
				126,
				127,
				128,
				129,
				130,
				131,
				132,
				133,
				134,
				135,
				136,
				137,
				138,
				139,
				140,
				141,
				142,
				143,
				144,
				145,
				146,
				147,
				148,
				149,
				150,
				151,
				152,
				153,
				154,
				155,
				156,
				157,
				158,
				159,
				160,
				161,
				162,
				163,
				164,
				165,
				166,
				167,
				168,
				169,
				170,
				171,
				172,
				173,
				174,
				175,
				176,
				177,
				178,
				179,
				180,
				181,
				182,
				183,
				184,
				185,
				186,
				187,
				188,
				189,
				190,
				191,
				192,
				193,
				194,
				195,
				196,
				197
			]
		}
	]
}