{
	"credit": "Made with Blockbench",
	"textures": {
		"1": "block/gray_concrete",
		"4": "block/black_wool",
		"particle": "block/gray_concrete"
	},
	"elements": [
		{
			"from": [0, 0.8, 3.5],
			"to": [16, 1.05, 13.5],
			"faces": {
				"north": {"uv": [1, 1, 16, 2], "rotation": 90, "texture": "#1"},
				"east": {"uv": [0, 0, 2, 2], "rotation": 270, "texture": "#1"},
				"south": {"uv": [0, 0, 16, 4], "rotation": 270, "texture": "#1"},
				"west": {"uv": [0, 0, 16, 6], "rotation": 270, "texture": "#1"},
				"up": {"uv": [13, 15, 14, 16], "texture": "#1"},
				"down": {"uv": [0, 0, 4, 3], "rotation": 270, "texture": "#1"}
			}
		},
		{
			"from": [0, 0.8, 3.5],
			"to": [16, 1.3, 4],
			"faces": {
				"north": {"uv": [1, 1, 16, 2], "rotation": 90, "texture": "#1"},
				"east": {"uv": [0, 0, 2, 2], "rotation": 270, "texture": "#1"},
				"south": {"uv": [0, 0, 16, 4], "rotation": 270, "texture": "#1"},
				"west": {"uv": [0, 0, 16, 6], "rotation": 270, "texture": "#1"},
				"up": {"uv": [13, 15, 14, 16], "texture": "#1"},
				"down": {"uv": [0, 0, 4, 3], "rotation": 270, "texture": "#1"}
			}
		},
		{
			"from": [0, 0.8, 12],
			"to": [16, 1.3, 12.5],
			"faces": {
				"north": {"uv": [1, 1, 16, 2], "rotation": 90, "texture": "#1"},
				"east": {"uv": [0, 0, 2, 2], "rotation": 270, "texture": "#1"},
				"south": {"uv": [0, 0, 16, 4], "rotation": 270, "texture": "#1"},
				"west": {"uv": [0, 0, 16, 6], "rotation": 270, "texture": "#1"},
				"up": {"uv": [13, 15, 14, 16], "texture": "#1"},
				"down": {"uv": [0, 0, 4, 3], "rotation": 270, "texture": "#1"}
			}
		},
		{
			"from": [7, 2, 1.5],
			"to": [8.5, 2.1, 3],
			"faces": {
				"north": {"uv": [1, 1, 16, 2], "rotation": 90, "texture": "#4"},
				"east": {"uv": [0, 0, 2, 2], "rotation": 270, "texture": "#4"},
				"south": {"uv": [0, 0, 16, 4], "rotation": 270, "texture": "#4"},
				"west": {"uv": [0, 0, 16, 6], "rotation": 270, "texture": "#4"},
				"up": {"uv": [7, 7, 8, 8], "texture": "#4"},
				"down": {"uv": [0, 0, 4, 3], "rotation": 270, "texture": "#4"}
			}
		},
		{
			"from": [-1.75, 1, 1.5],
			"to": [0.25, 2, 13.5],
			"faces": {
				"north": {"uv": [1, 1, 16, 2], "rotation": 90, "texture": "#4"},
				"east": {"uv": [0, 0, 2, 2], "rotation": 270, "texture": "#4"},
				"south": {"uv": [0, 0, 16, 4], "rotation": 270, "texture": "#4"},
				"west": {"uv": [0, 0, 16, 6], "rotation": 270, "texture": "#4"},
				"up": {"uv": [13, 15, 14, 16], "texture": "#4"},
				"down": {"uv": [0, 0, 4, 3], "rotation": 270, "texture": "#4"}
			}
		},
		{
			"from": [15.75, 1, 1.5],
			"to": [17.75, 2, 13.5],
			"faces": {
				"north": {"uv": [1, 1, 16, 2], "rotation": 90, "texture": "#4"},
				"east": {"uv": [0, 0, 2, 2], "rotation": 270, "texture": "#4"},
				"south": {"uv": [0, 0, 16, 4], "rotation": 270, "texture": "#4"},
				"west": {"uv": [0, 0, 16, 6], "rotation": 270, "texture": "#4"},
				"up": {"uv": [13, 15, 14, 16], "texture": "#4"},
				"down": {"uv": [0, 0, 4, 3], "rotation": 270, "texture": "#4"}
			}
		},
		{
			"from": [0, 1, 1.5],
			"to": [16, 2, 3.75],
			"faces": {
				"north": {"uv": [1, 1, 16, 2], "rotation": 90, "texture": "#4"},
				"east": {"uv": [0, 0, 2, 2], "rotation": 270, "texture": "#4"},
				"south": {"uv": [0, 0, 16, 4], "rotation": 270, "texture": "#4"},
				"west": {"uv": [0, 0, 16, 6], "rotation": 270, "texture": "#4"},
				"up": {"uv": [13, 15, 14, 16], "texture": "#4"},
				"down": {"uv": [0, 0, 4, 3], "rotation": 270, "texture": "#4"}
			}
		},
		{
			"from": [0, 1, 12.25],
			"to": [16, 2, 13.75],
			"faces": {
				"north": {"uv": [1, 1, 16, 2], "rotation": 90, "texture": "#4"},
				"east": {"uv": [0, 0, 2, 2], "rotation": 270, "texture": "#4"},
				"south": {"uv": [0, 0, 16, 4], "rotation": 270, "texture": "#4"},
				"west": {"uv": [0, 0, 16, 6], "rotation": 270, "texture": "#4"},
				"up": {"uv": [13, 15, 14, 16], "texture": "#4"},
				"down": {"uv": [0, 0, 4, 3], "rotation": 270, "texture": "#4"}
			}
		},
		{
			"from": [6, 1, -0.5],
			"to": [10, 2, 1.5],
			"faces": {
				"north": {"uv": [1, 1, 16, 2], "rotation": 90, "texture": "#4"},
				"east": {"uv": [0, 0, 2, 2], "rotation": 270, "texture": "#4"},
				"south": {"uv": [0, 0, 16, 4], "rotation": 270, "texture": "#4"},
				"west": {"uv": [0, 0, 16, 6], "rotation": 270, "texture": "#4"},
				"up": {"uv": [13, 15, 14, 16], "texture": "#4"},
				"down": {"uv": [0, 0, 4, 3], "rotation": 270, "texture": "#4"}
			}
		},
		{
			"from": [5, 1, -0.5],
			"to": [11, 2, 0.25],
			"faces": {
				"north": {"uv": [1, 1, 16, 2], "rotation": 90, "texture": "#4"},
				"east": {"uv": [0, 0, 2, 2], "rotation": 270, "texture": "#4"},
				"south": {"uv": [0, 0, 16, 4], "rotation": 270, "texture": "#4"},
				"west": {"uv": [0, 0, 16, 6], "rotation": 270, "texture": "#4"},
				"up": {"uv": [13, 15, 14, 16], "texture": "#4"},
				"down": {"uv": [0, 0, 4, 3], "rotation": 270, "texture": "#4"}
			}
		}
	],
	"display": {
		"fixed": {
			"rotation": [-90, 0, 0],
			"translation": [0, 0, -14],
			"scale": [2, 2, 2]
		}
	}
}