{
	"credit": "Made with Blockbench",
	"textures": {
		"0": "block/orange_concrete",
		"1": "block/gray_wool",
		"3": "block/red_concrete",
		"4": "block/light_gray_concrete_powder",
		"particle": "block/blue_concrete"
	},
	"elements": [
		{
			"from": [9, 11, -1.5],
			"to": [13, 12, 0.5],
			"faces": {
				"north": {"uv": [0, 0, 16, 8], "texture": "#0"},
				"east": {"uv": [10, 11, 3, 8], "rotation": 90, "texture": "#0"},
				"south": {"uv": [10, 11, 3, 8], "rotation": 90, "texture": "#0"},
				"west": {"uv": [10, 11, 3, 8], "rotation": 90, "texture": "#0"},
				"up": {"uv": [10, 11, 3, 8], "rotation": 180, "texture": "#0"},
				"down": {"uv": [10, 11, 3, 8], "texture": "#0"}
			}
		},
		{
			"from": [9, 9, -2],
			"to": [13, 11, -1],
			"faces": {
				"north": {"uv": [0, 0, 16, 8], "texture": "#0"},
				"east": {"uv": [10, 11, 3, 8], "rotation": 90, "texture": "#0"},
				"south": {"uv": [10, 11, 3, 8], "rotation": 90, "texture": "#0"},
				"west": {"uv": [10, 11, 3, 8], "rotation": 90, "texture": "#0"},
				"up": {"uv": [10, 11, 3, 8], "rotation": 180, "texture": "#0"},
				"down": {"uv": [10, 11, 3, 8], "texture": "#4"}
			}
		},
		{
			"from": [12.5, 9, -1],
			"to": [13, 11, -0.5],
			"faces": {
				"north": {"uv": [0, 0, 16, 8], "texture": "#4"},
				"east": {"uv": [10, 11, 3, 8], "rotation": 90, "texture": "#4"},
				"south": {"uv": [10, 11, 3, 8], "rotation": 90, "texture": "#4"},
				"west": {"uv": [10, 11, 3, 8], "rotation": 90, "texture": "#4"},
				"up": {"uv": [10, 11, 3, 8], "rotation": 180, "texture": "#4"},
				"down": {"uv": [10, 11, 3, 8], "texture": "#4"}
			}
		},
		{
			"from": [12.4, 10.75, -0.5],
			"to": [12.9, 12.75, 0.75],
			"faces": {
				"north": {"uv": [0, 0, 16, 8], "texture": "#4"},
				"east": {"uv": [10, 11, 3, 8], "rotation": 90, "texture": "#4"},
				"south": {"uv": [10, 11, 3, 8], "rotation": 90, "texture": "#4"},
				"west": {"uv": [10, 11, 3, 8], "rotation": 90, "texture": "#4"},
				"up": {"uv": [10, 11, 3, 8], "rotation": 180, "texture": "#4"},
				"down": {"uv": [10, 11, 3, 8], "texture": "#4"}
			}
		},
		{
			"from": [12.4, 11.75, 0.35],
			"to": [12.9, 13.25, 1.6],
			"faces": {
				"north": {"uv": [0, 0, 16, 8], "texture": "#4"},
				"east": {"uv": [10, 11, 3, 8], "rotation": 90, "texture": "#4"},
				"south": {"uv": [10, 11, 3, 8], "rotation": 90, "texture": "#4"},
				"west": {"uv": [10, 11, 3, 8], "rotation": 90, "texture": "#4"},
				"up": {"uv": [10, 11, 3, 8], "rotation": 180, "texture": "#4"},
				"down": {"uv": [10, 11, 3, 8], "texture": "#4"}
			}
		},
		{
			"from": [12.4, 12.75, 1.1],
			"to": [12.9, 13.75, 2.35],
			"faces": {
				"north": {"uv": [0, 0, 16, 8], "texture": "#4"},
				"east": {"uv": [10, 11, 3, 8], "rotation": 90, "texture": "#4"},
				"south": {"uv": [10, 11, 3, 8], "rotation": 90, "texture": "#4"},
				"west": {"uv": [10, 11, 3, 8], "rotation": 90, "texture": "#4"},
				"up": {"uv": [10, 11, 3, 8], "rotation": 180, "texture": "#4"},
				"down": {"uv": [10, 11, 3, 8], "texture": "#4"}
			}
		},
		{
			"from": [16.5, 9, 3.2],
			"to": [17, 11, 3.7],
			"faces": {
				"north": {"uv": [10, 11, 3, 8], "rotation": 90, "texture": "#4"},
				"east": {"uv": [0, 0, 16, 8], "texture": "#4"},
				"south": {"uv": [10, 11, 3, 8], "rotation": 90, "texture": "#4"},
				"west": {"uv": [10, 11, 3, 8], "rotation": 90, "texture": "#4"},
				"up": {"uv": [10, 11, 3, 8], "rotation": 270, "texture": "#4"},
				"down": {"uv": [10, 11, 3, 8], "rotation": 270, "texture": "#4"}
			}
		},
		{
			"from": [15.25, 10.75, 3.1],
			"to": [16.5, 12.75, 3.6],
			"faces": {
				"north": {"uv": [10, 11, 3, 8], "rotation": 90, "texture": "#4"},
				"east": {"uv": [0, 0, 16, 8], "texture": "#4"},
				"south": {"uv": [10, 11, 3, 8], "rotation": 90, "texture": "#4"},
				"west": {"uv": [10, 11, 3, 8], "rotation": 90, "texture": "#4"},
				"up": {"uv": [10, 11, 3, 8], "rotation": 270, "texture": "#4"},
				"down": {"uv": [10, 11, 3, 8], "rotation": 270, "texture": "#4"}
			}
		},
		{
			"from": [14.4, 11.75, 3.1],
			"to": [15.65, 13.25, 3.6],
			"faces": {
				"north": {"uv": [10, 11, 3, 8], "rotation": 90, "texture": "#4"},
				"east": {"uv": [0, 0, 16, 8], "texture": "#4"},
				"south": {"uv": [10, 11, 3, 8], "rotation": 90, "texture": "#4"},
				"west": {"uv": [10, 11, 3, 8], "rotation": 90, "texture": "#4"},
				"up": {"uv": [10, 11, 3, 8], "rotation": 270, "texture": "#4"},
				"down": {"uv": [10, 11, 3, 8], "rotation": 270, "texture": "#4"}
			}
		},
		{
			"from": [13.65, 12.75, 3.1],
			"to": [14.9, 13.75, 3.6],
			"faces": {
				"north": {"uv": [10, 11, 3, 8], "rotation": 90, "texture": "#4"},
				"east": {"uv": [0, 0, 16, 8], "texture": "#4"},
				"south": {"uv": [10, 11, 3, 8], "rotation": 90, "texture": "#4"},
				"west": {"uv": [10, 11, 3, 8], "rotation": 90, "texture": "#4"},
				"up": {"uv": [10, 11, 3, 8], "rotation": 270, "texture": "#4"},
				"down": {"uv": [10, 11, 3, 8], "rotation": 270, "texture": "#4"}
			}
		},
		{
			"from": [14, 9, 0],
			"to": [15, 11, 1],
			"faces": {
				"north": {"uv": [13, 3, 14, 4], "rotation": 90, "texture": "#3"},
				"east": {"uv": [13, 3, 14, 4], "rotation": 90, "texture": "#3"},
				"south": {"uv": [13, 3, 14, 4], "rotation": 90, "texture": "#3"},
				"west": {"uv": [13, 3, 14, 4], "rotation": 90, "texture": "#3"},
				"up": {"uv": [13, 3, 14, 4], "rotation": 90, "texture": "#3"},
				"down": {"uv": [10, 11, 3, 8], "texture": "#4"}
			}
		},
		{
			"from": [13, 9, -1],
			"to": [14, 11, 0],
			"faces": {
				"north": {"uv": [13, 3, 14, 4], "rotation": 90, "texture": "#3"},
				"east": {"uv": [13, 3, 14, 4], "rotation": 90, "texture": "#3"},
				"south": {"uv": [13, 3, 14, 4], "rotation": 90, "texture": "#3"},
				"west": {"uv": [13, 3, 14, 4], "rotation": 90, "texture": "#3"},
				"up": {"uv": [13, 3, 14, 4], "rotation": 90, "texture": "#3"},
				"down": {"uv": [10, 11, 3, 8], "texture": "#4"}
			}
		},
		{
			"from": [15, 9, 1],
			"to": [16, 11, 2],
			"faces": {
				"north": {"uv": [13, 3, 14, 4], "rotation": 90, "texture": "#3"},
				"east": {"uv": [13, 3, 14, 4], "rotation": 90, "texture": "#3"},
				"south": {"uv": [13, 3, 14, 4], "rotation": 90, "texture": "#3"},
				"west": {"uv": [13, 3, 14, 4], "rotation": 90, "texture": "#3"},
				"up": {"uv": [13, 3, 14, 4], "rotation": 90, "texture": "#3"},
				"down": {"uv": [10, 11, 3, 8], "texture": "#4"}
			}
		},
		{
			"from": [16, 9, 2],
			"to": [17, 11, 3],
			"faces": {
				"north": {"uv": [13, 3, 14, 4], "rotation": 90, "texture": "#3"},
				"east": {"uv": [13, 3, 14, 4], "rotation": 90, "texture": "#3"},
				"south": {"uv": [13, 3, 14, 4], "rotation": 90, "texture": "#3"},
				"west": {"uv": [13, 3, 14, 4], "rotation": 90, "texture": "#3"},
				"up": {"uv": [13, 3, 14, 4], "rotation": 90, "texture": "#3"},
				"down": {"uv": [10, 11, 3, 8], "texture": "#4"}
			}
		},
		{
			"from": [14, 11, 1],
			"to": [15, 12, 2],
			"faces": {
				"north": {"uv": [13, 3, 14, 4], "rotation": 90, "texture": "#3"},
				"east": {"uv": [13, 3, 14, 4], "rotation": 90, "texture": "#3"},
				"south": {"uv": [13, 3, 14, 4], "rotation": 90, "texture": "#3"},
				"west": {"uv": [13, 3, 14, 4], "rotation": 90, "texture": "#3"},
				"up": {"uv": [13, 3, 14, 4], "rotation": 90, "texture": "#3"},
				"down": {"uv": [10, 11, 3, 8], "texture": "#3"}
			}
		},
		{
			"from": [13, 11, 0],
			"to": [14, 12, 1],
			"faces": {
				"north": {"uv": [13, 3, 14, 4], "rotation": 90, "texture": "#3"},
				"east": {"uv": [13, 3, 14, 4], "rotation": 90, "texture": "#3"},
				"south": {"uv": [13, 3, 14, 4], "rotation": 90, "texture": "#3"},
				"west": {"uv": [13, 3, 14, 4], "rotation": 90, "texture": "#3"},
				"up": {"uv": [13, 3, 14, 4], "rotation": 90, "texture": "#3"},
				"down": {"uv": [10, 11, 3, 8], "texture": "#3"}
			}
		},
		{
			"from": [15, 11, 2],
			"to": [16, 12, 3],
			"faces": {
				"north": {"uv": [13, 3, 14, 4], "rotation": 90, "texture": "#3"},
				"east": {"uv": [13, 3, 14, 4], "rotation": 90, "texture": "#3"},
				"south": {"uv": [13, 3, 14, 4], "rotation": 90, "texture": "#3"},
				"west": {"uv": [13, 3, 14, 4], "rotation": 90, "texture": "#3"},
				"up": {"uv": [13, 3, 14, 4], "rotation": 90, "texture": "#3"},
				"down": {"uv": [10, 11, 3, 8], "texture": "#3"}
			}
		},
		{
			"from": [14, 12, 2],
			"to": [15, 13, 3],
			"faces": {
				"north": {"uv": [13, 3, 14, 4], "rotation": 90, "texture": "#3"},
				"east": {"uv": [13, 3, 14, 4], "rotation": 90, "texture": "#3"},
				"south": {"uv": [13, 3, 14, 4], "rotation": 90, "texture": "#3"},
				"west": {"uv": [13, 3, 14, 4], "rotation": 90, "texture": "#3"},
				"up": {"uv": [13, 3, 14, 4], "rotation": 90, "texture": "#3"},
				"down": {"uv": [10, 11, 3, 8], "texture": "#3"}
			}
		},
		{
			"from": [13, 12, 1],
			"to": [14, 13, 2],
			"faces": {
				"north": {"uv": [13, 3, 14, 4], "rotation": 90, "texture": "#3"},
				"east": {"uv": [13, 3, 14, 4], "rotation": 90, "texture": "#3"},
				"south": {"uv": [13, 3, 14, 4], "rotation": 90, "texture": "#3"},
				"west": {"uv": [13, 3, 14, 4], "rotation": 90, "texture": "#3"},
				"up": {"uv": [13, 3, 14, 4], "rotation": 90, "texture": "#3"},
				"down": {"uv": [10, 11, 3, 8], "texture": "#3"}
			}
		},
		{
			"from": [13, 13, 2],
			"to": [14, 14, 3],
			"faces": {
				"north": {"uv": [13, 3, 14, 4], "rotation": 90, "texture": "#3"},
				"east": {"uv": [13, 3, 14, 4], "rotation": 90, "texture": "#3"},
				"south": {"uv": [13, 3, 14, 4], "rotation": 90, "texture": "#3"},
				"west": {"uv": [13, 3, 14, 4], "rotation": 90, "texture": "#3"},
				"up": {"uv": [13, 3, 14, 4], "rotation": 90, "texture": "#3"},
				"down": {"uv": [10, 11, 3, 8], "texture": "#3"}
			}
		},
		{
			"from": [12.25, 14, 2.75],
			"to": [13.25, 14.75, 3.75],
			"faces": {
				"north": {"uv": [13, 3, 14, 4], "rotation": 90, "texture": "#3"},
				"east": {"uv": [13, 3, 14, 4], "rotation": 90, "texture": "#3"},
				"south": {"uv": [13, 3, 14, 4], "rotation": 90, "texture": "#3"},
				"west": {"uv": [13, 3, 14, 4], "rotation": 90, "texture": "#3"},
				"up": {"uv": [13, 3, 14, 4], "rotation": 90, "texture": "#3"},
				"down": {"uv": [10, 11, 3, 8], "texture": "#3"}
			}
		},
		{
			"from": [13, 9, 10],
			"to": [14, 11, 11],
			"rotation": {"angle": 0, "axis": "y", "origin": [0, 0, 16]},
			"faces": {
				"north": {"uv": [13, 4, 14, 3], "rotation": 90, "texture": "#3"},
				"east": {"uv": [13, 4, 14, 3], "rotation": 90, "texture": "#3"},
				"south": {"uv": [13, 4, 14, 3], "rotation": 90, "texture": "#3"},
				"west": {"uv": [13, 4, 14, 3], "rotation": 90, "texture": "#3"},
				"up": {"uv": [14, 3, 13, 4], "rotation": 90, "texture": "#3"},
				"down": {"uv": [10, 8, 3, 11], "texture": "#4"}
			}
		},
		{
			"from": [14, 9, 9],
			"to": [15, 11, 10],
			"rotation": {"angle": 0, "axis": "y", "origin": [0, 0, 16]},
			"faces": {
				"north": {"uv": [13, 4, 14, 3], "rotation": 90, "texture": "#3"},
				"east": {"uv": [13, 4, 14, 3], "rotation": 90, "texture": "#3"},
				"south": {"uv": [13, 4, 14, 3], "rotation": 90, "texture": "#3"},
				"west": {"uv": [13, 4, 14, 3], "rotation": 90, "texture": "#3"},
				"up": {"uv": [14, 3, 13, 4], "rotation": 90, "texture": "#3"},
				"down": {"uv": [10, 8, 3, 11], "texture": "#4"}
			}
		},
		{
			"from": [13, 11, 9],
			"to": [14, 12, 10],
			"rotation": {"angle": 0, "axis": "y", "origin": [0, 0, 16]},
			"faces": {
				"north": {"uv": [13, 4, 14, 3], "rotation": 90, "texture": "#3"},
				"east": {"uv": [13, 4, 14, 3], "rotation": 90, "texture": "#3"},
				"south": {"uv": [13, 4, 14, 3], "rotation": 90, "texture": "#3"},
				"west": {"uv": [13, 4, 14, 3], "rotation": 90, "texture": "#3"},
				"up": {"uv": [14, 3, 13, 4], "rotation": 90, "texture": "#3"},
				"down": {"uv": [10, 8, 3, 11], "texture": "#3"}
			}
		},
		{
			"from": [13, 12, 8],
			"to": [14, 13, 9],
			"rotation": {"angle": 0, "axis": "y", "origin": [0, 0, 16]},
			"faces": {
				"north": {"uv": [13, 4, 14, 3], "rotation": 90, "texture": "#3"},
				"east": {"uv": [13, 4, 14, 3], "rotation": 90, "texture": "#3"},
				"south": {"uv": [13, 4, 14, 3], "rotation": 90, "texture": "#3"},
				"west": {"uv": [13, 4, 14, 3], "rotation": 90, "texture": "#3"},
				"up": {"uv": [14, 3, 13, 4], "rotation": 90, "texture": "#3"},
				"down": {"uv": [10, 8, 3, 11], "texture": "#3"}
			}
		},
		{
			"from": [14, 11, 8],
			"to": [15, 12, 9],
			"rotation": {"angle": 0, "axis": "y", "origin": [0, 0, 16]},
			"faces": {
				"north": {"uv": [13, 4, 14, 3], "rotation": 90, "texture": "#3"},
				"east": {"uv": [13, 4, 14, 3], "rotation": 90, "texture": "#3"},
				"south": {"uv": [13, 4, 14, 3], "rotation": 90, "texture": "#3"},
				"west": {"uv": [13, 4, 14, 3], "rotation": 90, "texture": "#3"},
				"up": {"uv": [14, 3, 13, 4], "rotation": 90, "texture": "#3"},
				"down": {"uv": [10, 8, 3, 11], "texture": "#3"}
			}
		},
		{
			"from": [13, 13, 7],
			"to": [14, 14, 8],
			"rotation": {"angle": 0, "axis": "y", "origin": [0, 0, 16]},
			"faces": {
				"north": {"uv": [13, 4, 14, 3], "rotation": 90, "texture": "#3"},
				"east": {"uv": [13, 4, 14, 3], "rotation": 90, "texture": "#3"},
				"south": {"uv": [13, 4, 14, 3], "rotation": 90, "texture": "#3"},
				"west": {"uv": [13, 4, 14, 3], "rotation": 90, "texture": "#3"},
				"up": {"uv": [14, 3, 13, 4], "rotation": 90, "texture": "#3"},
				"down": {"uv": [10, 8, 3, 11], "texture": "#3"}
			}
		},
		{
			"from": [14, 12, 7],
			"to": [15, 13, 8],
			"rotation": {"angle": 0, "axis": "y", "origin": [0, 0, 16]},
			"faces": {
				"north": {"uv": [13, 4, 14, 3], "rotation": 90, "texture": "#3"},
				"east": {"uv": [13, 4, 14, 3], "rotation": 90, "texture": "#3"},
				"south": {"uv": [13, 4, 14, 3], "rotation": 90, "texture": "#3"},
				"west": {"uv": [13, 4, 14, 3], "rotation": 90, "texture": "#3"},
				"up": {"uv": [14, 3, 13, 4], "rotation": 90, "texture": "#3"},
				"down": {"uv": [10, 8, 3, 11], "texture": "#3"}
			}
		},
		{
			"from": [12.25, 14, 6.25],
			"to": [13.25, 14.75, 7.25],
			"rotation": {"angle": 0, "axis": "y", "origin": [0, 0, 16]},
			"faces": {
				"north": {"uv": [13, 4, 14, 3], "rotation": 90, "texture": "#3"},
				"east": {"uv": [13, 4, 14, 3], "rotation": 90, "texture": "#3"},
				"south": {"uv": [13, 4, 14, 3], "rotation": 90, "texture": "#3"},
				"west": {"uv": [13, 4, 14, 3], "rotation": 90, "texture": "#3"},
				"up": {"uv": [14, 3, 13, 4], "rotation": 90, "texture": "#3"},
				"down": {"uv": [10, 8, 3, 11], "texture": "#3"}
			}
		},
		{
			"from": [15, 11, 7],
			"to": [16, 12, 8],
			"rotation": {"angle": 0, "axis": "y", "origin": [0, 0, 16]},
			"faces": {
				"north": {"uv": [13, 4, 14, 3], "rotation": 90, "texture": "#3"},
				"east": {"uv": [13, 4, 14, 3], "rotation": 90, "texture": "#3"},
				"south": {"uv": [13, 4, 14, 3], "rotation": 90, "texture": "#3"},
				"west": {"uv": [13, 4, 14, 3], "rotation": 90, "texture": "#3"},
				"up": {"uv": [14, 3, 13, 4], "rotation": 90, "texture": "#3"},
				"down": {"uv": [10, 8, 3, 11], "texture": "#3"}
			}
		},
		{
			"from": [15, 9, 8],
			"to": [16, 11, 9],
			"rotation": {"angle": 0, "axis": "y", "origin": [0, 0, 16]},
			"faces": {
				"north": {"uv": [13, 4, 14, 3], "rotation": 90, "texture": "#3"},
				"east": {"uv": [13, 4, 14, 3], "rotation": 90, "texture": "#3"},
				"south": {"uv": [13, 4, 14, 3], "rotation": 90, "texture": "#3"},
				"west": {"uv": [13, 4, 14, 3], "rotation": 90, "texture": "#3"},
				"up": {"uv": [14, 3, 13, 4], "rotation": 90, "texture": "#3"},
				"down": {"uv": [10, 8, 3, 11], "texture": "#4"}
			}
		},
		{
			"from": [16, 9, 7],
			"to": [17, 11, 8],
			"rotation": {"angle": 0, "axis": "y", "origin": [0, 0, 16]},
			"faces": {
				"north": {"uv": [13, 4, 14, 3], "rotation": 90, "texture": "#3"},
				"east": {"uv": [13, 4, 14, 3], "rotation": 90, "texture": "#3"},
				"south": {"uv": [13, 4, 14, 3], "rotation": 90, "texture": "#3"},
				"west": {"uv": [13, 4, 14, 3], "rotation": 90, "texture": "#3"},
				"up": {"uv": [14, 3, 13, 4], "rotation": 90, "texture": "#3"},
				"down": {"uv": [10, 8, 3, 11], "texture": "#4"}
			}
		},
		{
			"from": [9, 12, -0.75],
			"to": [13, 13, 1.25],
			"faces": {
				"north": {"uv": [0, 0, 16, 8], "texture": "#0"},
				"east": {"uv": [10, 11, 3, 8], "rotation": 90, "texture": "#0"},
				"south": {"uv": [10, 11, 3, 8], "rotation": 90, "texture": "#0"},
				"west": {"uv": [10, 11, 3, 8], "rotation": 90, "texture": "#0"},
				"up": {"uv": [10, 11, 3, 8], "rotation": 180, "texture": "#0"},
				"down": {"uv": [10, 11, 3, 8], "texture": "#0"}
			}
		},
		{
			"from": [9, 13, 0.25],
			"to": [13, 13.75, 2.25],
			"faces": {
				"north": {"uv": [0, 0, 16, 8], "texture": "#0"},
				"east": {"uv": [10, 11, 3, 8], "rotation": 90, "texture": "#0"},
				"south": {"uv": [10, 11, 3, 8], "rotation": 90, "texture": "#0"},
				"west": {"uv": [10, 11, 3, 8], "rotation": 90, "texture": "#0"},
				"up": {"uv": [10, 11, 3, 8], "rotation": 180, "texture": "#0"},
				"down": {"uv": [10, 11, 3, 8], "texture": "#0"}
			}
		},
		{
			"from": [9, 13.75, 1.25],
			"to": [13, 14.25, 3.25],
			"faces": {
				"north": {"uv": [0, 0, 16, 8], "texture": "#0"},
				"east": {"uv": [10, 11, 3, 8], "rotation": 90, "texture": "#0"},
				"south": {"uv": [10, 11, 3, 8], "rotation": 90, "texture": "#0"},
				"west": {"uv": [10, 11, 3, 8], "rotation": 90, "texture": "#0"},
				"up": {"uv": [10, 11, 3, 8], "rotation": 180, "texture": "#0"},
				"down": {"uv": [10, 11, 3, 8], "texture": "#0"}
			}
		},
		{
			"from": [17, 9, 3],
			"to": [18, 11, 7],
			"faces": {
				"north": {"uv": [10, 11, 3, 8], "rotation": 90, "texture": "#0"},
				"east": {"uv": [0, 0, 16, 8], "texture": "#0"},
				"south": {"uv": [10, 11, 3, 8], "rotation": 90, "texture": "#0"},
				"west": {"uv": [10, 11, 3, 8], "rotation": 90, "texture": "#0"},
				"up": {"uv": [10, 11, 3, 8], "rotation": 270, "texture": "#0"},
				"down": {"uv": [10, 11, 3, 8], "rotation": 270, "texture": "#4"}
			}
		},
		{
			"from": [12.75, 13.75, 3],
			"to": [14.75, 14.25, 7],
			"faces": {
				"north": {"uv": [10, 11, 3, 8], "rotation": 90, "texture": "#0"},
				"east": {"uv": [0, 0, 16, 8], "texture": "#0"},
				"south": {"uv": [10, 11, 3, 8], "rotation": 90, "texture": "#0"},
				"west": {"uv": [10, 11, 3, 8], "rotation": 90, "texture": "#0"},
				"up": {"uv": [10, 11, 3, 8], "rotation": 270, "texture": "#0"},
				"down": {"uv": [10, 11, 3, 8], "rotation": 270, "texture": "#0"}
			}
		},
		{
			"from": [13.75, 13, 3],
			"to": [15.75, 13.75, 7],
			"faces": {
				"north": {"uv": [10, 11, 3, 8], "rotation": 90, "texture": "#0"},
				"east": {"uv": [0, 0, 16, 8], "texture": "#0"},
				"south": {"uv": [10, 11, 3, 8], "rotation": 90, "texture": "#0"},
				"west": {"uv": [10, 11, 3, 8], "rotation": 90, "texture": "#0"},
				"up": {"uv": [10, 11, 3, 8], "rotation": 270, "texture": "#0"},
				"down": {"uv": [10, 11, 3, 8], "rotation": 270, "texture": "#0"}
			}
		},
		{
			"from": [14.75, 12, 3],
			"to": [16.75, 13, 7],
			"faces": {
				"north": {"uv": [10, 11, 3, 8], "rotation": 90, "texture": "#0"},
				"east": {"uv": [0, 0, 16, 8], "texture": "#0"},
				"south": {"uv": [10, 11, 3, 8], "rotation": 90, "texture": "#0"},
				"west": {"uv": [10, 11, 3, 8], "rotation": 90, "texture": "#0"},
				"up": {"uv": [10, 11, 3, 8], "rotation": 270, "texture": "#0"},
				"down": {"uv": [10, 11, 3, 8], "rotation": 270, "texture": "#0"}
			}
		},
		{
			"from": [15.5, 11, 3],
			"to": [17.5, 12, 7],
			"faces": {
				"north": {"uv": [10, 11, 3, 8], "rotation": 90, "texture": "#0"},
				"east": {"uv": [0, 0, 16, 8], "texture": "#0"},
				"south": {"uv": [10, 11, 3, 8], "rotation": 90, "texture": "#0"},
				"west": {"uv": [10, 11, 3, 8], "rotation": 90, "texture": "#0"},
				"up": {"uv": [10, 11, 3, 8], "rotation": 270, "texture": "#0"},
				"down": {"uv": [10, 11, 3, 8], "rotation": 270, "texture": "#0"}
			}
		},
		{
			"from": [9, 13.75, 6.75],
			"to": [13, 14.25, 8.75],
			"faces": {
				"north": {"uv": [10, 11, 3, 8], "rotation": 90, "texture": "#0"},
				"east": {"uv": [10, 11, 3, 8], "rotation": 90, "texture": "#0"},
				"south": {"uv": [0, 0, 16, 8], "texture": "#0"},
				"west": {"uv": [10, 11, 3, 8], "rotation": 90, "texture": "#0"},
				"up": {"uv": [10, 11, 3, 8], "texture": "#0"},
				"down": {"uv": [10, 11, 3, 8], "rotation": 180, "texture": "#0"}
			}
		},
		{
			"from": [9, 13, 7.75],
			"to": [13, 13.75, 9.75],
			"faces": {
				"north": {"uv": [10, 11, 3, 8], "rotation": 90, "texture": "#0"},
				"east": {"uv": [10, 11, 3, 8], "rotation": 90, "texture": "#0"},
				"south": {"uv": [0, 0, 16, 8], "texture": "#0"},
				"west": {"uv": [10, 11, 3, 8], "rotation": 90, "texture": "#0"},
				"up": {"uv": [10, 11, 3, 8], "texture": "#0"},
				"down": {"uv": [10, 11, 3, 8], "rotation": 180, "texture": "#0"}
			}
		},
		{
			"from": [9, 12, 8.75],
			"to": [13, 13, 10.75],
			"faces": {
				"north": {"uv": [10, 11, 3, 8], "rotation": 90, "texture": "#0"},
				"east": {"uv": [10, 11, 3, 8], "rotation": 90, "texture": "#0"},
				"south": {"uv": [0, 0, 16, 8], "texture": "#0"},
				"west": {"uv": [10, 11, 3, 8], "rotation": 90, "texture": "#0"},
				"up": {"uv": [10, 11, 3, 8], "texture": "#0"},
				"down": {"uv": [10, 11, 3, 8], "rotation": 180, "texture": "#0"}
			}
		},
		{
			"from": [9, 9, 11],
			"to": [13, 11, 12],
			"faces": {
				"north": {"uv": [10, 11, 3, 8], "rotation": 90, "texture": "#0"},
				"east": {"uv": [10, 11, 3, 8], "rotation": 90, "texture": "#0"},
				"south": {"uv": [0, 0, 16, 8], "texture": "#0"},
				"west": {"uv": [10, 11, 3, 8], "rotation": 90, "texture": "#0"},
				"up": {"uv": [10, 11, 3, 8], "texture": "#0"},
				"down": {"uv": [10, 11, 3, 8], "rotation": 180, "texture": "#4"}
			}
		},
		{
			"from": [9, 11, 9.5],
			"to": [13, 12, 11.5],
			"faces": {
				"north": {"uv": [10, 11, 3, 8], "rotation": 90, "texture": "#0"},
				"east": {"uv": [10, 11, 3, 8], "rotation": 90, "texture": "#0"},
				"south": {"uv": [0, 0, 16, 8], "texture": "#0"},
				"west": {"uv": [10, 11, 3, 8], "rotation": 90, "texture": "#0"},
				"up": {"uv": [10, 11, 3, 8], "texture": "#0"},
				"down": {"uv": [10, 11, 3, 8], "rotation": 180, "texture": "#0"}
			}
		},
		{
			"from": [4.5, 11, 3],
			"to": [6.5, 12, 7],
			"faces": {
				"north": {"uv": [10, 11, 3, 8], "rotation": 90, "texture": "#0"},
				"east": {"uv": [10, 11, 3, 8], "rotation": 90, "texture": "#0"},
				"south": {"uv": [10, 11, 3, 8], "rotation": 90, "texture": "#0"},
				"west": {"uv": [0, 0, 16, 8], "texture": "#0"},
				"up": {"uv": [10, 11, 3, 8], "rotation": 90, "texture": "#0"},
				"down": {"uv": [10, 11, 3, 8], "rotation": 90, "texture": "#0"}
			}
		},
		{
			"from": [5.25, 12, 3],
			"to": [7.25, 13, 7],
			"faces": {
				"north": {"uv": [10, 11, 3, 8], "rotation": 90, "texture": "#0"},
				"east": {"uv": [10, 11, 3, 8], "rotation": 90, "texture": "#0"},
				"south": {"uv": [10, 11, 3, 8], "rotation": 90, "texture": "#0"},
				"west": {"uv": [0, 0, 16, 8], "texture": "#0"},
				"up": {"uv": [10, 11, 3, 8], "rotation": 90, "texture": "#0"},
				"down": {"uv": [10, 11, 3, 8], "rotation": 90, "texture": "#0"}
			}
		},
		{
			"from": [6.25, 13, 3],
			"to": [8.25, 13.75, 7],
			"faces": {
				"north": {"uv": [10, 11, 3, 8], "rotation": 90, "texture": "#0"},
				"east": {"uv": [10, 11, 3, 8], "rotation": 90, "texture": "#0"},
				"south": {"uv": [10, 11, 3, 8], "rotation": 90, "texture": "#0"},
				"west": {"uv": [0, 0, 16, 8], "texture": "#0"},
				"up": {"uv": [10, 11, 3, 8], "rotation": 90, "texture": "#0"},
				"down": {"uv": [10, 11, 3, 8], "rotation": 90, "texture": "#0"}
			}
		},
		{
			"from": [7.25, 13.75, 3],
			"to": [9.25, 14.25, 7],
			"faces": {
				"north": {"uv": [10, 11, 3, 8], "rotation": 90, "texture": "#0"},
				"east": {"uv": [10, 11, 3, 8], "rotation": 90, "texture": "#0"},
				"south": {"uv": [10, 11, 3, 8], "rotation": 90, "texture": "#0"},
				"west": {"uv": [0, 0, 16, 8], "texture": "#0"},
				"up": {"uv": [10, 11, 3, 8], "rotation": 90, "texture": "#0"},
				"down": {"uv": [10, 11, 3, 8], "rotation": 90, "texture": "#0"}
			}
		},
		{
			"from": [8.75, 14.25, 2.75],
			"to": [13.25, 14.75, 7.25],
			"faces": {
				"north": {"uv": [10, 11, 3, 8], "rotation": 90, "texture": "#3"},
				"east": {"uv": [10, 11, 3, 8], "rotation": 90, "texture": "#3"},
				"south": {"uv": [10, 11, 3, 8], "rotation": 90, "texture": "#3"},
				"west": {"uv": [0, 0, 16, 8], "texture": "#3"},
				"up": {"uv": [10, 11, 3, 8], "rotation": 90, "texture": "#3"},
				"down": {"uv": [10, 11, 3, 8], "rotation": 90, "texture": "#0"}
			}
		},
		{
			"from": [10.75, -1.75, 4.75],
			"to": [11.5, 14.25, 5.5],
			"faces": {
				"north": {"uv": [10, 11, 3, 8], "rotation": 90, "texture": "#4"},
				"east": {"uv": [10, 11, 3, 8], "rotation": 90, "texture": "#4"},
				"south": {"uv": [10, 11, 3, 8], "rotation": 90, "texture": "#4"},
				"west": {"uv": [0, 0, 16, 8], "texture": "#4"},
				"up": {"uv": [10, 11, 3, 8], "rotation": 90, "texture": "#4"},
				"down": {"uv": [10, 11, 3, 8], "rotation": 90, "texture": "#4"}
			}
		},
		{
			"from": [10.5, -1.75, 4.5],
			"to": [11.75, 0.25, 5.75],
			"faces": {
				"north": {"uv": [10, 11, 3, 8], "rotation": 90, "texture": "#1"},
				"east": {"uv": [10, 11, 3, 8], "rotation": 90, "texture": "#1"},
				"south": {"uv": [10, 11, 3, 8], "rotation": 90, "texture": "#1"},
				"west": {"uv": [0, 0, 16, 8], "texture": "#1"},
				"up": {"uv": [10, 11, 3, 8], "rotation": 90, "texture": "#1"},
				"down": {"uv": [10, 11, 3, 8], "rotation": 90, "texture": "#1"}
			}
		},
		{
			"from": [4, 9, 3],
			"to": [5, 11, 7],
			"faces": {
				"north": {"uv": [10, 11, 3, 8], "rotation": 90, "texture": "#0"},
				"east": {"uv": [10, 11, 3, 8], "rotation": 90, "texture": "#0"},
				"south": {"uv": [10, 11, 3, 8], "rotation": 90, "texture": "#0"},
				"west": {"uv": [0, 0, 16, 8], "texture": "#0"},
				"up": {"uv": [10, 11, 3, 8], "rotation": 90, "texture": "#0"},
				"down": {"uv": [10, 11, 3, 8], "rotation": 90, "texture": "#4"}
			}
		},
		{
			"from": [7, 9, 9],
			"to": [8, 11, 10],
			"faces": {
				"north": {"uv": [13, 3, 14, 4], "rotation": 90, "texture": "#3"},
				"east": {"uv": [13, 3, 14, 4], "rotation": 90, "texture": "#3"},
				"south": {"uv": [13, 3, 14, 4], "rotation": 90, "texture": "#3"},
				"west": {"uv": [13, 3, 14, 4], "rotation": 90, "texture": "#3"},
				"up": {"uv": [13, 3, 14, 4], "rotation": 270, "texture": "#3"},
				"down": {"uv": [10, 11, 3, 8], "rotation": 180, "texture": "#4"}
			}
		},
		{
			"from": [6, 9, 8],
			"to": [7, 11, 9],
			"faces": {
				"north": {"uv": [13, 3, 14, 4], "rotation": 90, "texture": "#3"},
				"east": {"uv": [13, 3, 14, 4], "rotation": 90, "texture": "#3"},
				"south": {"uv": [13, 3, 14, 4], "rotation": 90, "texture": "#3"},
				"west": {"uv": [13, 3, 14, 4], "rotation": 90, "texture": "#3"},
				"up": {"uv": [13, 3, 14, 4], "rotation": 270, "texture": "#3"},
				"down": {"uv": [10, 11, 3, 8], "rotation": 180, "texture": "#4"}
			}
		},
		{
			"from": [8, 9, 10],
			"to": [9, 11, 11],
			"faces": {
				"north": {"uv": [13, 3, 14, 4], "rotation": 90, "texture": "#3"},
				"east": {"uv": [13, 3, 14, 4], "rotation": 90, "texture": "#3"},
				"south": {"uv": [13, 3, 14, 4], "rotation": 90, "texture": "#3"},
				"west": {"uv": [13, 3, 14, 4], "rotation": 90, "texture": "#3"},
				"up": {"uv": [13, 3, 14, 4], "rotation": 270, "texture": "#3"},
				"down": {"uv": [10, 11, 3, 8], "rotation": 180, "texture": "#4"}
			}
		},
		{
			"from": [5, 9, 7],
			"to": [6, 11, 8],
			"faces": {
				"north": {"uv": [13, 3, 14, 4], "rotation": 90, "texture": "#3"},
				"east": {"uv": [13, 3, 14, 4], "rotation": 90, "texture": "#3"},
				"south": {"uv": [13, 3, 14, 4], "rotation": 90, "texture": "#3"},
				"west": {"uv": [13, 3, 14, 4], "rotation": 90, "texture": "#3"},
				"up": {"uv": [13, 3, 14, 4], "rotation": 270, "texture": "#3"},
				"down": {"uv": [10, 11, 3, 8], "rotation": 180, "texture": "#4"}
			}
		},
		{
			"from": [7, 11, 8],
			"to": [8, 12, 9],
			"faces": {
				"north": {"uv": [13, 3, 14, 4], "rotation": 90, "texture": "#3"},
				"east": {"uv": [13, 3, 14, 4], "rotation": 90, "texture": "#3"},
				"south": {"uv": [13, 3, 14, 4], "rotation": 90, "texture": "#3"},
				"west": {"uv": [13, 3, 14, 4], "rotation": 90, "texture": "#3"},
				"up": {"uv": [13, 3, 14, 4], "rotation": 270, "texture": "#3"},
				"down": {"uv": [10, 11, 3, 8], "rotation": 180, "texture": "#3"}
			}
		},
		{
			"from": [8, 11, 9],
			"to": [9, 12, 10],
			"faces": {
				"north": {"uv": [13, 3, 14, 4], "rotation": 90, "texture": "#3"},
				"east": {"uv": [13, 3, 14, 4], "rotation": 90, "texture": "#3"},
				"south": {"uv": [13, 3, 14, 4], "rotation": 90, "texture": "#3"},
				"west": {"uv": [13, 3, 14, 4], "rotation": 90, "texture": "#3"},
				"up": {"uv": [13, 3, 14, 4], "rotation": 270, "texture": "#3"},
				"down": {"uv": [10, 11, 3, 8], "rotation": 180, "texture": "#3"}
			}
		},
		{
			"from": [6, 11, 7],
			"to": [7, 12, 8],
			"faces": {
				"north": {"uv": [13, 3, 14, 4], "rotation": 90, "texture": "#3"},
				"east": {"uv": [13, 3, 14, 4], "rotation": 90, "texture": "#3"},
				"south": {"uv": [13, 3, 14, 4], "rotation": 90, "texture": "#3"},
				"west": {"uv": [13, 3, 14, 4], "rotation": 90, "texture": "#3"},
				"up": {"uv": [13, 3, 14, 4], "rotation": 270, "texture": "#3"},
				"down": {"uv": [10, 11, 3, 8], "rotation": 180, "texture": "#3"}
			}
		},
		{
			"from": [8, 12, 8],
			"to": [9, 13, 9],
			"faces": {
				"north": {"uv": [13, 3, 14, 4], "rotation": 90, "texture": "#3"},
				"east": {"uv": [13, 3, 14, 4], "rotation": 90, "texture": "#3"},
				"south": {"uv": [13, 3, 14, 4], "rotation": 90, "texture": "#3"},
				"west": {"uv": [13, 3, 14, 4], "rotation": 90, "texture": "#3"},
				"up": {"uv": [13, 3, 14, 4], "rotation": 270, "texture": "#3"},
				"down": {"uv": [10, 11, 3, 8], "rotation": 180, "texture": "#3"}
			}
		},
		{
			"from": [7, 12, 7],
			"to": [8, 13, 8],
			"faces": {
				"north": {"uv": [13, 3, 14, 4], "rotation": 90, "texture": "#3"},
				"east": {"uv": [13, 3, 14, 4], "rotation": 90, "texture": "#3"},
				"south": {"uv": [13, 3, 14, 4], "rotation": 90, "texture": "#3"},
				"west": {"uv": [13, 3, 14, 4], "rotation": 90, "texture": "#3"},
				"up": {"uv": [13, 3, 14, 4], "rotation": 270, "texture": "#3"},
				"down": {"uv": [10, 11, 3, 8], "rotation": 180, "texture": "#3"}
			}
		},
		{
			"from": [8, 13, 7],
			"to": [9, 14, 8],
			"faces": {
				"north": {"uv": [13, 3, 14, 4], "rotation": 90, "texture": "#3"},
				"east": {"uv": [13, 3, 14, 4], "rotation": 90, "texture": "#3"},
				"south": {"uv": [13, 3, 14, 4], "rotation": 90, "texture": "#3"},
				"west": {"uv": [13, 3, 14, 4], "rotation": 90, "texture": "#3"},
				"up": {"uv": [13, 3, 14, 4], "rotation": 270, "texture": "#3"},
				"down": {"uv": [10, 11, 3, 8], "rotation": 180, "texture": "#3"}
			}
		},
		{
			"from": [9, 9, 10.5],
			"to": [9.5, 11, 11],
			"faces": {
				"north": {"uv": [10, 11, 3, 8], "rotation": 90, "texture": "#4"},
				"east": {"uv": [10, 11, 3, 8], "rotation": 90, "texture": "#4"},
				"south": {"uv": [0, 0, 16, 8], "texture": "#4"},
				"west": {"uv": [10, 11, 3, 8], "rotation": 90, "texture": "#4"},
				"up": {"uv": [10, 11, 3, 8], "texture": "#4"},
				"down": {"uv": [10, 11, 3, 8], "rotation": 180, "texture": "#4"}
			}
		},
		{
			"from": [9.1, 10.75, 9.25],
			"to": [9.6, 12.75, 10.5],
			"faces": {
				"north": {"uv": [10, 11, 3, 8], "rotation": 90, "texture": "#4"},
				"east": {"uv": [10, 11, 3, 8], "rotation": 90, "texture": "#4"},
				"south": {"uv": [0, 0, 16, 8], "texture": "#4"},
				"west": {"uv": [10, 11, 3, 8], "rotation": 90, "texture": "#4"},
				"up": {"uv": [10, 11, 3, 8], "texture": "#4"},
				"down": {"uv": [10, 11, 3, 8], "rotation": 180, "texture": "#4"}
			}
		},
		{
			"from": [9.1, 11.75, 8.4],
			"to": [9.6, 13.25, 9.65],
			"faces": {
				"north": {"uv": [10, 11, 3, 8], "rotation": 90, "texture": "#4"},
				"east": {"uv": [10, 11, 3, 8], "rotation": 90, "texture": "#4"},
				"south": {"uv": [0, 0, 16, 8], "texture": "#4"},
				"west": {"uv": [10, 11, 3, 8], "rotation": 90, "texture": "#4"},
				"up": {"uv": [10, 11, 3, 8], "texture": "#4"},
				"down": {"uv": [10, 11, 3, 8], "rotation": 180, "texture": "#4"}
			}
		},
		{
			"from": [9.1, 12.75, 7.65],
			"to": [9.6, 13.75, 8.9],
			"faces": {
				"north": {"uv": [10, 11, 3, 8], "rotation": 90, "texture": "#4"},
				"east": {"uv": [10, 11, 3, 8], "rotation": 90, "texture": "#4"},
				"south": {"uv": [0, 0, 16, 8], "texture": "#4"},
				"west": {"uv": [10, 11, 3, 8], "rotation": 90, "texture": "#4"},
				"up": {"uv": [10, 11, 3, 8], "texture": "#4"},
				"down": {"uv": [10, 11, 3, 8], "rotation": 180, "texture": "#4"}
			}
		},
		{
			"from": [7.1, 12.75, 6.4],
			"to": [8.35, 13.75, 6.9],
			"faces": {
				"north": {"uv": [10, 11, 3, 8], "rotation": 90, "texture": "#4"},
				"east": {"uv": [10, 11, 3, 8], "rotation": 90, "texture": "#4"},
				"south": {"uv": [10, 11, 3, 8], "rotation": 90, "texture": "#4"},
				"west": {"uv": [0, 0, 16, 8], "texture": "#4"},
				"up": {"uv": [10, 11, 3, 8], "rotation": 90, "texture": "#4"},
				"down": {"uv": [10, 11, 3, 8], "rotation": 90, "texture": "#4"}
			}
		},
		{
			"from": [6.35, 11.75, 6.4],
			"to": [7.6, 13.25, 6.9],
			"faces": {
				"north": {"uv": [10, 11, 3, 8], "rotation": 90, "texture": "#4"},
				"east": {"uv": [10, 11, 3, 8], "rotation": 90, "texture": "#4"},
				"south": {"uv": [10, 11, 3, 8], "rotation": 90, "texture": "#4"},
				"west": {"uv": [0, 0, 16, 8], "texture": "#4"},
				"up": {"uv": [10, 11, 3, 8], "rotation": 90, "texture": "#4"},
				"down": {"uv": [10, 11, 3, 8], "rotation": 90, "texture": "#4"}
			}
		},
		{
			"from": [5.5, 10.75, 6.4],
			"to": [6.75, 12.75, 6.9],
			"faces": {
				"north": {"uv": [10, 11, 3, 8], "rotation": 90, "texture": "#4"},
				"east": {"uv": [10, 11, 3, 8], "rotation": 90, "texture": "#4"},
				"south": {"uv": [10, 11, 3, 8], "rotation": 90, "texture": "#4"},
				"west": {"uv": [0, 0, 16, 8], "texture": "#4"},
				"up": {"uv": [10, 11, 3, 8], "rotation": 90, "texture": "#4"},
				"down": {"uv": [10, 11, 3, 8], "rotation": 90, "texture": "#4"}
			}
		},
		{
			"from": [5, 9, 6.3],
			"to": [5.5, 11, 6.8],
			"faces": {
				"north": {"uv": [10, 11, 3, 8], "rotation": 90, "texture": "#4"},
				"east": {"uv": [10, 11, 3, 8], "rotation": 90, "texture": "#4"},
				"south": {"uv": [10, 11, 3, 8], "rotation": 90, "texture": "#4"},
				"west": {"uv": [0, 0, 16, 8], "texture": "#4"},
				"up": {"uv": [10, 11, 3, 8], "rotation": 90, "texture": "#4"},
				"down": {"uv": [10, 11, 3, 8], "rotation": 90, "texture": "#4"}
			}
		},
		{
			"from": [8.75, 14, 6.25],
			"to": [9.75, 14.75, 7.25],
			"faces": {
				"north": {"uv": [13, 3, 14, 4], "rotation": 90, "texture": "#3"},
				"east": {"uv": [13, 3, 14, 4], "rotation": 90, "texture": "#3"},
				"south": {"uv": [13, 3, 14, 4], "rotation": 90, "texture": "#3"},
				"west": {"uv": [13, 3, 14, 4], "rotation": 90, "texture": "#3"},
				"up": {"uv": [13, 3, 14, 4], "rotation": 270, "texture": "#3"},
				"down": {"uv": [10, 11, 3, 8], "rotation": 180, "texture": "#3"}
			}
		},
		{
			"from": [5, 9, 2],
			"to": [6, 11, 3],
			"rotation": {"angle": 0, "axis": "y", "origin": [0, 0, -16]},
			"faces": {
				"north": {"uv": [13, 4, 14, 3], "rotation": 90, "texture": "#3"},
				"east": {"uv": [13, 4, 14, 3], "rotation": 90, "texture": "#3"},
				"south": {"uv": [13, 4, 14, 3], "rotation": 90, "texture": "#3"},
				"west": {"uv": [13, 4, 14, 3], "rotation": 90, "texture": "#3"},
				"up": {"uv": [14, 3, 13, 4], "rotation": 270, "texture": "#3"},
				"down": {"uv": [10, 8, 3, 11], "rotation": 180, "texture": "#4"}
			}
		},
		{
			"from": [6, 9, 1],
			"to": [7, 11, 2],
			"rotation": {"angle": 0, "axis": "y", "origin": [0, 0, -16]},
			"faces": {
				"north": {"uv": [13, 4, 14, 3], "rotation": 90, "texture": "#3"},
				"east": {"uv": [13, 4, 14, 3], "rotation": 90, "texture": "#3"},
				"south": {"uv": [13, 4, 14, 3], "rotation": 90, "texture": "#3"},
				"west": {"uv": [13, 4, 14, 3], "rotation": 90, "texture": "#3"},
				"up": {"uv": [14, 3, 13, 4], "rotation": 270, "texture": "#3"},
				"down": {"uv": [10, 8, 3, 11], "rotation": 180, "texture": "#4"}
			}
		},
		{
			"from": [6, 11, 2],
			"to": [7, 12, 3],
			"rotation": {"angle": 0, "axis": "y", "origin": [0, 0, -16]},
			"faces": {
				"north": {"uv": [13, 4, 14, 3], "rotation": 90, "texture": "#3"},
				"east": {"uv": [13, 4, 14, 3], "rotation": 90, "texture": "#3"},
				"south": {"uv": [13, 4, 14, 3], "rotation": 90, "texture": "#3"},
				"west": {"uv": [13, 4, 14, 3], "rotation": 90, "texture": "#3"},
				"up": {"uv": [14, 3, 13, 4], "rotation": 270, "texture": "#3"},
				"down": {"uv": [10, 8, 3, 11], "rotation": 180, "texture": "#3"}
			}
		},
		{
			"from": [8.75, 14, 2.75],
			"to": [9.75, 14.75, 3.75],
			"rotation": {"angle": 0, "axis": "y", "origin": [0, 0, -16]},
			"faces": {
				"north": {"uv": [13, 4, 14, 3], "rotation": 90, "texture": "#3"},
				"east": {"uv": [13, 4, 14, 3], "rotation": 90, "texture": "#3"},
				"south": {"uv": [13, 4, 14, 3], "rotation": 90, "texture": "#3"},
				"west": {"uv": [13, 4, 14, 3], "rotation": 90, "texture": "#3"},
				"up": {"uv": [14, 3, 13, 4], "rotation": 270, "texture": "#3"},
				"down": {"uv": [10, 8, 3, 11], "rotation": 180, "texture": "#3"}
			}
		},
		{
			"from": [7, 12, 2],
			"to": [8, 13, 3],
			"rotation": {"angle": 0, "axis": "y", "origin": [0, 0, -16]},
			"faces": {
				"north": {"uv": [13, 4, 14, 3], "rotation": 90, "texture": "#3"},
				"east": {"uv": [13, 4, 14, 3], "rotation": 90, "texture": "#3"},
				"south": {"uv": [13, 4, 14, 3], "rotation": 90, "texture": "#3"},
				"west": {"uv": [13, 4, 14, 3], "rotation": 90, "texture": "#3"},
				"up": {"uv": [14, 3, 13, 4], "rotation": 270, "texture": "#3"},
				"down": {"uv": [10, 8, 3, 11], "rotation": 180, "texture": "#3"}
			}
		},
		{
			"from": [8, 13, 2],
			"to": [9, 14, 3],
			"rotation": {"angle": 0, "axis": "y", "origin": [0, 0, -16]},
			"faces": {
				"north": {"uv": [13, 4, 14, 3], "rotation": 90, "texture": "#3"},
				"east": {"uv": [13, 4, 14, 3], "rotation": 90, "texture": "#3"},
				"south": {"uv": [13, 4, 14, 3], "rotation": 90, "texture": "#3"},
				"west": {"uv": [13, 4, 14, 3], "rotation": 90, "texture": "#3"},
				"up": {"uv": [14, 3, 13, 4], "rotation": 270, "texture": "#3"},
				"down": {"uv": [10, 8, 3, 11], "rotation": 180, "texture": "#3"}
			}
		},
		{
			"from": [7, 11, 1],
			"to": [8, 12, 2],
			"rotation": {"angle": 0, "axis": "y", "origin": [0, 0, -16]},
			"faces": {
				"north": {"uv": [13, 4, 14, 3], "rotation": 90, "texture": "#3"},
				"east": {"uv": [13, 4, 14, 3], "rotation": 90, "texture": "#3"},
				"south": {"uv": [13, 4, 14, 3], "rotation": 90, "texture": "#3"},
				"west": {"uv": [13, 4, 14, 3], "rotation": 90, "texture": "#3"},
				"up": {"uv": [14, 3, 13, 4], "rotation": 270, "texture": "#3"},
				"down": {"uv": [10, 8, 3, 11], "rotation": 180, "texture": "#3"}
			}
		},
		{
			"from": [8, 12, 1],
			"to": [9, 13, 2],
			"rotation": {"angle": 0, "axis": "y", "origin": [0, 0, -16]},
			"faces": {
				"north": {"uv": [13, 4, 14, 3], "rotation": 90, "texture": "#3"},
				"east": {"uv": [13, 4, 14, 3], "rotation": 90, "texture": "#3"},
				"south": {"uv": [13, 4, 14, 3], "rotation": 90, "texture": "#3"},
				"west": {"uv": [13, 4, 14, 3], "rotation": 90, "texture": "#3"},
				"up": {"uv": [14, 3, 13, 4], "rotation": 270, "texture": "#3"},
				"down": {"uv": [10, 8, 3, 11], "rotation": 180, "texture": "#3"}
			}
		},
		{
			"from": [8, 11, 0],
			"to": [9, 12, 1],
			"rotation": {"angle": 0, "axis": "y", "origin": [0, 0, -16]},
			"faces": {
				"north": {"uv": [13, 4, 14, 3], "rotation": 90, "texture": "#3"},
				"east": {"uv": [13, 4, 14, 3], "rotation": 90, "texture": "#3"},
				"south": {"uv": [13, 4, 14, 3], "rotation": 90, "texture": "#3"},
				"west": {"uv": [13, 4, 14, 3], "rotation": 90, "texture": "#3"},
				"up": {"uv": [14, 3, 13, 4], "rotation": 270, "texture": "#3"},
				"down": {"uv": [10, 8, 3, 11], "rotation": 180, "texture": "#3"}
			}
		},
		{
			"from": [7, 9, 0],
			"to": [8, 11, 1],
			"rotation": {"angle": 0, "axis": "y", "origin": [0, 0, -16]},
			"faces": {
				"north": {"uv": [13, 4, 14, 3], "rotation": 90, "texture": "#3"},
				"east": {"uv": [13, 4, 14, 3], "rotation": 90, "texture": "#3"},
				"south": {"uv": [13, 4, 14, 3], "rotation": 90, "texture": "#3"},
				"west": {"uv": [13, 4, 14, 3], "rotation": 90, "texture": "#3"},
				"up": {"uv": [14, 3, 13, 4], "rotation": 270, "texture": "#3"},
				"down": {"uv": [10, 8, 3, 11], "rotation": 180, "texture": "#4"}
			}
		},
		{
			"from": [8, 9, -1],
			"to": [9, 11, 0],
			"rotation": {"angle": 0, "axis": "y", "origin": [0, 0, -16]},
			"faces": {
				"north": {"uv": [13, 4, 14, 3], "rotation": 90, "texture": "#3"},
				"east": {"uv": [13, 4, 14, 3], "rotation": 90, "texture": "#3"},
				"south": {"uv": [13, 4, 14, 3], "rotation": 90, "texture": "#3"},
				"west": {"uv": [13, 4, 14, 3], "rotation": 90, "texture": "#3"},
				"up": {"uv": [14, 3, 13, 4], "rotation": 270, "texture": "#3"},
				"down": {"uv": [10, 8, 3, 11], "rotation": 180, "texture": "#4"}
			}
		}
	],
	"display": {
		"thirdperson_righthand": {
			"rotation": [72, 0, 4],
			"translation": [-9, 0, 18],
			"scale": [2, 2, 2]
		},
		"thirdperson_lefthand": {
			"rotation": [72, 0, 4],
			"translation": [4, 0, 18],
			"scale": [2, 2, 2]
		},
		"firstperson_righthand": {
			"rotation": [-50, 0, 0]
		},
		"firstperson_lefthand": {
			"rotation": [-50, 0, 0]
		},
		"ground": {
			"rotation": [48, 0, 0]
		},
		"gui": {
			"rotation": [-29, 144, 25],
			"translation": [2.5, 0, 0]
		},
		"head": {
			"translation": [-4, 1, 0],
			"scale": [2, 2, 2]
		}
	}
}