{
	"credit": "Made with Blockbench",
	"textures": {
		"0": "block/cyan_terracotta",
		"2": "block/gray_concrete",
		"5": "block/light_gray_concrete_powder",
		"6": "block/gray_wool",
		"particle": "block/cyan_terracotta"
	},
	"elements": [
		{
			"from": [1.5, 8, 8.5],
			"to": [2.5, 8.5, 11.5],
			"rotation": {"angle": 0, "axis": "y", "origin": [1.5, 1, 5]},
			"faces": {
				"north": {"uv": [0, 0, 2, 2], "texture": "#6"},
				"east": {"uv": [0, 0, 2, 2], "texture": "#6"},
				"south": {"uv": [0, 0, 2, 2], "texture": "#6"},
				"west": {"uv": [0, 0, 2, 2], "texture": "#6"},
				"up": {"uv": [0, 0, 2, 2], "texture": "#6"},
				"down": {"uv": [0, 0, 2, 2], "texture": "#6"}
			}
		},
		{
			"from": [1.5, 7.5, 11.5],
			"to": [2.5, 8, 12],
			"rotation": {"angle": 0, "axis": "y", "origin": [1.5, 1, 5]},
			"faces": {
				"north": {"uv": [0, 0, 2, 2], "texture": "#6"},
				"east": {"uv": [0, 0, 2, 2], "texture": "#6"},
				"south": {"uv": [0, 0, 2, 2], "texture": "#6"},
				"west": {"uv": [0, 0, 2, 2], "texture": "#6"},
				"up": {"uv": [0, 0, 2, 2], "texture": "#6"},
				"down": {"uv": [0, 0, 2, 2], "texture": "#6"}
			}
		},
		{
			"from": [1.5, 4, 11.5],
			"to": [2.5, 4.5, 12],
			"rotation": {"angle": 0, "axis": "y", "origin": [1.5, 1, 5]},
			"faces": {
				"north": {"uv": [0, 0, 2, 2], "texture": "#6"},
				"east": {"uv": [0, 0, 2, 2], "texture": "#6"},
				"south": {"uv": [0, 0, 2, 2], "texture": "#6"},
				"west": {"uv": [0, 0, 2, 2], "texture": "#6"},
				"up": {"uv": [0, 0, 2, 2], "texture": "#6"},
				"down": {"uv": [0, 0, 2, 2], "texture": "#6"}
			}
		},
		{
			"from": [1.5, 4.5, 12],
			"to": [2.5, 7.5, 12.5],
			"rotation": {"angle": 0, "axis": "y", "origin": [1.5, 1, 5]},
			"faces": {
				"north": {"uv": [0, 0, 2, 2], "texture": "#6"},
				"east": {"uv": [0, 0, 2, 2], "texture": "#6"},
				"south": {"uv": [0, 0, 2, 2], "texture": "#6"},
				"west": {"uv": [0, 0, 2, 2], "texture": "#6"},
				"up": {"uv": [0, 0, 2, 2], "texture": "#6"},
				"down": {"uv": [0, 0, 2, 2], "texture": "#6"}
			}
		},
		{
			"from": [1.25, 4.5, 11.75],
			"to": [2.5, 7.5, 12],
			"rotation": {"angle": 0, "axis": "y", "origin": [1.5, 1, 5]},
			"faces": {
				"north": {"uv": [0, 0, 2, 2], "texture": "#5"},
				"east": {"uv": [0, 0, 2, 2], "texture": "#5"},
				"south": {"uv": [0, 0, 2, 2], "texture": "#5"},
				"west": {"uv": [0, 0, 2, 2], "texture": "#5"},
				"up": {"uv": [0, 0, 2, 2], "texture": "#5"},
				"down": {"uv": [0, 0, 2, 2], "texture": "#5"}
			}
		},
		{
			"from": [1.25, 4.5, 8],
			"to": [2.5, 7.5, 8.25],
			"rotation": {"angle": 0, "axis": "y", "origin": [1.5, 1, 5]},
			"faces": {
				"north": {"uv": [0, 0, 2, 2], "texture": "#5"},
				"east": {"uv": [0, 0, 2, 2], "texture": "#5"},
				"south": {"uv": [0, 0, 2, 2], "texture": "#5"},
				"west": {"uv": [0, 0, 2, 2], "texture": "#5"},
				"up": {"uv": [0, 0, 2, 2], "texture": "#5"},
				"down": {"uv": [0, 0, 2, 2], "texture": "#5"}
			}
		},
		{
			"from": [1.25, 4, 8.5],
			"to": [2.5, 4.25, 11.5],
			"rotation": {"angle": 0, "axis": "y", "origin": [1.5, 1, 5]},
			"faces": {
				"north": {"uv": [0, 0, 2, 2], "texture": "#5"},
				"east": {"uv": [0, 0, 2, 2], "texture": "#5"},
				"south": {"uv": [0, 0, 2, 2], "texture": "#5"},
				"west": {"uv": [0, 0, 2, 2], "texture": "#5"},
				"up": {"uv": [0, 0, 2, 2], "texture": "#5"},
				"down": {"uv": [0, 0, 2, 2], "texture": "#5"}
			}
		},
		{
			"from": [1.25, 7.75, 8.5],
			"to": [2.5, 8, 11.5],
			"rotation": {"angle": 0, "axis": "y", "origin": [1.5, 1, 5]},
			"faces": {
				"north": {"uv": [0, 0, 2, 2], "texture": "#5"},
				"east": {"uv": [0, 0, 2, 2], "texture": "#5"},
				"south": {"uv": [0, 0, 2, 2], "texture": "#5"},
				"west": {"uv": [0, 0, 2, 2], "texture": "#5"},
				"up": {"uv": [0, 0, 2, 2], "texture": "#5"},
				"down": {"uv": [0, 0, 2, 2], "texture": "#5"}
			}
		},
		{
			"from": [1.25, 7.25, 8.25],
			"to": [2.5, 7.75, 8.75],
			"rotation": {"angle": 0, "axis": "y", "origin": [1.5, 1, 5]},
			"faces": {
				"north": {"uv": [0, 0, 2, 2], "texture": "#5"},
				"east": {"uv": [0, 0, 2, 2], "texture": "#5"},
				"south": {"uv": [0, 0, 2, 2], "texture": "#5"},
				"west": {"uv": [0, 0, 2, 2], "texture": "#5"},
				"up": {"uv": [0, 0, 2, 2], "texture": "#5"},
				"down": {"uv": [0, 0, 2, 2], "texture": "#5"}
			}
		},
		{
			"from": [1.25, 7.25, 11.25],
			"to": [2.5, 7.75, 11.75],
			"rotation": {"angle": 0, "axis": "y", "origin": [1.5, 1, 5]},
			"faces": {
				"north": {"uv": [0, 0, 2, 2], "texture": "#5"},
				"east": {"uv": [0, 0, 2, 2], "texture": "#5"},
				"south": {"uv": [0, 0, 2, 2], "texture": "#5"},
				"west": {"uv": [0, 0, 2, 2], "texture": "#5"},
				"up": {"uv": [0, 0, 2, 2], "texture": "#5"},
				"down": {"uv": [0, 0, 2, 2], "texture": "#5"}
			}
		},
		{
			"from": [1.25, 4.25, 11.25],
			"to": [2.5, 4.75, 11.75],
			"rotation": {"angle": 0, "axis": "y", "origin": [1.5, 1, 5]},
			"faces": {
				"north": {"uv": [0, 0, 2, 2], "texture": "#5"},
				"east": {"uv": [0, 0, 2, 2], "texture": "#5"},
				"south": {"uv": [0, 0, 2, 2], "texture": "#5"},
				"west": {"uv": [0, 0, 2, 2], "texture": "#5"},
				"up": {"uv": [0, 0, 2, 2], "texture": "#5"},
				"down": {"uv": [0, 0, 2, 2], "texture": "#5"}
			}
		},
		{
			"from": [1.5, 5.5, 9.5],
			"to": [2.5, 6.5, 10.5],
			"rotation": {"angle": 0, "axis": "y", "origin": [1.5, 1, 5]},
			"faces": {
				"north": {"uv": [0, 0, 2, 2], "texture": "#5"},
				"east": {"uv": [0, 0, 2, 2], "texture": "#5"},
				"south": {"uv": [0, 0, 2, 2], "texture": "#5"},
				"west": {"uv": [0, 0, 2, 2], "texture": "#5"},
				"up": {"uv": [0, 0, 2, 2], "texture": "#5"},
				"down": {"uv": [0, 0, 2, 2], "texture": "#5"}
			}
		},
		{
			"from": [3, 5.5, 9.5],
			"to": [6, 6, 10.25],
			"rotation": {"angle": 0, "axis": "y", "origin": [1.5, 1, 5]},
			"faces": {
				"north": {"uv": [0, 0, 2, 2], "texture": "#5"},
				"east": {"uv": [0, 0, 2, 2], "texture": "#5"},
				"south": {"uv": [0, 0, 2, 2], "texture": "#5"},
				"west": {"uv": [0, 0, 2, 2], "texture": "#5"},
				"up": {"uv": [0, 0, 2, 2], "texture": "#5"},
				"down": {"uv": [0, 0, 2, 2], "texture": "#5"}
			}
		},
		{
			"from": [3, 6.5, 6],
			"to": [6, 7, 6.5],
			"rotation": {"angle": 0, "axis": "y", "origin": [1.5, 1, 5]},
			"faces": {
				"north": {"uv": [0, 0, 2, 2], "texture": "#5"},
				"east": {"uv": [0, 0, 2, 2], "texture": "#5"},
				"south": {"uv": [0, 0, 2, 2], "texture": "#5"},
				"west": {"uv": [0, 0, 2, 2], "texture": "#5"},
				"up": {"uv": [0, 0, 2, 2], "texture": "#5"},
				"down": {"uv": [0, 0, 2, 2], "texture": "#5"}
			}
		},
		{
			"from": [3, 4.5, 3.75],
			"to": [7.75, 5, 4.25],
			"rotation": {"angle": 0, "axis": "y", "origin": [1.5, 1, 5]},
			"faces": {
				"north": {"uv": [0, 0, 2, 2], "texture": "#5"},
				"east": {"uv": [0, 0, 2, 2], "texture": "#5"},
				"south": {"uv": [0, 0, 2, 2], "texture": "#5"},
				"west": {"uv": [0, 0, 2, 2], "texture": "#5"},
				"up": {"uv": [0, 0, 2, 2], "texture": "#5"},
				"down": {"uv": [0, 0, 2, 2], "texture": "#5"}
			}
		},
		{
			"from": [3, 5, 3.5],
			"to": [7.75, 5.25, 4.5],
			"rotation": {"angle": 0, "axis": "y", "origin": [1.5, 1, 5]},
			"faces": {
				"north": {"uv": [0, 0, 2, 2], "texture": "#0"},
				"east": {"uv": [0, 0, 2, 2], "texture": "#0"},
				"south": {"uv": [0, 0, 2, 2], "texture": "#0"},
				"west": {"uv": [0, 0, 2, 2], "texture": "#0"},
				"up": {"uv": [0, 0, 2, 2], "texture": "#0"},
				"down": {"uv": [0, 0, 2, 2], "texture": "#0"}
			}
		},
		{
			"from": [2.5, 4.5, 9.75],
			"to": [3, 10, 10.25],
			"rotation": {"angle": 0, "axis": "y", "origin": [1.5, 1, 5]},
			"faces": {
				"north": {"uv": [0, 0, 2, 2], "texture": "#0"},
				"east": {"uv": [0, 0, 2, 2], "texture": "#0"},
				"south": {"uv": [0, 0, 2, 2], "texture": "#0"},
				"west": {"uv": [0, 0, 2, 2], "texture": "#0"},
				"up": {"uv": [0, 0, 2, 2], "texture": "#0"},
				"down": {"uv": [0, 0, 2, 2], "texture": "#0"}
			}
		},
		{
			"from": [2.5, 8, 7.75],
			"to": [3, 8.5, 10.75],
			"rotation": {"angle": 0, "axis": "y", "origin": [1.5, 1, 5]},
			"faces": {
				"north": {"uv": [0, 0, 2, 2], "texture": "#0"},
				"east": {"uv": [0, 0, 2, 2], "texture": "#0"},
				"south": {"uv": [0, 0, 2, 2], "texture": "#0"},
				"west": {"uv": [0, 0, 2, 2], "texture": "#0"},
				"up": {"uv": [0, 0, 2, 2], "texture": "#0"},
				"down": {"uv": [0, 0, 2, 2], "texture": "#0"}
			}
		},
		{
			"from": [2.5, 8, 5.25],
			"to": [3, 8.5, 7.75],
			"rotation": {"angle": 0, "axis": "y", "origin": [1.5, 1, 5]},
			"faces": {
				"north": {"uv": [0, 0, 2, 2], "texture": "#5"},
				"east": {"uv": [0, 0, 2, 2], "texture": "#5"},
				"south": {"uv": [0, 0, 2, 2], "texture": "#5"},
				"west": {"uv": [0, 0, 2, 2], "texture": "#5"},
				"up": {"uv": [0, 0, 2, 2], "texture": "#5"},
				"down": {"uv": [0, 0, 2, 2], "texture": "#5"}
			}
		},
		{
			"from": [5.5, 6, 5.25],
			"to": [6, 6.5, 8.25],
			"rotation": {"angle": 0, "axis": "y", "origin": [1.5, 1, 5]},
			"faces": {
				"north": {"uv": [0, 0, 2, 2], "texture": "#0"},
				"east": {"uv": [0, 0, 2, 2], "texture": "#0"},
				"south": {"uv": [0, 0, 2, 2], "texture": "#0"},
				"west": {"uv": [0, 0, 2, 2], "texture": "#0"},
				"up": {"uv": [0, 0, 2, 2], "texture": "#0"},
				"down": {"uv": [0, 0, 2, 2], "texture": "#0"}
			}
		},
		{
			"from": [5.5, 5.75, 8.25],
			"to": [6, 6.25, 9.75],
			"rotation": {"angle": 0, "axis": "y", "origin": [1.5, 1, 5]},
			"faces": {
				"north": {"uv": [0, 0, 2, 2], "texture": "#0"},
				"east": {"uv": [0, 0, 2, 2], "texture": "#0"},
				"south": {"uv": [0, 0, 2, 2], "texture": "#0"},
				"west": {"uv": [0, 0, 2, 2], "texture": "#0"},
				"up": {"uv": [0, 0, 2, 2], "texture": "#0"},
				"down": {"uv": [0, 0, 2, 2], "texture": "#0"}
			}
		},
		{
			"from": [3, 7.5, 6.25],
			"to": [8, 8.25, 10.25],
			"rotation": {"angle": 0, "axis": "y", "origin": [1.5, 1, 5]},
			"faces": {
				"north": {"uv": [0, 0, 2, 2], "texture": "#6"},
				"east": {"uv": [0, 0, 2, 2], "texture": "#6"},
				"south": {"uv": [0, 0, 2, 2], "texture": "#6"},
				"west": {"uv": [0, 0, 2, 2], "texture": "#6"},
				"up": {"uv": [0, 0, 16, 13], "texture": "#6"},
				"down": {"uv": [0, 0, 2, 2], "texture": "#6"}
			}
		},
		{
			"from": [3, 8, 10],
			"to": [6, 12, 10.6],
			"rotation": {"angle": 0, "axis": "y", "origin": [1.5, 1, 5]},
			"faces": {
				"north": {"uv": [0, 0, 2, 2], "texture": "#6"},
				"east": {"uv": [0, 0, 2, 2], "texture": "#6"},
				"south": {"uv": [0, 0, 2, 2], "texture": "#6"},
				"west": {"uv": [0, 0, 2, 2], "texture": "#6"},
				"up": {"uv": [0, 0, 16, 13], "texture": "#6"},
				"down": {"uv": [0, 0, 2, 2], "texture": "#6"}
			}
		},
		{
			"from": [3, 8, 10.5],
			"to": [3.4, 12, 10.9],
			"rotation": {"angle": 0, "axis": "y", "origin": [1.5, 1, 5]},
			"faces": {
				"north": {"uv": [0, 0, 2, 2], "texture": "#5"},
				"east": {"uv": [0, 0, 2, 2], "texture": "#5"},
				"south": {"uv": [0, 0, 2, 2], "texture": "#5"},
				"west": {"uv": [0, 0, 2, 2], "texture": "#5"},
				"up": {"uv": [0, 0, 16, 13], "texture": "#5"},
				"down": {"uv": [0, 0, 2, 2], "texture": "#5"}
			}
		},
		{
			"from": [3, 12, 10.75],
			"to": [3.4, 12.3, 11.25],
			"rotation": {"angle": 0, "axis": "y", "origin": [1.5, 1, 5]},
			"faces": {
				"north": {"uv": [0, 0, 2, 2], "texture": "#5"},
				"east": {"uv": [0, 0, 2, 2], "texture": "#5"},
				"south": {"uv": [0, 0, 2, 2], "texture": "#5"},
				"west": {"uv": [0, 0, 2, 2], "texture": "#5"},
				"up": {"uv": [0, 0, 16, 13], "texture": "#5"},
				"down": {"uv": [0, 0, 2, 2], "texture": "#5"}
			}
		},
		{
			"from": [3, 12, 11.25],
			"to": [3.4, 12.4, 12],
			"rotation": {"angle": 0, "axis": "y", "origin": [1.5, 1, 5]},
			"faces": {
				"north": {"uv": [0, 0, 2, 2], "texture": "#2"},
				"east": {"uv": [0, 0, 2, 2], "texture": "#2"},
				"south": {"uv": [0, 0, 2, 2], "texture": "#2"},
				"west": {"uv": [0, 0, 2, 2], "texture": "#2"},
				"up": {"uv": [0, 0, 16, 13], "texture": "#2"},
				"down": {"uv": [0, 0, 2, 2], "texture": "#2"}
			}
		},
		{
			"from": [2.75, 5.5, 8.5],
			"to": [3.25, 6, 10.5],
			"rotation": {"angle": -45, "axis": "x", "origin": [1.5, 1, 5]},
			"faces": {
				"north": {"uv": [0, 0, 2, 2], "texture": "#5"},
				"east": {"uv": [0, 0, 2, 2], "texture": "#5"},
				"south": {"uv": [0, 0, 2, 2], "texture": "#5"},
				"west": {"uv": [0, 0, 2, 2], "texture": "#5"},
				"up": {"uv": [0, 0, 2, 2], "texture": "#5"},
				"down": {"uv": [0, 0, 2, 2], "texture": "#5"}
			}
		},
		{
			"from": [3, 4.5, 4],
			"to": [3.5, 7, 4.5],
			"rotation": {"angle": 0, "axis": "x", "origin": [1.5, 1, 5]},
			"faces": {
				"north": {"uv": [0, 0, 2, 2], "rotation": 180, "texture": "#5"},
				"east": {"uv": [0, 0, 2, 2], "rotation": 90, "texture": "#5"},
				"south": {"uv": [0, 0, 2, 2], "texture": "#5"},
				"west": {"uv": [0, 0, 2, 2], "rotation": 270, "texture": "#5"},
				"up": {"uv": [0, 0, 2, 2], "texture": "#5"},
				"down": {"uv": [0, 0, 2, 2], "rotation": 180, "texture": "#5"}
			}
		},
		{
			"from": [3, 8.5, 5.75],
			"to": [3.5, 10, 6.25],
			"rotation": {"angle": 0, "axis": "x", "origin": [1.5, 1, 5]},
			"faces": {
				"north": {"uv": [0, 0, 2, 2], "rotation": 180, "texture": "#5"},
				"east": {"uv": [0, 0, 2, 2], "rotation": 90, "texture": "#5"},
				"south": {"uv": [0, 0, 2, 2], "texture": "#5"},
				"west": {"uv": [0, 0, 2, 2], "rotation": 270, "texture": "#5"},
				"up": {"uv": [0, 0, 2, 2], "texture": "#5"},
				"down": {"uv": [0, 0, 2, 2], "rotation": 180, "texture": "#5"}
			}
		},
		{
			"from": [2.75, 8, 5.5],
			"to": [3.25, 9, 6.25],
			"rotation": {"angle": 0, "axis": "x", "origin": [1.5, 1, 5]},
			"faces": {
				"north": {"uv": [0, 0, 2, 2], "rotation": 180, "texture": "#2"},
				"east": {"uv": [0, 0, 2, 2], "rotation": 90, "texture": "#2"},
				"south": {"uv": [0, 0, 2, 2], "texture": "#2"},
				"west": {"uv": [0, 0, 2, 2], "rotation": 270, "texture": "#2"},
				"up": {"uv": [0, 0, 2, 2], "texture": "#2"},
				"down": {"uv": [0, 0, 2, 2], "rotation": 180, "texture": "#2"}
			}
		},
		{
			"from": [2.75, 10, 6],
			"to": [3.25, 10.4, 11],
			"rotation": {"angle": 0, "axis": "x", "origin": [1.5, 1, 5]},
			"faces": {
				"north": {"uv": [0, 0, 2, 2], "rotation": 180, "texture": "#5"},
				"east": {"uv": [0, 0, 2, 2], "rotation": 90, "texture": "#5"},
				"south": {"uv": [0, 0, 2, 2], "texture": "#5"},
				"west": {"uv": [0, 0, 2, 2], "rotation": 270, "texture": "#5"},
				"up": {"uv": [0, 0, 2, 2], "texture": "#5"},
				"down": {"uv": [0, 0, 2, 2], "rotation": 180, "texture": "#5"}
			}
		},
		{
			"from": [2.75, 10.4, 6.75],
			"to": [3.25, 10.5, 10.75],
			"rotation": {"angle": 0, "axis": "x", "origin": [1.5, 1, 5]},
			"faces": {
				"north": {"uv": [0, 0, 2, 2], "rotation": 180, "texture": "#6"},
				"east": {"uv": [0, 0, 2, 2], "rotation": 90, "texture": "#6"},
				"south": {"uv": [0, 0, 2, 2], "texture": "#6"},
				"west": {"uv": [0, 0, 2, 2], "rotation": 270, "texture": "#6"},
				"up": {"uv": [0, 0, 2, 2], "texture": "#6"},
				"down": {"uv": [0, 0, 2, 2], "rotation": 180, "texture": "#6"}
			}
		},
		{
			"from": [2.5, 4.25, 3.5],
			"to": [3, 8.25, 4],
			"rotation": {"angle": 22.5, "axis": "x", "origin": [1.5, 1, 5]},
			"faces": {
				"north": {"uv": [0, 0, 2, 2], "rotation": 180, "texture": "#5"},
				"east": {"uv": [0, 0, 2, 2], "rotation": 90, "texture": "#5"},
				"south": {"uv": [0, 0, 2, 2], "texture": "#5"},
				"west": {"uv": [0, 0, 2, 2], "rotation": 270, "texture": "#5"},
				"up": {"uv": [0, 0, 2, 2], "texture": "#5"},
				"down": {"uv": [0, 0, 2, 2], "rotation": 180, "texture": "#5"}
			}
		},
		{
			"from": [2, 3.75, 4.25],
			"to": [2.8, 5.25, 6.25],
			"rotation": {"angle": 0, "axis": "x", "origin": [1.5, 1, 5]},
			"faces": {
				"north": {"uv": [0, 0, 2, 2], "rotation": 180, "texture": "#2"},
				"east": {"uv": [0, 0, 2, 2], "rotation": 90, "texture": "#2"},
				"south": {"uv": [0, 0, 2, 2], "texture": "#2"},
				"west": {"uv": [0, 0, 2, 2], "rotation": 270, "texture": "#2"},
				"up": {"uv": [0, 0, 2, 2], "texture": "#2"},
				"down": {"uv": [0, 0, 2, 2], "rotation": 180, "texture": "#2"}
			}
		},
		{
			"from": [2, 3.5, 4.5],
			"to": [2.8, 5.5, 6],
			"rotation": {"angle": 0, "axis": "x", "origin": [1.5, 1, 5]},
			"faces": {
				"north": {"uv": [0, 0, 2, 2], "rotation": 180, "texture": "#2"},
				"east": {"uv": [0, 0, 2, 2], "rotation": 90, "texture": "#2"},
				"south": {"uv": [0, 0, 2, 2], "texture": "#2"},
				"west": {"uv": [0, 0, 2, 2], "rotation": 270, "texture": "#2"},
				"up": {"uv": [0, 0, 2, 2], "texture": "#2"},
				"down": {"uv": [0, 0, 2, 2], "rotation": 180, "texture": "#2"}
			}
		},
		{
			"from": [1.25, 5.75, 9.75],
			"to": [1.75, 6.25, 10.25],
			"rotation": {"angle": 0, "axis": "y", "origin": [1.5, 1, 5]},
			"faces": {
				"north": {"uv": [0, 0, 2, 2], "texture": "#0"},
				"east": {"uv": [0, 0, 2, 2], "texture": "#0"},
				"south": {"uv": [0, 0, 2, 2], "texture": "#0"},
				"west": {"uv": [0, 0, 2, 2], "texture": "#0"},
				"up": {"uv": [0, 0, 2, 2], "texture": "#0"},
				"down": {"uv": [0, 0, 2, 2], "texture": "#0"}
			}
		},
		{
			"from": [1.5, 6, 8.25],
			"to": [1.75, 6.1, 11.75],
			"rotation": {"angle": 0, "axis": "y", "origin": [1.5, 1, 5]},
			"faces": {
				"north": {"uv": [0, 0, 2, 2], "texture": "#5"},
				"east": {"uv": [0, 0, 2, 2], "texture": "#5"},
				"south": {"uv": [0, 0, 2, 2], "texture": "#5"},
				"west": {"uv": [0, 0, 2, 2], "texture": "#5"},
				"up": {"uv": [0, 0, 2, 2], "texture": "#5"},
				"down": {"uv": [0, 0, 2, 2], "texture": "#5"}
			}
		},
		{
			"from": [1.5, 0.9, 10.15],
			"to": [1.75, 1, 14.15],
			"rotation": {"angle": -45, "axis": "x", "origin": [1.5, 1, 5]},
			"faces": {
				"north": {"uv": [0, 0, 2, 2], "texture": "#5"},
				"east": {"uv": [0, 0, 2, 2], "texture": "#5"},
				"south": {"uv": [0, 0, 2, 2], "texture": "#5"},
				"west": {"uv": [0, 0, 2, 2], "texture": "#5"},
				"up": {"uv": [0, 0, 2, 2], "texture": "#5"},
				"down": {"uv": [0, 0, 2, 2], "texture": "#5"}
			}
		},
		{
			"from": [1.5, 7.9, 3.15],
			"to": [1.75, 8, 7.15],
			"rotation": {"angle": 45, "axis": "x", "origin": [1.5, 1, 5]},
			"faces": {
				"north": {"uv": [0, 0, 2, 2], "texture": "#5"},
				"east": {"uv": [0, 0, 2, 2], "texture": "#5"},
				"south": {"uv": [0, 0, 2, 2], "texture": "#5"},
				"west": {"uv": [0, 0, 2, 2], "texture": "#5"},
				"up": {"uv": [0, 0, 2, 2], "texture": "#5"},
				"down": {"uv": [0, 0, 2, 2], "texture": "#5"}
			}
		},
		{
			"from": [1.5, 4, 9.9],
			"to": [1.75, 7.75, 10],
			"rotation": {"angle": 0, "axis": "y", "origin": [1.5, 1, 5]},
			"faces": {
				"north": {"uv": [0, 0, 2, 2], "texture": "#5"},
				"east": {"uv": [0, 0, 2, 2], "texture": "#5"},
				"south": {"uv": [0, 0, 2, 2], "texture": "#5"},
				"west": {"uv": [0, 0, 2, 2], "texture": "#5"},
				"up": {"uv": [0, 0, 2, 2], "texture": "#5"},
				"down": {"uv": [0, 0, 2, 2], "texture": "#5"}
			}
		},
		{
			"from": [2, 3.4, 8.65],
			"to": [2.25, 3.5, 12.65],
			"rotation": {"angle": -22.5, "axis": "x", "origin": [2, 3.5, 3.5]},
			"faces": {
				"north": {"uv": [0, 0, 2, 2], "texture": "#5"},
				"east": {"uv": [0, 0, 2, 2], "texture": "#5"},
				"south": {"uv": [0, 0, 2, 2], "texture": "#5"},
				"west": {"uv": [0, 0, 2, 2], "texture": "#5"},
				"up": {"uv": [0, 0, 2, 2], "texture": "#5"},
				"down": {"uv": [0, 0, 2, 2], "texture": "#5"}
			}
		},
		{
			"from": [2, 6.5, 8.4],
			"to": [2.25, 10.25, 8.5],
			"rotation": {"angle": 22.5, "axis": "x", "origin": [2, 3.5, 3.5]},
			"faces": {
				"north": {"uv": [0, 0, 2, 2], "texture": "#5"},
				"east": {"uv": [0, 0, 2, 2], "texture": "#5"},
				"south": {"uv": [0, 0, 2, 2], "texture": "#5"},
				"west": {"uv": [0, 0, 2, 2], "texture": "#5"},
				"up": {"uv": [0, 0, 2, 2], "texture": "#5"},
				"down": {"uv": [0, 0, 2, 2], "texture": "#5"}
			}
		},
		{
			"from": [2, 1.35, 10.4],
			"to": [2.25, 5.35, 10.5],
			"rotation": {"angle": -22.5, "axis": "x", "origin": [2, 3.5, 3.5]},
			"faces": {
				"north": {"uv": [0, 0, 2, 2], "rotation": 180, "texture": "#5"},
				"east": {"uv": [0, 0, 2, 2], "rotation": 270, "texture": "#5"},
				"south": {"uv": [0, 0, 2, 2], "texture": "#5"},
				"west": {"uv": [0, 0, 2, 2], "rotation": 90, "texture": "#5"},
				"up": {"uv": [0, 0, 2, 2], "rotation": 180, "texture": "#5"},
				"down": {"uv": [0, 0, 2, 2], "texture": "#5"}
			}
		},
		{
			"from": [2, 8.5, 6.5],
			"to": [2.25, 8.6, 10.5],
			"rotation": {"angle": 22.5, "axis": "x", "origin": [2, 3.5, 3.5]},
			"faces": {
				"north": {"uv": [0, 0, 2, 2], "texture": "#5"},
				"east": {"uv": [0, 0, 2, 2], "texture": "#5"},
				"south": {"uv": [0, 0, 2, 2], "texture": "#5"},
				"west": {"uv": [0, 0, 2, 2], "texture": "#5"},
				"up": {"uv": [0, 0, 2, 2], "texture": "#5"},
				"down": {"uv": [0, 0, 2, 2], "texture": "#5"}
			}
		},
		{
			"from": [1.25, 4.25, 8.25],
			"to": [2.5, 4.75, 8.75],
			"rotation": {"angle": 0, "axis": "y", "origin": [1.5, 1, 5]},
			"faces": {
				"north": {"uv": [0, 0, 2, 2], "texture": "#5"},
				"east": {"uv": [0, 0, 2, 2], "texture": "#5"},
				"south": {"uv": [0, 0, 2, 2], "texture": "#5"},
				"west": {"uv": [0, 0, 2, 2], "texture": "#5"},
				"up": {"uv": [0, 0, 2, 2], "texture": "#5"},
				"down": {"uv": [0, 0, 2, 2], "texture": "#5"}
			}
		},
		{
			"from": [1.5, 4.5, 7.5],
			"to": [2.5, 7.5, 8],
			"rotation": {"angle": 0, "axis": "y", "origin": [1.5, 1, 5]},
			"faces": {
				"north": {"uv": [0, 0, 2, 2], "texture": "#6"},
				"east": {"uv": [0, 0, 2, 2], "texture": "#6"},
				"south": {"uv": [0, 0, 2, 2], "texture": "#6"},
				"west": {"uv": [0, 0, 2, 2], "texture": "#6"},
				"up": {"uv": [0, 0, 2, 2], "texture": "#6"},
				"down": {"uv": [0, 0, 2, 2], "texture": "#6"}
			}
		},
		{
			"from": [1.5, 7.5, 8],
			"to": [2.5, 8, 8.5],
			"rotation": {"angle": 0, "axis": "y", "origin": [1.5, 1, 5]},
			"faces": {
				"north": {"uv": [0, 0, 2, 2], "texture": "#6"},
				"east": {"uv": [0, 0, 2, 2], "texture": "#6"},
				"south": {"uv": [0, 0, 2, 2], "texture": "#6"},
				"west": {"uv": [0, 0, 2, 2], "texture": "#6"},
				"up": {"uv": [0, 0, 2, 2], "texture": "#6"},
				"down": {"uv": [0, 0, 2, 2], "texture": "#6"}
			}
		},
		{
			"from": [1.5, 4, 8],
			"to": [2.5, 4.5, 8.5],
			"rotation": {"angle": 0, "axis": "y", "origin": [1.5, 1, 5]},
			"faces": {
				"north": {"uv": [0, 0, 2, 2], "texture": "#6"},
				"east": {"uv": [0, 0, 2, 2], "texture": "#6"},
				"south": {"uv": [0, 0, 2, 2], "texture": "#6"},
				"west": {"uv": [0, 0, 2, 2], "texture": "#6"},
				"up": {"uv": [0, 0, 2, 2], "texture": "#6"},
				"down": {"uv": [0, 0, 2, 2], "texture": "#6"}
			}
		},
		{
			"from": [1.5, 3.5, 8.5],
			"to": [2.5, 4, 11.5],
			"rotation": {"angle": 0, "axis": "y", "origin": [1.5, 1, 5]},
			"faces": {
				"north": {"uv": [0, 0, 2, 2], "texture": "#6"},
				"east": {"uv": [0, 0, 2, 2], "texture": "#6"},
				"south": {"uv": [0, 0, 2, 2], "texture": "#6"},
				"west": {"uv": [0, 0, 2, 2], "texture": "#6"},
				"up": {"uv": [0, 0, 2, 2], "texture": "#6"},
				"down": {"uv": [0, 0, 2, 2], "texture": "#6"}
			}
		},
		{
			"from": [8.5, 8, 8.5],
			"to": [9.5, 8.5, 11.5],
			"rotation": {"angle": 0, "axis": "y", "origin": [9.5, 1, 5]},
			"faces": {
				"north": {"uv": [2, 0, 0, 2], "texture": "#6"},
				"east": {"uv": [2, 0, 0, 2], "texture": "#6"},
				"south": {"uv": [2, 0, 0, 2], "texture": "#6"},
				"west": {"uv": [2, 0, 0, 2], "texture": "#6"},
				"up": {"uv": [2, 0, 0, 2], "texture": "#6"},
				"down": {"uv": [2, 0, 0, 2], "texture": "#6"}
			}
		},
		{
			"from": [8.5, 7.5, 11.5],
			"to": [9.5, 8, 12],
			"rotation": {"angle": 0, "axis": "y", "origin": [9.5, 1, 5]},
			"faces": {
				"north": {"uv": [2, 0, 0, 2], "texture": "#6"},
				"east": {"uv": [2, 0, 0, 2], "texture": "#6"},
				"south": {"uv": [2, 0, 0, 2], "texture": "#6"},
				"west": {"uv": [2, 0, 0, 2], "texture": "#6"},
				"up": {"uv": [2, 0, 0, 2], "texture": "#6"},
				"down": {"uv": [2, 0, 0, 2], "texture": "#6"}
			}
		},
		{
			"from": [8.5, 7.5, 8],
			"to": [9.5, 8, 8.5],
			"rotation": {"angle": 0, "axis": "y", "origin": [9.5, 1, 5]},
			"faces": {
				"north": {"uv": [2, 0, 0, 2], "texture": "#6"},
				"east": {"uv": [2, 0, 0, 2], "texture": "#6"},
				"south": {"uv": [2, 0, 0, 2], "texture": "#6"},
				"west": {"uv": [2, 0, 0, 2], "texture": "#6"},
				"up": {"uv": [2, 0, 0, 2], "texture": "#6"},
				"down": {"uv": [2, 0, 0, 2], "texture": "#6"}
			}
		},
		{
			"from": [8.5, 4.5, 12],
			"to": [9.5, 7.5, 12.5],
			"rotation": {"angle": 0, "axis": "y", "origin": [9.5, 1, 5]},
			"faces": {
				"north": {"uv": [2, 0, 0, 2], "texture": "#6"},
				"east": {"uv": [2, 0, 0, 2], "texture": "#6"},
				"south": {"uv": [2, 0, 0, 2], "texture": "#6"},
				"west": {"uv": [2, 0, 0, 2], "texture": "#6"},
				"up": {"uv": [2, 0, 0, 2], "texture": "#6"},
				"down": {"uv": [2, 0, 0, 2], "texture": "#6"}
			}
		},
		{
			"from": [8.5, 4, 11.5],
			"to": [9.5, 4.5, 12],
			"rotation": {"angle": 0, "axis": "y", "origin": [9.5, 1, 5]},
			"faces": {
				"north": {"uv": [2, 0, 0, 2], "texture": "#6"},
				"east": {"uv": [2, 0, 0, 2], "texture": "#6"},
				"south": {"uv": [2, 0, 0, 2], "texture": "#6"},
				"west": {"uv": [2, 0, 0, 2], "texture": "#6"},
				"up": {"uv": [2, 0, 0, 2], "texture": "#6"},
				"down": {"uv": [2, 0, 0, 2], "texture": "#6"}
			}
		},
		{
			"from": [8.5, 4.5, 7.5],
			"to": [9.5, 7.5, 8],
			"rotation": {"angle": 0, "axis": "y", "origin": [9.5, 1, 5]},
			"faces": {
				"north": {"uv": [2, 0, 0, 2], "texture": "#6"},
				"east": {"uv": [2, 0, 0, 2], "texture": "#6"},
				"south": {"uv": [2, 0, 0, 2], "texture": "#6"},
				"west": {"uv": [2, 0, 0, 2], "texture": "#6"},
				"up": {"uv": [2, 0, 0, 2], "texture": "#6"},
				"down": {"uv": [2, 0, 0, 2], "texture": "#6"}
			}
		},
		{
			"from": [8.5, 3.5, 8.5],
			"to": [9.5, 4, 11.5],
			"rotation": {"angle": 0, "axis": "y", "origin": [9.5, 1, 5]},
			"faces": {
				"north": {"uv": [2, 0, 0, 2], "texture": "#6"},
				"east": {"uv": [2, 0, 0, 2], "texture": "#6"},
				"south": {"uv": [2, 0, 0, 2], "texture": "#6"},
				"west": {"uv": [2, 0, 0, 2], "texture": "#6"},
				"up": {"uv": [2, 0, 0, 2], "texture": "#6"},
				"down": {"uv": [2, 0, 0, 2], "texture": "#6"}
			}
		},
		{
			"from": [8.5, 4, 8],
			"to": [9.5, 4.5, 8.5],
			"rotation": {"angle": 0, "axis": "y", "origin": [9.5, 1, 5]},
			"faces": {
				"north": {"uv": [2, 0, 0, 2], "texture": "#6"},
				"east": {"uv": [2, 0, 0, 2], "texture": "#6"},
				"south": {"uv": [2, 0, 0, 2], "texture": "#6"},
				"west": {"uv": [2, 0, 0, 2], "texture": "#6"},
				"up": {"uv": [2, 0, 0, 2], "texture": "#6"},
				"down": {"uv": [2, 0, 0, 2], "texture": "#6"}
			}
		},
		{
			"from": [8.5, 4.5, 11.75],
			"to": [9.75, 7.5, 12],
			"rotation": {"angle": 0, "axis": "y", "origin": [9.5, 1, 5]},
			"faces": {
				"north": {"uv": [2, 0, 0, 2], "texture": "#5"},
				"east": {"uv": [2, 0, 0, 2], "texture": "#5"},
				"south": {"uv": [2, 0, 0, 2], "texture": "#5"},
				"west": {"uv": [2, 0, 0, 2], "texture": "#5"},
				"up": {"uv": [2, 0, 0, 2], "texture": "#5"},
				"down": {"uv": [2, 0, 0, 2], "texture": "#5"}
			}
		},
		{
			"from": [8.5, 4.5, 8],
			"to": [9.75, 7.5, 8.25],
			"rotation": {"angle": 0, "axis": "y", "origin": [9.5, 1, 5]},
			"faces": {
				"north": {"uv": [2, 0, 0, 2], "texture": "#5"},
				"east": {"uv": [2, 0, 0, 2], "texture": "#5"},
				"south": {"uv": [2, 0, 0, 2], "texture": "#5"},
				"west": {"uv": [2, 0, 0, 2], "texture": "#5"},
				"up": {"uv": [2, 0, 0, 2], "texture": "#5"},
				"down": {"uv": [2, 0, 0, 2], "texture": "#5"}
			}
		},
		{
			"from": [8.5, 4, 8.5],
			"to": [9.75, 4.25, 11.5],
			"rotation": {"angle": 0, "axis": "y", "origin": [9.5, 1, 5]},
			"faces": {
				"north": {"uv": [2, 0, 0, 2], "texture": "#5"},
				"east": {"uv": [2, 0, 0, 2], "texture": "#5"},
				"south": {"uv": [2, 0, 0, 2], "texture": "#5"},
				"west": {"uv": [2, 0, 0, 2], "texture": "#5"},
				"up": {"uv": [2, 0, 0, 2], "texture": "#5"},
				"down": {"uv": [2, 0, 0, 2], "texture": "#5"}
			}
		},
		{
			"from": [8.5, 7.75, 8.5],
			"to": [9.75, 8, 11.5],
			"rotation": {"angle": 0, "axis": "y", "origin": [9.5, 1, 5]},
			"faces": {
				"north": {"uv": [2, 0, 0, 2], "texture": "#5"},
				"east": {"uv": [2, 0, 0, 2], "texture": "#5"},
				"south": {"uv": [2, 0, 0, 2], "texture": "#5"},
				"west": {"uv": [2, 0, 0, 2], "texture": "#5"},
				"up": {"uv": [2, 0, 0, 2], "texture": "#5"},
				"down": {"uv": [2, 0, 0, 2], "texture": "#5"}
			}
		},
		{
			"from": [8.5, 7.25, 8.25],
			"to": [9.75, 7.75, 8.75],
			"rotation": {"angle": 0, "axis": "y", "origin": [9.5, 1, 5]},
			"faces": {
				"north": {"uv": [2, 0, 0, 2], "texture": "#5"},
				"east": {"uv": [2, 0, 0, 2], "texture": "#5"},
				"south": {"uv": [2, 0, 0, 2], "texture": "#5"},
				"west": {"uv": [2, 0, 0, 2], "texture": "#5"},
				"up": {"uv": [2, 0, 0, 2], "texture": "#5"},
				"down": {"uv": [2, 0, 0, 2], "texture": "#5"}
			}
		},
		{
			"from": [8.5, 7.25, 11.25],
			"to": [9.75, 7.75, 11.75],
			"rotation": {"angle": 0, "axis": "y", "origin": [9.5, 1, 5]},
			"faces": {
				"north": {"uv": [2, 0, 0, 2], "texture": "#5"},
				"east": {"uv": [2, 0, 0, 2], "texture": "#5"},
				"south": {"uv": [2, 0, 0, 2], "texture": "#5"},
				"west": {"uv": [2, 0, 0, 2], "texture": "#5"},
				"up": {"uv": [2, 0, 0, 2], "texture": "#5"},
				"down": {"uv": [2, 0, 0, 2], "texture": "#5"}
			}
		},
		{
			"from": [8.5, 4.25, 11.25],
			"to": [9.75, 4.75, 11.75],
			"rotation": {"angle": 0, "axis": "y", "origin": [9.5, 1, 5]},
			"faces": {
				"north": {"uv": [2, 0, 0, 2], "texture": "#5"},
				"east": {"uv": [2, 0, 0, 2], "texture": "#5"},
				"south": {"uv": [2, 0, 0, 2], "texture": "#5"},
				"west": {"uv": [2, 0, 0, 2], "texture": "#5"},
				"up": {"uv": [2, 0, 0, 2], "texture": "#5"},
				"down": {"uv": [2, 0, 0, 2], "texture": "#5"}
			}
		},
		{
			"from": [8.5, 4.25, 8.25],
			"to": [9.75, 4.75, 8.75],
			"rotation": {"angle": 0, "axis": "y", "origin": [9.5, 1, 5]},
			"faces": {
				"north": {"uv": [2, 0, 0, 2], "texture": "#5"},
				"east": {"uv": [2, 0, 0, 2], "texture": "#5"},
				"south": {"uv": [2, 0, 0, 2], "texture": "#5"},
				"west": {"uv": [2, 0, 0, 2], "texture": "#5"},
				"up": {"uv": [2, 0, 0, 2], "texture": "#5"},
				"down": {"uv": [2, 0, 0, 2], "texture": "#5"}
			}
		},
		{
			"from": [8.5, 5.5, 9.5],
			"to": [9.5, 6.5, 10.5],
			"rotation": {"angle": 0, "axis": "y", "origin": [9.5, 1, 5]},
			"faces": {
				"north": {"uv": [2, 0, 0, 2], "texture": "#5"},
				"east": {"uv": [2, 0, 0, 2], "texture": "#5"},
				"south": {"uv": [2, 0, 0, 2], "texture": "#5"},
				"west": {"uv": [2, 0, 0, 2], "texture": "#5"},
				"up": {"uv": [2, 0, 0, 2], "texture": "#5"},
				"down": {"uv": [2, 0, 0, 2], "texture": "#5"}
			}
		},
		{
			"from": [9.25, 6, 8.25],
			"to": [9.5, 6.1, 11.75],
			"rotation": {"angle": 0, "axis": "y", "origin": [9.5, 1, 5]},
			"faces": {
				"north": {"uv": [2, 0, 0, 2], "texture": "#5"},
				"east": {"uv": [2, 0, 0, 2], "texture": "#5"},
				"south": {"uv": [2, 0, 0, 2], "texture": "#5"},
				"west": {"uv": [2, 0, 0, 2], "texture": "#5"},
				"up": {"uv": [2, 0, 0, 2], "texture": "#5"},
				"down": {"uv": [2, 0, 0, 2], "texture": "#5"}
			}
		},
		{
			"from": [9.25, 4, 9.9],
			"to": [9.5, 7.75, 10],
			"rotation": {"angle": 0, "axis": "y", "origin": [9.5, 1, 5]},
			"faces": {
				"north": {"uv": [2, 0, 0, 2], "texture": "#5"},
				"east": {"uv": [2, 0, 0, 2], "texture": "#5"},
				"south": {"uv": [2, 0, 0, 2], "texture": "#5"},
				"west": {"uv": [2, 0, 0, 2], "texture": "#5"},
				"up": {"uv": [2, 0, 0, 2], "texture": "#5"},
				"down": {"uv": [2, 0, 0, 2], "texture": "#5"}
			}
		},
		{
			"from": [9.25, 0.9, 10.15],
			"to": [9.5, 1, 14.15],
			"rotation": {"angle": -45, "axis": "x", "origin": [9.5, 1, 5]},
			"faces": {
				"north": {"uv": [2, 0, 0, 2], "texture": "#5"},
				"east": {"uv": [2, 0, 0, 2], "texture": "#5"},
				"south": {"uv": [2, 0, 0, 2], "texture": "#5"},
				"west": {"uv": [2, 0, 0, 2], "texture": "#5"},
				"up": {"uv": [2, 0, 0, 2], "texture": "#5"},
				"down": {"uv": [2, 0, 0, 2], "texture": "#5"}
			}
		},
		{
			"from": [9.25, 7.9, 3.15],
			"to": [9.5, 8, 7.15],
			"rotation": {"angle": 45, "axis": "x", "origin": [9.5, 1, 5]},
			"faces": {
				"north": {"uv": [2, 0, 0, 2], "texture": "#5"},
				"east": {"uv": [2, 0, 0, 2], "texture": "#5"},
				"south": {"uv": [2, 0, 0, 2], "texture": "#5"},
				"west": {"uv": [2, 0, 0, 2], "texture": "#5"},
				"up": {"uv": [2, 0, 0, 2], "texture": "#5"},
				"down": {"uv": [2, 0, 0, 2], "texture": "#5"}
			}
		},
		{
			"from": [8.75, 8.5, 6.5],
			"to": [9, 8.6, 10.5],
			"rotation": {"angle": 22.5, "axis": "x", "origin": [9, 3.5, 3.5]},
			"faces": {
				"north": {"uv": [2, 0, 0, 2], "texture": "#5"},
				"east": {"uv": [2, 0, 0, 2], "texture": "#5"},
				"south": {"uv": [2, 0, 0, 2], "texture": "#5"},
				"west": {"uv": [2, 0, 0, 2], "texture": "#5"},
				"up": {"uv": [2, 0, 0, 2], "texture": "#5"},
				"down": {"uv": [2, 0, 0, 2], "texture": "#5"}
			}
		},
		{
			"from": [8.75, 1.35, 10.4],
			"to": [9, 5.35, 10.5],
			"rotation": {"angle": -22.5, "axis": "x", "origin": [9, 3.5, 3.5]},
			"faces": {
				"north": {"uv": [2, 0, 0, 2], "rotation": 180, "texture": "#5"},
				"east": {"uv": [0, 2, 2, 0], "rotation": 90, "texture": "#5"},
				"south": {"uv": [2, 0, 0, 2], "texture": "#5"},
				"west": {"uv": [0, 2, 2, 0], "rotation": 270, "texture": "#5"},
				"up": {"uv": [2, 0, 0, 2], "rotation": 180, "texture": "#5"},
				"down": {"uv": [2, 0, 0, 2], "texture": "#5"}
			}
		},
		{
			"from": [8.75, 6.5, 8.4],
			"to": [9, 10.25, 8.5],
			"rotation": {"angle": 22.5, "axis": "x", "origin": [9, 3.5, 3.5]},
			"faces": {
				"north": {"uv": [2, 0, 0, 2], "texture": "#5"},
				"east": {"uv": [2, 0, 0, 2], "texture": "#5"},
				"south": {"uv": [2, 0, 0, 2], "texture": "#5"},
				"west": {"uv": [2, 0, 0, 2], "texture": "#5"},
				"up": {"uv": [2, 0, 0, 2], "texture": "#5"},
				"down": {"uv": [2, 0, 0, 2], "texture": "#5"}
			}
		},
		{
			"from": [8.75, 3.4, 8.65],
			"to": [9, 3.5, 12.65],
			"rotation": {"angle": -22.5, "axis": "x", "origin": [9, 3.5, 3.5]},
			"faces": {
				"north": {"uv": [2, 0, 0, 2], "texture": "#5"},
				"east": {"uv": [2, 0, 0, 2], "texture": "#5"},
				"south": {"uv": [2, 0, 0, 2], "texture": "#5"},
				"west": {"uv": [2, 0, 0, 2], "texture": "#5"},
				"up": {"uv": [2, 0, 0, 2], "texture": "#5"},
				"down": {"uv": [2, 0, 0, 2], "texture": "#5"}
			}
		},
		{
			"from": [9.25, 5.75, 9.75],
			"to": [9.75, 6.25, 10.25],
			"rotation": {"angle": 0, "axis": "y", "origin": [9.5, 1, 5]},
			"faces": {
				"north": {"uv": [2, 0, 0, 2], "texture": "#0"},
				"east": {"uv": [2, 0, 0, 2], "texture": "#0"},
				"south": {"uv": [2, 0, 0, 2], "texture": "#0"},
				"west": {"uv": [2, 0, 0, 2], "texture": "#0"},
				"up": {"uv": [2, 0, 0, 2], "texture": "#0"},
				"down": {"uv": [2, 0, 0, 2], "texture": "#0"}
			}
		},
		{
			"from": [8, 4.5, 9.75],
			"to": [8.5, 10, 10.25],
			"rotation": {"angle": 0, "axis": "y", "origin": [9.5, 1, 5]},
			"faces": {
				"north": {"uv": [2, 0, 0, 2], "texture": "#0"},
				"east": {"uv": [2, 0, 0, 2], "texture": "#0"},
				"south": {"uv": [2, 0, 0, 2], "texture": "#0"},
				"west": {"uv": [2, 0, 0, 2], "texture": "#0"},
				"up": {"uv": [2, 0, 0, 2], "texture": "#0"},
				"down": {"uv": [2, 0, 0, 2], "texture": "#0"}
			}
		},
		{
			"from": [8, 8, 7.75],
			"to": [8.5, 8.5, 10.75],
			"rotation": {"angle": 0, "axis": "y", "origin": [9.5, 1, 5]},
			"faces": {
				"north": {"uv": [2, 0, 0, 2], "texture": "#0"},
				"east": {"uv": [2, 0, 0, 2], "texture": "#0"},
				"south": {"uv": [2, 0, 0, 2], "texture": "#0"},
				"west": {"uv": [2, 0, 0, 2], "texture": "#0"},
				"up": {"uv": [2, 0, 0, 2], "texture": "#0"},
				"down": {"uv": [2, 0, 0, 2], "texture": "#0"}
			}
		},
		{
			"from": [8, 8, 5.25],
			"to": [8.5, 8.5, 7.75],
			"rotation": {"angle": 0, "axis": "y", "origin": [9.5, 1, 5]},
			"faces": {
				"north": {"uv": [2, 0, 0, 2], "texture": "#5"},
				"east": {"uv": [2, 0, 0, 2], "texture": "#5"},
				"south": {"uv": [2, 0, 0, 2], "texture": "#5"},
				"west": {"uv": [2, 0, 0, 2], "texture": "#5"},
				"up": {"uv": [2, 0, 0, 2], "texture": "#5"},
				"down": {"uv": [2, 0, 0, 2], "texture": "#5"}
			}
		},
		{
			"from": [7.75, 5.5, 8.5],
			"to": [8.25, 6, 10.5],
			"rotation": {"angle": -45, "axis": "x", "origin": [9.5, 1, 5]},
			"faces": {
				"north": {"uv": [2, 0, 0, 2], "texture": "#5"},
				"east": {"uv": [2, 0, 0, 2], "texture": "#5"},
				"south": {"uv": [2, 0, 0, 2], "texture": "#5"},
				"west": {"uv": [2, 0, 0, 2], "texture": "#5"},
				"up": {"uv": [2, 0, 0, 2], "texture": "#5"},
				"down": {"uv": [2, 0, 0, 2], "texture": "#5"}
			}
		},
		{
			"from": [7.5, 4.5, 4],
			"to": [8, 7, 4.5],
			"rotation": {"angle": 0, "axis": "x", "origin": [9.5, 1, 5]},
			"faces": {
				"north": {"uv": [2, 0, 0, 2], "rotation": 180, "texture": "#5"},
				"east": {"uv": [0, 2, 2, 0], "rotation": 270, "texture": "#5"},
				"south": {"uv": [2, 0, 0, 2], "texture": "#5"},
				"west": {"uv": [0, 2, 2, 0], "rotation": 90, "texture": "#5"},
				"up": {"uv": [2, 0, 0, 2], "texture": "#5"},
				"down": {"uv": [2, 0, 0, 2], "rotation": 180, "texture": "#5"}
			}
		},
		{
			"from": [8, 4.25, 3.5],
			"to": [8.5, 8.25, 4],
			"rotation": {"angle": 22.5, "axis": "x", "origin": [9.5, 1, 5]},
			"faces": {
				"north": {"uv": [2, 0, 0, 2], "rotation": 180, "texture": "#5"},
				"east": {"uv": [0, 2, 2, 0], "rotation": 270, "texture": "#5"},
				"south": {"uv": [2, 0, 0, 2], "texture": "#5"},
				"west": {"uv": [0, 2, 2, 0], "rotation": 90, "texture": "#5"},
				"up": {"uv": [2, 0, 0, 2], "texture": "#5"},
				"down": {"uv": [2, 0, 0, 2], "rotation": 180, "texture": "#5"}
			}
		},
		{
			"from": [8.2, 3.75, 4.25],
			"to": [9, 5.25, 6.25],
			"rotation": {"angle": 0, "axis": "x", "origin": [9.5, 1, 5]},
			"faces": {
				"north": {"uv": [2, 0, 0, 2], "rotation": 180, "texture": "#2"},
				"east": {"uv": [0, 2, 2, 0], "rotation": 270, "texture": "#2"},
				"south": {"uv": [2, 0, 0, 2], "texture": "#2"},
				"west": {"uv": [0, 2, 2, 0], "rotation": 90, "texture": "#2"},
				"up": {"uv": [2, 0, 0, 2], "texture": "#2"},
				"down": {"uv": [2, 0, 0, 2], "rotation": 180, "texture": "#2"}
			}
		},
		{
			"from": [8.2, 3.5, 4.5],
			"to": [9, 5.5, 6],
			"rotation": {"angle": 0, "axis": "x", "origin": [9.5, 1, 5]},
			"faces": {
				"north": {"uv": [2, 0, 0, 2], "rotation": 180, "texture": "#2"},
				"east": {"uv": [0, 2, 2, 0], "rotation": 270, "texture": "#2"},
				"south": {"uv": [2, 0, 0, 2], "texture": "#2"},
				"west": {"uv": [0, 2, 2, 0], "rotation": 90, "texture": "#2"},
				"up": {"uv": [2, 0, 0, 2], "texture": "#2"},
				"down": {"uv": [2, 0, 0, 2], "rotation": 180, "texture": "#2"}
			}
		},
		{
			"from": [7.5, 8.5, 5.75],
			"to": [8, 10, 6.25],
			"rotation": {"angle": 0, "axis": "x", "origin": [9.5, 1, 5]},
			"faces": {
				"north": {"uv": [2, 0, 0, 2], "rotation": 180, "texture": "#5"},
				"east": {"uv": [0, 2, 2, 0], "rotation": 270, "texture": "#5"},
				"south": {"uv": [2, 0, 0, 2], "texture": "#5"},
				"west": {"uv": [0, 2, 2, 0], "rotation": 90, "texture": "#5"},
				"up": {"uv": [2, 0, 0, 2], "texture": "#5"},
				"down": {"uv": [2, 0, 0, 2], "rotation": 180, "texture": "#5"}
			}
		},
		{
			"from": [7.75, 10, 6],
			"to": [8.25, 10.4, 11],
			"rotation": {"angle": 0, "axis": "x", "origin": [9.5, 1, 5]},
			"faces": {
				"north": {"uv": [2, 0, 0, 2], "rotation": 180, "texture": "#5"},
				"east": {"uv": [0, 2, 2, 0], "rotation": 270, "texture": "#5"},
				"south": {"uv": [2, 0, 0, 2], "texture": "#5"},
				"west": {"uv": [0, 2, 2, 0], "rotation": 90, "texture": "#5"},
				"up": {"uv": [2, 0, 0, 2], "texture": "#5"},
				"down": {"uv": [2, 0, 0, 2], "rotation": 180, "texture": "#5"}
			}
		},
		{
			"from": [7.75, 10.4, 6.75],
			"to": [8.25, 10.5, 10.75],
			"rotation": {"angle": 0, "axis": "x", "origin": [9.5, 1, 5]},
			"faces": {
				"north": {"uv": [2, 0, 0, 2], "rotation": 180, "texture": "#6"},
				"east": {"uv": [0, 2, 2, 0], "rotation": 270, "texture": "#6"},
				"south": {"uv": [2, 0, 0, 2], "texture": "#6"},
				"west": {"uv": [0, 2, 2, 0], "rotation": 90, "texture": "#6"},
				"up": {"uv": [2, 0, 0, 2], "texture": "#6"},
				"down": {"uv": [2, 0, 0, 2], "rotation": 180, "texture": "#6"}
			}
		},
		{
			"from": [7.75, 8, 5.5],
			"to": [8.25, 9, 6.25],
			"rotation": {"angle": 0, "axis": "x", "origin": [9.5, 1, 5]},
			"faces": {
				"north": {"uv": [2, 0, 0, 2], "rotation": 180, "texture": "#2"},
				"east": {"uv": [0, 2, 2, 0], "rotation": 270, "texture": "#2"},
				"south": {"uv": [2, 0, 0, 2], "texture": "#2"},
				"west": {"uv": [0, 2, 2, 0], "rotation": 90, "texture": "#2"},
				"up": {"uv": [2, 0, 0, 2], "texture": "#2"},
				"down": {"uv": [2, 0, 0, 2], "rotation": 180, "texture": "#2"}
			}
		},
		{
			"from": [5, 5.5, 9.5],
			"to": [8, 6, 10.25],
			"rotation": {"angle": 0, "axis": "y", "origin": [9.5, 1, 5]},
			"faces": {
				"north": {"uv": [2, 0, 0, 2], "texture": "#5"},
				"east": {"uv": [2, 0, 0, 2], "texture": "#5"},
				"south": {"uv": [2, 0, 0, 2], "texture": "#5"},
				"west": {"uv": [2, 0, 0, 2], "texture": "#5"},
				"up": {"uv": [2, 0, 0, 2], "texture": "#5"},
				"down": {"uv": [2, 0, 0, 2], "texture": "#5"}
			}
		},
		{
			"from": [5, 8, 10],
			"to": [8, 12, 10.6],
			"rotation": {"angle": 0, "axis": "y", "origin": [9.5, 1, 5]},
			"faces": {
				"north": {"uv": [2, 0, 0, 2], "texture": "#6"},
				"east": {"uv": [2, 0, 0, 2], "texture": "#6"},
				"south": {"uv": [2, 0, 0, 2], "texture": "#6"},
				"west": {"uv": [2, 0, 0, 2], "texture": "#6"},
				"up": {"uv": [16, 0, 0, 13], "texture": "#6"},
				"down": {"uv": [2, 0, 0, 2], "texture": "#6"}
			}
		},
		{
			"from": [7.6, 8, 10.5],
			"to": [8, 12, 10.9],
			"rotation": {"angle": 0, "axis": "y", "origin": [9.5, 1, 5]},
			"faces": {
				"north": {"uv": [2, 0, 0, 2], "texture": "#5"},
				"east": {"uv": [2, 0, 0, 2], "texture": "#5"},
				"south": {"uv": [2, 0, 0, 2], "texture": "#5"},
				"west": {"uv": [2, 0, 0, 2], "texture": "#5"},
				"up": {"uv": [16, 0, 0, 13], "texture": "#5"},
				"down": {"uv": [2, 0, 0, 2], "texture": "#5"}
			}
		},
		{
			"from": [7.6, 12, 10.75],
			"to": [8, 12.3, 11.25],
			"rotation": {"angle": 0, "axis": "y", "origin": [9.5, 1, 5]},
			"faces": {
				"north": {"uv": [2, 0, 0, 2], "texture": "#5"},
				"east": {"uv": [2, 0, 0, 2], "texture": "#5"},
				"south": {"uv": [2, 0, 0, 2], "texture": "#5"},
				"west": {"uv": [2, 0, 0, 2], "texture": "#5"},
				"up": {"uv": [16, 0, 0, 13], "texture": "#5"},
				"down": {"uv": [2, 0, 0, 2], "texture": "#5"}
			}
		},
		{
			"from": [7.6, 12, 11.25],
			"to": [8, 12.4, 12],
			"rotation": {"angle": 0, "axis": "y", "origin": [9.5, 1, 5]},
			"faces": {
				"north": {"uv": [2, 0, 0, 2], "texture": "#2"},
				"east": {"uv": [2, 0, 0, 2], "texture": "#2"},
				"south": {"uv": [2, 0, 0, 2], "texture": "#2"},
				"west": {"uv": [2, 0, 0, 2], "texture": "#2"},
				"up": {"uv": [16, 0, 0, 13], "texture": "#2"},
				"down": {"uv": [2, 0, 0, 2], "texture": "#2"}
			}
		},
		{
			"from": [5, 6.5, 6],
			"to": [8, 7, 6.5],
			"rotation": {"angle": 0, "axis": "y", "origin": [9.5, 1, 5]},
			"faces": {
				"north": {"uv": [2, 0, 0, 2], "texture": "#5"},
				"east": {"uv": [2, 0, 0, 2], "texture": "#5"},
				"south": {"uv": [2, 0, 0, 2], "texture": "#5"},
				"west": {"uv": [2, 0, 0, 2], "texture": "#5"},
				"up": {"uv": [2, 0, 0, 2], "texture": "#5"},
				"down": {"uv": [2, 0, 0, 2], "texture": "#5"}
			}
		}
	],
	"display": {
		"thirdperson_righthand": {
			"rotation": [90, 0, 0],
			"scale": [2.5, 2.5, 2.5]
		},
		"head": {
			"rotation": [0, -180, 0],
			"translation": [3, 4, 0],
			"scale": [4, 4, 4]
		}
	}
}