{
	"credit": "Made with Blockbench",
	"textures": {
		"0": "block/atticlight",
		"particle": "block/atticlight"
	},
	"elements": [
		{
			"from": [8.25, 11.5, 8],
			"to": [8.75, 16, 8.5],
			"rotation": {"angle": 0, "axis": "y", "origin": [9, 9, 8]},
			"faces": {
				"north": {"uv": [8, 1, 8.5, 5.5], "texture": "#0"},
				"east": {"uv": [8, 1, 8.5, 5.5], "texture": "#0"},
				"south": {"uv": [8, 1, 8.5, 5.5], "texture": "#0"},
				"west": {"uv": [8, 1, 8.5, 5.5], "texture": "#0"},
				"up": {"uv": [7, 1.5, 7.5, 2], "texture": "#0"},
				"down": {"uv": [7.5, 3, 8, 3.5], "texture": "#0"}
			}
		},
		{
			"from": [8, 7.5, 7],
			"to": [9, 10, 9],
			"rotation": {"angle": 0, "axis": "y", "origin": [8, 9, 8]},
			"faces": {
				"north": {"uv": [7, 7, 7.5, 9.5], "texture": "#0"},
				"east": {"uv": [7, 7, 9, 9.5], "texture": "#0"},
				"south": {"uv": [7, 7, 7.5, 9.5], "texture": "#0"},
				"west": {"uv": [7, 7, 9, 9.5], "texture": "#0"},
				"up": {"uv": [8, 3, 8.5, 5], "texture": "#0"},
				"down": {"uv": [8, 0.5, 8.5, 2.5], "texture": "#0"}
			}
		},
		{
			"from": [8.25, 10, 7.5],
			"to": [8.75, 11.5, 8.5],
			"rotation": {"angle": 0, "axis": "y", "origin": [9, 9, 8]},
			"faces": {
				"north": {"uv": [7.5, 5.5, 8, 7], "texture": "#0"},
				"east": {"uv": [7.5, 5.5, 8.5, 7], "texture": "#0"},
				"south": {"uv": [7.5, 5.5, 8, 7], "texture": "#0"},
				"west": {"uv": [7.5, 5.5, 8.5, 7], "texture": "#0"},
				"up": {"uv": [7.5, 6, 8, 7], "texture": "#0"},
				"down": {"uv": [7.5, 6, 8, 7], "texture": "#0"}
			}
		},
		{
			"from": [8.25, 11.5, 7],
			"to": [9, 14.5, 7.5],
			"rotation": {"angle": 0, "axis": "y", "origin": [9, 9, 8]},
			"faces": {
				"north": {"uv": [8, 2.5, 8.5, 5.5], "texture": "#0"},
				"east": {"uv": [8, 2.5, 8.5, 5.5], "texture": "#0"},
				"south": {"uv": [8, 2.5, 8.5, 5.5], "texture": "#0"},
				"west": {"uv": [8, 2.5, 8.5, 5.5], "texture": "#0"},
				"up": {"uv": [7, 7.5, 7.5, 8], "texture": "#0"},
				"down": {"uv": [7, 7.5, 7.5, 8], "texture": "#0"}
			}
		},
		{
			"from": [8.25, 13.5, 7.5],
			"to": [8.75, 14.5, 8],
			"rotation": {"angle": 0, "axis": "y", "origin": [9, 9, 8]},
			"faces": {
				"north": {"uv": [7.5, 2.5, 8, 3.5], "texture": "#0"},
				"east": {"uv": [7.5, 2.5, 8, 3.5], "texture": "#0"},
				"south": {"uv": [7.5, 2.5, 8, 3.5], "texture": "#0"},
				"west": {"uv": [7.5, 2.5, 8, 3.5], "texture": "#0"},
				"up": {"uv": [7.5, 6, 8, 6.5], "texture": "#0"},
				"down": {"uv": [7.5, 6, 8, 6.5], "texture": "#0"}
			}
		},
		{
			"from": [8.25, 14.5, 7],
			"to": [9, 16, 7.5],
			"rotation": {"angle": 0, "axis": "y", "origin": [9, 9, 8]},
			"faces": {
				"north": {"uv": [7, 1, 7.5, 2.5], "texture": "#0"},
				"east": {"uv": [7, 1, 7.5, 2.5], "texture": "#0"},
				"south": {"uv": [7, 1, 7.5, 2.5], "texture": "#0"},
				"west": {"uv": [7, 1, 7.5, 2.5], "texture": "#0"},
				"up": {"uv": [8, 4, 8.5, 4.5], "texture": "#0"},
				"down": {"uv": [7, 5, 7.5, 5.5], "texture": "#0"}
			}
		},
		{
			"from": [8, 16, 7.5],
			"to": [9, 17, 8.5],
			"rotation": {"angle": 0, "axis": "y", "origin": [9, 9, 8]},
			"faces": {
				"north": {"uv": [8, 0, 8.5, 1], "texture": "#0"},
				"east": {"uv": [7.5, 0, 8.5, 1], "texture": "#0"},
				"south": {"uv": [7.5, 0, 8, 1], "texture": "#0"},
				"west": {"uv": [7.5, 0, 8.5, 1], "texture": "#0"},
				"up": {"uv": [7.5, 0, 8.5, 0.5], "texture": "#0"},
				"down": {"uv": [7.5, 0.5, 8.5, 1], "texture": "#0"}
			}
		},
		{
			"from": [8.25, 7.5, 6.5],
			"to": [8.75, 8, 7],
			"faces": {
				"north": {"uv": [6.5, 8.5, 7, 9], "texture": "#0"},
				"east": {"uv": [6.5, 8.5, 7, 9], "texture": "#0"},
				"south": {"uv": [6.5, 8.5, 7, 9], "texture": "#0"},
				"west": {"uv": [6.5, 8.5, 7, 9], "texture": "#0"},
				"up": {"uv": [6.5, 8.5, 7, 9], "texture": "#0"},
				"down": {"uv": [6.5, 8.5, 7, 9], "texture": "#0"}
			}
		},
		{
			"from": [7.5, 3.5, 6.5],
			"to": [9.5, 7, 9.5],
			"rotation": {"angle": 0, "axis": "y", "origin": [17, 14, 15]},
			"faces": {
				"north": {"uv": [7, 11.5, 9, 15], "texture": "#0"},
				"east": {"uv": [6.5, 11.5, 9.5, 15], "texture": "#0"},
				"south": {"uv": [7, 11.5, 8.5, 15], "texture": "#0"},
				"west": {"uv": [6.5, 11.5, 9.5, 15], "texture": "#0"},
				"up": {"uv": [7, 11.5, 9, 14.5], "texture": "#0"},
				"down": {"uv": [7.5, 12, 9.5, 15], "texture": "#0"}
			}
		},
		{
			"from": [7.5, 3, 7],
			"to": [9.5, 3.5, 9],
			"rotation": {"angle": 0, "axis": "y", "origin": [15, 11, 15]},
			"faces": {
				"north": {"uv": [7, 15, 9, 15.5], "texture": "#0"},
				"east": {"uv": [7, 15, 9, 15.5], "texture": "#0"},
				"south": {"uv": [7, 15, 9, 15.5], "texture": "#0"},
				"west": {"uv": [7, 15, 9, 15.5], "texture": "#0"},
				"up": {"uv": [0, 0, 2, 2], "texture": "#missing"},
				"down": {"uv": [7, 12, 9, 14], "texture": "#0"}
			}
		},
		{
			"from": [6.5, 4, 7],
			"to": [7.5, 6, 9],
			"rotation": {"angle": 0, "axis": "y", "origin": [14, 12, 15]},
			"faces": {
				"north": {"uv": [8, 12, 9, 14], "texture": "#0"},
				"east": {"uv": [0, 0, 2, 2], "texture": "#missing"},
				"south": {"uv": [8, 12.5, 9, 14.5], "texture": "#0"},
				"west": {"uv": [7, 12, 9, 14], "texture": "#0"},
				"up": {"uv": [7, 12, 8, 14], "texture": "#0"},
				"down": {"uv": [7, 12, 8, 14], "texture": "#0"}
			}
		},
		{
			"from": [9.5, 4, 7],
			"to": [10.5, 6, 9],
			"rotation": {"angle": 0, "axis": "y", "origin": [18, 12, 15]},
			"faces": {
				"north": {"uv": [7.5, 12, 8.5, 14], "texture": "#0"},
				"east": {"uv": [7, 12, 9, 14], "texture": "#0"},
				"south": {"uv": [7.5, 12, 8.5, 14], "texture": "#0"},
				"west": {"uv": [0, 0, 2, 2], "texture": "#missing"},
				"up": {"uv": [7, 12, 8, 14], "texture": "#0"},
				"down": {"uv": [7.5, 11.5, 8.5, 13.5], "texture": "#0"}
			}
		},
		{
			"from": [7.5, 4, 6],
			"to": [9.5, 6, 6.5],
			"rotation": {"angle": 0, "axis": "y", "origin": [15, 12, 14]},
			"faces": {
				"north": {"uv": [7, 12, 9, 14], "texture": "#0"},
				"east": {"uv": [9, 12, 9.5, 14], "texture": "#0"},
				"south": {"uv": [0, 0, 2, 2], "texture": "#missing"},
				"west": {"uv": [9, 11.5, 9.5, 13.5], "texture": "#0"},
				"up": {"uv": [7.5, 13, 9.5, 13.5], "texture": "#0"},
				"down": {"uv": [7, 13.5, 9, 14], "texture": "#0"}
			}
		},
		{
			"from": [7.5, 4, 9.5],
			"to": [9.5, 6, 10],
			"rotation": {"angle": 0, "axis": "y", "origin": [15, 12, 18]},
			"faces": {
				"north": {"uv": [0, 0, 2, 2], "texture": "#missing"},
				"east": {"uv": [9, 12.5, 9.5, 14.5], "texture": "#0"},
				"south": {"uv": [7, 12, 9, 14], "texture": "#0"},
				"west": {"uv": [8, 13, 8.5, 15], "texture": "#0"},
				"up": {"uv": [7, 13, 9, 13.5], "texture": "#0"},
				"down": {"uv": [7.5, 13, 9.5, 13.5], "texture": "#0"}
			}
		},
		{
			"from": [7, 4, 6.5],
			"to": [7.5, 6, 7],
			"rotation": {"angle": 0, "axis": "y", "origin": [15, 13, 14]},
			"faces": {
				"north": {"uv": [5.5, 12, 6, 14], "texture": "#0"},
				"east": {"uv": [0, 0, 0.5, 2], "texture": "#missing"},
				"south": {"uv": [0, 0, 0.5, 2], "texture": "#missing"},
				"west": {"uv": [10, 12, 10.5, 14], "texture": "#0"},
				"up": {"uv": [6, 11.5, 6.5, 12], "texture": "#0"},
				"down": {"uv": [8.5, 15, 9, 15.5], "texture": "#0"}
			}
		},
		{
			"from": [7, 4, 9],
			"to": [7.5, 6, 9.5],
			"rotation": {"angle": 0, "axis": "y", "origin": [15, 13, 17]},
			"faces": {
				"north": {"uv": [0, 0, 0.5, 2], "texture": "#missing"},
				"east": {"uv": [0, 0, 0.5, 2], "texture": "#missing"},
				"south": {"uv": [10, 12, 10.5, 14], "texture": "#0"},
				"west": {"uv": [10, 12, 10.5, 14], "texture": "#0"},
				"up": {"uv": [6, 11.5, 6.5, 12], "texture": "#0"},
				"down": {"uv": [9, 14.5, 9.5, 15], "texture": "#0"}
			}
		},
		{
			"from": [9.5, 4, 9],
			"to": [10, 6, 9.5],
			"rotation": {"angle": 0, "axis": "y", "origin": [18, 13, 17]},
			"faces": {
				"north": {"uv": [0, 0, 0.5, 2], "texture": "#missing"},
				"east": {"uv": [5.5, 12, 6, 14], "texture": "#0"},
				"south": {"uv": [10, 12, 10.5, 14], "texture": "#0"},
				"west": {"uv": [0, 0, 0.5, 2], "texture": "#missing"},
				"up": {"uv": [6.5, 10.5, 7, 11], "texture": "#0"},
				"down": {"uv": [6.5, 10.5, 7, 11], "texture": "#0"}
			}
		},
		{
			"from": [9.5, 4, 6.5],
			"to": [10, 6, 7],
			"rotation": {"angle": 0, "axis": "y", "origin": [18, 13, 14]},
			"faces": {
				"north": {"uv": [10, 12, 10.5, 14], "texture": "#0"},
				"east": {"uv": [10, 12, 10.5, 14], "texture": "#0"},
				"south": {"uv": [0, 0, 0.5, 2], "texture": "#missing"},
				"west": {"uv": [0, 0, 0.5, 2], "texture": "#missing"},
				"up": {"uv": [10, 12.5, 10.5, 13], "texture": "#0"},
				"down": {"uv": [10, 13, 10.5, 13.5], "texture": "#0"}
			}
		},
		{
			"from": [8, 7, 7],
			"to": [9, 7.5, 9],
			"rotation": {"angle": 0, "axis": "y", "origin": [16, 15, 15]},
			"faces": {
				"north": {"uv": [7.5, 9.5, 8.5, 10], "texture": "#0"},
				"east": {"uv": [7, 9.5, 9, 10], "texture": "#0"},
				"south": {"uv": [7.5, 9.5, 8.5, 10], "texture": "#0"},
				"west": {"uv": [7, 9.5, 9, 10], "texture": "#0"},
				"up": {"uv": [7.5, 9.5, 8.5, 11.5], "texture": "#0"},
				"down": {"uv": [0, 0, 1, 2], "texture": "#missing"}
			}
		},
		{
			"from": [7, 6, 7],
			"to": [7.5, 6.5, 9],
			"rotation": {"angle": 0, "axis": "y", "origin": [15, 14, 15]},
			"faces": {
				"north": {"uv": [6.5, 10.5, 7, 11], "texture": "#0"},
				"east": {"uv": [0, 0, 2, 0.5], "texture": "#missing"},
				"south": {"uv": [8.5, 9.5, 9, 10], "texture": "#0"},
				"west": {"uv": [7, 9.5, 9, 10], "texture": "#0"},
				"up": {"uv": [6.5, 10.5, 7, 12.5], "texture": "#0"},
				"down": {"uv": [0, 0, 0.5, 2], "texture": "#missing"}
			}
		},
		{
			"from": [9.5, 6, 7],
			"to": [10, 6.5, 9],
			"rotation": {"angle": 0, "axis": "y", "origin": [18, 14, 15]},
			"faces": {
				"north": {"uv": [9, 10.5, 9.5, 11], "texture": "#0"},
				"east": {"uv": [7, 9.5, 9, 10], "texture": "#0"},
				"south": {"uv": [8, 9.5, 8.5, 10], "texture": "#0"},
				"west": {"uv": [0, 0, 2, 0.5], "texture": "#missing"},
				"up": {"uv": [7.5, 10, 8, 12], "texture": "#0"},
				"down": {"uv": [0, 0, 0.5, 2], "texture": "#missing"}
			}
		}
	],
	"groups": [
		{
			"name": "group",
			"origin": [8, 8, 8],
			"children": [0, 1, 2, 3, 4, 5, 6]
		}, 7, 8, 9, 10, 11, 12, 13, 14, 15, 16, 17, 18, 19, 20]
}