﻿{
	"ambientocclusion": false,
	"textures": {
		"1": "block/shelf_metal",
		"particle": "block/shelf_metal"
	},
	"elements": [
		{
			"from": [1, 0, 0],
			"to": [15, 16, 2],
			"faces": {
				"north": {"uv": [0, 0, 16, 16], "texture": "#1"},
				"east": {"uv": [13, 0, 15, 16], "texture": "#1"},
				"south": {"uv": [0, 0, 16, 16], "texture": "#1"},
				"west": {"uv": [0.5, 0, 2.5, 16], "texture": "#1"},
				"up": {"uv": [0, 0.5, 16, 2.5], "texture": "#1"},
				"down": {"uv": [0, 13, 16, 15], "texture": "#1", "rotation": 180}
			}
		},
		{
			"from": [1, 0, 2],
			"to": [15, 1, 16],
			"faces": {
				"north": {"uv": [0, 0, 5, 0.5], "texture": "#1"},
				"east": {"uv": [0, 15, 7, 16], "texture": "#1"},
				"south": {"uv": [0, 15, 16, 16], "texture": "#1"},
				"west": {"uv": [9, 15, 16, 16], "texture": "#1"},
				"up": {"uv": [1, 0, 15, 14], "texture": "#1", "rotation": 180},
				"down": {"uv": [1, 0, 15, 14], "texture": "#1", "rotation": 180}
			}
		},
		{
			"from": [1, 8, 2],
			"to": [15, 9, 16],
			"faces": {
				"north": {"uv": [0, 0, 5, 0.5], "texture": "#1"},
				"east": {"uv": [0, 15, 7, 16], "texture": "#1"},
				"south": {"uv": [0, 15, 16, 16], "texture": "#1"},
				"west": {"uv": [9, 15, 16, 16], "texture": "#1"},
				"up": {"uv": [1, 0, 15, 14], "texture": "#1", "rotation": 180},
				"down": {"uv": [2, 9, 14, 16], "texture": "#1", "rotation": 180}
			}
		},
		{
			"from": [0, 0, 0],
			"to": [1, 16, 16],
			"faces": {
				"north": {"uv": [0, 0, 1, 16], "texture": "#1"},
				"east": {"uv": [0, 0, 16, 16], "texture": "#1"},
				"south": {"uv": [0, 0, 1, 16], "texture": "#1"},
				"west": {"uv": [0, 0, 16, 16], "texture": "#1"},
				"up": {"uv": [0, 0, 16, 1], "texture": "#1", "rotation": 90},
				"down": {"uv": [0, 0, 1, 16], "texture": "#1"}
			}
		},
		{
			"from": [15, 0, 0],
			"to": [16, 16, 16],
			"faces": {
				"north": {"uv": [0, 0, 1, 16], "texture": "#1"},
				"east": {"uv": [0, 0, 16, 16], "texture": "#1"},
				"south": {"uv": [0, 0, 1, 16], "texture": "#1"},
				"west": {"uv": [0, 0, 16, 16], "texture": "#1"},
				"up": {"uv": [0, 0, 16, 1], "texture": "#1", "rotation": 270},
				"down": {"uv": [0, 0, 1, 16], "texture": "#1"}
			}
		}
	],
	"display": {
		"thirdperson_righthand": {
			"scale": [0.5, 0.5, 0.5],
			"rotation": [0, -45, 0]
		},
		"ground": {
			"scale": [0.5, 0.5, 0.5]
		},
		"fixed": {
			"rotation": [0, 180, 0]
		},
		"gui": {
			"rotation": [45, 45, 0],
			"scale": [0.5, 0.5, 0.5]
		},
		"thirdperson_lefthand": {
			"scale": [0.5, 0.5, 0.5],
			"rotation": [0, -45, 0]
		},
		"firstperson_righthand": {
			"scale": [0.5, 0.5, 0.5],
			"rotation": [0, -45, 0]
		},
		"firstperson_lefthand": {
			"scale": [0.5, 0.5, 0.5],
			"rotation": [0, -45, 0]
		},
		"head": {
			"rotation": [0, 180, 0]
		}
	}
}