{
	"credit": "Made with Blockbench (TEiEN pack)",
	"textures": {
		"0": "block/smooth_quartz_block",
		"particle": "block/smooth_quartz_block"
	},
	"elements": [
		{
			"from": [5, 0, 5],
			"to": [6, 7, 6],
			"faces": {
				"north": {"uv": [3.5, 0.5, 4.5, 7.5], "texture": "#0"},
				"east": {"uv": [3.5, 8.5, 4.5, 15.5], "texture": "#0"},
				"south": {"uv": [3.5, 0.5, 4.5, 7.5], "texture": "#0"},
				"west": {"uv": [3.5, 0, 4.5, 7], "texture": "#0"},
				"up": {"uv": [3.5, 1.5, 4.5, 2.5], "texture": "#0"}
			}
		},
		{
			"from": [9, 0, 7],
			"to": [10, 5, 8],
			"faces": {
				"north": {"uv": [5.5, 0.5, 6.5, 5.5], "texture": "#0"},
				"east": {"uv": [3.5, 0.5, 4.5, 5.5], "texture": "#0"},
				"south": {"uv": [3.5, 0.5, 4.5, 5.5], "texture": "#0"},
				"west": {"uv": [11.5, 0.5, 12.5, 5.5], "texture": "#0"},
				"up": {"uv": [4, 3.5, 5, 4.5], "texture": "#0"}
			}
		},
		{
			"from": [5.98, 0, 11],
			"to": [7.02, 4, 12],
			"faces": {
				"north": {"uv": [3.5, 0.5, 4.54, 4.5], "texture": "#0"},
				"east": {"uv": [11.5, 1, 12.5, 5], "texture": "#0"},
				"south": {"uv": [3.5, 1.5, 4.5, 5.5], "texture": "#0"},
				"west": {"uv": [3.5, 0.5, 4.5, 4.5], "texture": "#0"}
			}
		},
		{
			"from": [6, 7.48528, 12.82843],
			"to": [7, 11.48528, 13.82843],
			"rotation": {"angle": 45, "axis": "x", "origin": [8, 7.94975, 7.70711]},
			"faces": {
				"north": {"uv": [4, 0.5, 5, 4.5], "texture": "#0"},
				"east": {"uv": [13.5, 1, 14.5, 5], "texture": "#0"},
				"south": {"uv": [3.5, 0.5, 4.5, 4.5], "texture": "#0"},
				"west": {"uv": [3.5, 0.5, 4.5, 4.5], "texture": "#0"},
				"up": {"uv": [5.5, 3.5, 6.5, 4.5], "rotation": 270, "texture": "#0"}
			}
		}
	]
}