{
	"credit": "Made with Blockbench",
	"textures": {
		"1": "block/bottle",
		"2": "block/grass/no_grass",
		"particle": "block/grass/no_grass"
	},
	"elements": [
		{
			"from": [4, 0, 2.5],
			"to": [5, 5, 4.5],
			"faces": {
				"north": {"uv": [0, 0, 1, 5], "texture": "#1"},
				"east": {"uv": [0, 0, 2, 5], "texture": "#1"},
				"south": {"uv": [0, 0, 1, 5], "texture": "#1"},
				"west": {"uv": [0, 0, 2, 5], "texture": "#1"},
				"up": {"uv": [0, 0, 1, 2], "texture": "#1"},
				"down": {"uv": [6.5, 12.5, 7.5, 14.5], "texture": "#1"}
			}
		},
		{
			"from": [4, 0, 2],
			"to": [5, 5, 2.5],
			"faces": {
				"north": {"uv": [7, 9.5, 8, 14.5], "texture": "#1"},
				"east": {"uv": [6.5, 9.5, 7, 14.5], "texture": "#1"},
				"south": {"uv": [7, 9.5, 8, 14.5], "texture": "#1"},
				"west": {"uv": [6.5, 9.5, 7, 14.5], "texture": "#1"},
				"up": {"uv": [7.5, 10, 8.5, 10.5], "texture": "#1"},
				"down": {"uv": [7.5, 10, 8.5, 10.5], "texture": "#1"}
			}
		},
		{
			"from": [5, 0, 2.5],
			"to": [5.5, 5, 4.5],
			"faces": {
				"north": {"uv": [7, 9.5, 7.5, 14.5], "texture": "#1"},
				"east": {"uv": [6.5, 9.5, 8.5, 14.5], "texture": "#1"},
				"south": {"uv": [7, 9.5, 7.5, 14.5], "texture": "#1"},
				"west": {"uv": [6.5, 9.5, 8.5, 14.5], "texture": "#1"},
				"up": {"uv": [7, 12.5, 7.5, 14.5], "texture": "#1"},
				"down": {"uv": [8, 12.5, 8.5, 14.5], "texture": "#1"}
			}
		},
		{
			"from": [5.5, 0, 3],
			"to": [6, 5, 4],
			"faces": {
				"north": {"uv": [6, 9.5, 6.5, 14.5], "texture": "#1"},
				"east": {"uv": [6.5, 9.5, 7.5, 14.5], "texture": "#1"},
				"south": {"uv": [6.5, 9.5, 7, 14.5], "texture": "#1"},
				"west": {"uv": [0, 0, 1, 5], "texture": "#missing"},
				"up": {"uv": [6, 9.5, 6.5, 10.5], "texture": "#1"},
				"down": {"uv": [6, 9.5, 6.5, 10.5], "texture": "#1"}
			}
		},
		{
			"from": [3.5, 0, 2.5],
			"to": [4, 5, 4.5],
			"faces": {
				"north": {"uv": [8, 9.5, 8.5, 14.5], "texture": "#1"},
				"east": {"uv": [5, 9.5, 7, 14.5], "texture": "#1"},
				"south": {"uv": [8, 9.5, 8.5, 14.5], "texture": "#1"},
				"west": {"uv": [5, 9.5, 7, 14.5], "texture": "#1"},
				"up": {"uv": [6, 12.5, 6.5, 14.5], "texture": "#1"},
				"down": {"uv": [6, 12.5, 6.5, 14.5], "texture": "#1"}
			}
		},
		{
			"from": [4, 0, 4.5],
			"to": [5, 5, 5],
			"faces": {
				"north": {"uv": [5.5, 9.5, 6.5, 14.5], "texture": "#1"},
				"east": {"uv": [5, 9.5, 5.5, 14.5], "texture": "#1"},
				"south": {"uv": [6, 9.5, 7, 14.5], "texture": "#1"},
				"west": {"uv": [5, 9.5, 5.5, 14.5], "texture": "#1"},
				"up": {"uv": [5.5, 13, 6.5, 13.5], "texture": "#1"},
				"down": {"uv": [6, 13, 7, 13.5], "texture": "#1"}
			}
		},
		{
			"from": [3, 0, 3],
			"to": [3.5, 5, 4],
			"faces": {
				"north": {"uv": [9.5, 9.5, 10, 14.5], "texture": "#1"},
				"east": {"uv": [9, 9.5, 10, 14.5], "texture": "#1"},
				"south": {"uv": [9.5, 9.5, 10, 14.5], "texture": "#1"},
				"west": {"uv": [9, 9.5, 10, 14.5], "texture": "#1"},
				"up": {"uv": [9, 9.5, 9.5, 10.5], "texture": "#1"},
				"down": {"uv": [9, 9.5, 9.5, 10.5], "texture": "#1"}
			}
		},
		{
			"from": [4, 5, 3],
			"to": [5, 7.5, 4],
			"faces": {
				"north": {"uv": [6, 12, 7, 14], "texture": "#1"},
				"east": {"uv": [6, 12, 7, 14], "texture": "#1"},
				"south": {"uv": [6, 12, 7, 14], "texture": "#1"},
				"west": {"uv": [6, 12, 7, 14], "texture": "#1"},
				"up": {"uv": [6, 11.5, 7, 12.5], "texture": "#1"},
				"down": {"uv": [6, 11.5, 7, 12.5], "texture": "#1"}
			}
		},
		{
			"from": [5, 5, 3],
			"to": [5.5, 5.5, 4],
			"faces": {
				"north": {"uv": [7.5, 12.5, 8, 13], "texture": "#1"},
				"east": {"uv": [6.5, 13, 7.5, 13.5], "texture": "#1"},
				"south": {"uv": [7.5, 13, 8, 13.5], "texture": "#1"},
				"west": {"uv": [6, 13, 7, 13.5], "texture": "#1"},
				"up": {"uv": [5.5, 12.5, 6, 13.5], "texture": "#1"},
				"down": {"uv": [6.5, 12.5, 7, 13.5], "texture": "#1"}
			}
		},
		{
			"from": [3.5, 5, 3],
			"to": [4, 5.5, 4],
			"faces": {
				"north": {"uv": [5, 14, 5.5, 14.5], "texture": "#1"},
				"east": {"uv": [6, 12.5, 7, 13], "texture": "#1"},
				"south": {"uv": [9, 10, 9.5, 10.5], "texture": "#1"},
				"west": {"uv": [6, 9.5, 7, 10], "texture": "#1"},
				"up": {"uv": [6.5, 9.5, 7, 10.5], "texture": "#1"},
				"down": {"uv": [5.5, 9.5, 6, 10.5], "texture": "#1"}
			}
		},
		{
			"from": [4, 5, 2.5],
			"to": [5, 5.5, 3],
			"faces": {
				"north": {"uv": [6, 12.5, 7, 13], "texture": "#1"},
				"east": {"uv": [6, 12.5, 6.5, 13], "texture": "#1"},
				"south": {"uv": [6, 13, 7, 13.5], "texture": "#1"},
				"west": {"uv": [6.5, 13, 7, 13.5], "texture": "#1"},
				"up": {"uv": [5.5, 9.5, 6.5, 10], "texture": "#1"},
				"down": {"uv": [5.5, 9.5, 6.5, 10], "texture": "#1"}
			}
		},
		{
			"from": [4, 5, 4],
			"to": [5, 5.5, 4.5],
			"faces": {
				"north": {"uv": [0, 0, 1, 0.5], "texture": "#1"},
				"east": {"uv": [5, 9.5, 5.5, 10], "texture": "#1"},
				"south": {"uv": [5, 9.5, 6, 10], "texture": "#1"},
				"west": {"uv": [5, 9.5, 5.5, 10], "texture": "#1"},
				"up": {"uv": [5.5, 9.5, 6.5, 10], "texture": "#1"},
				"down": {"uv": [5, 14, 6, 14.5], "texture": "#1"}
			}
		},
		{
			"from": [3.5, 6.5, 3],
			"to": [4, 7, 4],
			"faces": {
				"north": {"uv": [5, 9.5, 5.5, 10], "texture": "#1"},
				"east": {"uv": [5, 9.5, 6, 10], "texture": "#1"},
				"south": {"uv": [5, 9.5, 5.5, 10], "texture": "#1"},
				"west": {"uv": [5, 9.5, 6, 10], "texture": "#1"},
				"up": {"uv": [5, 9.5, 5.5, 10.5], "texture": "#1"},
				"down": {"uv": [5, 9.5, 5.5, 10.5], "texture": "#1"}
			}
		},
		{
			"from": [5, 6.5, 3],
			"to": [5.5, 7, 4],
			"faces": {
				"north": {"uv": [5, 9.5, 5.5, 10], "texture": "#1"},
				"east": {"uv": [5, 9.5, 6, 10], "texture": "#1"},
				"south": {"uv": [5, 9.5, 5.5, 10], "texture": "#1"},
				"west": {"uv": [5, 9.5, 6, 10], "texture": "#1"},
				"up": {"uv": [5, 9.5, 5.5, 10.5], "texture": "#1"},
				"down": {"uv": [5, 9.5, 5.5, 10.5], "texture": "#1"}
			}
		},
		{
			"from": [4, 6.5, 4],
			"to": [5, 7, 4.5],
			"faces": {
				"north": {"uv": [5, 9.5, 6, 10], "texture": "#1"},
				"east": {"uv": [5, 9.5, 5.5, 10], "texture": "#1"},
				"south": {"uv": [5, 9.5, 6, 10], "texture": "#1"},
				"west": {"uv": [5, 9.5, 5.5, 10], "texture": "#1"},
				"up": {"uv": [5, 9.5, 6, 10], "texture": "#1"},
				"down": {"uv": [5, 9.5, 6, 10], "texture": "#1"}
			}
		},
		{
			"from": [4, 6.5, 2.5],
			"to": [5, 7, 3],
			"faces": {
				"north": {"uv": [5, 9.5, 6, 10], "texture": "#1"},
				"east": {"uv": [5, 9.5, 5.5, 10], "texture": "#1"},
				"south": {"uv": [5, 10, 6, 10.5], "texture": "#1"},
				"west": {"uv": [5, 9.5, 5.5, 10], "texture": "#1"},
				"up": {"uv": [5, 9.5, 6, 10], "texture": "#1"},
				"down": {"uv": [5, 9.5, 6, 10], "texture": "#1"}
			}
		},
		{
			"from": [0, 0, 0],
			"to": [16, 16, 16],
			"faces": {
				"north": {"uv": [0, 0, 16, 16], "texture": "#2"},
				"east": {"uv": [0, 0, 16, 16], "texture": "#2"},
				"south": {"uv": [0, 0, 16, 16], "texture": "#2"},
				"west": {"uv": [0, 0, 16, 16], "texture": "#2"},
				"up": {"uv": [0, 0, 16, 16], "texture": "#2"},
				"down": {"uv": [0, 0, 16, 16], "texture": "#2"}
			}
		}
	],
	"display": {
		"thirdperson_righthand": {
			"translation": [2.75, 8.25, 5.75],
			"scale": [1, 1.03125, 1]
		}
	}
}