{
	"credit": "Made with Blockbench",
	"parent": "block/cube_all",
	"textures": {
		"texture": "block/glass_green",
		"particle": "block/glass_green"
	},
	"elements": [
		{
			"name": "lower bar",
			"from": [7.5, 7, -0.0625],
			"to": [7.5625, 8.5, 15.9375],
			"rotation": {"angle": 45, "axis": "z", "origin": [7.5, 8.5, -0.0625]},
			"faces": {
				"north": {"uv": [6, 0, 7.5, 1], "texture": "#texture", "cullface": "north"},
				"east": {"uv": [0, 11, 16, 12.5], "texture": "#texture"},
				"west": {"uv": [16, 11, 0, 12.5], "texture": "#texture"},
				"up": {"uv": [7, 0, 8.5, 1.5], "texture": "#texture"},
				"down": {"uv": [7, 0, 8.5, 2], "texture": "#texture"}
			}
		},
		{
			"from": [7.5, 11, -0.0625],
			"to": [7.5625, 12.5, 15.9375],
			"rotation": {"angle": 45, "axis": "z", "origin": [7.5, 12.5, -0.0625]},
			"faces": {
				"east": {"uv": [16, 4, 0, 5.5], "texture": "#texture"},
				"west": {"uv": [0, 4, 16, 5.5], "texture": "#texture"}
			}
		},
		{
			"from": [8.5, 11, -0.0625],
			"to": [8.5625, 12.5, 15.9375],
			"rotation": {"angle": -45, "axis": "z", "origin": [8.5, 12.5, -0.0625]},
			"faces": {
				"east": {"uv": [16, 7.5, 0, 9], "texture": "#texture"},
				"west": {"uv": [0, 7.5, 16, 9], "texture": "#texture"}
			}
		},
		{
			"name": "lower bar*",
			"from": [8.5, 7, -0.0625],
			"to": [8.5625, 8.5, 15.9375],
			"rotation": {"angle": -45, "axis": "z", "origin": [8.5, 8.5, -0.0625]},
			"faces": {
				"north": {"uv": [4, 1.5, 6, 2.5], "texture": "#texture", "cullface": "north"},
				"east": {"uv": [0, 7.5, 16, 9], "texture": "#texture"},
				"west": {"uv": [16, 7.5, 0, 9], "texture": "#texture"},
				"up": {"uv": [7, 0, 8, 2], "texture": "#texture"},
				"down": {"uv": [7, 0, 9, 2.5], "texture": "#texture"}
			}
		},
		{
			"from": [8.5, 3, -0.0625],
			"to": [8.5625, 4.5, 15.9375],
			"rotation": {"angle": -45, "axis": "z", "origin": [8.5, 4.5, -0.0625]},
			"faces": {
				"east": {"uv": [16, 11, 0, 12.5], "texture": "#texture"},
				"west": {"uv": [0, 11, 16, 12.5], "texture": "#texture"}
			}
		},
		{
			"from": [7.5, 3, 0],
			"to": [7.5625, 4.5, 16],
			"rotation": {"angle": 45, "axis": "z", "origin": [7.5, 4.5, 0]},
			"faces": {
				"east": {"uv": [16, 7.5, 0, 9], "texture": "#texture"},
				"west": {"uv": [0, 7.5, 16, 9], "texture": "#texture"}
			}
		}
	]
}