{
"__comment": "Designed by Gaminwombat with BDcraft Cubik PRO 0.96 Beta - http://bdcraft.net",
"textures": {
    "particle": "block/iron_bars",
    "texture": "block/iron_bars"
},
"elements": [ 
{
    "from": [ 7.5, 0, 7.5 ],
    "to": [ 8.5, 16, 8.5 ],
    "faces": {
        "down":  { "uv": [ 8.5, 8.5, 7.5, 7.5 ], "texture": "#texture" },
        "up":    { "uv": [ 7.5, 7.5, 8.5, 8.5 ], "texture": "#texture" },
        "north": { "uv": [ 7.5, 0, 8.5, 16 ], "texture": "#texture" },
        "south": { "uv": [ 7.5, 0, 8.5, 16 ], "texture": "#texture" },
        "west":  { "uv": [ 8.5, 0, 7.5, 16 ], "texture": "#texture" },
        "east":  { "uv": [ 8.5, 0, 7.5, 16 ], "texture": "#texture" }
    }
}
]
}