{
	"credit": "Made with Blockbench",
	"textures": {
		"particle": "block/iron_bars",
		"texture": "block/iron_bars",
		"post": "block/post"
	},
	"elements": [
		{
			"from": [7, 0, 7],
			"to": [9, 16, 9],
			"faces": {
				"north": {"uv": [7, 0, 9, 16], "texture": "#texture"},
				"east": {"uv": [7, 0, 9, 16], "texture": "#texture"},
				"south": {"uv": [7, 0, 9, 16], "texture": "#texture"},
				"west": {"uv": [7, 0, 9, 16], "texture": "#texture"},
				"up": {"uv": [7, 0, 9, 2], "texture": "#post"},
				"down": {"uv": [7, 0, 9, 2], "texture": "#post"}
			}
		}
	]
}