{
	"credit": "Made with Blockbench",
	"textures": {
		"particle": "block/iron_bars",
		"bars": "block/iron_bars",
		"post": "block/post"
	},
	"elements": [
		{
			"from": [8, 0, 0],
			"to": [8.0625, 16, 7],
			"faces": {
				"east": {"uv": [7, 0, 0, 16], "texture": "#bars"},
				"west": {"uv": [0, 0, 7, 16], "texture": "#bars"}
			}
		},
		{
			"from": [7, 0, 7],
			"to": [9, 16, 9],
			"faces": {
				"north": {"uv": [7, 0, 9, 16], "texture": "#bars"},
				"east": {"uv": [7, 0, 9, 16], "texture": "#bars"},
				"south": {"uv": [7, 0, 9, 16], "texture": "#bars"},
				"west": {"uv": [7, 0, 9, 16], "texture": "#bars"},
				"up": {"uv": [7, 0, 9, 2], "texture": "#post"},
				"down": {"uv": [7, 0, 9, 2], "texture": "#post"}
			}
		}
	]
}