{
"textures": {
    "particle": "#texture",
    "texture": "block/door_birch_upper"
},
"elements": [ 
{
    "from": [ 7, -3, 7 ],
    "to": [ 9, 15.5, 9 ],
    "faces": {
        "down":  { "uv": [ 9, 9, 7, 7 ], "texture": "#texture" },
        "up":    { "uv": [ 7, 7, 9, 9 ], "texture": "#texture" },
        "north": { "uv": [ 7, 2, 9, 16 ], "texture": "#texture" },
        "south": { "uv": [ 7, 2, 9, 16 ], "texture": "#texture" },
        "west":  { "uv": [ 6.5, 2, 8.5, 16 ], "texture": "#texture" },
        "east":  { "uv": [ 6.5, 2, 8.5, 16 ], "texture": "#texture" }
    }
}
]
}