{
"textures": {
    "particle": "#texture",
    "texture": "block/door_birch_upper"
},
"elements": [ 
{
    "from": [ 7, 15.5, 7.5 ],
    "to": [ 9, 16, 8.5 ],
    "faces": {
        "down":  { "uv": [ 8.5, 9, 7.5, 7 ], "rotation": 270, "texture": "#texture" },
        "up":    { "uv": [ 7.5, 7, 8.5, 9 ], "rotation": 90, "texture": "#texture" },
        "north": { "uv": [ 7, 0, 9, 0.5 ], "texture": "#texture" },
        "south": { "uv": [ 7, 0, 9, 0.5 ], "texture": "#texture" },
        "west":  { "uv": [ 7.5, 0, 8.5, 0.5 ], "texture": "#texture" },
        "east":  { "uv": [ 7.5, 0, 8.5, 0.5 ], "texture": "#texture" }
    }
},
{
    "from": [ 7, -3, 6.5 ],
    "to": [ 9, 14, 7 ],
    "faces": {
        "down":  { "uv": [ 9.5, 9, 9, 7 ], "rotation": 270, "texture": "#texture" },
        "up":    { "uv": [ 6.5, 7, 7, 9 ], "rotation": 90, "texture": "#texture" },
        "north": { "uv": [ 7, 2, 9, 16 ], "texture": "#texture" },
        "south": { "uv": [ 7, 2, 9, 16 ], "texture": "#texture" },
        "west":  { "uv": [ 6.5, 2, 7, 16 ], "texture": "#texture" },
        "east":  { "uv": [ 9, 2, 9.5, 16 ], "texture": "#texture" }
    }
},
{
    "from": [ 7.5, 3, 1.5 ],
    "to": [ 8.5, 6, 6.5 ],
    "faces": {
        "down":  { "uv": [ 11, 1.5, 4.5, 0.5 ], "rotation": 270, "texture": "#texture" },
        "up":    { "uv": [ 5.5, 0.5, 12, 1.5 ], "rotation": 90, "texture": "#texture" },
        "north": { "uv": [ 7.5, 10, 8.5, 13 ], "texture": "#texture" },
        "south": { "uv": [ 7.5, 10, 8.5, 13 ], "texture": "#texture" },
        "west":  { "uv": [ 2.5, 8.5, 6, 11 ], "texture": "#texture" },
        "east":  { "uv": [ 9.5, 10, 13, 12.5 ], "texture": "#texture" }
    }
},
{
    "from": [ 7.5, 8, 1.5 ],
    "to": [ 8.5, 11, 6.5 ],
    "faces": {
        "down":  { "uv": [ 11.5, 1.5, 5, 0.5 ], "rotation": 270, "texture": "#texture" },
        "up":    { "uv": [ 6.5, 0.5, 13, 1.5 ], "rotation": 90, "texture": "#texture" },
        "north": { "uv": [ 7.5, 5, 8.5, 8 ], "texture": "#texture" },
        "south": { "uv": [ 7.5, 5, 8.5, 8 ], "texture": "#texture" },
        "west":  { "uv": [ 9.5, 4.5, 13, 7 ], "texture": "#texture" },
        "east":  { "uv": [ 2.5, 5, 6, 7.5 ], "texture": "#texture" }
    }
},
{
    "from": [ 7, 15.5, 0 ],
    "to": [ 9, 16, 0.5 ],
    "faces": {
        "down":  { "uv": [ 9, 0.5, 7, 0 ], "texture": "#texture" },
        "up":    { "uv": [ 7, 0, 9, 0.5 ], "texture": "#texture" },
        "north": { "uv": [ 7, 0, 9, 0.5 ], "texture": "#texture" },
        "south": { "uv": [ 7, 0, 9, 0.5 ], "texture": "#texture" },
        "west":  { "uv": [ 0, 0, 0.5, 0.5 ], "texture": "#texture" },
        "east":  { "uv": [ 15.5, 0, 16, 0.5 ], "texture": "#texture" }
    }
},
{
    "from": [ 7, -3, 0 ],
    "to": [ 9, 15.5, 1 ],
    "faces": {
        "down":  { "uv": [ 9, 1, 7, 0 ], "texture": "#texture" },
        "up":    { "uv": [ 7, 0, 9, 1 ], "texture": "#texture" },
        "north": { "uv": [ 7, 0.5, 9, 16 ], "texture": "#texture" },
        "south": { "uv": [ 7, 0.5, 9, 16 ], "texture": "#texture" },
        "west":  { "uv": [ 0, 0.5, 1, 16 ], "texture": "#texture" },
        "east":  { "uv": [ 15, 0.5, 16, 16 ], "texture": "#texture" }
    }
},
{
    "from": [ 7, -3, 1 ],
    "to": [ 9, 14, 1.5 ],
    "faces": {
        "down":  { "uv": [ 9.5, 9, 9, 7 ], "rotation": 270, "texture": "#texture" },
        "up":    { "uv": [ 6.5, 7, 7, 9 ], "rotation": 90, "texture": "#texture" },
        "north": { "uv": [ 7, 2, 9, 16 ], "texture": "#texture" },
        "south": { "uv": [ 7, 2, 9, 16 ], "texture": "#texture" },
        "west":  { "uv": [ 6.5, 2, 7, 16 ], "texture": "#texture" },
        "east":  { "uv": [ 9, 2, 9.5, 16 ], "texture": "#texture" }
    }
}
]
}