{
"__comment": "Designed by Gaminwombat with BDcraft Cubik PRO 0.96 Beta - http://bdcraft.net",
"elements": [ 
{
    "from": [ 6, -3, 7 ],
    "to": [ 10, 13, 9 ],
    "faces": {
        "down":  { "uv": [ 10, 9, 6, 7 ], "texture": "#texture" },
        "up":    { "uv": [ 6, 7, 10, 9 ], "texture": "#texture" },
        "north": { "uv": [ 6, 3, 10, 16 ], "texture": "#texture" },
        "south": { "uv": [ 6, 3, 10, 16 ], "texture": "#texture" },
        "west":  { "uv": [ 7, 3, 9, 16 ], "texture": "#texture" },
        "east":  { "uv": [ 7, 3, 9, 16 ], "texture": "#texture" }
    }
},
{
    "from": [ 7.5, 15.5, 7 ],
    "to": [ 8.5, 16, 9 ],
    "faces": {
        "down":  { "uv": [ 8.5, 9, 7.5, 7 ], "texture": "#texture" },
        "up":    { "uv": [ 7.5, 7, 8.5, 9 ], "texture": "#texture" },
        "north": { "uv": [ 7.5, 0, 8.5, 0.5 ], "texture": "#texture" },
        "south": { "uv": [ 7.5, 0, 8.5, 0.5 ], "texture": "#texture" },
        "west":  { "uv": [ 7, 0, 9, 0.5 ], "texture": "#texture" },
        "east":  { "uv": [ 7, 0, 9, 0.5 ], "texture": "#texture" }
    }
},
{
    "from": [ 7, 14.5, 7 ],
    "to": [ 9, 15.5, 9 ],
    "faces": {
        "down":  { "uv": [ 9, 9, 7, 7 ], "texture": "#texture" },
        "up":    { "uv": [ 7, 7, 9, 9 ], "texture": "#texture" },
        "north": { "uv": [ 7, 0.5, 9, 1.5 ], "texture": "#texture" },
        "south": { "uv": [ 7, 0.5, 9, 1.5 ], "texture": "#texture" },
        "west":  { "uv": [ 7, 0.5, 9, 1.5 ], "texture": "#texture" },
        "east":  { "uv": [ 7, 0.5, 9, 1.5 ], "texture": "#texture" }
    }
},
{
    "from": [ 6.5, 13, 7 ],
    "to": [ 9.5, 14.5, 9 ],
    "faces": {
        "down":  { "uv": [ 9.5, 9, 6.5, 7 ], "texture": "#texture" },
        "up":    { "uv": [ 6.5, 7, 9.5, 9 ], "texture": "#texture" },
        "north": { "uv": [ 6.5, 1.5, 9.5, 3 ], "texture": "#texture" },
        "south": { "uv": [ 6.5, 1.5, 9.5, 3 ], "texture": "#texture" },
        "west":  { "uv": [ 7, 1.5, 9, 3 ], "texture": "#texture" },
        "east":  { "uv": [ 7, 1.5, 9, 3 ], "texture": "#texture" }
    }
}
]
}