{
	"credit": "Made with Blockbench (TEiEN pack)",
	"textures": {
		"0": "block/purpur_pillar",
		"particle": "block/lime_stained_glass"
	},
	"elements": [
		{
			"from": [7, 0, 7],
			"to": [9, 16, 9],
			"faces": {
				"north": {"uv": [0, 0, 2, 16], "texture": "#0"},
				"east": {"uv": [0, 0, 2, 16], "texture": "#0"},
				"south": {"uv": [0, 0, 2, 16], "texture": "#0"},
				"west": {"uv": [0, 0, 2, 16], "texture": "#0"},
				"up": {"uv": [6.5, 13, 8.5, 15], "texture": "#0", "cullface": "up" },
				"down": {"uv": [6, 6, 8, 8], "texture": "#0", "cullface": "down" }
			}
		}
	]
}