{
	"credit": "Made with Blockbench (TEiEN pack)",
	"textures": {
		"2": "block/guard_rail",
		"3": "block/structure_block",
		"particle": "block/guard_rail"
	},
	"elements": [
		{
			"from": [8, 10, 4],
			"to": [21, 16, 5],
			"faces": {
				"north": {"uv": [3, 10, 16, 16], "texture": "#2"},
				"east": {"uv": [15, 1, 16, 7], "texture": "#2"},
				"south": {"uv": [16, 10, 3, 16], "texture": "#2"},
				"up": {"uv": [3, 9, 16, 10], "rotation": 180, "texture": "#2"},
				"down": {"uv": [0, 9.5, 13, 10.5], "rotation": 180, "texture": "#2"}
			}
		},
		{
			"from": [-5, 10, 11],
			"to": [8, 16, 12],
			"faces": {
				"north": {"uv": [16, 10, 3, 16], "texture": "#2"},
				"south": {"uv": [3, 10, 16, 16], "texture": "#2"},
				"west": {"uv": [15, 1, 16, 7], "texture": "#2"},
				"up": {"uv": [3, 9, 16, 10], "texture": "#2"},
				"down": {"uv": [0, 9.5, 13, 10.5], "texture": "#2"}
			}
		},
		{
			"from": [21, 10, 5],
			"to": [22, 16, 11],
			"faces": {
				"north": {"uv": [15, 1, 16, 7], "texture": "#2"},
				"east": {"uv": [4, 1, 10, 7], "texture": "#2"},
				"south": {"uv": [15, 1, 16, 7], "texture": "#2"},
				"west": {"uv": [4, 1, 10, 7], "texture": "#2"},
				"up": {"uv": [3, 3, 4, 9], "rotation": 180, "texture": "#2"},
				"down": {"uv": [3, 2, 4, 8], "rotation": 180, "texture": "#2"}
			}
		},
		{
			"from": [-6, 10, 5],
			"to": [-5, 16, 11],
			"faces": {
				"north": {"uv": [15, 1, 16, 7], "texture": "#2"},
				"east": {"uv": [4, 1, 10, 7], "texture": "#2"},
				"south": {"uv": [15, 1, 16, 7], "texture": "#2"},
				"west": {"uv": [4, 1, 10, 7], "texture": "#2"},
				"up": {"uv": [3, 3, 4, 9], "texture": "#2"},
				"down": {"uv": [3, 2, 4, 8], "texture": "#2"}
			}
		},
		{
			"from": [8, 10, 11],
			"to": [21, 16, 12],
			"faces": {
				"north": {"uv": [3, 10, 16, 16], "texture": "#2"},
				"east": {"uv": [15, 1, 16, 7], "texture": "#2"},
				"south": {"uv": [16, 10, 3, 16], "texture": "#2"},
				"up": {"uv": [3, 9, 16, 10], "rotation": 180, "texture": "#2"},
				"down": {"uv": [3, 9.5, 16, 10.5], "rotation": 180, "texture": "#2"}
			}
		},
		{
			"from": [-5, 10, 4],
			"to": [8, 16, 5],
			"faces": {
				"north": {"uv": [16, 10, 3, 16], "texture": "#2"},
				"south": {"uv": [3, 10, 16, 16], "texture": "#2"},
				"west": {"uv": [15, 1, 16, 7], "texture": "#2"},
				"up": {"uv": [3, 9, 16, 10], "texture": "#2"},
				"down": {"uv": [3, 9.5, 16, 10.5], "texture": "#2"}
			}
		},
		{
			"from": [15, 0, 7],
			"to": [17, 12, 9],
			"faces": {
				"north": {"uv": [13, 3, 15, 15], "texture": "#3"},
				"east": {"uv": [15, 3, 13, 15], "texture": "#3"},
				"south": {"uv": [13, 3, 15, 15], "texture": "#3"},
				"west": {"uv": [15, 3, 13, 15], "texture": "#3"},
				"down": {"uv": [14.5, 12.5, 12.5, 14.5], "texture": "#3"}
			}
		},
		{
			"from": [-1, 0, 7],
			"to": [1, 12, 9],
			"faces": {
				"north": {"uv": [13, 3, 15, 15], "texture": "#3"},
				"east": {"uv": [15, 3, 13, 15], "texture": "#3"},
				"south": {"uv": [13, 3, 15, 15], "texture": "#3"},
				"west": {"uv": [15, 3, 13, 15], "texture": "#3"},
				"down": {"uv": [14.5, 12.5, 12.5, 14.5], "rotation": 180, "texture": "#3"}
			}
		},
		{
			"from": [15, 12, 5],
			"to": [17, 14, 11],
			"faces": {
				"east": {"uv": [10, 7, 16, 9], "texture": "#2"},
				"west": {"uv": [9, 7, 15, 9], "texture": "#2"},
				"up": {"uv": [0, 0, 2, 6], "rotation": 180, "texture": "#2"},
				"down": {"uv": [0, 0, 2, 6], "rotation": 180, "texture": "#2"}
			}
		},
		{
			"from": [-1, 12, 5],
			"to": [1, 14, 11],
			"faces": {
				"east": {"uv": [9, 7, 15, 9], "texture": "#2"},
				"west": {"uv": [10, 7, 16, 9], "texture": "#2"},
				"up": {"uv": [0, 0, 2, 6], "texture": "#2"},
				"down": {"uv": [0, 0, 2, 6], "texture": "#2"}
			}
		}
	],
	"display": {
		"thirdperson_righthand": {
			"rotation": [50, 140, 0],
			"translation": [-0.25, 2.25, 0],
			"scale": [0.25, 0.35, 0.35]
		},
		"thirdperson_lefthand": {
			"rotation": [50, 140, 0],
			"translation": [-0.5, 2.25, 0],
			"scale": [0.25, 0.35, 0.35]
		},
		"firstperson_righthand": {
			"rotation": [0, -43, 0],
			"translation": [0, 1.5, 0],
			"scale": [0.3, 0.45, 0.45]
		},
		"firstperson_lefthand": {
			"rotation": [0, -43, 0],
			"translation": [0, 1.5, 0],
			"scale": [0.3, 0.45, 0.45]
		},
		"ground": {
			"scale": [0.4, 0.43, 0.5]
		},
		"gui": {
			"rotation": [24.5, 27.75, 0],
			"scale": [0.50391, 0.64453, 0.68]
		},
		"head": {
			"translation": [0, 4.75, 0]
		},
		"fixed": {
			"translation": [0, 0, -1.25],
			"scale": [0.62, 0.62, 0.62]
		}
	},
	"groups": [
		{
			"name": "endstueck",
			"origin": [8, 8, 8],
			"children": [0, 1, 2, 3, 4, 5, 6, 7, 8, 9]
		}
	]
}