{
	"__comment": "Designed by JermsyBoy with Cubik Studio - https://cubik.studio",
	"parent": "block/block",
	"textures": {
		"texture": "block/doorbell"
	},
	"elements": [ 	 
		{
			"__comment": "Element",
                        "from": [7, 0, 6],
			"to": [9, 0.5, 10],
			"faces": {
				"north": {"uv": [7, 5.5, 9, 6], "texture": "#texture"},
				"east": {"uv": [7, 5.5, 7.5, 9.5], "texture": "#texture"},
				"south": {"uv": [7, 9, 9, 9.5], "texture": "#texture"},
				"west": {"uv": [8.5, 5.5, 9, 9.5], "texture": "#texture"},
				"up": {"uv": [7, 5.5, 9, 9.5], "texture": "#texture"},
				"down": {"uv": [7, 5.5, 9, 9.5], "texture": "#texture", "cullface": "down"}
			}
		},
		{
			"from": [6.5, 0, 6.5],
			"to": [7, 0.5, 9.5],
			"faces": {
				"north": {"uv": [6.5, 6, 7, 6.5], "texture": "#texture"},
				"south": {"uv": [6.5, 8.5, 7, 9], "texture": "#texture"},
				"west": {"uv": [6.5, 9, 7, 6], "texture": "#texture"},
				"up": {"uv": [6.5, 6, 7, 9], "texture": "#texture"},
				"down": {"uv": [7, 9, 6.5, 6], "texture": "#texture", "cullface": "down"}
			}
		},
		{
			"from": [9, 0, 6.5],
			"to": [9.5, 0.5, 9.5],
			"faces": {
				"north": {"uv": [9, 6, 9.5, 6.5], "texture": "#texture"},
				"east": {"uv": [9, 9, 9.5, 6], "texture": "#texture"},
				"south": {"uv": [9, 8.5, 9.5, 9], "texture": "#texture"},
				"up": {"uv": [9, 6, 9.5, 9], "texture": "#texture"},
				"down": {"uv": [9.5, 9, 9, 6], "texture": "#texture", "cullface": "down"}
			}
		},
		{
			"from": [7.5, 0.5, 7.5],
			"to": [8.5, 1, 8.5],
			"faces": {
				"north": {"uv": [7.5, 7, 8.5, 7.5], "texture": "#texture"},
				"east": {"uv": [8, 7.5, 8.5, 8], "texture": "#texture"},
				"south": {"uv": [7.5, 7.5, 8.5, 8], "texture": "#texture"},
				"west": {"uv": [8, 7.5, 8.5, 8], "texture": "#texture"},
				"up": {"uv": [7.5, 7, 8.5, 8], "texture": "#texture"}			          }
		}
	]
}