{
	"credit": "Made with Blockbench",
	"parent": "block/cube_all",
	"textures": {
		"0": "block/spruce_planks",
		"2": "block/polished_andesite",
		"particle": "block/oak_planks"
	},
	"elements": [
		{
			"from": [12, 14, 0],
			"to": [16, 15, 16],
			"rotation": {"angle": 22.5, "axis": "z", "origin": [14.5, 14.5, 0.5], "rescale": true},
			"faces": {
				"north": {"uv": [12, 3, 16, 4], "texture": "#2"},
				"east": {"uv": [0, 3, 16, 4], "texture": "#2"},
				"south": {"uv": [0, 3, 4, 4], "texture": "#2"},
				"west": {"uv": [0, 3, 16, 4], "texture": "#2"},
				"up": {"uv": [0, 0, 16, 3], "rotation": 90, "texture": "#2"},
				"down": {"uv": [0, 0, 16, 4], "rotation": 270, "texture": "#2"}
			}
		},
		{
			"from": [3, 0, 0],
			"to": [16, 1, 16],
			"rotation": {"angle": 0, "axis": "z", "origin": [15.5, 0.5, 0.5]},
			"faces": {
				"north": {"uv": [15, 1, 16, 14], "rotation": 270, "texture": "#0"},
				"east": {"uv": [0, 7, 16, 8], "texture": "#0"},
				"south": {"uv": [0, 1, 1, 14], "rotation": 90, "texture": "#0"},
				"west": {"uv": [0, 6.53167, 16, 7.53167], "texture": "#0"},
				"up": {"uv": [0, 1, 16, 14], "rotation": 90, "texture": "#0"},
				"down": {"uv": [0, 1, 16, 14], "rotation": 90, "texture": "#0"}
			}
		},
		{
			"from": [15, 1, 0],
			"to": [16, 14, 16],
			"rotation": {"angle": 0, "axis": "z", "origin": [15.5, 2.5, 0.5]},
			"faces": {
				"north": {"uv": [3.5, 0, 4.5, 13], "texture": "#0"},
				"east": {"uv": [0, 0, 16, 13], "texture": "#0"},
				"south": {"uv": [0, 0, 1, 13], "texture": "#0"},
				"west": {"uv": [0, 0, 16, 13], "texture": "#0"},
				"up": {"uv": [0, 6.5, 16, 7.5], "rotation": 270, "texture": "#0"},
				"down": {"uv": [0, 5, 16, 6], "rotation": 90, "texture": "#0"}
			}
		},
		{
			"from": [8, 1, 7],
			"to": [10, 8, 9],
			"rotation": {"angle": 0, "axis": "z", "origin": [8.5, 2.5, 7.5]},
			"faces": {
				"north": {"uv": [13, 9, 15, 16], "texture": "#0"},
				"east": {"uv": [1, 9, 3, 16], "texture": "#0"},
				"south": {"uv": [13, 9, 15, 16], "texture": "#0"},
				"west": {"uv": [1, 9, 3, 16], "texture": "#0"},
				"up": {"uv": [7, 0, 9, 2], "rotation": 90, "texture": "#0"},
				"down": {"uv": [7, 7, 9, 9], "rotation": 270, "texture": "#0"}
			}
		},
		{
			"from": [5, 14, 0],
			"to": [15, 15, 16],
			"rotation": {"angle": 45, "axis": "z", "origin": [15.5, 14.5, 0.5]},
			"faces": {
				"north": {"uv": [0, 6, 1, 16], "rotation": 90, "texture": "#0"},
				"east": {"uv": [0, 11, 16, 12], "rotation": 180, "texture": "#0"},
				"south": {"uv": [0, 6, 1, 16], "rotation": 270, "texture": "#0"},
				"west": {"uv": [0, 11, 16, 12], "texture": "#0"},
				"up": {"uv": [0, 6, 16, 16], "rotation": 90, "texture": "#0"},
				"down": {"uv": [0, 6, 16, 16], "rotation": 270, "texture": "#0"}
			}
		},
		{
			"from": [-2, 7, 0],
			"to": [8, 8, 16],
			"rotation": {"angle": 45, "axis": "z", "origin": [8.5, 7.5, 0.5]},
			"faces": {
				"north": {"uv": [0, 6, 0.5, 11], "rotation": 90, "texture": "#0"},
				"east": {"uv": [0, 11, 8, 11.5], "rotation": 180, "texture": "#0"},
				"south": {"uv": [0, 6, 0.5, 11], "rotation": 270, "texture": "#0"},
				"west": {"uv": [0, 11, 8, 11.5], "texture": "#0"},
				"up": {"uv": [0, 6, 8, 11], "rotation": 90, "texture": "#0"},
				"down": {"uv": [0, 6, 8, 11], "rotation": 270, "texture": "#0"}
			}
		},
		{
			"from": [10, 12, 0],
			"to": [13, 13, 16],
			"rotation": {"angle": 22.5, "axis": "z", "origin": [11.5, 12.5, 0.5], "rescale": true},
			"faces": {
				"north": {"uv": [12, 7, 15, 8], "texture": "#2"},
				"east": {"uv": [0, 7, 16, 8], "texture": "#2"},
				"south": {"uv": [0, 7, 3, 8], "texture": "#2"},
				"west": {"uv": [0, 7, 16, 8], "texture": "#2"},
				"up": {"uv": [0, 4, 16, 7], "rotation": 90, "texture": "#2"},
				"down": {"uv": [0, 4, 16, 7], "rotation": 270, "texture": "#2"}
			}
		},
		{
			"from": [8, 10, 0],
			"to": [11, 11, 16],
			"rotation": {"angle": 22.5, "axis": "z", "origin": [9.5, 10.5, 0.5], "rescale": true},
			"faces": {
				"north": {"uv": [12, 11, 15, 12], "texture": "#2"},
				"east": {"uv": [0, 11, 16, 12], "texture": "#2"},
				"south": {"uv": [0, 11, 3, 12], "texture": "#2"},
				"west": {"uv": [0, 11, 16, 12], "texture": "#2"},
				"up": {"uv": [0, 8, 16, 11], "rotation": 90, "texture": "#2"},
				"down": {"uv": [0, 8, 16, 11], "rotation": 270, "texture": "#2"}
			}
		},
		{
			"from": [4, 6, 0],
			"to": [7, 7, 16],
			"rotation": {"angle": 22.5, "axis": "z", "origin": [5.5, 6.5, 0.5], "rescale": true},
			"faces": {
				"north": {"uv": [12, 3, 15, 4], "texture": "#2"},
				"east": {"uv": [0, 3, 16, 4], "texture": "#2"},
				"south": {"uv": [0, 3, 3, 4], "texture": "#2"},
				"west": {"uv": [0, 3, 16, 4], "texture": "#2"},
				"up": {"uv": [0, 0, 16, 3], "rotation": 90, "texture": "#2"},
				"down": {"uv": [0, 0, 16, 3], "rotation": 270, "texture": "#2"}
			}
		},
		{
			"from": [-3, 4, 0],
			"to": [0, 5, 16],
			"rotation": {"angle": 22.5, "axis": "z", "origin": [7.5, 8.5, 0.5], "rescale": true},
			"faces": {
				"north": {"uv": [12, 15, 15, 16], "texture": "#2"},
				"east": {"uv": [0, 15, 16, 16], "texture": "#2"},
				"south": {"uv": [0, 15, 3, 16], "texture": "#2"},
				"west": {"uv": [0, 15, 16, 16], "texture": "#2"},
				"up": {"uv": [0, 12, 16, 15], "rotation": 90, "texture": "#2"},
				"down": {"uv": [0, 12, 16, 15], "rotation": 270, "texture": "#2"}
			}
		},
		{
			"from": [5, 10, 0],
			"to": [8, 11, 16],
			"rotation": {"angle": 22.5, "axis": "z", "origin": [11.5, 12.5, 0.5], "rescale": true},
			"faces": {
				"north": {"uv": [8, 5, 11, 6], "texture": "#2"},
				"east": {"uv": [0, 5, 16, 6], "texture": "#2"},
				"south": {"uv": [5, 5, 8, 6], "texture": "#2"},
				"west": {"uv": [0, 5, 16, 6], "texture": "#2"},
				"up": {"uv": [0, 4, 16, 7], "rotation": 90, "texture": "#2"},
				"down": {"uv": [0, 0, 16, 3], "rotation": 270, "texture": "#2"}
			}
		},
		{
			"from": [1, 8, 0],
			"to": [4, 9, 16],
			"rotation": {"angle": 22.5, "axis": "z", "origin": [11.5, 12.5, 0.5], "rescale": true},
			"faces": {
				"north": {"uv": [12, 7, 15, 8], "texture": "#2"},
				"east": {"uv": [0, 7, 16, 8], "texture": "#2"},
				"south": {"uv": [0, 7, 3, 8], "texture": "#2"},
				"west": {"uv": [0, 7, 16, 8], "texture": "#2"},
				"up": {"uv": [0, 4, 16, 7], "rotation": 90, "texture": "#2"},
				"down": {"uv": [0, 4, 16, 7], "rotation": 270, "texture": "#2"}
			}
		},
		{
			"from": [-1, 6, 0],
			"to": [2, 7, 16],
			"rotation": {"angle": 22.5, "axis": "z", "origin": [9.5, 10.5, 0.5], "rescale": true},
			"faces": {
				"north": {"uv": [12, 11, 15, 12], "texture": "#2"},
				"east": {"uv": [0, 11, 16, 12], "texture": "#2"},
				"south": {"uv": [0, 11, 3, 12], "texture": "#2"},
				"west": {"uv": [0, 11, 16, 12], "texture": "#2"},
				"up": {"uv": [0, 8, 16, 11], "rotation": 90, "texture": "#2"},
				"down": {"uv": [0, 8, 16, 11], "rotation": 270, "texture": "#2"}
			}
		},
		{
			"from": [14, 1, 1],
			"to": [15, 13, 1],
			"rotation": {"angle": 0, "axis": "z", "origin": [8.5, 2.5, 7.5]},
			"faces": {
				"north": {"uv": [1, 1, 2, 13], "texture": "#0"},
				"east": {"uv": [1, 1, 2, 13], "texture": "#0"},
				"south": {"uv": [1, 1, 2, 13], "texture": "#0"},
				"west": {"uv": [1, 1, 2, 13], "texture": "#0"},
				"up": {"uv": [1, 1, 2, 13], "rotation": 90, "texture": "#0"},
				"down": {"uv": [1, 1, 2, 13], "rotation": 270, "texture": "#0"}
			}
		},
		{
			"from": [13, 1, 1],
			"to": [14, 12, 1],
			"rotation": {"angle": 0, "axis": "z", "origin": [8.5, 2.5, 7.5]},
			"faces": {
				"north": {"uv": [2, 2, 3, 13], "texture": "#0"},
				"east": {"uv": [2, 2, 3, 13], "texture": "#0"},
				"south": {"uv": [2, 2, 3, 13], "texture": "#0"},
				"west": {"uv": [2, 2, 3, 13], "texture": "#0"},
				"up": {"uv": [2, 2, 3, 13], "rotation": 90, "texture": "#0"},
				"down": {"uv": [2, 2, 3, 13], "rotation": 270, "texture": "#0"}
			}
		},
		{
			"from": [12, 1, 1],
			"to": [13, 11, 1],
			"rotation": {"angle": 0, "axis": "z", "origin": [8.5, 2.5, 7.5]},
			"faces": {
				"north": {"uv": [3, 3, 4, 13], "texture": "#0"},
				"east": {"uv": [3, 3, 4, 13], "texture": "#0"},
				"south": {"uv": [3, 3, 4, 13], "texture": "#0"},
				"west": {"uv": [3, 3, 4, 13], "texture": "#0"},
				"up": {"uv": [3, 3, 4, 13], "rotation": 90, "texture": "#0"},
				"down": {"uv": [3, 3, 4, 13], "rotation": 270, "texture": "#0"}
			}
		},
		{
			"from": [11, 1, 1],
			"to": [12, 10, 1],
			"rotation": {"angle": 0, "axis": "z", "origin": [8.5, 2.5, 7.5]},
			"faces": {
				"north": {"uv": [4, 4, 5, 13], "texture": "#0"},
				"east": {"uv": [4, 4, 5, 13], "texture": "#0"},
				"south": {"uv": [4, 4, 5, 13], "texture": "#0"},
				"west": {"uv": [4, 4, 5, 13], "texture": "#0"},
				"up": {"uv": [4, 4, 5, 13], "rotation": 90, "texture": "#0"},
				"down": {"uv": [4, 4, 5, 13], "rotation": 270, "texture": "#0"}
			}
		},
		{
			"from": [10, 1, 1],
			"to": [11, 9, 1],
			"rotation": {"angle": 0, "axis": "z", "origin": [8.5, 2.5, 7.5]},
			"faces": {
				"north": {"uv": [5, 5, 6, 13], "texture": "#0"},
				"east": {"uv": [5, 5, 6, 13], "texture": "#0"},
				"south": {"uv": [5, 5, 6, 13], "texture": "#0"},
				"west": {"uv": [5, 5, 6, 13], "texture": "#0"},
				"up": {"uv": [5, 5, 6, 13], "rotation": 90, "texture": "#0"},
				"down": {"uv": [5, 5, 6, 13], "rotation": 270, "texture": "#0"}
			}
		},
		{
			"from": [9, 1, 1],
			"to": [10, 8, 1],
			"rotation": {"angle": 0, "axis": "z", "origin": [8.5, 2.5, 7.5]},
			"faces": {
				"north": {"uv": [6, 6, 7, 13], "texture": "#0"},
				"east": {"uv": [6, 6, 7, 13], "texture": "#0"},
				"south": {"uv": [6, 6, 7, 13], "texture": "#0"},
				"west": {"uv": [6, 6, 7, 13], "texture": "#0"},
				"up": {"uv": [6, 6, 7, 13], "rotation": 90, "texture": "#0"},
				"down": {"uv": [6, 6, 7, 13], "rotation": 270, "texture": "#0"}
			}
		},
		{
			"from": [8, 1, 1],
			"to": [9, 7, 1],
			"rotation": {"angle": 0, "axis": "z", "origin": [8.5, 2.5, 7.5]},
			"faces": {
				"north": {"uv": [7, 7, 8, 13], "texture": "#0"},
				"east": {"uv": [7, 7, 8, 13], "texture": "#0"},
				"south": {"uv": [7, 7, 8, 13], "texture": "#0"},
				"west": {"uv": [7, 7, 8, 13], "texture": "#0"},
				"up": {"uv": [7, 7, 8, 13], "rotation": 90, "texture": "#0"},
				"down": {"uv": [7, 7, 8, 13], "rotation": 270, "texture": "#0"}
			}
		},
		{
			"from": [7, 1, 1],
			"to": [8, 6, 1],
			"rotation": {"angle": 0, "axis": "z", "origin": [8.5, 2.5, 7.5]},
			"faces": {
				"north": {"uv": [8, 8, 9, 13], "texture": "#0"},
				"east": {"uv": [8, 8, 9, 13], "texture": "#0"},
				"south": {"uv": [8, 8, 9, 13], "texture": "#0"},
				"west": {"uv": [8, 8, 9, 13], "texture": "#0"},
				"up": {"uv": [8, 8, 9, 13], "rotation": 90, "texture": "#0"},
				"down": {"uv": [8, 8, 9, 13], "rotation": 270, "texture": "#0"}
			}
		},
		{
			"from": [6, 1, 1],
			"to": [7, 5, 1],
			"rotation": {"angle": 0, "axis": "z", "origin": [8.5, 2.5, 7.5]},
			"faces": {
				"north": {"uv": [9, 9, 10, 13], "texture": "#0"},
				"east": {"uv": [9, 9, 10, 13], "texture": "#0"},
				"south": {"uv": [9, 9, 10, 13], "texture": "#0"},
				"west": {"uv": [9, 9, 10, 13], "texture": "#0"},
				"up": {"uv": [9, 9, 10, 13], "rotation": 90, "texture": "#0"},
				"down": {"uv": [9, 9, 10, 13], "rotation": 270, "texture": "#0"}
			}
		},
		{
			"from": [5, 1, 1],
			"to": [6, 4, 1],
			"rotation": {"angle": 0, "axis": "z", "origin": [8.5, 2.5, 7.5]},
			"faces": {
				"north": {"uv": [10, 10, 11, 13], "texture": "#0"},
				"east": {"uv": [10, 10, 11, 13], "texture": "#0"},
				"south": {"uv": [10, 10, 11, 13], "texture": "#0"},
				"west": {"uv": [10, 10, 11, 13], "texture": "#0"},
				"up": {"uv": [10, 10, 11, 13], "rotation": 90, "texture": "#0"},
				"down": {"uv": [10, 10, 11, 13], "rotation": 270, "texture": "#0"}
			}
		},
		{
			"from": [4, 1, 1],
			"to": [5, 3, 1],
			"rotation": {"angle": 0, "axis": "z", "origin": [8.5, 2.5, 7.5]},
			"faces": {
				"north": {"uv": [11, 11, 12, 13], "texture": "#0"},
				"east": {"uv": [11, 11, 12, 13], "texture": "#0"},
				"south": {"uv": [11, 11, 12, 13], "texture": "#0"},
				"west": {"uv": [11, 11, 12, 13], "texture": "#0"},
				"up": {"uv": [11, 11, 12, 13], "rotation": 90, "texture": "#0"},
				"down": {"uv": [11, 11, 12, 13], "rotation": 270, "texture": "#0"}
			}
		},
		{
			"from": [3, 1, 1],
			"to": [4, 2, 1],
			"rotation": {"angle": 0, "axis": "z", "origin": [8.5, 2.5, 7.5]},
			"faces": {
				"north": {"uv": [12, 12, 13, 13], "texture": "#0"},
				"east": {"uv": [12, 12, 13, 13], "texture": "#0"},
				"south": {"uv": [12, 12, 13, 13], "texture": "#0"},
				"west": {"uv": [12, 12, 13, 13], "texture": "#0"},
				"up": {"uv": [12, 12, 13, 13], "rotation": 90, "texture": "#0"},
				"down": {"uv": [12, 12, 13, 13], "rotation": 270, "texture": "#0"}
			}
		},
		{
			"from": [5, 13, 0],
			"to": [14, 14, 1],
			"rotation": {"angle": 45, "axis": "z", "origin": [15.5, 14.5, 0.5]},
			"faces": {
				"north": {"uv": [7.5, 2.5, 8, 7], "rotation": 90, "texture": "#0"},
				"east": {"uv": [7.5, 2.5, 8, 7], "rotation": 90, "texture": "#0"},
				"south": {"uv": [7.5, 2.5, 8, 7], "rotation": 90, "texture": "#0"},
				"west": {"uv": [7.5, 2.5, 8, 7], "rotation": 90, "texture": "#0"},
				"up": {"uv": [7.5, 2.5, 8, 7], "rotation": 90, "texture": "#0"},
				"down": {"uv": [7.5, 2.5, 8, 7], "rotation": 90, "texture": "#0"}
			}
		},
		{
			"from": [-3, 13, 0],
			"to": [5, 14, 1],
			"rotation": {"angle": 45, "axis": "z", "origin": [15.5, 14.5, 0.5]},
			"faces": {
				"north": {"uv": [7.5, 2.5, 8, 6.5], "rotation": 90, "texture": "#0"},
				"east": {"uv": [7.5, 2.5, 8, 6.5], "rotation": 90, "texture": "#0"},
				"south": {"uv": [7.5, 2.5, 8, 6.5], "rotation": 90, "texture": "#0"},
				"west": {"uv": [7.5, 2.5, 8, 6.5], "rotation": 90, "texture": "#0"},
				"up": {"uv": [7.5, 2.5, 8, 6.5], "rotation": 90, "texture": "#0"},
				"down": {"uv": [7.5, 2.5, 8, 6.5], "rotation": 90, "texture": "#0"}
			}
		},
		{
			"from": [14, 1, 15],
			"to": [15, 13, 15],
			"rotation": {"angle": 0, "axis": "z", "origin": [8.5, 2.5, 21.5]},
			"faces": {
				"north": {"uv": [1, 1, 2, 13], "texture": "#0"},
				"east": {"uv": [1, 1, 2, 13], "texture": "#0"},
				"south": {"uv": [1, 1, 2, 13], "texture": "#0"},
				"west": {"uv": [1, 1, 2, 13], "texture": "#0"},
				"up": {"uv": [1, 1, 2, 13], "rotation": 90, "texture": "#0"},
				"down": {"uv": [1, 1, 2, 13], "rotation": 270, "texture": "#0"}
			}
		},
		{
			"from": [5, 13, 15],
			"to": [14, 14, 16],
			"rotation": {"angle": 45, "axis": "z", "origin": [15.5, 14.5, 14.5]},
			"faces": {
				"north": {"uv": [7.5, 2.5, 8, 7], "rotation": 90, "texture": "#0"},
				"east": {"uv": [7.5, 2.5, 8, 7], "rotation": 90, "texture": "#0"},
				"south": {"uv": [7.5, 2.5, 8, 7], "rotation": 90, "texture": "#0"},
				"west": {"uv": [7.5, 2.5, 8, 7], "rotation": 90, "texture": "#0"},
				"up": {"uv": [7.5, 2.5, 8, 7], "rotation": 90, "texture": "#0"},
				"down": {"uv": [7.5, 2.5, 8, 7], "rotation": 90, "texture": "#0"}
			}
		},
		{
			"from": [-3, 13, 15],
			"to": [5, 14, 16],
			"rotation": {"angle": 45, "axis": "z", "origin": [15.5, 14.5, 14.5]},
			"faces": {
				"north": {"uv": [7.5, 2.5, 8, 6.5], "rotation": 90, "texture": "#0"},
				"east": {"uv": [7.5, 2.5, 8, 6.5], "rotation": 90, "texture": "#0"},
				"south": {"uv": [7.5, 2.5, 8, 6.5], "rotation": 90, "texture": "#0"},
				"west": {"uv": [7.5, 2.5, 8, 6.5], "rotation": 90, "texture": "#0"},
				"up": {"uv": [7.5, 2.5, 8, 6.5], "rotation": 90, "texture": "#0"},
				"down": {"uv": [7.5, 2.5, 8, 6.5], "rotation": 90, "texture": "#0"}
			}
		},
		{
			"from": [13, 1, 15],
			"to": [14, 12, 15],
			"rotation": {"angle": 0, "axis": "z", "origin": [8.5, 2.5, 21.5]},
			"faces": {
				"north": {"uv": [2, 2, 3, 13], "texture": "#0"},
				"east": {"uv": [2, 2, 3, 13], "texture": "#0"},
				"south": {"uv": [2, 2, 3, 13], "texture": "#0"},
				"west": {"uv": [2, 2, 3, 13], "texture": "#0"},
				"up": {"uv": [2, 2, 3, 13], "rotation": 90, "texture": "#0"},
				"down": {"uv": [2, 2, 3, 13], "rotation": 270, "texture": "#0"}
			}
		},
		{
			"from": [12, 1, 15],
			"to": [13, 11, 15],
			"rotation": {"angle": 0, "axis": "z", "origin": [8.5, 2.5, 21.5]},
			"faces": {
				"north": {"uv": [3, 3, 4, 13], "texture": "#0"},
				"east": {"uv": [3, 3, 4, 13], "texture": "#0"},
				"south": {"uv": [3, 3, 4, 13], "texture": "#0"},
				"west": {"uv": [3, 3, 4, 13], "texture": "#0"},
				"up": {"uv": [3, 3, 4, 13], "rotation": 90, "texture": "#0"},
				"down": {"uv": [3, 3, 4, 13], "rotation": 270, "texture": "#0"}
			}
		},
		{
			"from": [11, 1, 15],
			"to": [12, 10, 15],
			"rotation": {"angle": 0, "axis": "z", "origin": [8.5, 2.5, 21.5]},
			"faces": {
				"north": {"uv": [4, 4, 5, 13], "texture": "#0"},
				"east": {"uv": [4, 4, 5, 13], "texture": "#0"},
				"south": {"uv": [4, 4, 5, 13], "texture": "#0"},
				"west": {"uv": [4, 4, 5, 13], "texture": "#0"},
				"up": {"uv": [4, 4, 5, 13], "rotation": 90, "texture": "#0"},
				"down": {"uv": [4, 4, 5, 13], "rotation": 270, "texture": "#0"}
			}
		},
		{
			"from": [10, 1, 15],
			"to": [11, 9, 15],
			"rotation": {"angle": 0, "axis": "z", "origin": [8.5, 2.5, 21.5]},
			"faces": {
				"north": {"uv": [5, 5, 6, 13], "texture": "#0"},
				"east": {"uv": [5, 5, 6, 13], "texture": "#0"},
				"south": {"uv": [5, 5, 6, 13], "texture": "#0"},
				"west": {"uv": [5, 5, 6, 13], "texture": "#0"},
				"up": {"uv": [5, 5, 6, 13], "rotation": 90, "texture": "#0"},
				"down": {"uv": [5, 5, 6, 13], "rotation": 270, "texture": "#0"}
			}
		},
		{
			"from": [9, 1, 15],
			"to": [10, 8, 15],
			"rotation": {"angle": 0, "axis": "z", "origin": [8.5, 2.5, 21.5]},
			"faces": {
				"north": {"uv": [6, 6, 7, 13], "texture": "#0"},
				"east": {"uv": [6, 6, 7, 13], "texture": "#0"},
				"south": {"uv": [6, 6, 7, 13], "texture": "#0"},
				"west": {"uv": [6, 6, 7, 13], "texture": "#0"},
				"up": {"uv": [6, 6, 7, 13], "rotation": 90, "texture": "#0"},
				"down": {"uv": [6, 6, 7, 13], "rotation": 270, "texture": "#0"}
			}
		},
		{
			"from": [8, 1, 15],
			"to": [9, 7, 15],
			"rotation": {"angle": 0, "axis": "z", "origin": [8.5, 2.5, 21.5]},
			"faces": {
				"north": {"uv": [7, 7, 8, 13], "texture": "#0"},
				"east": {"uv": [7, 7, 8, 13], "texture": "#0"},
				"south": {"uv": [7, 7, 8, 13], "texture": "#0"},
				"west": {"uv": [7, 7, 8, 13], "texture": "#0"},
				"up": {"uv": [7, 7, 8, 13], "rotation": 90, "texture": "#0"},
				"down": {"uv": [7, 7, 8, 13], "rotation": 270, "texture": "#0"}
			}
		},
		{
			"from": [7, 1, 15],
			"to": [8, 6, 15],
			"rotation": {"angle": 0, "axis": "z", "origin": [8.5, 2.5, 21.5]},
			"faces": {
				"north": {"uv": [8, 8, 9, 13], "texture": "#0"},
				"east": {"uv": [8, 8, 9, 13], "texture": "#0"},
				"south": {"uv": [8, 8, 9, 13], "texture": "#0"},
				"west": {"uv": [8, 8, 9, 13], "texture": "#0"},
				"up": {"uv": [8, 8, 9, 13], "rotation": 90, "texture": "#0"},
				"down": {"uv": [8, 8, 9, 13], "rotation": 270, "texture": "#0"}
			}
		},
		{
			"from": [6, 1, 15],
			"to": [7, 5, 15],
			"rotation": {"angle": 0, "axis": "z", "origin": [8.5, 2.5, 21.5]},
			"faces": {
				"north": {"uv": [9, 9, 10, 13], "texture": "#0"},
				"east": {"uv": [9, 9, 10, 13], "texture": "#0"},
				"south": {"uv": [9, 9, 10, 13], "texture": "#0"},
				"west": {"uv": [9, 9, 10, 13], "texture": "#0"},
				"up": {"uv": [9, 9, 10, 13], "rotation": 90, "texture": "#0"},
				"down": {"uv": [9, 9, 10, 13], "rotation": 270, "texture": "#0"}
			}
		},
		{
			"from": [5, 1, 15],
			"to": [6, 4, 15],
			"rotation": {"angle": 0, "axis": "z", "origin": [8.5, 2.5, 21.5]},
			"faces": {
				"north": {"uv": [10, 10, 11, 13], "texture": "#0"},
				"east": {"uv": [10, 10, 11, 13], "texture": "#0"},
				"south": {"uv": [10, 10, 11, 13], "texture": "#0"},
				"west": {"uv": [10, 10, 11, 13], "texture": "#0"},
				"up": {"uv": [10, 10, 11, 13], "rotation": 90, "texture": "#0"},
				"down": {"uv": [10, 10, 11, 13], "rotation": 270, "texture": "#0"}
			}
		},
		{
			"from": [4, 1, 15],
			"to": [5, 3, 15],
			"rotation": {"angle": 0, "axis": "z", "origin": [8.5, 2.5, 21.5]},
			"faces": {
				"north": {"uv": [11, 11, 12, 13], "texture": "#0"},
				"east": {"uv": [11, 11, 12, 13], "texture": "#0"},
				"south": {"uv": [11, 11, 12, 13], "texture": "#0"},
				"west": {"uv": [11, 11, 12, 13], "texture": "#0"},
				"up": {"uv": [11, 11, 12, 13], "rotation": 90, "texture": "#0"},
				"down": {"uv": [11, 11, 12, 13], "rotation": 270, "texture": "#0"}
			}
		},
		{
			"from": [3, 1, 15],
			"to": [4, 2, 15],
			"rotation": {"angle": 0, "axis": "z", "origin": [8.5, 2.5, 21.5]},
			"faces": {
				"north": {"uv": [12, 12, 13, 13], "texture": "#0"},
				"east": {"uv": [12, 12, 13, 13], "texture": "#0"},
				"south": {"uv": [12, 12, 13, 13], "texture": "#0"},
				"west": {"uv": [12, 12, 13, 13], "texture": "#0"},
				"up": {"uv": [12, 12, 13, 13], "rotation": 90, "texture": "#0"},
				"down": {"uv": [12, 12, 13, 13], "rotation": 270, "texture": "#0"}
			}
		},
		{
			"from": [-3, 3, 0],
			"to": [-2, 4, 16],
			"rotation": {"angle": 22.5, "axis": "z", "origin": [7.5, 8.5, 0.5], "rescale": true},
			"faces": {
				"north": {"uv": [15, 15, 16, 16], "texture": "#2"},
				"east": {"uv": [0, 15, 16, 16], "texture": "#2"},
				"south": {"uv": [0, 15, 1, 16], "texture": "#2"},
				"west": {"uv": [0, 15, 16, 16], "texture": "#2"},
				"up": {"uv": [0, 15, 16, 16], "rotation": 90, "texture": "#2"},
				"down": {"uv": [0, 15, 16, 16], "rotation": 270, "texture": "#2"}
			}
		}
	],
	"display": {
		"thirdperson_righthand": {
			"translation": [0, 2.5, 0],
			"scale": [0.3, 0.3, 0.3]
		},
		"thirdperson_lefthand": {
			"translation": [0, 2.5, 0],
			"scale": [0.3, 0.31, 0.3]
		},
		"firstperson_righthand": {
			"translation": [0, 2.5, 0],
			"scale": [0.4, 0.4, 0.4]
		},
		"firstperson_lefthand": {
			"translation": [0, 3.75, 0],
			"scale": [0.3, 0.3, 0.3]
		},
		"ground": {
			"translation": [0, 3, 0],
			"scale": [0.25, 0.25, 0.25]
		},
		"gui": {
			"rotation": [1, 44, 0],
			"scale": [0.6, 0.6, 0.6]
		},
		"head": {
			"rotation": [0, -90, 0]
		}
	},
	"groups": [
		{
			"name": "",
			"origin": [8, 8, 8],
			"children": [
				{
					"name": "group",
					"origin": [8, 8, 8],
					"children": [0, 1, 2, 3, 4, 5, 6, 7, 8, 9, 10, 11, 12, 13, 14, 15, 16, 17, 18, 19, 20, 21, 22, 23, 24, 25, 26, 27, 28, 29, 30, 31, 32, 33, 34, 35, 36, 37, 38, 39, 40, 41]
				}
			]
		}
	]
}