{
	"parent": "block/cube_all",
	"textures": {
		"1": "block/spruce_planks",
		"2": "block/polished_andesite",
		"particle": "block/polished_andesite"
	},
	"elements": [
		{
			"name": "cube",
			"from": [15, 14, 12],
			"to": [16, 15, 15],
			"rotation": {
				"angle": -22.5,
				"axis": "x",
				"origin": [15.5, 14.5, 14.5],
				"rescale": true
			},
			"faces": {
				"north": {
					"uv": [0, 3, 16, 4],
					"texture": "#2"},
				"east": {"uv": [12, 3, 16, 4], "texture": "#2"},
				"south": {"uv": [0, 3, 16, 4], "texture": "#2"},
				"west": {"uv": [0, 3, 4, 4], "texture": "#2"},
				"up": {
					"uv": [0, 0, 16, 3],
					"texture": "#2",
					"rotation": 180
				},
				"down": {
					"uv": [0, 0, 16, 4],
					"texture": "#2",
					"rotation": 180
				}
			}
		},
		{
			"name": "cube",
			"from": [3, 0, 3],
			"to": [16, 1, 16],
			"rotation": {
				"angle": 0,
				"axis": "x",
				"origin": [15.5, 0.5, 15.5]
			},
			"faces": {
				"north": {
					"uv": [
						0,
						6.531666564941406,
						6.5,
						7.031666564941406
					],
					"texture": "#1"},
				"east": {
					"uv": [15, 1, 15.5, 7.5],
					"texture": "#1",
					"rotation": 270
				},
				"south": {"uv": [0, 7, 6.5, 7.5], "texture": "#1"},
				"west": {
					"uv": [0, 1, 0.5, 7.5],
					"texture": "#1",
					"rotation": 90
				},
				"up": {
					"uv": [0, 1, 6.5, 7.5],
					"texture": "#1",
					"rotation": 180
				},
				"down": {"uv": [0, 1, 6.5, 7.5], "texture": "#1"}
			}
		},
		{
			"name": "cube",
			"from": [14, 1, 14],
			"to": [16, 13, 16],
			"rotation": {
				"angle": 0,
				"axis": "x",
				"origin": [15.5, 2.5, 14.5]
			},
			"faces": {
				"north": {"uv": [1, 3, 3, 15], "texture": "#1"},
				"east": {"uv": [13, 3, 15, 15], "texture": "#1"},
				"south": {
					"uv": [1.0000000000000002, 3, 3, 15],
					"texture": "#1"
				},
				"west": {"uv": [13, 3, 15, 15], "texture": "#1"},
				"up": {
					"uv": [6.999999999999999, 0, 9, 2],
					"texture": "#1",
					"rotation": 180
				},
				"down": {
					"uv": [7, 7, 9, 9],
					"texture": "#1",
					"rotation": 180
				}
			}
		},
		{
			"name": "cube",
			"from": [14, 14, 5],
			"to": [16, 15, 12],
			"rotation": {
				"angle": -45,
				"axis": "x",
				"origin": [15.5, 14.5, 15.5]
			},
			"faces": {
				"north": {
					"uv": [0, 11, 1, 11.5],
					"texture": "#1"},
				"east": {
					"uv": [0, 6, 0.5, 9.5],
					"texture": "#1",
					"rotation": 90
				},
				"south": {
					"uv": [0, 11, 1, 11.5],
					"texture": "#1",
					"rotation": 180
				},
				"west": {
					"uv": [0, 6, 0.5, 9.5],
					"texture": "#1",
					"rotation": 270
				},
				"up": {
					"uv": [0, 6, 1, 9.5],
					"texture": "#1",
					"rotation": 180
				},
				"down": {
					"uv": [0, 6, 1, 9.5],
					"texture": "#1",
					"rotation": 180
				}
			}
		},
		{
			"name": "cube",
			"from": [9, 7, -2],
			"to": [16, 8, 8],
			"rotation": {
				"angle": -45,
				"axis": "x",
				"origin": [15.5, 7.5, 8.5]
			},
			"faces": {
				"north": {
					"uv": [0, 11, 3.5, 11.5],
					"texture": "#1"},
				"east": {
					"uv": [0, 6, 0.5, 11],
					"texture": "#1",
					"rotation": 90
				},
				"south": {
					"uv": [0, 11, 3.5, 11.5],
					"texture": "#1",
					"rotation": 180
				},
				"west": {
					"uv": [0, 6, 0.5, 11],
					"texture": "#1",
					"rotation": 270
				},
				"up": {
					"uv": [0, 6, 3.5, 11],
					"texture": "#1",
					"rotation": 180
				},
				"down": {
					"uv": [0, 6, 3.5, 11],
					"texture": "#1",
					"rotation": 180
				}
			}
		},
		{
			"name": "cube",
			"from": [12, 12, 10],
			"to": [16, 13, 13],
			"rotation": {
				"angle": -22.5,
				"axis": "x",
				"origin": [15.5, 12.5, 11.5],
				"rescale": true
			},
			"faces": {
				"north": {
					"uv": [0, 7, 2, 7.5],
					"texture": "#2"},
				"east": {"uv": [12, 7, 13.5, 7.5], "texture": "#2"},
				"south": {"uv": [0, 7, 2, 7.5], "texture": "#2"},
				"west": {"uv": [0, 7, 1.5, 7.5], "texture": "#2"},
				"up": {
					"uv": [0, 4, 2, 5.5],
					"texture": "#2",
					"rotation": 180
				},
				"down": {
					"uv": [0, 4, 2, 5.5],
					"texture": "#2",
					"rotation": 180
				}
			}
		},
		{
			"name": "cube",
			"from": [10, 10, 8],
			"to": [16, 11, 11],
			"rotation": {
				"angle": -22.5,
				"axis": "x",
				"origin": [15.5, 10.5, 9.5],
				"rescale": true
			},
			"faces": {
				"north": {
					"uv": [0, 11, 3, 11.5],
					"texture": "#2"},
				"east": {
					"uv": [12, 11, 13.5, 11.5],
					"texture": "#2"
				},
				"south": {"uv": [0, 11, 3, 11.5], "texture": "#2"},
				"west": {"uv": [0, 11, 1.5, 11.5], "texture": "#2"},
				"up": {
					"uv": [0, 7.999999237060547, 3, 9.499999237060546],
					"texture": "#2",
					"rotation": 180
				},
				"down": {
					"uv": [0, 8, 3, 9.5],
					"texture": "#2",
					"rotation": 180
				}
			}
		},
		{
			"name": "cube",
			"from": [6, 6, 4],
			"to": [16, 7, 7],
			"rotation": {
				"angle": -22.5,
				"axis": "x",
				"origin": [15.5, 6.5, 5.5],
				"rescale": true
			},
			"faces": {
				"north": {
					"uv": [0, 3, 5, 3.5],
					"texture": "#2"},
				"east": {"uv": [12, 3, 13.5, 3.5], "texture": "#2"},
				"south": {"uv": [0, 3, 5, 3.5], "texture": "#2"},
				"west": {"uv": [0, 3, 1.5, 3.5], "texture": "#2"},
				"up": {
					"uv": [0, 0, 5, 1.5],
					"texture": "#2",
					"rotation": 180
				},
				"down": {
					"uv": [0, 0, 5, 1.5],
					"texture": "#2",
					"rotation": 180
				}
			}
		},
		{
			"name": "cube",
			"from": [-1, 4, -3],
			"to": [16, 5, 0],
			"rotation": {
				"angle": -22.5,
				"axis": "x",
				"origin": [15.5, 8.5, 7.5],
				"rescale": true
			},
			"faces": {
				"north": {
					"uv": [0, 15, 16, 16],
					"texture": "#2"},
				"east": {"uv": [12, 15, 15, 16], "texture": "#2"},
				"south": {"uv": [0, 15, 16, 16], "texture": "#2"},
				"west": {"uv": [0, 15, 3, 16], "texture": "#2"},
				"up": {
					"uv": [0, 12, 16, 15],
					"texture": "#2",
					"rotation": 180
				},
				"down": {
					"uv": [0, 12, 16, 15],
					"texture": "#2",
					"rotation": 180
				}
			}
		},
		{
			"name": "cube",
			"from": [8, 10, 5],
			"to": [16, 11, 8],
			"rotation": {
				"angle": -22.5,
				"axis": "x",
				"origin": [15.5, 12.5, 11.5],
				"rescale": true
			},
			"faces": {
				"north": {
					"uv": [0, 7, 4, 7.5],
					"texture": "#2"},
				"east": {"uv": [12, 7, 13.5, 7.5], "texture": "#2"},
				"south": {"uv": [0, 7, 4, 7.5], "texture": "#2"},
				"west": {"uv": [0, 7, 1.5, 7.5], "texture": "#2"},
				"up": {
					"uv": [0, 4, 4, 5.5],
					"texture": "#2",
					"rotation": 180
				},
				"down": {
					"uv": [0, 4, 4, 5.5],
					"texture": "#2",
					"rotation": 180
				}
			}
		},
		{
			"name": "cube",
			"from": [5, 8, 1],
			"to": [16, 9, 4],
			"rotation": {
				"angle": -22.5,
				"axis": "x",
				"origin": [15.5, 12.5, 11.5],
				"rescale": true
			},
			"faces": {
				"north": {
					"uv": [0, 7, 5.5, 7.5],
					"texture": "#2"},
				"east": {"uv": [12, 7, 13.5, 7.5], "texture": "#2"},
				"south": {"uv": [0, 7, 5.5, 7.5], "texture": "#2"},
				"west": {"uv": [0, 7, 1.5, 7.5], "texture": "#2"},
				"up": {
					"uv": [0, 4, 5.5, 5.5],
					"texture": "#2",
					"rotation": 180
				},
				"down": {
					"uv": [0, 4, 5.5, 5.5],
					"texture": "#2",
					"rotation": 180
				}
			}
		},
		{
			"name": "cube",
			"from": [3, 6, -1],
			"to": [16, 7, 2],
			"rotation": {
				"angle": -22.5,
				"axis": "x",
				"origin": [15.5, 10.5, 9.5],
				"rescale": true
			},
			"faces": {
				"north": {
					"uv": [0, 11, 6.5, 11.5],
					"texture": "#2"},
				"east": {
					"uv": [12, 11, 13.5, 11.5],
					"texture": "#2"
				},
				"south": {
					"uv": [0, 11, 6.5, 11.5],
					"texture": "#2"
				},
				"west": {"uv": [0, 11, 1.5, 11.5], "texture": "#2"},
				"up": {
					"uv": [
						0,
						7.999999237060547,
						6.5,
						9.499999237060546
					],
					"texture": "#2",
					"rotation": 180
				},
				"down": {
					"uv": [0, 8, 6.5, 9.5],
					"texture": "#2",
					"rotation": 180
				}
			}
		},
		{
			"name": "cube",
			"from": [-2, 7, 9],
			"to": [8, 8, 16],
			"rotation": {
				"angle": 45,
				"axis": "z",
				"origin": [8.5, 7.5, 8.5]
			},
			"faces": {
				"north": {
					"uv": [0, 6, 0.5, 11],
					"texture": "#1",
					"rotation": 90
				},
				"east": {
					"uv": [0, 11, 3.5, 11.5],
					"texture": "#1",
					"rotation": 180
				},
				"south": {
					"uv": [0, 6, 0.5, 11],
					"texture": "#1",
					"rotation": 270
				},
				"west": {
					"uv": [0, 11, 3.5, 11.5],
					"texture": "#1"},
				"up": {
					"uv": [0, 6, 3.5, 11],
					"texture": "#1",
					"rotation": 90
				},
				"down": {
					"uv": [0, 6, 3.5, 11],
					"texture": "#1",
					"rotation": 270
				}
			}
		},
		{
			"name": "cube",
			"from": [-3, 4, -1],
			"to": [0, 5, 16],
			"rotation": {
				"angle": 22.5,
				"axis": "z",
				"origin": [7.5, 8.5, 8.5],
				"rescale": true
			},
			"faces": {
				"north": {"uv": [12, 15, 15, 16], "texture": "#2"},
				"east": {"uv": [0, 15, 16, 16], "texture": "#2"},
				"south": {"uv": [0, 15, 3, 16], "texture": "#2"},
				"west": {
					"uv": [0, 15, 16, 16],
					"texture": "#2"},
				"up": {
					"uv": [0, 12, 16, 15],
					"texture": "#2",
					"rotation": 90
				},
				"down": {
					"uv": [0, 12, 16, 15],
					"texture": "#2",
					"rotation": 270
				}
			}
		},
		{
			"name": "cube",
			"from": [-1, 6, 3],
			"to": [2, 7, 16],
			"rotation": {
				"angle": 22.5,
				"axis": "z",
				"origin": [9.5, 10.5, 8.5],
				"rescale": true
			},
			"faces": {
				"north": {
					"uv": [12, 11, 13.5, 11.5],
					"texture": "#2"
				},
				"east": {"uv": [0, 11, 6.5, 11.5], "texture": "#2"},
				"south": {
					"uv": [0, 11, 1.5, 11.5],
					"texture": "#2"
				},
				"west": {
					"uv": [0, 11, 6.5, 11.5],
					"texture": "#2"},
				"up": {
					"uv": [
						0,
						7.999999237060547,
						6.5,
						9.499999237060546
					],
					"texture": "#2",
					"rotation": 90
				},
				"down": {
					"uv": [0, 8, 6.5, 9.5],
					"texture": "#2",
					"rotation": 270
				}
			}
		},
		{
			"name": "cube",
			"from": [1, 8, 5],
			"to": [4, 9, 16],
			"rotation": {
				"angle": 22.5,
				"axis": "z",
				"origin": [11.5, 12.5, 8.5],
				"rescale": true
			},
			"faces": {
				"north": {
					"uv": [12, 7, 13.5, 7.5],
					"texture": "#2"
				},
				"east": {"uv": [0, 7, 5.5, 7.5], "texture": "#2"},
				"south": {"uv": [0, 7, 1.5, 7.5], "texture": "#2"},
				"west": {
					"uv": [0, 7, 5.5, 7.5],
					"texture": "#2"},
				"up": {
					"uv": [0, 4, 5.5, 5.5],
					"texture": "#2",
					"rotation": 90
				},
				"down": {
					"uv": [0, 4, 5.5, 5.5],
					"texture": "#2",
					"rotation": 270
				}
			}
		},
		{
			"name": "cube",
			"from": [5, 10, 8],
			"to": [8, 11, 16],
			"rotation": {
				"angle": 22.5,
				"axis": "z",
				"origin": [11.5, 12.5, 8.5],
				"rescale": true
			},
			"faces": {
				"north": {
					"uv": [12, 7, 13.5, 7.5],
					"texture": "#2"
				},
				"east": {"uv": [0, 7, 4, 7.5], "texture": "#2"},
				"south": {"uv": [0, 7, 1.5, 7.5], "texture": "#2"},
				"west": {
					"uv": [0, 7, 4, 7.5],
					"texture": "#2"},
				"up": {
					"uv": [0, 4, 4, 5.5],
					"texture": "#2",
					"rotation": 90
				},
				"down": {
					"uv": [0, 4, 4, 5.5],
					"texture": "#2",
					"rotation": 270
				}
			}
		},
		{
			"name": "cube",
			"from": [4, 6, 6],
			"to": [7, 7, 16],
			"rotation": {
				"angle": 22.5,
				"axis": "z",
				"origin": [5.5, 6.5, 8.5],
				"rescale": true
			},
			"faces": {
				"north": {
					"uv": [12, 3, 13.5, 3.5],
					"texture": "#2"
				},
				"east": {"uv": [0, 3, 5, 3.5], "texture": "#2"},
				"south": {"uv": [0, 3, 1.5, 3.5], "texture": "#2"},
				"west": {
					"uv": [0, 3, 5, 3.5],
					"texture": "#2"},
				"up": {
					"uv": [0, 0, 5, 1.5],
					"texture": "#2",
					"rotation": 90
				},
				"down": {
					"uv": [0, 0, 5, 1.5],
					"texture": "#2",
					"rotation": 270
				}
			}
		},
		{
			"name": "cube",
			"from": [8, 10, 10],
			"to": [11, 11, 16],
			"rotation": {
				"angle": 22.5,
				"axis": "z",
				"origin": [9.5, 10.5, 8.5],
				"rescale": true
			},
			"faces": {
				"north": {
					"uv": [12, 11, 13.5, 11.5],
					"texture": "#2"
				},
				"east": {"uv": [0, 11, 3, 11.5], "texture": "#2"},
				"south": {
					"uv": [0, 11, 1.5, 11.5],
					"texture": "#2"
				},
				"west": {
					"uv": [0, 11, 3, 11.5],
					"texture": "#2"},
				"up": {
					"uv": [0, 7.999999237060547, 3, 9.499999237060546],
					"texture": "#2",
					"rotation": 90
				},
				"down": {
					"uv": [0, 8, 3, 9.5],
					"texture": "#2",
					"rotation": 270
				}
			}
		},
		{
			"name": "cube",
			"from": [10, 12, 12],
			"to": [13, 13, 16],
			"rotation": {
				"angle": 22.5,
				"axis": "z",
				"origin": [11.5, 12.5, 8.5],
				"rescale": true
			},
			"faces": {
				"north": {
					"uv": [12, 7, 13.5, 7.5],
					"texture": "#2"
				},
				"east": {"uv": [0, 7, 2, 7.5], "texture": "#2"},
				"south": {"uv": [0, 7, 1.5, 7.5], "texture": "#2"},
				"west": {
					"uv": [0, 7, 2, 7.5],
					"texture": "#2"},
				"up": {
					"uv": [0, 4, 2, 5.5],
					"texture": "#2",
					"rotation": 90
				},
				"down": {
					"uv": [0, 4, 2, 5.5],
					"texture": "#2",
					"rotation": 270
				}
			}
		},
		{
			"name": "cube",
			"from": [12, 14, 14],
			"to": [15, 15, 16],
			"rotation": {
				"angle": 22.5,
				"axis": "z",
				"origin": [14.5, 14.5, 8.5],
				"rescale": true
			},
			"faces": {
				"north": {
					"uv": [12, 3, 13.5, 3.5],
					"texture": "#2"
				},
				"east": {"uv": [0, 3, 1, 3.5], "texture": "#2"},
				"south": {"uv": [0, 3, 1.5, 3.5], "texture": "#2"},
				"west": {
					"uv": [0, 3, 1, 3.5],
					"texture": "#2"},
				"up": {
					"uv": [0, 0, 1, 1.5],
					"texture": "#2",
					"rotation": 90
				},
				"down": {
					"uv": [0, 0, 1, 1.5],
					"texture": "#2",
					"rotation": 270
				}
			}
		},
		{
			"name": "cube",
			"from": [5, 14, 14],
			"to": [12, 15, 16],
			"rotation": {
				"angle": 45,
				"axis": "z",
				"origin": [15.5, 14.5, 8.5]
			},
			"faces": {
				"north": {
					"uv": [0, 6, 0.5, 9.5],
					"texture": "#1",
					"rotation": 90
				},
				"east": {
					"uv": [0, 11, 1, 11.5],
					"texture": "#1",
					"rotation": 180
				},
				"south": {
					"uv": [0, 6, 0.5, 9.5],
					"texture": "#1",
					"rotation": 270
				},
				"west": {
					"uv": [0, 11, 1, 11.5],
					"texture": "#1"},
				"up": {
					"uv": [0, 6, 1, 9.5],
					"texture": "#1",
					"rotation": 90
				},
				"down": {
					"uv": [0, 6, 1, 9.5],
					"texture": "#1",
					"rotation": 270
				}
			}
		},
		{
			"name": "cube",
			"from": [-2, 0, -2],
			"to": [2, 1, 2],
			"faces": {
				"north": {
					"uv": [0, 15, 4, 16],
					"texture": "#2"},
				"east": {"uv": [12, 15, 16, 16], "texture": "#2"},
				"south": {"uv": [0, 15, 4, 16], "texture": "#2"},
				"west": {"uv": [0, 15, 4, 16], "texture": "#2"},
				"up": {
					"uv": [2.5, 0, 5.5, 3],
					"texture": "#2",
					"rotation": 180
				},
				"down": {
					"uv": [0, 12, 4, 16],
					"texture": "#2",
					"rotation": 180
				}
			}
		},
		{
			"name": "cube",
			"from": [-1, 1, -1],
			"to": [3, 2, 3],
			"faces": {
				"north": {
					"uv": [0, 15, 4, 16],
					"texture": "#2"},
				"east": {"uv": [12, 15, 16, 16], "texture": "#2"},
				"south": {"uv": [0, 15, 4, 16], "texture": "#2"},
				"west": {"uv": [0, 15, 4, 16], "texture": "#2"},
				"up": {
					"uv": [2.5, 0, 5.5, 3],
					"texture": "#2",
					"rotation": 180
				},
				"down": {
					"uv": [0, 12, 4, 16],
					"texture": "#2",
					"rotation": 180
				}
			}
		},
		{
			"name": "cube",
			"from": [0, 2, 0],
			"to": [4, 3, 4],
			"faces": {
				"north": {
					"uv": [0, 15, 4, 16],
					"texture": "#2"},
				"east": {"uv": [12, 15, 16, 16], "texture": "#2"},
				"south": {"uv": [0, 15, 4, 16], "texture": "#2"},
				"west": {"uv": [0, 15, 4, 16], "texture": "#2"},
				"up": {
					"uv": [2.5, 0, 5.5, 3],
					"texture": "#2",
					"rotation": 180
				},
				"down": {
					"uv": [0, 12, 4, 16],
					"texture": "#2",
					"rotation": 180
				}
			}
		},
		{
			"name": "cube",
			"from": [3, 5, 3],
			"to": [7, 6, 7],
			"faces": {
				"north": {
					"uv": [0, 15, 4, 16],
					"texture": "#2"},
				"east": {"uv": [12, 15, 16, 16], "texture": "#2"},
				"south": {"uv": [0, 15, 4, 16], "texture": "#2"},
				"west": {"uv": [0, 15, 4, 16], "texture": "#2"},
				"up": {
					"uv": [2.5, 0, 5.5, 3],
					"texture": "#2",
					"rotation": 180
				},
				"down": {
					"uv": [0, 12, 4, 16],
					"texture": "#2",
					"rotation": 180
				}
			}
		},
		{
			"name": "cube",
			"from": [2, 4, 2],
			"to": [6, 5, 6],
			"faces": {
				"north": {
					"uv": [0, 15, 4, 16],
					"texture": "#2"},
				"east": {"uv": [12, 15, 16, 16], "texture": "#2"},
				"south": {"uv": [0, 15, 4, 16], "texture": "#2"},
				"west": {"uv": [0, 15, 4, 16], "texture": "#2"},
				"up": {
					"uv": [2.5, 0, 5.5, 3],
					"texture": "#2",
					"rotation": 180
				},
				"down": {
					"uv": [0, 12, 4, 16],
					"texture": "#2",
					"rotation": 180
				}
			}
		},
		{
			"name": "cube",
			"from": [1, 3, 1],
			"to": [5, 4, 5],
			"faces": {
				"north": {
					"uv": [0, 15, 4, 16],
					"texture": "#2"},
				"east": {"uv": [12, 15, 16, 16], "texture": "#2"},
				"south": {"uv": [0, 15, 4, 16], "texture": "#2"},
				"west": {"uv": [0, 15, 4, 16], "texture": "#2"},
				"up": {
					"uv": [2.5, 0, 5.5, 3],
					"texture": "#2",
					"rotation": 180
				},
				"down": {
					"uv": [0, 12, 4, 16],
					"texture": "#2",
					"rotation": 180
				}
			}
		},
		{
			"name": "cube",
			"from": [9, 11, 9],
			"to": [13, 12, 13],
			"faces": {
				"north": {
					"uv": [0, 15, 4, 16],
					"texture": "#2"},
				"east": {"uv": [12, 15, 16, 16], "texture": "#2"},
				"south": {"uv": [0, 15, 4, 16], "texture": "#2"},
				"west": {"uv": [0, 15, 4, 16], "texture": "#2"},
				"up": {
					"uv": [2.5, 0, 5.5, 3],
					"texture": "#2",
					"rotation": 180
				},
				"down": {
					"uv": [0, 12, 4, 16],
					"texture": "#2",
					"rotation": 180
				}
			}
		},
		{
			"name": "cube",
			"from": [8, 10, 8],
			"to": [12, 11, 12],
			"faces": {
				"north": {
					"uv": [0, 15, 4, 16],
					"texture": "#2"},
				"east": {"uv": [12, 15, 16, 16], "texture": "#2"},
				"south": {"uv": [0, 15, 4, 16], "texture": "#2"},
				"west": {"uv": [0, 15, 4, 16], "texture": "#2"},
				"up": {
					"uv": [2.5, 0, 5.5, 3],
					"texture": "#2",
					"rotation": 180
				},
				"down": {
					"uv": [0, 12, 4, 16],
					"texture": "#2",
					"rotation": 180
				}
			}
		},
		{
			"name": "cube",
			"from": [7, 9, 7],
			"to": [11, 10, 11],
			"faces": {
				"north": {
					"uv": [0, 15, 4, 16],
					"texture": "#2"},
				"east": {"uv": [12, 15, 16, 16], "texture": "#2"},
				"south": {"uv": [0, 15, 4, 16], "texture": "#2"},
				"west": {"uv": [0, 15, 4, 16], "texture": "#2"},
				"up": {
					"uv": [2.5, 0, 5.5, 3],
					"texture": "#2",
					"rotation": 180
				},
				"down": {
					"uv": [0, 12, 4, 16],
					"texture": "#2",
					"rotation": 180
				}
			}
		},
		{
			"name": "cube",
			"from": [6, 8, 6],
			"to": [10, 9, 10],
			"faces": {
				"north": {
					"uv": [0, 15, 4, 16],
					"texture": "#2"},
				"east": {"uv": [12, 15, 16, 16], "texture": "#2"},
				"south": {"uv": [0, 15, 4, 16], "texture": "#2"},
				"west": {"uv": [0, 15, 4, 16], "texture": "#2"},
				"up": {
					"uv": [2.5, 0, 5.5, 3],
					"texture": "#2",
					"rotation": 180
				},
				"down": {
					"uv": [0, 12, 4, 16],
					"texture": "#2",
					"rotation": 180
				}
			}
		},
		{
			"name": "cube",
			"from": [5, 7, 5],
			"to": [9, 8, 9],
			"faces": {
				"north": {
					"uv": [0, 15, 4, 16],
					"texture": "#2"},
				"east": {"uv": [12, 15, 16, 16], "texture": "#2"},
				"south": {"uv": [0, 15, 4, 16], "texture": "#2"},
				"west": {"uv": [0, 15, 4, 16], "texture": "#2"},
				"up": {
					"uv": [2.5, 0, 5.5, 3],
					"texture": "#2",
					"rotation": 180
				},
				"down": {
					"uv": [0, 12, 4, 16],
					"texture": "#2",
					"rotation": 180
				}
			}
		},
		{
			"name": "cube",
			"from": [4, 6, 4],
			"to": [8, 7, 8],
			"faces": {
				"north": {
					"uv": [0, 15, 4, 16],
					"texture": "#2"},
				"east": {"uv": [12, 15, 16, 16], "texture": "#2"},
				"south": {"uv": [0, 15, 4, 16], "texture": "#2"},
				"west": {"uv": [0, 15, 4, 16], "texture": "#2"},
				"up": {
					"uv": [2.5, 0, 5.5, 3],
					"texture": "#2",
					"rotation": 180
				},
				"down": {
					"uv": [0, 12, 4, 16],
					"texture": "#2",
					"rotation": 180
				}
			}
		},
		{
			"name": "cube",
			"from": [12, 14, 12],
			"to": [16, 15, 16],
			"faces": {
				"north": {
					"uv": [0, 15, 4, 16],
					"texture": "#2"},
				"east": {"uv": [12, 15, 16, 16], "texture": "#2"},
				"south": {"uv": [0, 15, 4, 16], "texture": "#2"},
				"west": {"uv": [0, 15, 4, 16], "texture": "#2"},
				"up": {
					"uv": [2.5, 0, 5.5, 3],
					"texture": "#2",
					"rotation": 180
				},
				"down": {
					"uv": [0, 12, 4, 16],
					"texture": "#2",
					"rotation": 180
				}
			}
		},
		{
			"name": "cube",
			"from": [11, 13, 11],
			"to": [15, 14, 15],
			"faces": {
				"north": {
					"uv": [0, 15, 4, 16],
					"texture": "#2"},
				"east": {"uv": [12, 15, 16, 16], "texture": "#2"},
				"south": {"uv": [0, 15, 4, 16], "texture": "#2"},
				"west": {"uv": [0, 15, 4, 16], "texture": "#2"},
				"up": {
					"uv": [2.5, 0, 5.5, 3],
					"texture": "#2",
					"rotation": 180
				},
				"down": {
					"uv": [0, 12, 4, 16],
					"texture": "#2",
					"rotation": 180
				}
			}
		},
		{
			"name": "cube",
			"from": [10, 12, 10],
			"to": [14, 13, 14],
			"faces": {
				"north": {
					"uv": [0, 15, 4, 16],
					"texture": "#2"},
				"east": {"uv": [12, 15, 16, 16], "texture": "#2"},
				"south": {"uv": [0, 15, 4, 16], "texture": "#2"},
				"west": {"uv": [0, 15, 4, 16], "texture": "#2"},
				"up": {
					"uv": [2.5, 0, 5.5, 3],
					"texture": "#2",
					"rotation": 180
				},
				"down": {
					"uv": [0, 12, 4, 16],
					"texture": "#2",
					"rotation": 180
				}
			}
		},
		{
			"name": "cube",
			"from": [13, 15, 13],
			"to": [17, 16, 17],
			"faces": {
				"north": {
					"uv": [0, 15, 4, 16],
					"texture": "#2"},
				"east": {"uv": [12, 15, 16, 16], "texture": "#2"},
				"south": {"uv": [0, 15, 4, 16], "texture": "#2"},
				"west": {"uv": [0, 15, 4, 16], "texture": "#2"},
				"up": {
					"uv": [2.5, 0, 6.5, 4],
					"texture": "#2",
					"rotation": 180
				},
				"down": {
					"uv": [0, 12, 4, 16],
					"texture": "#2",
					"rotation": 180
				}
			}
		},
		{
			"name": "cube",
			"from": [-1, 3, -3],
			"to": [16, 4, -2],
			"rotation": {
				"angle": -22.5,
				"axis": "x",
				"origin": [15.5, 8.5, 7.5],
				"rescale": true
			},
			"faces": {
				"north": {
					"uv": [0, 15, 15, 16],
					"texture": "#2"},
				"east": {
					"uv": [
						15.000000762939454,
						15.000000762939454,
						16.000000762939454,
						16.000000762939454
					],
					"texture": "#2"
				},
				"south": {"uv": [0, 15, 15, 16], "texture": "#2"},
				"west": {"uv": [0, 15, 1, 16], "texture": "#2"},
				"up": {
					"uv": [
						0,
						15.000000762939454,
						15,
						16.000000762939454
					],
					"texture": "#2",
					"rotation": 180
				},
				"down": {
					"uv": [
						0,
						15.000000762939454,
						15,
						16.000000762939454
					],
					"texture": "#2",
					"rotation": 180
				}
			}
		},
		{
			"name": "cube",
			"from": [-3, 3, -1],
			"to": [-2, 4, 16],
			"rotation": {
				"angle": 22.5,
				"axis": "z",
				"origin": [7.5, 8.5, 8.5],
				"rescale": true
			},
			"faces": {
				"north": {
					"uv": [
						15.000000762939454,
						15.000000762939454,
						16.000000762939454,
						16.000000762939454
					],
					"texture": "#2"
				},
				"east": {"uv": [0, 15, 16, 16], "texture": "#2"},
				"south": {"uv": [0, 15, 1, 16], "texture": "#2"},
				"west": {
					"uv": [0, 15, 16, 16],
					"texture": "#2"},
				"up": {
					"uv": [
						0,
						15.000000762939454,
						16,
						16.000000762939454
					],
					"texture": "#2",
					"rotation": 90
				},
				"down": {
					"uv": [
						0,
						15.000000762939454,
						16,
						16.000000762939454
					],
					"texture": "#2",
					"rotation": 270
				}
			}
		}
	],
	"display": {"ground": {"translation": [0, 3.5, 0]}},
	"groups": [
		{
			"name": "",
			"isOpen": true,
			"shade": true,
			"display": {"visibility": true, "autouv": 0},
			"children": [
				{
					"name": "group",
					"isOpen": true,
					"shade": true,
					"display": {"visibility": true, "autouv": true},
					"children": [
						0,
						1,
						2,
						3,
						4,
						5,
						6,
						7,
						8,
						9,
						10,
						11,
						12,
						13,
						14,
						15,
						16,
						17,
						18,
						19,
						20,
						21,
						22,
						23,
						24,
						25,
						26,
						27,
						28,
						29,
						30,
						31,
						32,
						33,
						34,
						35,
						36,
						37,
						38,
						39
					]
				}
			]
		}
	]
}