{
	"credit": "Made with Blockbench",
	"parent": "block/cube_all",
	"textures": {
		"0": "block/polished_andesite",
		"3": "block/spruce_planks",
		"particle": "block/oak_planks"
	},
	"elements": [
		{
			"from": [0, 0, 0],
			"to": [16, 1, 16],
			"rotation": {"angle": 0, "axis": "x", "origin": [15.5, 0.5, 15.5]},
			"faces": {
				"north": {"uv": [0, 6.53167, 16, 7.53167], "texture": "#3"},
				"east": {"uv": [15, 0, 16, 16], "rotation": 270, "texture": "#3"},
				"south": {"uv": [0, 7, 16, 8], "texture": "#3"},
				"west": {"uv": [0, 0, 1, 16], "rotation": 90, "texture": "#3"},
				"up": {"uv": [0, 0, 16, 16], "rotation": 180, "texture": "#3"},
				"down": {"uv": [0, 0, 16, 16], "texture": "#3"}
			}
		},
		{
			"from": [14, 1, 14],
			"to": [16, 16, 16],
			"rotation": {"angle": 0, "axis": "x", "origin": [15.5, 2.5, 14.5]},
			"faces": {
				"north": {"uv": [1, 3, 3, 15], "texture": "#3"},
				"east": {"uv": [13, 3, 15, 15], "texture": "#3"},
				"south": {"uv": [1, 3, 3, 15], "texture": "#3"},
				"west": {"uv": [13, 3, 15, 15], "texture": "#3"},
				"up": {"uv": [7, 0, 9, 2], "rotation": 180, "texture": "#3"},
				"down": {"uv": [7, 7, 9, 9], "rotation": 180, "texture": "#3"}
			}
		},
		{
			"from": [0, 14, -4],
			"to": [3, 15, 3],
			"rotation": {"angle": -45, "axis": "x", "origin": [15.5, 14.5, 15.5]},
			"faces": {
				"north": {"uv": [0, 11, 3, 12], "texture": "#3"},
				"east": {"uv": [0, 6, 1, 13], "rotation": 90, "texture": "#3"},
				"south": {"uv": [0, 11, 3, 12], "rotation": 180, "texture": "#3"},
				"west": {"uv": [0, 6, 1, 13], "rotation": 270, "texture": "#3"},
				"up": {"uv": [0, 6, 3, 13], "rotation": 180, "texture": "#3"},
				"down": {"uv": [0, 6, 3, 13], "rotation": 180, "texture": "#3"}
			}
		},
		{
			"from": [0, 7, 6],
			"to": [7, 8, 16],
			"rotation": {"angle": -45, "axis": "x", "origin": [15.5, 7.5, 8.5]},
			"faces": {
				"north": {"uv": [0, 11, 7, 12], "texture": "#3"},
				"east": {"uv": [0, 6, 1, 16], "rotation": 90, "texture": "#3"},
				"south": {"uv": [0, 11, 7, 12], "rotation": 180, "texture": "#3"},
				"west": {"uv": [0, 6, 1, 16], "rotation": 270, "texture": "#3"},
				"up": {"uv": [0, 6, 7, 16], "rotation": 180, "texture": "#3"},
				"down": {"uv": [0, 6, 7, 16], "rotation": 180, "texture": "#3"}
			}
		},
		{
			"from": [6, 7, 0],
			"to": [16, 8, 7],
			"rotation": {"angle": 45, "axis": "z", "origin": [8.5, 7.5, 8.5]},
			"faces": {
				"north": {"uv": [0, 6, 1, 16], "rotation": 90, "texture": "#3"},
				"east": {"uv": [0, 11, 7, 12], "rotation": 180, "texture": "#3"},
				"south": {"uv": [0, 6, 1, 16], "rotation": 270, "texture": "#3"},
				"west": {"uv": [0, 11, 7, 12], "texture": "#3"},
				"up": {"uv": [0, 6, 7, 16], "rotation": 90, "texture": "#3"},
				"down": {"uv": [0, 6, 7, 16], "rotation": 270, "texture": "#3"}
			}
		},
		{
			"from": [-4, 14, 0],
			"to": [3, 15, 3],
			"rotation": {"angle": 45, "axis": "z", "origin": [15.5, 14.5, 8.5]},
			"faces": {
				"north": {"uv": [0, 6, 1, 13], "rotation": 90, "texture": "#3"},
				"east": {"uv": [0, 11, 3, 12], "rotation": 180, "texture": "#3"},
				"south": {"uv": [0, 6, 1, 13], "rotation": 270, "texture": "#3"},
				"west": {"uv": [0, 11, 3, 12], "texture": "#3"},
				"up": {"uv": [0, 6, 3, 13], "rotation": 90, "texture": "#3"},
				"down": {"uv": [0, 6, 3, 13], "rotation": 270, "texture": "#3"}
			}
		},
		{
			"from": [0, 4, 0],
			"to": [4, 5, 4],
			"faces": {
				"north": {"uv": [0, 15, 4, 16], "texture": "#0"},
				"east": {"uv": [12, 15, 16, 16], "texture": "#0"},
				"south": {"uv": [0, 15, 4, 16], "texture": "#0"},
				"west": {"uv": [0, 15, 4, 16], "texture": "#0"},
				"up": {"uv": [2.5, 0, 6.5, 4], "rotation": 180, "texture": "#0"},
				"down": {"uv": [0, 12, 4, 16], "rotation": 180, "texture": "#0"}
			}
		},
		{
			"from": [3, 7, 3],
			"to": [7, 8, 7],
			"faces": {
				"north": {"uv": [0, 15, 4, 16], "texture": "#0"},
				"east": {"uv": [12, 15, 16, 16], "texture": "#0"},
				"south": {"uv": [0, 15, 4, 16], "texture": "#0"},
				"west": {"uv": [0, 15, 4, 16], "texture": "#0"},
				"up": {"uv": [2.5, 0, 6.5, 4], "rotation": 180, "texture": "#0"},
				"down": {"uv": [0, 12, 4, 16], "rotation": 180, "texture": "#0"}
			}
		},
		{
			"from": [2, 6, 2],
			"to": [6, 7, 6],
			"faces": {
				"north": {"uv": [0, 15, 4, 16], "texture": "#0"},
				"east": {"uv": [12, 15, 16, 16], "texture": "#0"},
				"south": {"uv": [0, 15, 4, 16], "texture": "#0"},
				"west": {"uv": [0, 15, 4, 16], "texture": "#0"},
				"up": {"uv": [2.5, 0, 6.5, 4], "rotation": 180, "texture": "#0"},
				"down": {"uv": [0, 12, 4, 16], "rotation": 180, "texture": "#0"}
			}
		},
		{
			"from": [1, 5, 1],
			"to": [5, 6, 5],
			"faces": {
				"north": {"uv": [0, 15, 4, 16], "texture": "#0"},
				"east": {"uv": [12, 15, 16, 16], "texture": "#0"},
				"south": {"uv": [0, 15, 4, 16], "texture": "#0"},
				"west": {"uv": [0, 15, 4, 16], "texture": "#0"},
				"up": {"uv": [2.5, 0, 6.5, 4], "rotation": 180, "texture": "#0"},
				"down": {"uv": [0, 12, 4, 16], "rotation": 180, "texture": "#0"}
			}
		},
		{
			"from": [9, 13, 9],
			"to": [13, 14, 13],
			"faces": {
				"north": {"uv": [0, 15, 4, 16], "texture": "#0"},
				"east": {"uv": [12, 15, 16, 16], "texture": "#0"},
				"south": {"uv": [0, 15, 4, 16], "texture": "#0"},
				"west": {"uv": [0, 15, 4, 16], "texture": "#0"},
				"up": {"uv": [2.5, 0, 6.5, 4], "rotation": 180, "texture": "#0"},
				"down": {"uv": [0, 12, 4, 16], "rotation": 180, "texture": "#0"}
			}
		},
		{
			"from": [8, 12, 8],
			"to": [12, 13, 12],
			"faces": {
				"north": {"uv": [0, 15, 4, 16], "texture": "#0"},
				"east": {"uv": [12, 15, 16, 16], "texture": "#0"},
				"south": {"uv": [0, 15, 4, 16], "texture": "#0"},
				"west": {"uv": [0, 15, 4, 16], "texture": "#0"},
				"up": {"uv": [2.5, 0, 6.5, 4], "rotation": 180, "texture": "#0"},
				"down": {"uv": [0, 12, 4, 16], "rotation": 180, "texture": "#0"}
			}
		},
		{
			"from": [7, 11, 7],
			"to": [11, 12, 11],
			"faces": {
				"north": {"uv": [0, 15, 4, 16], "texture": "#0"},
				"east": {"uv": [12, 15, 16, 16], "texture": "#0"},
				"south": {"uv": [0, 15, 4, 16], "texture": "#0"},
				"west": {"uv": [0, 15, 4, 16], "texture": "#0"},
				"up": {"uv": [2.5, 0, 6.5, 4], "rotation": 180, "texture": "#0"},
				"down": {"uv": [0, 12, 4, 16], "rotation": 180, "texture": "#0"}
			}
		},
		{
			"from": [6, 10, 6],
			"to": [10, 11, 10],
			"faces": {
				"north": {"uv": [0, 15, 4, 16], "texture": "#0"},
				"east": {"uv": [12, 15, 16, 16], "texture": "#0"},
				"south": {"uv": [0, 15, 4, 16], "texture": "#0"},
				"west": {"uv": [0, 15, 4, 16], "texture": "#0"},
				"up": {"uv": [2.5, 0, 6.5, 4], "rotation": 180, "texture": "#0"},
				"down": {"uv": [0, 12, 4, 16], "rotation": 180, "texture": "#0"}
			}
		},
		{
			"from": [5, 9, 5],
			"to": [9, 10, 9],
			"faces": {
				"north": {"uv": [0, 15, 4, 16], "texture": "#0"},
				"east": {"uv": [12, 15, 16, 16], "texture": "#0"},
				"south": {"uv": [0, 15, 4, 16], "texture": "#0"},
				"west": {"uv": [0, 15, 4, 16], "texture": "#0"},
				"up": {"uv": [0, 0, 4, 4], "rotation": 180, "texture": "#0"},
				"down": {"uv": [0, 12, 4, 16], "rotation": 180, "texture": "#0"}
			}
		},
		{
			"from": [4, 8, 4],
			"to": [8, 9, 8],
			"faces": {
				"north": {"uv": [0, 15, 4, 16], "texture": "#0"},
				"east": {"uv": [12, 15, 16, 16], "texture": "#0"},
				"south": {"uv": [0, 15, 4, 16], "texture": "#0"},
				"west": {"uv": [0, 15, 4, 16], "texture": "#0"},
				"up": {"uv": [0, 0, 4, 4], "rotation": 180, "texture": "#0"},
				"down": {"uv": [0, 12, 4, 16], "rotation": 180, "texture": "#0"}
			}
		},
		{
			"from": [12, 16, 12],
			"to": [16, 17, 16],
			"faces": {
				"north": {"uv": [0, 15, 4, 16], "texture": "#0"},
				"east": {"uv": [12, 15, 16, 16], "texture": "#0"},
				"south": {"uv": [0, 15, 4, 16], "texture": "#0"},
				"west": {"uv": [0, 15, 4, 16], "texture": "#0"},
				"up": {"uv": [2.5, 0, 6.5, 4], "rotation": 180, "texture": "#0"},
				"down": {"uv": [0, 12, 4, 16], "rotation": 180, "texture": "#0"}
			}
		},
		{
			"from": [11, 15, 11],
			"to": [15, 16, 15],
			"faces": {
				"north": {"uv": [0, 15, 4, 16], "texture": "#0"},
				"east": {"uv": [12, 15, 16, 16], "texture": "#0"},
				"south": {"uv": [0, 15, 4, 16], "texture": "#0"},
				"west": {"uv": [0, 15, 4, 16], "texture": "#0"},
				"up": {"uv": [2.5, 0, 6.5, 4], "rotation": 180, "texture": "#0"},
				"down": {"uv": [0, 12, 4, 16], "rotation": 180, "texture": "#0"}
			}
		},
		{
			"from": [10, 14, 10],
			"to": [14, 15, 14],
			"faces": {
				"north": {"uv": [0, 15, 4, 16], "texture": "#0"},
				"east": {"uv": [12, 15, 16, 16], "texture": "#0"},
				"south": {"uv": [0, 15, 4, 16], "texture": "#0"},
				"west": {"uv": [0, 15, 4, 16], "texture": "#0"},
				"up": {"uv": [2.5, 0, 6.5, 4], "rotation": 180, "texture": "#0"},
				"down": {"uv": [0, 12, 4, 16], "rotation": 180, "texture": "#0"}
			}
		},
		{
			"from": [-2, 4, -1],
			"to": [0, 5, 1],
			"rotation": {"angle": 22.5, "axis": "z", "origin": [7.5, 8.5, 8.5], "rescale": true},
			"faces": {
				"north": {"uv": [12, 15, 14, 16], "texture": "#0"},
				"east": {"uv": [0, 15, 2, 16], "texture": "#0"},
				"south": {"uv": [0, 15, 2, 16], "texture": "#0"},
				"west": {"uv": [0, 15, 2, 16], "texture": "#0"},
				"up": {"uv": [0, 12, 2, 14], "rotation": 90, "texture": "#0"},
				"down": {"uv": [0, 12, 2, 14], "rotation": 270, "texture": "#0"}
			}
		},
		{
			"from": [-1, 6, 0],
			"to": [2, 7, 1],
			"rotation": {"angle": 22.5, "axis": "z", "origin": [9.5, 10.5, 8.5], "rescale": true},
			"faces": {
				"north": {"uv": [12, 11, 15, 12], "texture": "#0"},
				"east": {"uv": [0, 11, 1, 12], "texture": "#0"},
				"south": {"uv": [0, 11, 3, 12], "texture": "#0"},
				"west": {"uv": [0, 11, 1, 12], "texture": "#0"},
				"up": {"uv": [0, 8, 1, 11], "rotation": 90, "texture": "#0"},
				"down": {"uv": [0, 8, 1, 11], "rotation": 270, "texture": "#0"}
			}
		},
		{
			"from": [1, 8, 0],
			"to": [4, 9, 2],
			"rotation": {"angle": 22.5, "axis": "z", "origin": [11.5, 12.5, 8.5], "rescale": true},
			"faces": {
				"north": {"uv": [12, 7, 15, 8], "texture": "#0"},
				"east": {"uv": [0, 7, 2, 8], "texture": "#0"},
				"south": {"uv": [0, 7, 3, 8], "texture": "#0"},
				"west": {"uv": [0, 7, 2, 8], "texture": "#0"},
				"up": {"uv": [0, 4, 2, 7], "rotation": 90, "texture": "#0"},
				"down": {"uv": [0, 4, 2, 7], "rotation": 270, "texture": "#0"}
			}
		},
		{
			"from": [4, 6, 0],
			"to": [7, 7, 4],
			"rotation": {"angle": 22.5, "axis": "z", "origin": [5.5, 6.5, 8.5], "rescale": true},
			"faces": {
				"north": {"uv": [12, 3, 15, 4], "texture": "#0"},
				"east": {"uv": [0, 3, 4, 4], "texture": "#0"},
				"south": {"uv": [0, 3, 3, 4], "texture": "#0"},
				"west": {"uv": [0, 3, 4, 4], "texture": "#0"},
				"up": {"uv": [0, 0, 4, 3], "rotation": 90, "texture": "#0"},
				"down": {"uv": [0, 0, 4, 3], "rotation": 270, "texture": "#0"}
			}
		},
		{
			"from": [5, 10, 0],
			"to": [8, 11, 6],
			"rotation": {"angle": 22.5, "axis": "z", "origin": [11.5, 12.5, 8.5], "rescale": true},
			"faces": {
				"north": {"uv": [12, 7, 15, 8], "texture": "#0"},
				"east": {"uv": [0, 7, 6, 8], "texture": "#0"},
				"south": {"uv": [0, 7, 3, 8], "texture": "#0"},
				"west": {"uv": [0, 7, 6, 8], "texture": "#0"},
				"up": {"uv": [0, 4, 6, 7], "rotation": 90, "texture": "#0"},
				"down": {"uv": [0, 4, 6, 7], "rotation": 270, "texture": "#0"}
			}
		},
		{
			"from": [8, 10, 0],
			"to": [11, 11, 9],
			"rotation": {"angle": 22.5, "axis": "z", "origin": [9.5, 10.5, 8.5], "rescale": true},
			"faces": {
				"north": {"uv": [12, 11, 15, 12], "texture": "#0"},
				"east": {"uv": [0, 11, 9, 12], "texture": "#0"},
				"south": {"uv": [0, 11, 3, 12], "texture": "#0"},
				"west": {"uv": [0, 11, 9, 12], "texture": "#0"},
				"up": {"uv": [0, 8, 9, 11], "rotation": 90, "texture": "#0"},
				"down": {"uv": [0, 8, 9, 11], "rotation": 270, "texture": "#0"}
			}
		},
		{
			"from": [10, 12, 0],
			"to": [13, 13, 11],
			"rotation": {"angle": 22.5, "axis": "z", "origin": [11.5, 12.5, 8.5], "rescale": true},
			"faces": {
				"north": {"uv": [12, 7, 15, 8], "texture": "#0"},
				"east": {"uv": [0, 7, 11, 8], "texture": "#0"},
				"south": {"uv": [0, 7, 3, 8], "texture": "#0"},
				"west": {"uv": [0, 7, 11, 8], "texture": "#0"},
				"up": {"uv": [0, 4, 11, 7], "rotation": 90, "texture": "#0"},
				"down": {"uv": [0, 4, 11, 7], "rotation": 270, "texture": "#0"}
			}
		},
		{
			"from": [-1, 4, -2],
			"to": [1, 5, 0],
			"rotation": {"angle": -22.5, "axis": "x", "origin": [15.5, 8.5, 7.5], "rescale": true},
			"faces": {
				"north": {"uv": [0, 13, 2, 14], "texture": "#0"},
				"east": {"uv": [12, 13, 14, 14], "texture": "#0"},
				"south": {"uv": [0, 13, 2, 14], "texture": "#0"},
				"west": {"uv": [0, 13, 2, 14], "texture": "#0"},
				"up": {"uv": [0, 12, 2, 14], "rotation": 180, "texture": "#0"},
				"down": {"uv": [0, 12, 2, 14], "rotation": 180, "texture": "#0"}
			}
		},
		{
			"from": [0, 6, -1],
			"to": [1, 7, 2],
			"rotation": {"angle": -22.5, "axis": "x", "origin": [15.5, 10.5, 9.5], "rescale": true},
			"faces": {
				"north": {"uv": [0, 11, 1, 12], "texture": "#0"},
				"east": {"uv": [12, 11, 15, 12], "texture": "#0"},
				"south": {"uv": [0, 11, 1, 12], "texture": "#0"},
				"west": {"uv": [0, 11, 3, 12], "texture": "#0"},
				"up": {"uv": [0, 8, 1, 11], "rotation": 180, "texture": "#0"},
				"down": {"uv": [0, 8, 1, 11], "rotation": 180, "texture": "#0"}
			}
		},
		{
			"from": [0, 8, 1],
			"to": [2, 9, 4],
			"rotation": {"angle": -22.5, "axis": "x", "origin": [15.5, 12.5, 11.5], "rescale": true},
			"faces": {
				"north": {"uv": [0, 7, 2, 8], "texture": "#0"},
				"east": {"uv": [12, 7, 15, 8], "texture": "#0"},
				"south": {"uv": [0, 7, 2, 8], "texture": "#0"},
				"west": {"uv": [0, 7, 3, 8], "texture": "#0"},
				"up": {"uv": [0, 4, 2, 7], "rotation": 180, "texture": "#0"},
				"down": {"uv": [0, 4, 2, 7], "rotation": 180, "texture": "#0"}
			}
		},
		{
			"from": [0, 6, 4],
			"to": [3, 7, 7],
			"rotation": {"angle": -22.5, "axis": "x", "origin": [15.5, 6.5, 5.5], "rescale": true},
			"faces": {
				"north": {"uv": [0, 3, 3, 4], "texture": "#0"},
				"east": {"uv": [12, 3, 15, 4], "texture": "#0"},
				"south": {"uv": [0, 3, 3, 4], "texture": "#0"},
				"west": {"uv": [0, 3, 3, 4], "texture": "#0"},
				"up": {"uv": [1.5, 0, 4.5, 3], "rotation": 180, "texture": "#0"},
				"down": {"uv": [0, 0, 3, 3], "rotation": 180, "texture": "#0"}
			}
		},
		{
			"from": [0, 10, 5],
			"to": [6, 11, 8],
			"rotation": {"angle": -22.5, "axis": "x", "origin": [15.5, 12.5, 11.5], "rescale": true},
			"faces": {
				"north": {"uv": [0, 7, 6, 8], "texture": "#0"},
				"east": {"uv": [12, 7, 15, 8], "texture": "#0"},
				"south": {"uv": [0, 7, 6, 8], "texture": "#0"},
				"west": {"uv": [0, 7, 3, 8], "texture": "#0"},
				"up": {"uv": [10, 4, 16, 7], "rotation": 180, "texture": "#0"},
				"down": {"uv": [0, 4, 6, 7], "rotation": 180, "texture": "#0"}
			}
		},
		{
			"from": [0, 10, 8],
			"to": [9, 11, 11],
			"rotation": {"angle": -22.5, "axis": "x", "origin": [15.5, 10.5, 9.5], "rescale": true},
			"faces": {
				"north": {"uv": [0, 11, 9, 12], "texture": "#0"},
				"east": {"uv": [12, 11, 15, 12], "texture": "#0"},
				"south": {"uv": [0, 11, 9, 12], "texture": "#0"},
				"west": {"uv": [0, 11, 3, 12], "texture": "#0"},
				"up": {"uv": [0, 8, 9, 11], "rotation": 180, "texture": "#0"},
				"down": {"uv": [0, 8, 9, 11], "rotation": 180, "texture": "#0"}
			}
		},
		{
			"from": [0, 12, 10],
			"to": [11, 13, 13],
			"rotation": {"angle": -22.5, "axis": "x", "origin": [15.5, 12.5, 11.5], "rescale": true},
			"faces": {
				"north": {"uv": [0, 7, 11, 8], "texture": "#0"},
				"east": {"uv": [12, 7, 15, 8], "texture": "#0"},
				"south": {"uv": [0, 7, 11, 8], "texture": "#0"},
				"west": {"uv": [0, 7, 3, 8], "texture": "#0"},
				"up": {"uv": [5, 4, 16, 7], "rotation": 180, "texture": "#0"},
				"down": {"uv": [0, 4, 11, 7], "rotation": 180, "texture": "#0"}
			}
		},
		{
			"from": [0, 14, 12],
			"to": [13, 15, 16],
			"rotation": {"angle": -22.5, "axis": "x", "origin": [15.5, 14.5, 14.5], "rescale": true},
			"faces": {
				"north": {"uv": [0, 3, 13, 4], "texture": "#0"},
				"east": {"uv": [11, 3, 15, 4], "texture": "#0"},
				"south": {"uv": [0, 3, 13, 4], "texture": "#0"},
				"west": {"uv": [0, 3, 4, 4], "texture": "#0"},
				"up": {"uv": [0, 0, 13, 3], "rotation": 180, "texture": "#0"},
				"down": {"uv": [0, 0, 13, 4], "rotation": 180, "texture": "#0"}
			}
		},
		{
			"from": [12, 14, 0],
			"to": [16, 15, 13],
			"rotation": {"angle": 22.5, "axis": "z", "origin": [14.5, 14.5, 8.5], "rescale": true},
			"faces": {
				"north": {"uv": [12, 3, 16, 4], "texture": "#0"},
				"east": {"uv": [0, 3, 13, 4], "texture": "#0"},
				"south": {"uv": [0, 3, 4, 4], "texture": "#0"},
				"west": {"uv": [0, 3, 13, 4], "texture": "#0"},
				"up": {"uv": [0, 0, 13, 3], "rotation": 90, "texture": "#0"},
				"down": {"uv": [0, 0, 13, 4], "rotation": 270, "texture": "#0"}
			}
		},
		{
			"from": [-1, 3, -1],
			"to": [3, 4, 3],
			"faces": {
				"north": {"uv": [0, 15, 4, 16], "texture": "#0"},
				"east": {"uv": [12, 15, 16, 16], "texture": "#0"},
				"south": {"uv": [0, 15, 4, 16], "texture": "#0"},
				"west": {"uv": [0, 15, 4, 16], "texture": "#0"},
				"up": {"uv": [2.5, 0, 6.5, 4], "rotation": 180, "texture": "#0"},
				"down": {"uv": [0, 12, 4, 16], "rotation": 180, "texture": "#0"}
			}
		},
		{
			"from": [-2, 2, -2],
			"to": [2, 3, 2],
			"faces": {
				"north": {"uv": [0, 15, 4, 16], "texture": "#0"},
				"east": {"uv": [12, 15, 16, 16], "texture": "#0"},
				"south": {"uv": [0, 15, 4, 16], "texture": "#0"},
				"west": {"uv": [0, 15, 4, 16], "texture": "#0"},
				"up": {"uv": [2.5, 0, 6.5, 4], "rotation": 180, "texture": "#0"},
				"down": {"uv": [0, 12, 4, 16], "rotation": 180, "texture": "#0"}
			}
		},
		{
			"from": [7, 1, 7],
			"to": [9, 9, 9],
			"rotation": {"angle": 0, "axis": "x", "origin": [15.5, 2.5, 14.5]},
			"faces": {
				"north": {"uv": [1, 1, 3, 9], "texture": "#3"},
				"east": {"uv": [13, 1, 15, 9], "texture": "#3"},
				"south": {"uv": [1, 1, 3, 9], "texture": "#3"},
				"west": {"uv": [13, 1, 15, 9], "texture": "#3"},
				"up": {"uv": [7, 0, 9, 2], "rotation": 180, "texture": "#3"},
				"down": {"uv": [7, 7, 9, 9], "rotation": 180, "texture": "#3"}
			}
		},
		{
			"from": [0, 1, 13],
			"to": [2, 14, 15],
			"rotation": {"angle": 0, "axis": "x", "origin": [15.5, 2.5, 14.5]},
			"faces": {
				"north": {"uv": [1, 1, 3, 14], "texture": "#3"},
				"east": {"uv": [13, 1, 15, 14], "texture": "#3"},
				"south": {"uv": [1, 1, 3, 14], "texture": "#3"},
				"west": {"uv": [13, 1, 15, 14], "texture": "#3"},
				"up": {"uv": [7, 0, 9, 2], "rotation": 180, "texture": "#3"},
				"down": {"uv": [7, 7, 9, 9], "rotation": 180, "texture": "#3"}
			}
		},
		{
			"from": [13, 1, 0],
			"to": [15, 14, 2],
			"rotation": {"angle": 0, "axis": "x", "origin": [15.5, 2.5, 14.5]},
			"faces": {
				"north": {"uv": [1, 1, 3, 14], "texture": "#3"},
				"east": {"uv": [13, 1, 15, 14], "texture": "#3"},
				"south": {"uv": [1, 1, 3, 14], "texture": "#3"},
				"west": {"uv": [13, 1, 15, 14], "texture": "#3"},
				"up": {"uv": [7, 0, 9, 2], "rotation": 180, "texture": "#3"},
				"down": {"uv": [7, 7, 9, 9], "rotation": 180, "texture": "#3"}
			}
		},
		{
			"from": [-3, 1, -3],
			"to": [1, 2, 1],
			"faces": {
				"north": {"uv": [0, 15, 4, 16], "texture": "#0"},
				"east": {"uv": [12, 15, 16, 16], "texture": "#0"},
				"south": {"uv": [0, 15, 4, 16], "texture": "#0"},
				"west": {"uv": [0, 15, 4, 16], "texture": "#0"},
				"up": {"uv": [2.5, 0, 6.5, 4], "rotation": 180, "texture": "#0"},
				"down": {"uv": [0, 12, 4, 16], "rotation": 180, "texture": "#0"}
			}
		}
	],
	"display": {
		"ground": {
			"translation": [0, 3.5, 0]
		}
	},
	"groups": [
		{
			"name": "",
			"origin": [8, 8, 8],
			"children": [
				{
					"name": "group",
					"origin": [8, 8, 8],
					"children": [0, 1, 2, 3, 4, 5, 6, 7, 8, 9, 10, 11, 12, 13, 14, 15, 16, 17, 18, 19, 20, 21, 22, 23, 24, 25, 26, 27, 28, 29, 30, 31, 32, 33, 34, 35, 36, 37, 38, 39, 40]
				}
			]
		}
	]
}