{
	"credit": "Made with Blockbench",
	"ambientocclusion": false,
	"textures": {
		"1": "block/hopper_outside",
		"2": "3dmodel/red_light",
		"particle": "block/anvil"
	},
	"elements": [
		{
			"from": [5.5, 0, 10],
			"to": [6, 1, 10.5],
			"rotation": {"angle": 0, "axis": "y", "origin": [13, 8, 18]},
			"faces": {
				"north": {"uv": [0, 0, 0.5, 1], "texture": "#missing"},
				"east": {"uv": [0, 0, 0.5, 1], "texture": "#missing"},
				"south": {"uv": [9, 3, 9.5, 4], "texture": "#1"},
				"west": {"uv": [3, 2, 3.5, 3], "texture": "#1"},
				"up": {"uv": [3.5, 2, 4, 2.5], "texture": "#1"},
				"down": {"uv": [9, 3.5, 9.5, 4], "texture": "#1"}
			}
		},
		{
			"from": [6, 0, 10.5],
			"to": [10, 1, 11],
			"rotation": {"angle": 0, "axis": "y", "origin": [15, 8, 19]},
			"faces": {
				"north": {"uv": [0, 0, 4, 1], "texture": "#missing"},
				"east": {"uv": [9, 3, 9.5, 4], "texture": "#1"},
				"south": {"uv": [4, 3.5, 8, 4.5], "texture": "#1"},
				"west": {"uv": [5.5, 2, 6, 3], "texture": "#1"},
				"up": {"uv": [7, 3, 11, 3.5], "texture": "#1"},
				"down": {"uv": [1, 0, 5, 0.5], "texture": "#1"}
			}
		},
		{
			"from": [6, 0, 5],
			"to": [10, 1, 5.5],
			"rotation": {"angle": 0, "axis": "y", "origin": [15, 8, 13]},
			"faces": {
				"north": {"uv": [0, 2.5, 4, 3.5], "texture": "#1"},
				"east": {"uv": [9.5, 9, 10, 10], "texture": "#1"},
				"south": {"uv": [0, 0, 4, 1], "texture": "#missing"},
				"west": {"uv": [2.5, 2.5, 3, 3.5], "texture": "#1"},
				"up": {"uv": [7.5, 3.5, 11.5, 4], "texture": "#1"},
				"down": {"uv": [3.5, 0, 7.5, 0.5], "texture": "#1"}
			}
		},
		{
			"from": [5.5, 0, 5.5],
			"to": [6, 1, 6],
			"rotation": {"angle": 0, "axis": "y", "origin": [13, 8, 14]},
			"faces": {
				"north": {"uv": [1.5, 2.5, 2, 3.5], "texture": "#1"},
				"east": {"uv": [0, 0, 0.5, 1], "texture": "#missing"},
				"south": {"uv": [0, 0, 0.5, 1], "texture": "#missing"},
				"west": {"uv": [4, 2.5, 4.5, 3.5], "texture": "#1"},
				"up": {"uv": [4, 1.5, 4.5, 2], "texture": "#1"},
				"down": {"uv": [7, 0, 7.5, 0.5], "texture": "#1"}
			}
		},
		{
			"from": [10, 0, 10],
			"to": [10.5, 1, 10.5],
			"rotation": {"angle": 0, "axis": "y", "origin": [17, 8, 19]},
			"faces": {
				"north": {"uv": [0, 0, 0.5, 1], "texture": "#missing"},
				"east": {"uv": [7, 2.5, 7.5, 3.5], "texture": "#1"},
				"south": {"uv": [3, 3, 3.5, 4], "texture": "#1"},
				"west": {"uv": [0, 0, 0.5, 1], "texture": "#missing"},
				"up": {"uv": [4, 2, 4.5, 2.5], "texture": "#1"},
				"down": {"uv": [0, 0, 0.5, 0.5], "texture": "#1"}
			}
		},
		{
			"from": [10, 0, 5.5],
			"to": [10.5, 1, 6],
			"rotation": {"angle": 0, "axis": "y", "origin": [18, 8, 14]},
			"faces": {
				"north": {"uv": [9.5, 1.5, 10, 2.5], "texture": "#1"},
				"east": {"uv": [6, 8, 6.5, 9], "texture": "#1"},
				"south": {"uv": [0, 0, 0.5, 1], "texture": "#missing"},
				"west": {"uv": [0, 0, 0.5, 1], "texture": "#missing"},
				"up": {"uv": [3, 2, 3.5, 2.5], "texture": "#1"},
				"down": {"uv": [3.5, 2, 4, 2.5], "texture": "#1"}
			}
		},
		{
			"from": [5, 0, 6],
			"to": [5.5, 1, 10],
			"rotation": {"angle": 0, "axis": "y", "origin": [13, 8, 17]},
			"faces": {
				"north": {"uv": [4, 2, 4.5, 3], "texture": "#1"},
				"east": {"uv": [0, 0, 4, 1], "texture": "#missing"},
				"south": {"uv": [6, 2.5, 6.5, 3.5], "texture": "#1"},
				"west": {"uv": [2.5, 2, 6.5, 3], "texture": "#1"},
				"up": {"uv": [9, 1, 9.5, 5], "texture": "#1"},
				"down": {"uv": [10.5, 3, 11, 7], "texture": "#1"}
			}
		},
		{
			"from": [10.5, 0, 6],
			"to": [11, 1, 10],
			"rotation": {"angle": 0, "axis": "y", "origin": [19, 8, 17]},
			"faces": {
				"north": {"uv": [12.5, 1.5, 13, 2.5], "texture": "#1"},
				"east": {"uv": [5.5, 2.5, 9.5, 3.5], "texture": "#1"},
				"south": {"uv": [8, 9, 8.5, 10], "texture": "#1"},
				"west": {"uv": [0, 0, 4, 1], "texture": "#missing"},
				"up": {"uv": [3.5, 1, 4, 5], "texture": "#1"},
				"down": {"uv": [14.5, 1, 15, 5], "texture": "#1"}
			}
		},
		{
			"from": [6, 0, 5.5],
			"to": [10, 1, 10.5],
			"rotation": {"angle": 0, "axis": "y", "origin": [14, 8, 13]},
			"faces": {
				"north": {"uv": [0, 0, 4, 1], "texture": "#missing"},
				"east": {"uv": [0, 0, 5, 1], "texture": "#missing"},
				"south": {"uv": [0, 0, 4, 1], "texture": "#missing"},
				"west": {"uv": [0, 0, 5, 1], "texture": "#missing"},
				"up": {"uv": [2, 0, 6, 5], "texture": "#1"},
				"down": {"uv": [6.5, 0.5, 10.5, 5.5], "texture": "#1"}
			}
		},
		{
			"from": [5.5, 0, 6],
			"to": [6, 1, 10],
			"rotation": {"angle": 0, "axis": "y", "origin": [14, 8, 14]},
			"faces": {
				"north": {"uv": [0, 0, 0.5, 1], "texture": "#missing"},
				"east": {"uv": [0, 0, 4, 1], "texture": "#missing"},
				"south": {"uv": [0, 0, 0.5, 1], "texture": "#missing"},
				"west": {"uv": [0, 0, 4, 1], "texture": "#missing"},
				"up": {"uv": [8, 1.5, 8.5, 5.5], "texture": "#1"},
				"down": {"uv": [10, 7, 10.5, 11], "texture": "#1"}
			}
		},
		{
			"from": [10, 0, 6],
			"to": [10.5, 1, 10],
			"rotation": {"angle": 0, "axis": "y", "origin": [18, 8, 14]},
			"faces": {
				"north": {"uv": [0, 0, 0.5, 1], "texture": "#missing"},
				"east": {"uv": [0, 0, 4, 1], "texture": "#missing"},
				"south": {"uv": [0, 0, 0.5, 1], "texture": "#missing"},
				"west": {"uv": [0, 0, 4, 1], "texture": "#missing"},
				"up": {"uv": [4, 1, 4.5, 5], "texture": "#1"},
				"down": {"uv": [9, 1, 9.5, 5], "texture": "#1"}
			}
		},
		{
			"from": [6, 1, 6.5],
			"to": [6.5, 3, 9.5],
			"rotation": {"angle": 0, "axis": "y", "origin": [14, 9, 21]},
			"faces": {
				"north": {"uv": [9, 14, 9.5, 16], "texture": "#2"},
				"east": {"uv": [0, 0, 3, 2], "texture": "#missing"},
				"south": {"uv": [6.5, 14, 7, 16], "texture": "#2"},
				"west": {"uv": [6.5, 13.5, 9.5, 15.5], "texture": "#2"},
				"up": {"uv": [8.5, 12.5, 9, 15.5], "texture": "#2"},
				"down": {"uv": [0, 0, 0.5, 3], "texture": "#missing"}
			}
		},
		{
			"from": [9.5, 1, 6.5],
			"to": [10, 3, 9.5],
			"rotation": {"angle": 0, "axis": "y", "origin": [17, 9, 21]},
			"faces": {
				"north": {"uv": [7, 14, 7.5, 16], "texture": "#2"},
				"east": {"uv": [6, 14, 9, 16], "texture": "#2"},
				"south": {"uv": [8.5, 13, 9, 15], "texture": "#2"},
				"west": {"uv": [0, 0, 3, 2], "texture": "#missing"},
				"up": {"uv": [8.5, 12, 9, 15], "texture": "#2"},
				"down": {"uv": [0, 0, 0.5, 3], "texture": "#missing"}
			}
		},
		{
			"from": [6.5, 1, 6],
			"to": [9.5, 3, 6.5],
			"rotation": {"angle": 0, "axis": "y", "origin": [13, 9, 21]},
			"faces": {
				"north": {"uv": [7, 13.5, 10, 15.5], "texture": "#2"},
				"east": {"uv": [6.5, 10.5, 7, 12.5], "texture": "#2"},
				"south": {"uv": [0, 0, 3, 2], "texture": "#missing"},
				"west": {"uv": [8.5, 12.5, 9, 14.5], "texture": "#2"},
				"up": {"uv": [5.5, 11.5, 8.5, 12], "texture": "#2"},
				"down": {"uv": [0, 0, 3, 0.5], "texture": "#missing"}
			}
		},
		{
			"from": [6.5, 1, 9.5],
			"to": [9.5, 3, 10],
			"rotation": {"angle": 0, "axis": "y", "origin": [13, 9, 25]},
			"faces": {
				"north": {"uv": [0, 0, 3, 2], "texture": "#missing"},
				"east": {"uv": [7, 14, 7.5, 16], "texture": "#2"},
				"south": {"uv": [7, 14, 10, 16], "texture": "#2"},
				"west": {"uv": [9, 13, 9.5, 15], "texture": "#2"},
				"up": {"uv": [6, 11, 9, 11.5], "texture": "#2"},
				"down": {"uv": [0, 0, 3, 0.5], "texture": "#missing"}
			}
		},
		{
			"from": [6.5, 1, 6.5],
			"to": [9.5, 3.5, 9.5],
			"rotation": {"angle": 0, "axis": "y", "origin": [15, 10, 16]},
			"faces": {
				"north": {"uv": [6, 11, 9, 13.5], "texture": "#2"},
				"east": {"uv": [6.5, 11.5, 9.5, 14], "texture": "#2"},
				"south": {"uv": [5.5, 11.5, 8.5, 14], "texture": "#2"},
				"west": {"uv": [5.5, 11, 8.5, 13.5], "texture": "#2"},
				"up": {"uv": [6.5, 13, 9.5, 16], "texture": "#2"},
				"down": {"uv": [0, 0, 3, 3], "texture": "#missing"}
			}
		},
		{
			"from": [5.5, 2, 5.5],
			"to": [6, 2.5, 6],
			"rotation": {"angle": 0, "axis": "y", "origin": [13, 10, 14]},
			"faces": {
				"north": {"uv": [9, 4, 9.5, 4.5], "texture": "#1"},
				"east": {"uv": [0, 0, 0.5, 0.5], "texture": "#1"},
				"south": {"uv": [0, 0, 0.5, 0.5], "texture": "#1"},
				"west": {"uv": [10.5, 3, 11, 3.5], "texture": "#1"},
				"up": {"uv": [7.5, 9.5, 8, 10], "texture": "#1"},
				"down": {"uv": [0, 0, 0.5, 0.5], "texture": "#1"}
			}
		},
		{
			"from": [5.5, 2, 10],
			"to": [6, 2.5, 10.5],
			"rotation": {"angle": 0, "axis": "y", "origin": [13, 10, 19]},
			"faces": {
				"north": {"uv": [0, 0, 0.5, 0.5], "texture": "#1"},
				"east": {"uv": [0, 0, 0.5, 0.5], "texture": "#1"},
				"south": {"uv": [0, 0, 0.5, 0.5], "texture": "#1"},
				"west": {"uv": [6, 3, 6.5, 3.5], "texture": "#1"},
				"up": {"uv": [6.5, 0, 7, 0.5], "texture": "#1"},
				"down": {"uv": [0, 0, 0.5, 0.5], "texture": "#1"}
			}
		},
		{
			"from": [10, 2, 10],
			"to": [10.5, 2.5, 10.5],
			"rotation": {"angle": 0, "axis": "y", "origin": [17, 10, 19]},
			"faces": {
				"north": {"uv": [0, 0, 0.5, 0.5], "texture": "#1"},
				"east": {"uv": [8.5, 3, 9, 3.5], "texture": "#1"},
				"south": {"uv": [5.5, 3, 6, 3.5], "texture": "#1"},
				"west": {"uv": [0, 0, 0.5, 0.5], "texture": "#1"},
				"up": {"uv": [7.5, 0, 8, 0.5], "texture": "#1"},
				"down": {"uv": [0, 0, 0.5, 0.5], "texture": "#1"}
			}
		},
		{
			"from": [10.5, 2, 8.25],
			"to": [11, 2.5, 10],
			"rotation": {"angle": 0, "axis": "y", "origin": [18, 10, 19]},
			"faces": {
				"north": {"uv": [0, 0, 0.5, 0.5], "texture": "#missing"},
				"east": {"uv": [4.5, 1.5, 6.25, 2], "texture": "#1"},
				"south": {"uv": [8, 3.5, 8.5, 4], "texture": "#1"},
				"west": {"uv": [5, 1, 6.75, 1.5], "texture": "#1"},
				"up": {"uv": [10, 3, 10.5, 4.75], "texture": "#1"},
				"down": {"uv": [0, 0, 0.5, 1.75], "texture": "#1"}
			}
		},
		{
			"from": [10.5, 2, 6],
			"to": [11, 2.5, 7.75],
			"rotation": {"angle": 0, "axis": "y", "origin": [18, 10, 17]},
			"faces": {
				"north": {"uv": [6, 13, 6.5, 13.5], "texture": "#1"},
				"east": {"uv": [8.5, 8, 10.25, 8.5], "texture": "#1"},
				"south": {"uv": [0, 0, 0.5, 0.5], "texture": "#missing"},
				"west": {"uv": [1.5, 0, 3.25, 0.5], "texture": "#1"},
				"up": {"uv": [13, 2.5, 13.5, 4.25], "texture": "#1"},
				"down": {"uv": [0, 0, 0.5, 1.75], "texture": "#1"}
			}
		},
		{
			"from": [6, 2, 10.5],
			"to": [7.75, 2.5, 11],
			"rotation": {"angle": 0, "axis": "y", "origin": [14, 10, 19]},
			"faces": {
				"north": {"uv": [0, 0, 1.75, 0.5], "texture": "#1"},
				"east": {"uv": [0, 0, 0.5, 0.5], "texture": "#missing"},
				"south": {"uv": [0, 0, 1.75, 0.5], "texture": "#1"},
				"west": {"uv": [1.5, 0, 2, 0.5], "texture": "#1"},
				"up": {"uv": [4.5, 0, 6.25, 0.5], "texture": "#1"},
				"down": {"uv": [0, 0, 1.75, 0.5], "texture": "#1"}
			}
		},
		{
			"from": [8.25, 2, 10.5],
			"to": [10, 2.5, 11],
			"rotation": {"angle": 0, "axis": "y", "origin": [16, 10, 19]},
			"faces": {
				"north": {"uv": [2.5, 0, 4.25, 0.5], "texture": "#1"},
				"east": {"uv": [9.5, 3, 10, 3.5], "texture": "#1"},
				"south": {"uv": [6.5, 3.5, 8.25, 4], "texture": "#1"},
				"west": {"uv": [0, 0, 0.5, 0.5], "texture": "#missing"},
				"up": {"uv": [4.5, 0, 6.25, 0.5], "texture": "#1"},
				"down": {"uv": [0, 0, 1.75, 0.5], "texture": "#1"}
			}
		},
		{
			"from": [5, 2, 6],
			"to": [5.5, 2.5, 7.75],
			"rotation": {"angle": 0, "axis": "y", "origin": [12, 10, 15]},
			"faces": {
				"north": {"uv": [9, 4.5, 9.5, 5], "texture": "#1"},
				"east": {"uv": [0, 0, 1.75, 0.5], "texture": "#1"},
				"south": {"uv": [0, 0, 0.5, 0.5], "texture": "#missing"},
				"west": {"uv": [8.5, 3.5, 10.25, 4], "texture": "#1"},
				"up": {"uv": [9, 2.5, 9.5, 4.25], "texture": "#1"},
				"down": {"uv": [0, 0, 0.5, 1.75], "texture": "#1"}
			}
		},
		{
			"from": [5, 2, 8.25],
			"to": [5.5, 2.5, 10],
			"rotation": {"angle": 0, "axis": "y", "origin": [12, 10, 17]},
			"faces": {
				"north": {"uv": [0, 0, 0.5, 0.5], "texture": "#missing"},
				"east": {"uv": [0, 0, 1.75, 0.5], "texture": "#1"},
				"south": {"uv": [0, 0, 0.5, 0.5], "texture": "#1"},
				"west": {"uv": [7, 3.5, 8.75, 4], "texture": "#1"},
				"up": {"uv": [12.5, 2, 13, 3.75], "texture": "#1"},
				"down": {"uv": [0, 0, 0.5, 1.75], "texture": "#1"}
			}
		},
		{
			"from": [7.75, 1, 5],
			"to": [8.25, 4, 5.5],
			"rotation": {"angle": 0, "axis": "y", "origin": [15, 9, 13]},
			"faces": {
				"north": {"uv": [8.5, 1.5, 9, 4.5], "texture": "#1"},
				"east": {"uv": [0, 0, 0.5, 3], "texture": "#1"},
				"south": {"uv": [0, 0, 0.5, 3], "texture": "#1"},
				"west": {"uv": [0, 0, 0.5, 3], "texture": "#1"},
				"up": {"uv": [6.5, 1, 7, 1.5], "texture": "#1"},
				"down": {"uv": [0, 0, 0.5, 0.5], "texture": "#missing"}
			}
		},
		{
			"from": [10.5, 1, 7.75],
			"to": [11, 4, 8.25],
			"rotation": {"angle": 0, "axis": "y", "origin": [18, 9, 15]},
			"faces": {
				"north": {"uv": [0, 0, 0.5, 3], "texture": "#1"},
				"east": {"uv": [5.5, 1.5, 6, 4.5], "texture": "#1"},
				"south": {"uv": [0, 0, 0.5, 3], "texture": "#1"},
				"west": {"uv": [0, 0, 0.5, 3], "texture": "#1"},
				"up": {"uv": [9, 4, 9.5, 4.5], "texture": "#1"},
				"down": {"uv": [0, 0, 0.5, 0.5], "texture": "#missing"}
			}
		},
		{
			"from": [5, 1, 7.75],
			"to": [5.5, 4, 8.25],
			"rotation": {"angle": 0, "axis": "y", "origin": [13, 9, 15]},
			"faces": {
				"north": {"uv": [0, 0, 0.5, 3], "texture": "#1"},
				"east": {"uv": [0, 0, 0.5, 3], "texture": "#1"},
				"south": {"uv": [0, 0, 0.5, 3], "texture": "#1"},
				"west": {"uv": [5, 1.5, 5.5, 4.5], "texture": "#1"},
				"up": {"uv": [6, 0, 6.5, 0.5], "texture": "#1"},
				"down": {"uv": [0, 0, 0.5, 0.5], "texture": "#missing"}
			}
		},
		{
			"from": [7.75, 1, 10.5],
			"to": [8.25, 4, 11],
			"rotation": {"angle": 0, "axis": "y", "origin": [15, 9, 18]},
			"faces": {
				"north": {"uv": [0, 0, 0.5, 3], "texture": "#1"},
				"east": {"uv": [0, 0, 0.5, 3], "texture": "#1"},
				"south": {"uv": [7.5, 2, 8, 5], "texture": "#1"},
				"west": {"uv": [0, 0, 0.5, 3], "texture": "#1"},
				"up": {"uv": [8.5, 9, 9, 9.5], "texture": "#1"},
				"down": {"uv": [0, 0, 0.5, 0.5], "texture": "#missing"}
			}
		},
		{
			"from": [7.75, 4, 5.5],
			"to": [8.25, 4.5, 6],
			"rotation": {"angle": 0, "axis": "y", "origin": [15, 12, 14]},
			"faces": {
				"north": {"uv": [6, 2.5, 6.5, 3.5], "texture": "#1"},
				"east": {"uv": [6, 3, 6.5, 4], "texture": "#1"},
				"south": {"uv": [0, 0, 0.5, 1], "texture": "#1"},
				"west": {"uv": [8, 4, 8.5, 5], "texture": "#1"},
				"up": {"uv": [0, 0, 0.5, 0.5], "texture": "#1"},
				"down": {"uv": [0, 0, 0.5, 0.5], "texture": "#1"}
			}
		},
		{
			"from": [5.5, 4, 7.75],
			"to": [6, 4.5, 8.25],
			"rotation": {"angle": 0, "axis": "y", "origin": [13, 12, 16]},
			"faces": {
				"north": {"uv": [10, 4, 10.5, 5], "texture": "#1"},
				"east": {"uv": [0, 0, 0.5, 1], "texture": "#1"},
				"south": {"uv": [11, 3.5, 11.5, 4.5], "texture": "#1"},
				"west": {"uv": [10, 3.5, 10.5, 4.5], "texture": "#1"},
				"up": {"uv": [0, 0, 0.5, 0.5], "texture": "#1"},
				"down": {"uv": [0, 0, 0.5, 0.5], "texture": "#1"}
			}
		},
		{
			"from": [10, 4, 7.75],
			"to": [10.5, 4.5, 8.25],
			"rotation": {"angle": 0, "axis": "y", "origin": [17, 12, 16]},
			"faces": {
				"north": {"uv": [0, 0, 0.5, 1], "texture": "#1"},
				"east": {"uv": [0, 0, 1, 1], "texture": "#1"},
				"south": {"uv": [10.5, 5.5, 11, 6.5], "texture": "#1"},
				"west": {"uv": [0, 0, 0.5, 1], "texture": "#1"},
				"up": {"uv": [4, 2, 4.5, 2.5], "texture": "#1"},
				"down": {"uv": [0, 0, 0.5, 0.5], "texture": "#1"}
			}
		},
		{
			"from": [7.75, 4, 10],
			"to": [8.25, 4.5, 10.5],
			"rotation": {"angle": 0, "axis": "y", "origin": [15, 12, 18]},
			"faces": {
				"north": {"uv": [0, 0, 0.5, 1], "texture": "#1"},
				"east": {"uv": [0, 0, 0.5, 1], "texture": "#1"},
				"south": {"uv": [0, 0, 0.5, 1], "texture": "#1"},
				"west": {"uv": [9, 9.5, 9.5, 10.5], "texture": "#1"},
				"up": {"uv": [9, 3.5, 9.5, 4], "texture": "#1"},
				"down": {"uv": [0, 0, 0.5, 0.5], "texture": "#1"}
			}
		},
		{
			"from": [7.75, 4.5, 6],
			"to": [8.25, 5, 10],
			"rotation": {"angle": 0, "axis": "y", "origin": [15, 13, 14]},
			"faces": {
				"north": {"uv": [9, 3, 9.5, 3.5], "texture": "#1"},
				"east": {"uv": [0, 0, 4, 0.5], "texture": "#1"},
				"south": {"uv": [0, 0, 0.5, 0.5], "texture": "#1"},
				"west": {"uv": [3.5, 3, 7.5, 3.5], "texture": "#1"},
				"up": {"uv": [10, 1, 10.5, 5], "texture": "#1"},
				"down": {"uv": [0, 0, 0.5, 4], "texture": "#1"}
			}
		},
		{
			"from": [10, 2, 5.5],
			"to": [10.5, 2.5, 6],
			"rotation": {"angle": 0, "axis": "y", "origin": [18, 10, 14]},
			"faces": {
				"north": {"uv": [7, 11.5, 7.5, 12], "texture": "#1"},
				"east": {"uv": [6, 15, 6.5, 15.5], "texture": "#1"},
				"south": {"uv": [0, 0, 0.5, 0.5], "texture": "#1"},
				"west": {"uv": [0, 0, 0.5, 0.5], "texture": "#1"},
				"up": {"uv": [3, 0, 3.5, 0.5], "texture": "#1"},
				"down": {"uv": [0, 0, 0.5, 0.5], "texture": "#1"}
			}
		},
		{
			"from": [8.25, 4.5, 7.75],
			"to": [10, 5, 8.25],
			"rotation": {"angle": 0, "axis": "y", "origin": [18, 13, 8]},
			"faces": {
				"north": {"uv": [4.5, 2.5, 6.25, 3], "texture": "#1"},
				"east": {"uv": [7, 3.5, 7.5, 4], "texture": "#1"},
				"south": {"uv": [6.5, 3.5, 8.25, 4], "texture": "#1"},
				"west": {"uv": [0, 0, 0.5, 0.5], "texture": "#missing"},
				"up": {"uv": [4, 1.5, 5.75, 2], "texture": "#1"},
				"down": {"uv": [0, 0, 1.75, 0.5], "texture": "#1"}
			}
		},
		{
			"from": [6, 4.5, 7.75],
			"to": [7.75, 5, 8.25],
			"rotation": {"angle": 0, "axis": "y", "origin": [16, 13, 8]},
			"faces": {
				"north": {"uv": [6, 2.5, 7.75, 3], "texture": "#1"},
				"east": {"uv": [0, 0, 0.5, 0.5], "texture": "#missing"},
				"south": {"uv": [4, 2.5, 5.75, 3], "texture": "#1"},
				"west": {"uv": [11.5, 3.5, 12, 4], "texture": "#1"},
				"up": {"uv": [0, 0, 1.75, 0.5], "texture": "#1"},
				"down": {"uv": [0, 0, 1.75, 0.5], "texture": "#1"}
			}
		},
		{
			"from": [6, 2, 5],
			"to": [7.75, 2.5, 5.5],
			"rotation": {"angle": 0, "axis": "y", "origin": [14, 10, 13]},
			"faces": {
				"north": {"uv": [8.5, 3, 10.25, 3.5], "texture": "#1"},
				"east": {"uv": [0, 0, 0.5, 0.5], "texture": "#missing"},
				"south": {"uv": [0, 0, 1.75, 0.5], "texture": "#1"},
				"west": {"uv": [7.5, 4, 8, 4.5], "texture": "#1"},
				"up": {"uv": [9.5, 4, 11.25, 4.5], "texture": "#1"},
				"down": {"uv": [0, 0, 1.75, 0.5], "texture": "#1"}
			}
		},
		{
			"from": [8.25, 2, 5],
			"to": [10, 2.5, 5.5],
			"rotation": {"angle": 0, "axis": "y", "origin": [16, 10, 13]},
			"faces": {
				"north": {"uv": [5.5, 3.5, 7.25, 4], "texture": "#1"},
				"east": {"uv": [9, 13, 9.5, 13.5], "texture": "#1"},
				"south": {"uv": [0, 0, 1.75, 0.5], "texture": "#1"},
				"west": {"uv": [0, 0, 0.5, 0.5], "texture": "#missing"},
				"up": {"uv": [4.5, 2, 6.25, 2.5], "texture": "#1"},
				"down": {"uv": [0, 0, 1.75, 0.5], "texture": "#1"}
			}
		}
	],
	"groups": [
		{
			"name": "Base",
			"origin": [18, 8, 14],
			"children": [0, 1, 2, 3, 4, 5, 6, 7, 8, 9, 10]
		},
		{
			"name": "Lumière",
			"origin": [18, 8, 14],
			"children": [11, 12, 13, 14, 15, 16, 17, 18, 19, 20, 21, 22, 23, 24]
		},
		{
			"name": "Barreau",
			"origin": [15, 10, 16],
			"children": [25, 26, 27, 28, 29, 30, 31, 32, 33, 34, 35, 36]
		},
		{
			"name": "Barreaucote",
			"origin": [8, 8, 8],
			"children": [37, 38]
		}
	]
}