{
	"credit": "Made with Blockbench",
	"ambientocclusion": false,
	"textures": {
		"1": "block/hopper_outside",
		"2": "3dmodel/red_light",
		"particle": "block/anvil"
	},
	"elements": [
		{
			"from": [0, 12, 10],
			"to": [1, 12.5, 10.5],
			"rotation": {"angle": 0, "axis": "z", "origin": [8, 5, 18]},
			"faces": {
				"north": {"uv": [0, 0, 0.5, 1], "rotation": 270, "texture": "#missing"},
				"east": {"uv": [3.5, 2, 4, 2.5], "rotation": 90, "texture": "#1"},
				"south": {"uv": [9, 3, 9.5, 4], "rotation": 90, "texture": "#1"},
				"west": {"uv": [9, 3.5, 9.5, 4], "rotation": 90, "texture": "#1"},
				"up": {"uv": [3, 2, 3.5, 3], "rotation": 90, "texture": "#1"},
				"down": {"uv": [0, 0, 0.5, 1], "rotation": 90, "texture": "#missing"}
			}
		},
		{
			"from": [0, 8, 10.5],
			"to": [1, 12, 11],
			"rotation": {"angle": 0, "axis": "z", "origin": [8, 5, 18]},
			"faces": {
				"north": {"uv": [0, 0, 4, 1], "rotation": 270, "texture": "#missing"},
				"east": {"uv": [7, 3, 11, 3.5], "rotation": 90, "texture": "#1"},
				"south": {"uv": [4, 3.5, 8, 4.5], "rotation": 90, "texture": "#1"},
				"west": {"uv": [1, 0, 5, 0.5], "rotation": 90, "texture": "#1"},
				"up": {"uv": [5.5, 2, 6, 3], "rotation": 90, "texture": "#1"},
				"down": {"uv": [9, 3, 9.5, 4], "rotation": 90, "texture": "#1"}
			}
		},
		{
			"from": [0, 8, 5],
			"to": [1, 12, 5.5],
			"rotation": {"angle": 0, "axis": "z", "origin": [8, 5, 18]},
			"faces": {
				"north": {"uv": [0, 2.5, 4, 3.5], "rotation": 270, "texture": "#1"},
				"east": {"uv": [7.5, 3.5, 11.5, 4], "rotation": 90, "texture": "#1"},
				"south": {"uv": [0, 0, 4, 1], "rotation": 90, "texture": "#missing"},
				"west": {"uv": [3.5, 0, 7.5, 0.5], "rotation": 90, "texture": "#1"},
				"up": {"uv": [2.5, 2.5, 3, 3.5], "rotation": 90, "texture": "#1"},
				"down": {"uv": [9.5, 9, 10, 10], "rotation": 90, "texture": "#1"}
			}
		},
		{
			"from": [0, 12, 5.5],
			"to": [1, 12.5, 6],
			"rotation": {"angle": 0, "axis": "z", "origin": [8, 5, 18]},
			"faces": {
				"north": {"uv": [1.5, 2.5, 2, 3.5], "rotation": 270, "texture": "#1"},
				"east": {"uv": [4, 1.5, 4.5, 2], "rotation": 90, "texture": "#1"},
				"south": {"uv": [0, 0, 0.5, 1], "rotation": 90, "texture": "#missing"},
				"west": {"uv": [7, 0, 7.5, 0.5], "rotation": 90, "texture": "#1"},
				"up": {"uv": [4, 2.5, 4.5, 3.5], "rotation": 90, "texture": "#1"},
				"down": {"uv": [0, 0, 0.5, 1], "rotation": 90, "texture": "#missing"}
			}
		},
		{
			"from": [0, 7.5, 10],
			"to": [1, 8, 10.5],
			"rotation": {"angle": 0, "axis": "z", "origin": [8, 5, 18]},
			"faces": {
				"north": {"uv": [0, 0, 0.5, 1], "rotation": 270, "texture": "#missing"},
				"east": {"uv": [4, 2, 4.5, 2.5], "rotation": 90, "texture": "#1"},
				"south": {"uv": [3, 3, 3.5, 4], "rotation": 90, "texture": "#1"},
				"west": {"uv": [0, 0, 0.5, 0.5], "rotation": 90, "texture": "#1"},
				"up": {"uv": [0, 0, 0.5, 1], "rotation": 90, "texture": "#missing"},
				"down": {"uv": [7, 2.5, 7.5, 3.5], "rotation": 90, "texture": "#1"}
			}
		},
		{
			"from": [0, 7.5, 5.5],
			"to": [1, 8, 6],
			"rotation": {"angle": 0, "axis": "z", "origin": [8, 5, 18]},
			"faces": {
				"north": {"uv": [9.5, 1.5, 10, 2.5], "rotation": 270, "texture": "#1"},
				"east": {"uv": [3, 2, 3.5, 2.5], "rotation": 90, "texture": "#1"},
				"south": {"uv": [0, 0, 0.5, 1], "rotation": 90, "texture": "#missing"},
				"west": {"uv": [3.5, 2, 4, 2.5], "rotation": 90, "texture": "#1"},
				"up": {"uv": [0, 0, 0.5, 1], "rotation": 90, "texture": "#missing"},
				"down": {"uv": [6, 8, 6.5, 9], "rotation": 90, "texture": "#1"}
			}
		},
		{
			"from": [0, 12.5, 6],
			"to": [1, 13, 10],
			"rotation": {"angle": 0, "axis": "z", "origin": [8, 5, 18]},
			"faces": {
				"north": {"uv": [4, 2, 4.5, 3], "rotation": 270, "texture": "#1"},
				"east": {"uv": [9, 1, 9.5, 5], "rotation": 90, "texture": "#1"},
				"south": {"uv": [6, 2.5, 6.5, 3.5], "rotation": 90, "texture": "#1"},
				"west": {"uv": [10.5, 3, 11, 7], "rotation": 90, "texture": "#1"},
				"up": {"uv": [2.5, 2, 6.5, 3], "rotation": 90, "texture": "#1"},
				"down": {"uv": [0, 0, 4, 1], "rotation": 90, "texture": "#missing"}
			}
		},
		{
			"from": [0, 7, 6],
			"to": [1, 7.5, 10],
			"rotation": {"angle": 0, "axis": "z", "origin": [8, 5, 18]},
			"faces": {
				"north": {"uv": [12.5, 1.5, 13, 2.5], "rotation": 270, "texture": "#1"},
				"east": {"uv": [3.5, 1, 4, 5], "rotation": 90, "texture": "#1"},
				"south": {"uv": [8, 9, 8.5, 10], "rotation": 90, "texture": "#1"},
				"west": {"uv": [14.5, 1, 15, 5], "rotation": 90, "texture": "#1"},
				"up": {"uv": [0, 0, 4, 1], "rotation": 90, "texture": "#missing"},
				"down": {"uv": [5.5, 2.5, 9.5, 3.5], "rotation": 90, "texture": "#1"}
			}
		},
		{
			"from": [0, 8, 5.5],
			"to": [1, 12, 10.5],
			"rotation": {"angle": 0, "axis": "z", "origin": [8, 5, 18]},
			"faces": {
				"north": {"uv": [0, 0, 4, 1], "rotation": 270, "texture": "#missing"},
				"east": {"uv": [2, 0, 6, 5], "rotation": 90, "texture": "#1"},
				"south": {"uv": [0, 0, 4, 1], "rotation": 90, "texture": "#missing"},
				"west": {"uv": [6.5, 0.5, 10.5, 5.5], "rotation": 90, "texture": "#1"},
				"up": {"uv": [0, 0, 5, 1], "rotation": 90, "texture": "#missing"},
				"down": {"uv": [0, 0, 5, 1], "rotation": 90, "texture": "#missing"}
			}
		},
		{
			"from": [0, 12, 6],
			"to": [1, 12.5, 10],
			"rotation": {"angle": 0, "axis": "z", "origin": [8, 5, 18]},
			"faces": {
				"north": {"uv": [0, 0, 0.5, 1], "rotation": 270, "texture": "#missing"},
				"east": {"uv": [8, 1.5, 8.5, 5.5], "rotation": 90, "texture": "#1"},
				"south": {"uv": [0, 0, 0.5, 1], "rotation": 90, "texture": "#missing"},
				"west": {"uv": [10, 7, 10.5, 11], "rotation": 90, "texture": "#1"},
				"up": {"uv": [0, 0, 4, 1], "rotation": 90, "texture": "#missing"},
				"down": {"uv": [0, 0, 4, 1], "rotation": 90, "texture": "#missing"}
			}
		},
		{
			"from": [0, 7.5, 6],
			"to": [1, 8, 10],
			"rotation": {"angle": 0, "axis": "z", "origin": [8, 5, 18]},
			"faces": {
				"north": {"uv": [0, 0, 0.5, 1], "rotation": 270, "texture": "#missing"},
				"east": {"uv": [4, 1, 4.5, 5], "rotation": 90, "texture": "#1"},
				"south": {"uv": [0, 0, 0.5, 1], "rotation": 90, "texture": "#missing"},
				"west": {"uv": [9, 1, 9.5, 5], "rotation": 90, "texture": "#1"},
				"up": {"uv": [0, 0, 4, 1], "rotation": 90, "texture": "#missing"},
				"down": {"uv": [0, 0, 4, 1], "rotation": 90, "texture": "#missing"}
			}
		},
		{
			"from": [1, 11.5, 6.5],
			"to": [3, 12, 9.5],
			"rotation": {"angle": 0, "axis": "z", "origin": [8, 5, 18]},
			"faces": {
				"north": {"uv": [9, 14, 9.5, 16], "rotation": 270, "texture": "#2"},
				"east": {"uv": [8.5, 12.5, 9, 15.5], "rotation": 90, "texture": "#2"},
				"south": {"uv": [6.5, 14, 7, 16], "rotation": 90, "texture": "#2"},
				"west": {"uv": [0, 0, 0.5, 3], "rotation": 90, "texture": "#missing"},
				"up": {"uv": [6.5, 13.5, 9.5, 15.5], "rotation": 90, "texture": "#2"},
				"down": {"uv": [0, 0, 3, 2], "rotation": 90, "texture": "#missing"}
			}
		},
		{
			"from": [1, 8, 6.5],
			"to": [3, 8.5, 9.5],
			"rotation": {"angle": 0, "axis": "z", "origin": [8, 5, 18]},
			"faces": {
				"north": {"uv": [7, 14, 7.5, 16], "rotation": 270, "texture": "#2"},
				"east": {"uv": [8.5, 12, 9, 15], "rotation": 90, "texture": "#2"},
				"south": {"uv": [8.5, 13, 9, 15], "rotation": 90, "texture": "#2"},
				"west": {"uv": [0, 0, 0.5, 3], "rotation": 90, "texture": "#missing"},
				"up": {"uv": [0, 0, 3, 2], "rotation": 90, "texture": "#missing"},
				"down": {"uv": [6, 14, 9, 16], "rotation": 90, "texture": "#2"}
			}
		},
		{
			"from": [1, 8.5, 6],
			"to": [3, 11.5, 6.5],
			"rotation": {"angle": 0, "axis": "z", "origin": [8, 5, 18]},
			"faces": {
				"north": {"uv": [7, 13.5, 10, 15.5], "rotation": 270, "texture": "#2"},
				"east": {"uv": [5.5, 11.5, 8.5, 12], "rotation": 90, "texture": "#2"},
				"south": {"uv": [0, 0, 3, 2], "rotation": 90, "texture": "#missing"},
				"west": {"uv": [0, 0, 3, 0.5], "rotation": 90, "texture": "#missing"},
				"up": {"uv": [8.5, 12.5, 9, 14.5], "rotation": 90, "texture": "#2"},
				"down": {"uv": [6.5, 10.5, 7, 12.5], "rotation": 90, "texture": "#2"}
			}
		},
		{
			"from": [1, 8.5, 9.5],
			"to": [3, 11.5, 10],
			"rotation": {"angle": 0, "axis": "z", "origin": [8, 5, 18]},
			"faces": {
				"north": {"uv": [0, 0, 3, 2], "rotation": 270, "texture": "#missing"},
				"east": {"uv": [6, 11, 9, 11.5], "rotation": 90, "texture": "#2"},
				"south": {"uv": [7, 14, 10, 16], "rotation": 90, "texture": "#2"},
				"west": {"uv": [0, 0, 3, 0.5], "rotation": 90, "texture": "#missing"},
				"up": {"uv": [9, 13, 9.5, 15], "rotation": 90, "texture": "#2"},
				"down": {"uv": [7, 14, 7.5, 16], "rotation": 90, "texture": "#2"}
			}
		},
		{
			"from": [1, 8.5, 6.5],
			"to": [3.5, 11.5, 9.5],
			"rotation": {"angle": 0, "axis": "z", "origin": [8, 5, 18]},
			"faces": {
				"north": {"uv": [6, 11, 9, 13.5], "rotation": 270, "texture": "#2"},
				"east": {"uv": [6.5, 13, 9.5, 16], "rotation": 90, "texture": "#2"},
				"south": {"uv": [5.5, 11.5, 8.5, 14], "rotation": 90, "texture": "#2"},
				"west": {"uv": [0, 0, 3, 3], "rotation": 90, "texture": "#missing"},
				"up": {"uv": [5.5, 11, 8.5, 13.5], "rotation": 90, "texture": "#2"},
				"down": {"uv": [6.5, 11.5, 9.5, 14], "rotation": 90, "texture": "#2"}
			}
		},
		{
			"from": [2, 12, 5.5],
			"to": [2.5, 12.5, 6],
			"rotation": {"angle": 0, "axis": "z", "origin": [8, 5, 18]},
			"faces": {
				"north": {"uv": [9, 4, 9.5, 4.5], "rotation": 270, "texture": "#1"},
				"east": {"uv": [7.5, 9.5, 8, 10], "rotation": 90, "texture": "#1"},
				"south": {"uv": [0, 0, 0.5, 0.5], "rotation": 90, "texture": "#1"},
				"west": {"uv": [0, 0, 0.5, 0.5], "rotation": 90, "texture": "#1"},
				"up": {"uv": [10.5, 3, 11, 3.5], "rotation": 90, "texture": "#1"},
				"down": {"uv": [0, 0, 0.5, 0.5], "rotation": 90, "texture": "#1"}
			}
		},
		{
			"from": [2, 12, 10],
			"to": [2.5, 12.5, 10.5],
			"rotation": {"angle": 0, "axis": "z", "origin": [8, 5, 18]},
			"faces": {
				"north": {"uv": [0, 0, 0.5, 0.5], "rotation": 270, "texture": "#1"},
				"east": {"uv": [6.5, 0, 7, 0.5], "rotation": 90, "texture": "#1"},
				"south": {"uv": [0, 0, 0.5, 0.5], "rotation": 90, "texture": "#1"},
				"west": {"uv": [0, 0, 0.5, 0.5], "rotation": 90, "texture": "#1"},
				"up": {"uv": [6, 3, 6.5, 3.5], "rotation": 90, "texture": "#1"},
				"down": {"uv": [0, 0, 0.5, 0.5], "rotation": 90, "texture": "#1"}
			}
		},
		{
			"from": [2, 7.5, 10],
			"to": [2.5, 8, 10.5],
			"rotation": {"angle": 0, "axis": "z", "origin": [8, 5, 18]},
			"faces": {
				"north": {"uv": [0, 0, 0.5, 0.5], "rotation": 270, "texture": "#1"},
				"east": {"uv": [7.5, 0, 8, 0.5], "rotation": 90, "texture": "#1"},
				"south": {"uv": [5.5, 3, 6, 3.5], "rotation": 90, "texture": "#1"},
				"west": {"uv": [0, 0, 0.5, 0.5], "rotation": 90, "texture": "#1"},
				"up": {"uv": [0, 0, 0.5, 0.5], "rotation": 90, "texture": "#1"},
				"down": {"uv": [8.5, 3, 9, 3.5], "rotation": 90, "texture": "#1"}
			}
		},
		{
			"from": [2, 7, 8.25],
			"to": [2.5, 7.5, 10],
			"rotation": {"angle": 0, "axis": "z", "origin": [8, 5, 18]},
			"faces": {
				"north": {"uv": [0, 0, 0.5, 0.5], "rotation": 270, "texture": "#missing"},
				"east": {"uv": [10, 3, 10.5, 4.75], "rotation": 90, "texture": "#1"},
				"south": {"uv": [8, 3.5, 8.5, 4], "rotation": 90, "texture": "#1"},
				"west": {"uv": [0, 0, 0.5, 1.75], "rotation": 90, "texture": "#1"},
				"up": {"uv": [5, 1, 6.75, 1.5], "rotation": 90, "texture": "#1"},
				"down": {"uv": [4.5, 1.5, 6.25, 2], "rotation": 90, "texture": "#1"}
			}
		},
		{
			"from": [2, 7, 6],
			"to": [2.5, 7.5, 7.75],
			"rotation": {"angle": 0, "axis": "z", "origin": [8, 5, 18]},
			"faces": {
				"north": {"uv": [6, 13, 6.5, 13.5], "rotation": 270, "texture": "#1"},
				"east": {"uv": [13, 2.5, 13.5, 4.25], "rotation": 90, "texture": "#1"},
				"south": {"uv": [0, 0, 0.5, 0.5], "rotation": 90, "texture": "#missing"},
				"west": {"uv": [0, 0, 0.5, 1.75], "rotation": 90, "texture": "#1"},
				"up": {"uv": [1.5, 0, 3.25, 0.5], "rotation": 90, "texture": "#1"},
				"down": {"uv": [8.5, 8, 10.25, 8.5], "rotation": 90, "texture": "#1"}
			}
		},
		{
			"from": [2, 10.25, 10.5],
			"to": [2.5, 12, 11],
			"rotation": {"angle": 0, "axis": "z", "origin": [8, 5, 18]},
			"faces": {
				"north": {"uv": [0, 0, 1.75, 0.5], "rotation": 270, "texture": "#1"},
				"east": {"uv": [4.5, 0, 6.25, 0.5], "rotation": 90, "texture": "#1"},
				"south": {"uv": [0, 0, 1.75, 0.5], "rotation": 90, "texture": "#1"},
				"west": {"uv": [0, 0, 1.75, 0.5], "rotation": 90, "texture": "#1"},
				"up": {"uv": [1.5, 0, 2, 0.5], "rotation": 90, "texture": "#1"},
				"down": {"uv": [0, 0, 0.5, 0.5], "rotation": 90, "texture": "#missing"}
			}
		},
		{
			"from": [2, 8, 10.5],
			"to": [2.5, 9.75, 11],
			"rotation": {"angle": 0, "axis": "z", "origin": [8, 5, 18]},
			"faces": {
				"north": {"uv": [2.5, 0, 4.25, 0.5], "rotation": 270, "texture": "#1"},
				"east": {"uv": [4.5, 0, 6.25, 0.5], "rotation": 90, "texture": "#1"},
				"south": {"uv": [6.5, 3.5, 8.25, 4], "rotation": 90, "texture": "#1"},
				"west": {"uv": [0, 0, 1.75, 0.5], "rotation": 90, "texture": "#1"},
				"up": {"uv": [0, 0, 0.5, 0.5], "rotation": 90, "texture": "#missing"},
				"down": {"uv": [9.5, 3, 10, 3.5], "rotation": 90, "texture": "#1"}
			}
		},
		{
			"from": [2, 12.5, 6],
			"to": [2.5, 13, 7.75],
			"rotation": {"angle": 0, "axis": "z", "origin": [8, 5, 18]},
			"faces": {
				"north": {"uv": [9, 4.5, 9.5, 5], "rotation": 270, "texture": "#1"},
				"east": {"uv": [9, 2.5, 9.5, 4.25], "rotation": 90, "texture": "#1"},
				"south": {"uv": [0, 0, 0.5, 0.5], "rotation": 90, "texture": "#missing"},
				"west": {"uv": [0, 0, 0.5, 1.75], "rotation": 90, "texture": "#1"},
				"up": {"uv": [8.5, 3.5, 10.25, 4], "rotation": 90, "texture": "#1"},
				"down": {"uv": [0, 0, 1.75, 0.5], "rotation": 90, "texture": "#1"}
			}
		},
		{
			"from": [2, 12.5, 8.25],
			"to": [2.5, 13, 10],
			"rotation": {"angle": 0, "axis": "z", "origin": [8, 5, 18]},
			"faces": {
				"north": {"uv": [0, 0, 0.5, 0.5], "rotation": 270, "texture": "#missing"},
				"east": {"uv": [12.5, 2, 13, 3.75], "rotation": 90, "texture": "#1"},
				"south": {"uv": [0, 0, 0.5, 0.5], "rotation": 90, "texture": "#1"},
				"west": {"uv": [0, 0, 0.5, 1.75], "rotation": 90, "texture": "#1"},
				"up": {"uv": [7, 3.5, 8.75, 4], "rotation": 90, "texture": "#1"},
				"down": {"uv": [0, 0, 1.75, 0.5], "rotation": 90, "texture": "#1"}
			}
		},
		{
			"from": [1, 9.75, 5],
			"to": [4, 10.25, 5.5],
			"rotation": {"angle": 0, "axis": "z", "origin": [8, 5, 18]},
			"faces": {
				"north": {"uv": [8.5, 1.5, 9, 4.5], "rotation": 270, "texture": "#1"},
				"east": {"uv": [6.5, 1, 7, 1.5], "rotation": 90, "texture": "#1"},
				"south": {"uv": [0, 0, 0.5, 3], "rotation": 90, "texture": "#1"},
				"west": {"uv": [0, 0, 0.5, 0.5], "rotation": 90, "texture": "#missing"},
				"up": {"uv": [0, 0, 0.5, 3], "rotation": 90, "texture": "#1"},
				"down": {"uv": [0, 0, 0.5, 3], "rotation": 90, "texture": "#1"}
			}
		},
		{
			"from": [1, 7, 7.75],
			"to": [4, 7.5, 8.25],
			"rotation": {"angle": 0, "axis": "z", "origin": [8, 5, 18]},
			"faces": {
				"north": {"uv": [0, 0, 0.5, 3], "rotation": 270, "texture": "#1"},
				"east": {"uv": [9, 4, 9.5, 4.5], "rotation": 90, "texture": "#1"},
				"south": {"uv": [0, 0, 0.5, 3], "rotation": 90, "texture": "#1"},
				"west": {"uv": [0, 0, 0.5, 0.5], "rotation": 90, "texture": "#missing"},
				"up": {"uv": [0, 0, 0.5, 3], "rotation": 90, "texture": "#1"},
				"down": {"uv": [5.5, 1.5, 6, 4.5], "rotation": 90, "texture": "#1"}
			}
		},
		{
			"from": [1, 12.5, 7.75],
			"to": [4, 13, 8.25],
			"rotation": {"angle": 0, "axis": "z", "origin": [8, 5, 18]},
			"faces": {
				"north": {"uv": [0, 0, 0.5, 3], "rotation": 270, "texture": "#1"},
				"east": {"uv": [6, 0, 6.5, 0.5], "rotation": 90, "texture": "#1"},
				"south": {"uv": [0, 0, 0.5, 3], "rotation": 90, "texture": "#1"},
				"west": {"uv": [0, 0, 0.5, 0.5], "rotation": 90, "texture": "#missing"},
				"up": {"uv": [5, 1.5, 5.5, 4.5], "rotation": 90, "texture": "#1"},
				"down": {"uv": [0, 0, 0.5, 3], "rotation": 90, "texture": "#1"}
			}
		},
		{
			"from": [1, 9.75, 10.5],
			"to": [4, 10.25, 11],
			"rotation": {"angle": 0, "axis": "z", "origin": [8, 5, 18]},
			"faces": {
				"north": {"uv": [0, 0, 0.5, 3], "rotation": 270, "texture": "#1"},
				"east": {"uv": [8.5, 9, 9, 9.5], "rotation": 90, "texture": "#1"},
				"south": {"uv": [7.5, 2, 8, 5], "rotation": 90, "texture": "#1"},
				"west": {"uv": [0, 0, 0.5, 0.5], "rotation": 90, "texture": "#missing"},
				"up": {"uv": [0, 0, 0.5, 3], "rotation": 90, "texture": "#1"},
				"down": {"uv": [0, 0, 0.5, 3], "rotation": 90, "texture": "#1"}
			}
		},
		{
			"from": [4, 9.75, 5.5],
			"to": [4.5, 10.25, 6],
			"rotation": {"angle": 0, "axis": "z", "origin": [8, 5, 18]},
			"faces": {
				"north": {"uv": [6, 2.5, 6.5, 3.5], "rotation": 270, "texture": "#1"},
				"east": {"uv": [0, 0, 0.5, 0.5], "rotation": 90, "texture": "#1"},
				"south": {"uv": [0, 0, 0.5, 1], "rotation": 90, "texture": "#1"},
				"west": {"uv": [0, 0, 0.5, 0.5], "rotation": 90, "texture": "#1"},
				"up": {"uv": [8, 4, 8.5, 5], "rotation": 90, "texture": "#1"},
				"down": {"uv": [6, 3, 6.5, 4], "rotation": 90, "texture": "#1"}
			}
		},
		{
			"from": [4, 12, 7.75],
			"to": [4.5, 12.5, 8.25],
			"rotation": {"angle": 0, "axis": "z", "origin": [8, 5, 18]},
			"faces": {
				"north": {"uv": [10, 4, 10.5, 5], "rotation": 270, "texture": "#1"},
				"east": {"uv": [0, 0, 0.5, 0.5], "rotation": 90, "texture": "#1"},
				"south": {"uv": [11, 3.5, 11.5, 4.5], "rotation": 90, "texture": "#1"},
				"west": {"uv": [0, 0, 0.5, 0.5], "rotation": 90, "texture": "#1"},
				"up": {"uv": [10, 3.5, 10.5, 4.5], "rotation": 90, "texture": "#1"},
				"down": {"uv": [0, 0, 0.5, 1], "rotation": 90, "texture": "#1"}
			}
		},
		{
			"from": [4, 7.5, 7.75],
			"to": [4.5, 8, 8.25],
			"rotation": {"angle": 0, "axis": "z", "origin": [8, 5, 18]},
			"faces": {
				"north": {"uv": [0, 0, 0.5, 1], "rotation": 270, "texture": "#1"},
				"east": {"uv": [4, 2, 4.5, 2.5], "rotation": 90, "texture": "#1"},
				"south": {"uv": [10.5, 5.5, 11, 6.5], "rotation": 90, "texture": "#1"},
				"west": {"uv": [0, 0, 0.5, 0.5], "rotation": 90, "texture": "#1"},
				"up": {"uv": [0, 0, 0.5, 1], "rotation": 90, "texture": "#1"},
				"down": {"uv": [0, 0, 1, 1], "rotation": 90, "texture": "#1"}
			}
		},
		{
			"from": [4, 9.75, 10],
			"to": [4.5, 10.25, 10.5],
			"rotation": {"angle": 0, "axis": "z", "origin": [8, 5, 18]},
			"faces": {
				"north": {"uv": [0, 0, 0.5, 1], "rotation": 270, "texture": "#1"},
				"east": {"uv": [9, 3.5, 9.5, 4], "rotation": 90, "texture": "#1"},
				"south": {"uv": [0, 0, 0.5, 1], "rotation": 90, "texture": "#1"},
				"west": {"uv": [0, 0, 0.5, 0.5], "rotation": 90, "texture": "#1"},
				"up": {"uv": [9, 9.5, 9.5, 10.5], "rotation": 90, "texture": "#1"},
				"down": {"uv": [0, 0, 0.5, 1], "rotation": 90, "texture": "#1"}
			}
		},
		{
			"from": [4.5, 9.75, 6],
			"to": [5, 10.25, 10],
			"rotation": {"angle": 0, "axis": "z", "origin": [8, 5, 18]},
			"faces": {
				"north": {"uv": [9, 3, 9.5, 3.5], "rotation": 270, "texture": "#1"},
				"east": {"uv": [10, 1, 10.5, 5], "rotation": 90, "texture": "#1"},
				"south": {"uv": [0, 0, 0.5, 0.5], "rotation": 90, "texture": "#1"},
				"west": {"uv": [0, 0, 0.5, 4], "rotation": 90, "texture": "#1"},
				"up": {"uv": [3.5, 3, 7.5, 3.5], "rotation": 90, "texture": "#1"},
				"down": {"uv": [0, 0, 4, 0.5], "rotation": 90, "texture": "#1"}
			}
		},
		{
			"from": [2, 7.5, 5.5],
			"to": [2.5, 8, 6],
			"rotation": {"angle": 0, "axis": "z", "origin": [8, 5, 18]},
			"faces": {
				"north": {"uv": [7, 11.5, 7.5, 12], "rotation": 270, "texture": "#1"},
				"east": {"uv": [3, 0, 3.5, 0.5], "rotation": 90, "texture": "#1"},
				"south": {"uv": [0, 0, 0.5, 0.5], "rotation": 90, "texture": "#1"},
				"west": {"uv": [0, 0, 0.5, 0.5], "rotation": 90, "texture": "#1"},
				"up": {"uv": [0, 0, 0.5, 0.5], "rotation": 90, "texture": "#1"},
				"down": {"uv": [6, 15, 6.5, 15.5], "rotation": 90, "texture": "#1"}
			}
		},
		{
			"from": [4.5, 8, 7.75],
			"to": [5, 9.75, 8.25],
			"rotation": {"angle": 0, "axis": "z", "origin": [8, 5, 18]},
			"faces": {
				"north": {"uv": [4.5, 2.5, 6.25, 3], "rotation": 270, "texture": "#1"},
				"east": {"uv": [4, 1.5, 5.75, 2], "rotation": 90, "texture": "#1"},
				"south": {"uv": [6.5, 3.5, 8.25, 4], "rotation": 90, "texture": "#1"},
				"west": {"uv": [0, 0, 1.75, 0.5], "rotation": 90, "texture": "#1"},
				"up": {"uv": [0, 0, 0.5, 0.5], "rotation": 90, "texture": "#missing"},
				"down": {"uv": [7, 3.5, 7.5, 4], "rotation": 90, "texture": "#1"}
			}
		},
		{
			"from": [4.5, 10.25, 7.75],
			"to": [5, 12, 8.25],
			"rotation": {"angle": 0, "axis": "z", "origin": [8, 5, 18]},
			"faces": {
				"north": {"uv": [6, 2.5, 7.75, 3], "rotation": 270, "texture": "#1"},
				"east": {"uv": [0, 0, 1.75, 0.5], "rotation": 90, "texture": "#1"},
				"south": {"uv": [4, 2.5, 5.75, 3], "rotation": 90, "texture": "#1"},
				"west": {"uv": [0, 0, 1.75, 0.5], "rotation": 90, "texture": "#1"},
				"up": {"uv": [11.5, 3.5, 12, 4], "rotation": 90, "texture": "#1"},
				"down": {"uv": [0, 0, 0.5, 0.5], "rotation": 90, "texture": "#missing"}
			}
		},
		{
			"from": [2, 10.25, 5],
			"to": [2.5, 12, 5.5],
			"rotation": {"angle": 0, "axis": "z", "origin": [8, 5, 18]},
			"faces": {
				"north": {"uv": [8.5, 3, 10.25, 3.5], "rotation": 270, "texture": "#1"},
				"east": {"uv": [9.5, 4, 11.25, 4.5], "rotation": 90, "texture": "#1"},
				"south": {"uv": [0, 0, 1.75, 0.5], "rotation": 90, "texture": "#1"},
				"west": {"uv": [0, 0, 1.75, 0.5], "rotation": 90, "texture": "#1"},
				"up": {"uv": [7.5, 4, 8, 4.5], "rotation": 90, "texture": "#1"},
				"down": {"uv": [0, 0, 0.5, 0.5], "rotation": 90, "texture": "#missing"}
			}
		},
		{
			"from": [2, 8, 5],
			"to": [2.5, 9.75, 5.5],
			"rotation": {"angle": 0, "axis": "z", "origin": [8, 5, 18]},
			"faces": {
				"north": {"uv": [5.5, 3.5, 7.25, 4], "rotation": 270, "texture": "#1"},
				"east": {"uv": [4.5, 2, 6.25, 2.5], "rotation": 90, "texture": "#1"},
				"south": {"uv": [0, 0, 1.75, 0.5], "rotation": 90, "texture": "#1"},
				"west": {"uv": [0, 0, 1.75, 0.5], "rotation": 90, "texture": "#1"},
				"up": {"uv": [0, 0, 0.5, 0.5], "rotation": 90, "texture": "#missing"},
				"down": {"uv": [9, 13, 9.5, 13.5], "rotation": 90, "texture": "#1"}
			}
		}
	],
	"groups": [
		{
			"name": "ALL",
			"origin": [8, 8, 8],
			"children": [
				{
					"name": "Base",
					"origin": [18, 8, 14],
					"children": [0, 1, 2, 3, 4, 5, 6, 7, 8, 9, 10]
				},
				{
					"name": "Lumière",
					"origin": [18, 8, 14],
					"children": [11, 12, 13, 14, 15, 16, 17, 18, 19, 20, 21, 22, 23, 24]
				},
				{
					"name": "Barreau",
					"origin": [15, 10, 16],
					"children": [25, 26, 27, 28, 29, 30, 31, 32, 33, 34, 35, 36]
				},
				{
					"name": "Barreaucote",
					"origin": [8, 8, 8],
					"children": [37, 38]
				}
			]
		}
	]
}