{
	"credit": "Made with Blockbench",
	"ambientocclusion": false,
        "textures": {
		"1": "block/stalagtite_1",
		"texture": "block/stone",
		"particle": "block/stone"
	},
	"elements": [
		{
			"from": [0, 0, 0],
			"to": [16, 16, 16],
			"faces": {
				"north": {"uv": [0, 0, 16, 16], "texture": "#texture", "cullface": "north"},
				"east": {"uv": [0, 0, 16, 16], "texture": "#texture", "cullface": "east"},
				"south": {"uv": [0, 0, 16, 16], "texture": "#texture", "cullface": "south"},
				"west": {"uv": [0, 0, 16, 16], "texture": "#texture", "cullface": "west"},
				"up": {"uv": [0, 0, 16, 16], "texture": "#texture", "cullface": "up"},
				"down": {"uv": [16, 16, 0, 0], "texture": "#texture", "cullface": "down"}
			}
		},
		{
			"from": [2, -0.5, 7],
			"to": [4, 0, 11],
			"shade": false,
			"faces": {
				"north": {"uv": [2.5, 0, 4.5, 0.5], "texture": "#1", "cullface": "down"},
				"east": {"uv": [6, 0, 10, 0.5], "texture": "#1", "cullface": "down"},
				"south": {"uv": [7.5, 5, 9.5, 5.5], "texture": "#1", "cullface": "down"},
				"west": {"uv": [6.5, 0, 10.5, 0.5], "texture": "#1", "cullface": "down"},
				"down": {"uv": [6.5, 0.5, 8.5, 4.5], "texture": "#1", "cullface": "down"}
			}
		},
		{
			"from": [4, -0.5, 8],
			"to": [4.5, 0, 10.5],
			"shade": false,
			"faces": {
				"north": {"uv": [7.5, 12, 8, 12.5], "texture": "#1", "cullface": "down"},
				"east": {"uv": [7, 5.5, 9.5, 6], "texture": "#1", "cullface": "down"},
				"south": {"uv": [12.5, 0.5, 13, 1], "texture": "#1", "cullface": "down"}
			}
		},
		{
			"from": [2, -3, 8],
			"to": [4.5, -0.5, 10.5],
			"shade": false,
			"faces": {
				"north": {"uv": [7, 4, 9.5, 6], "texture": "#1", "cullface": "down"},
				"east": {"uv": [7.5, 3, 10, 5.5], "texture": "#1", "cullface": "down"},
				"south": {"uv": [7, 3, 9.5, 5.5], "texture": "#1", "cullface": "down"},
				"west": {"uv": [7, 3.5, 9.5, 6], "texture": "#1", "cullface": "down"},
				"up": {"uv": [7, 4.5, 9.5, 7], "texture": "#1", "cullface": "down"},
				"down": {"uv": [7.5, 0, 10, 2.5], "texture": "#1", "cullface": "down"}
			}
		},
		{
			"from": [2, -1.5, 10.5],
			"to": [3.5, -0.5, 11],
			"shade": false,
			"faces": {
				"east": {"uv": [8.5, 4, 9, 5], "texture": "#1", "cullface": "down"},
				"south": {"uv": [7.5, 4.5, 9, 5.5], "texture": "#1", "cullface": "down"},
				"west": {"uv": [8, 4, 8.5, 5], "texture": "#1", "cullface": "down"},
				"down": {"uv": [7, 6.5, 8.5, 7], "texture": "#1", "cullface": "down"}
			}
		},
		{
			"from": [4.5, -2, 8.5],
			"to": [5, -1, 10],
			"shade": false,
			"faces": {
				"north": {"uv": [8, 9.5, 8.5, 9.5], "texture": "#1", "cullface": "down"},
				"east": {"uv": [7, 2, 8.5, 2], "texture": "#1", "cullface": "down"},
				"south": {"uv": [3, 0.5, 3.5, 0.5], "texture": "#1", "cullface": "down"},
				"down": {"uv": [9, 8, 8.5, 6.5], "texture": "#1", "cullface": "down"}
			}
		},
		{
			"from": [1.5, -1.5, 8],
			"to": [2, 0, 10.5],
			"shade": false,
			"faces": {
				"north": {"uv": [3, 1, 3.5, 2.5], "texture": "#1", "cullface": "down"},
				"east": {"uv": [6.5, 1.5, 9, 3], "texture": "#1", "cullface": "down"},
				"south": {"uv": [8.5, 4.5, 9, 6], "texture": "#1", "cullface": "down"},
				"west": {"uv": [7, 4, 9.5, 5.5], "texture": "#1", "cullface": "down"},
				"down": {"uv": [9, 3, 9.5, 5.5], "texture": "#1", "cullface": "down"}
			}
		},
		{
			"from": [4.5, -2.5, 8.5],
			"to": [5, -2, 9.5],
			"shade": false,
			"faces": {
				"north": {"uv": [8, 11.5, 8.5, 11.5], "texture": "#1", "cullface": "down"},
				"east": {"uv": [7.5, 11.5, 8.5, 11.5], "texture": "#1", "cullface": "down"},
				"south": {"uv": [7.5, 2, 8, 2], "texture": "#1", "cullface": "down"},
				"down": {"uv": [13, 1.5, 12.5, 0.5], "texture": "#1", "cullface": "down"}
			}
		},
		{
			"from": [1.5, -2, 9.5],
			"to": [2, -1.5, 10.5],
			"shade": false,
			"faces": {
				"north": {"uv": [8, 11.5, 8.5, 12], "texture": "#1", "cullface": "down"},
				"south": {"uv": [8, 6.5, 8.5, 7], "texture": "#1", "cullface": "down"},
				"west": {"uv": [9, 1.5, 10, 2], "texture": "#1", "cullface": "down"},
				"down": {"uv": [12.5, 0, 13, 1], "texture": "#1", "cullface": "down"}
			}
		},
		{
			"from": [2, -2, 10.5],
			"to": [3, -1.5, 11],
			"shade": false,
			"faces": {
				"east": {"uv": [8, 8, 8.5, 8.5], "texture": "#1", "cullface": "down"},
				"south": {"uv": [3, 2, 4, 2.5], "texture": "#1", "cullface": "down"},
				"west": {"uv": [7.5, 2, 8, 2.5], "texture": "#1", "cullface": "down"},
				"down": {"uv": [8, 7, 9, 7.5], "texture": "#1", "cullface": "down"}
			}
		},
		{
			"from": [2.5, -2.5, 10.5],
			"to": [3, -2, 11],
			"shade": false,
			"faces": {
				"east": {"uv": [8.5, 5, 9, 5.5], "texture": "#1", "cullface": "down"},
				"south": {"uv": [7.5, 7.5, 8, 8], "texture": "#1", "cullface": "down"},
				"west": {"uv": [8, 7, 8.5, 7.5], "texture": "#1", "cullface": "down"},
				"down": {"uv": [7.5, 5, 8, 5.5], "texture": "#1", "cullface": "down"}
			}
		},
		{
			"from": [2.5, -1, 7.5],
			"to": [3.5, -0.5, 8],
			"shade": false,
			"faces": {
				"north": {"uv": [12.5, 0.5, 13.5, 0.5], "texture": "#1", "cullface": "down"},
				"west": {"uv": [7.5, 2.5, 8, 2.5], "texture": "#1", "cullface": "down"},
				"down": {"uv": [1.5, 0.5, 0.5, 0], "texture": "#1", "cullface": "down"}
			}
		},
		{
			"from": [3, -2, 7.5],
			"to": [3.5, -1, 8],
			"shade": false,
			"faces": {
				"north": {"uv": [8, 0, 8.5, 0], "texture": "#1", "cullface": "down"},
				"east": {"uv": [3.5, 0.5, 4, 0.5], "texture": "#1", "cullface": "down"},
				"west": {"uv": [3, 0.5, 3.5, 0.5], "texture": "#1", "cullface": "down"},
				"down": {"uv": [8.5, 7, 8, 6.5], "texture": "#1", "cullface": "down"}
			}
		},
		{
			"from": [2, -3.5, 8.5],
			"to": [4.5, -3, 10],
			"shade": false,
			"faces": {
				"north": {"uv": [2, 0, 4.5, 0.5], "texture": "#1", "cullface": "down"},
				"east": {"uv": [8, 4.5, 9.5, 5], "texture": "#1", "cullface": "down"},
				"south": {"uv": [6.5, 0, 9, 0.5], "texture": "#1", "cullface": "down"},
				"west": {"uv": [7.5, 7, 9, 7.5], "texture": "#1", "cullface": "down"},
				"down": {"uv": [6.5, 1.5, 9, 3], "texture": "#1", "cullface": "down"}
			}
		},
		{
			"from": [3.5, -1, 7.5],
			"to": [5, 0, 10],
			"shade": false,
			"faces": {
				"north": {"uv": [8.5, 1, 10, 2.5], "texture": "#1", "cullface": "down"},
				"east": {"uv": [7, 5, 9.5, 6], "texture": "#1", "cullface": "down"},
				"south": {"uv": [8, 4, 9.5, 5], "texture": "#1", "cullface": "down"},
				"west": {"uv": [6.5, 0, 9, 1], "texture": "#1", "cullface": "down"},
				"down": {"uv": [7, 5, 8.5, 7.5], "texture": "#1", "cullface": "down"}
			}
		},
		{
			"from": [2.5, -4, 8],
			"to": [4, -3, 10.5],
			"shade": false,
			"faces": {
				"north": {"uv": [7, 4, 8.5, 5], "texture": "#1", "cullface": "down"},
				"east": {"uv": [7, 5, 9.5, 6], "texture": "#1", "cullface": "down"},
				"south": {"uv": [7.5, 4, 8.5, 5], "texture": "#1", "cullface": "down"},
				"west": {"uv": [7, 4.5, 9.5, 5.5], "texture": "#1", "cullface": "down"},
				"up": {"uv": [0, 0, 0, 0], "texture": "#1"},
				"down": {"uv": [7.5, 3.5, 9, 6], "texture": "#1", "cullface": "down"}
			}
		},
		{
			"from": [4, -4, 9],
			"to": [4.5, -3.5, 10],
			"shade": false,
			"faces": {
				"north": {"uv": [8, 4.5, 9, 6], "texture": "#1", "cullface": "down"},
				"east": {"uv": [3, 1, 4, 1], "texture": "#1", "cullface": "down"},
				"south": {"uv": [8.5, 6.5, 9, 6.5], "texture": "#1", "cullface": "down"},
				"down": {"uv": [8.5, 3, 8, 2], "texture": "#1", "cullface": "down"}
			}
		},
		{
			"from": [2.5, -5, 8.5],
			"to": [4, -4, 10],
			"shade": false,
			"faces": {
				"north": {"uv": [7, 5.5, 8.5, 6.5], "texture": "#1", "cullface": "down"},
				"east": {"uv": [6.5, 2, 8, 3], "texture": "#1", "cullface": "down"},
				"south": {"uv": [2.5, 0, 4, 1], "texture": "#1", "cullface": "down"},
				"west": {"uv": [8, 5, 9.5, 6], "texture": "#1", "cullface": "down"},
				"down": {"uv": [7, 5, 8.5, 6.5], "texture": "#1", "cullface": "down"}
			}
		},
		{
			"from": [2, -4.5, 9],
			"to": [2.5, -3.5, 9.5],
			"shade": false,
			"faces": {
				"north": {"uv": [8.5, 5.5, 9, 5.5], "texture": "#1", "cullface": "down"},
				"east": {"uv": [12.5, 0, 13, 0.5], "texture": "#1", "cullface": "down"},
				"south": {"uv": [8.5, 8, 9, 8], "texture": "#1", "cullface": "down"},
				"west": {"uv": [9, 3.5, 9.5, 3.5], "texture": "#1", "cullface": "down"},
				"down": {"uv": [8, 12.5, 7.5, 12], "texture": "#1", "cullface": "down"}
			}
		},
		{
			"from": [2, -4, 8.5],
			"to": [2.5, -3.5, 9],
			"shade": false,
			"faces": {
				"north": {"uv": [0.5, 0.5, 1, 1], "texture": "#1", "cullface": "down"},
				"west": {"uv": [3, 4, 3.5, 4.5], "texture": "#1", "cullface": "down"},
				"down": {"uv": [8, 7, 8.5, 7.5], "texture": "#1", "cullface": "down"}
			}
		},
		{
			"from": [2.5, -6, 8.5],
			"to": [3.5, -5, 9.5],
			"shade": false,
			"faces": {
				"north": {"uv": [7.5, 8, 8.5, 9], "texture": "#1", "cullface": "down"},
				"east": {"uv": [8, 5.5, 9, 6.5], "texture": "#1", "cullface": "down"},
				"south": {"uv": [8, 4.5, 9, 5.5], "texture": "#1", "cullface": "down"},
				"west": {"uv": [7.5, 3.5, 9, 5], "texture": "#1", "cullface": "down"},
				"down": {"uv": [7.5, 4, 9, 5.5], "texture": "#1", "cullface": "down"}
			}
		},
		{
			"from": [3, -7, 9],
			"to": [3.5, -6, 9.5],
			"shade": false,
			"faces": {
				"north": {"uv": [7.5, 12.5, 8, 13.5], "texture": "#1", "cullface": "down"},
				"east": {"uv": [7, 2, 7.5, 3], "texture": "#1", "cullface": "down"},
				"south": {"uv": [7.5, 12.5, 8, 13.5], "texture": "#1", "cullface": "down"},
				"west": {"uv": [7.5, 12, 8, 13], "texture": "#1", "cullface": "down"},
				"down": {"uv": [7.5, 11, 8, 11.5], "texture": "#1", "cullface": "down"}
			}
		},
		{
			"from": [3, -6, 9.5],
			"to": [3.5, -5, 10],
			"shade": false,
			"faces": {
				"north": {"uv": [0, 0, 0, 0], "texture": "#1"},
				"east": {"uv": [8, 4.5, 8.5, 6], "texture": "#1", "cullface": "down"},
				"south": {"uv": [7.5, 4, 8, 6.5], "texture": "#1", "cullface": "down"},
				"west": {"uv": [9, 1, 9.5, 2], "texture": "#1", "cullface": "down"},
				"down": {"uv": [8, 4.5, 9, 6], "texture": "#1", "cullface": "down"}
			}
		},
		{
			"from": [3.5, -6.5, 9],
			"to": [4, -5, 9.5],
			"shade": false,
			"faces": {
				"north": {"uv": [7.5, 11.5, 8, 13], "texture": "#1", "cullface": "down"},
				"east": {"uv": [7.5, 6, 8, 7.5], "texture": "#1", "cullface": "down"},
				"south": {"uv": [9.5, 1.5, 10, 3], "texture": "#1", "cullface": "down"},
				"west": {"uv": [12.5, 0, 13, 1.5], "texture": "#1", "cullface": "down"},
				"down": {"uv": [3, 0.5, 3.5, 1], "texture": "#1", "cullface": "down"}
			}
		}
	]
}