{
"ambientocclusion": false,
"textures": {
    "particle": "block/dirt",
    "top": "block/grass_block_top",
    "side": "block/grass_block_side",
    "overlay": "block/grass_block_side_overlay",
    "dirt": "block/dirt",
    "stone": "block/stone"
},
"elements": [ 
{
    "from": [ 0, 0, 0 ],
    "to": [ 16, 16, 16 ],
    "faces": {
        "down":  { "uv": [ 0, 0, 16, 16 ], "texture": "#dirt", "cullface": "down" },
        "up":    { "uv": [ 0, 0, 16, 16 ], "texture": "#top", "tintindex": 0, "cullface": "up" },
        "north": { "uv": [ 0, 0, 16, 16 ], "texture": "#side", "cullface": "north" },
        "south": { "uv": [ 0, 0, 16, 16 ], "texture": "#side", "cullface": "south" },
        "west":  { "uv": [ 0, 0, 16, 16 ], "texture": "#side", "cullface": "west" },
        "east":  { "uv": [ 0, 0, 16, 16 ], "texture": "#side", "cullface": "east" }
    }
},
{
    "from": [ 0, 0, 0 ],
    "to": [ 16, 16, 16 ],
    "faces": {
        "north": { "uv": [ 0, 0, 16, 16 ], "texture": "#overlay", "tintindex": 0 },
        "south": { "uv": [ 0, 0, 16, 16 ], "texture": "#overlay", "tintindex": 0, "cullface": "south" },
        "west":  { "uv": [ 0, 0, 16, 16 ], "texture": "#overlay", "tintindex": 0, "cullface": "west" },
        "east":  { "uv": [ 0, 0, 16, 16 ], "texture": "#overlay", "tintindex": 0, "cullface": "east" }
    }
},
{
    "__comment": "Stone",
    "from": [ 11.5, 16.5, 1.5 ],
    "to": [ 14.5, 17, 3.5 ],
    "shade": false,
    "faces": {
        "down":  { "uv": [ 9, 4.5, 12, 6.5 ], "texture": "#stone" },
        "up":    { "uv": [ 9, 4.5, 12, 6.5 ], "texture": "#stone" },
        "north": { "uv": [ 9, 4.5, 12, 5.5 ], "texture": "#stone" },
        "south": { "uv": [ 9, 6, 12, 7 ], "texture": "#stone" },
        "west":  { "uv": [ 10, 5, 12, 6 ], "texture": "#stone" },
        "east":  { "uv": [ 9.5, 4.5, 11.5, 5.5 ], "texture": "#stone" }
    }
},
{
    "__comment": "Stone",
    "from": [ 11.5, 16, 1 ],
    "to": [ 14.5, 16.5, 4.5 ],
    "shade": false,
    "faces": {
        "down":  { "uv": [ 9, 3.5, 12, 7 ], "texture": "#stone" },
        "up":    { "uv": [ 9, 3.5, 12, 7 ], "texture": "#stone" },
        "north": { "uv": [ 9, 3.5, 12, 4 ], "texture": "#stone" },
        "south": { "uv": [ 10, 5.5, 13, 6 ], "texture": "#stone" },
        "west":  { "uv": [ 8.5, 5, 12, 5.5 ], "texture": "#stone" },
        "east":  { "uv": [ 9, 6, 12.5, 6.5 ], "texture": "#stone" }
    }
},
{
    "__comment": "Stone",
    "from": [ 12, 16, 4.5 ],
    "to": [ 14.5, 16.5, 5 ],
    "shade": false,
    "faces": {
        "down":  { "uv": [ 9.5, 7, 12, 7.5 ], "texture": "#stone" },
        "up":    { "uv": [ 9.5, 7, 12, 7.5 ], "texture": "#stone" },
        "north": { "uv": [ 9.5, 3.5, 12, 4 ], "texture": "#stone" },
        "south": { "uv": [ 9.5, 6.5, 12, 7 ], "texture": "#stone" },
        "west":  { "uv": [ 11, 3.5, 11.5, 4 ], "texture": "#stone" },
        "east":  { "uv": [ 11, 3.5, 11.5, 4 ], "texture": "#stone" }
    }
},
{
    "__comment": "Stone",
    "from": [ 12, 16.5, 3.5 ],
    "to": [ 14.5, 17, 4 ],
    "shade": false,
    "faces": {
        "down":  { "uv": [ 9.5, 6.5, 12, 7 ], "texture": "#stone" },
        "up":    { "uv": [ 9.5, 6.5, 12, 7 ], "texture": "#stone" },
        "north": { "uv": [ 9.5, 6.5, 12, 7 ], "texture": "#stone" },
        "south": { "uv": [ 9.5, 6.5, 12, 7 ], "texture": "#stone" },
        "west":  { "uv": [ 11, 6.5, 11.5, 7 ], "texture": "#stone" },
        "east":  { "uv": [ 10, 6.5, 10.5, 7 ], "texture": "#stone" }
    }
},
{
    "__comment": "Stone",
    "from": [ 14.5, 16, 2.5 ],
    "to": [ 15, 16.5, 4.5 ],
    "shade": false,
    "faces": {
        "down":  { "uv": [ 12, 5, 12.5, 7 ], "texture": "#stone" },
        "up":    { "uv": [ 12, 5, 12.5, 7 ], "texture": "#stone" },
        "north": { "uv": [ 12, 5, 12.5, 5.5 ], "texture": "#stone" },
        "south": { "uv": [ 12, 6.5, 12.5, 7 ], "texture": "#stone" },
        "west":  { "uv": [ 9, 6, 11, 6.5 ], "texture": "#stone" },
        "east":  { "uv": [ 9.5, 6, 11.5, 6.5 ], "texture": "#stone" }
    }
},
{
    "__comment": "Stone",
    "from": [ 14.5, 16, 2.5 ],
    "to": [ 15, 16.5, 4.5 ],
    "shade": false,
    "faces": {
        "down":  { "uv": [ 12, 5, 12.5, 7 ], "texture": "#stone" },
        "up":    { "uv": [ 12, 5, 12.5, 7 ], "texture": "#stone" },
        "north": { "uv": [ 12, 5, 12.5, 5.5 ], "texture": "#stone" },
        "south": { "uv": [ 12, 6.5, 12.5, 7 ], "texture": "#stone" },
        "west":  { "uv": [ 9, 6, 11, 6.5 ], "texture": "#stone" },
        "east":  { "uv": [ 9.5, 6, 11.5, 6.5 ], "texture": "#stone" }
    }
},
{
    "__comment": "Stone",
    "from": [ 11, 16, 1.5 ],
    "to": [ 11.5, 16.5, 4 ],
    "shade": false,
    "faces": {
        "down":  { "uv": [ 8.5, 4, 9, 6.5 ], "texture": "#stone" },
        "up":    { "uv": [ 8.5, 4, 9, 6.5 ], "texture": "#stone" },
        "north": { "uv": [ 8.5, 4, 9, 4.5 ], "texture": "#stone" },
        "south": { "uv": [ 8.5, 6, 9, 6.5 ], "texture": "#stone" },
        "west":  { "uv": [ 12.5, 3.5, 15, 4 ], "texture": "#stone" },
        "east":  { "uv": [ 13, 3.5, 15.5, 4 ], "texture": "#stone" }
    }
},
{
    "from": [ 10, 16, 5 ],
    "to": [ 11, 16.5, 6 ],
    "faces": {
        "down":  { "uv": [ 5, 9.5, 6, 10.5 ], "texture": "#stone" },
        "up":    { "uv": [ 4.5, 9.5, 5.5, 10.5 ], "texture": "#stone" },
        "north": { "uv": [ 5, 9.5, 6, 10 ], "texture": "#stone" },
        "south": { "uv": [ 5, 9.5, 6, 10 ], "texture": "#stone" },
        "west":  { "uv": [ 6, 0, 7, 0.5 ], "texture": "#stone" },
        "east":  { "uv": [ 6.5, 0, 7.5, 0.5 ], "texture": "#stone" }
    }
}
]
}