{
	"credit": "Made with Blockbench (TEiEN pack)",
	"textures": {
		"2": "block/guard_rail",
		"particle": "block/guard_rail"
	},
	"elements": [
		{
			"from": [11, 10, 12],
			"to": [12, 16, 16],
			"faces": {
				"north": {"uv": [15, 1, 16, 7], "texture": "#2"},
				"east": {"uv": [15, 1, 11, 7], "texture": "#2"},
				"west": {"uv": [11, 1, 15, 7], "texture": "#2"},
				"up": {"uv": [16, 1, 12, 0], "rotation": 270, "texture": "#2"},
				"down": {"uv": [16, 0, 12, 1], "rotation": 90, "texture": "#2"}
			}
		},
		{
			"from": [0, 10, 11],
			"to": [4, 16, 12],
			"faces": {
				"north": {"uv": [11, 1, 15, 7], "texture": "#2"},
				"east": {"uv": [15, 1, 16, 7], "texture": "#2"},
				"south": {"uv": [15, 1, 11, 7], "texture": "#2"},
				"up": {"uv": [16, 1, 12, 0], "texture": "#2"},
				"down": {"uv": [16, 0, 12, 1], "texture": "#2"}
			}
		},
		{
			"from": [12, 10, 11],
			"to": [16, 16, 12],
			"faces": {
				"north": {"uv": [15, 1, 11, 7], "texture": "#2"},
				"south": {"uv": [11, 1, 15, 7], "texture": "#2"},
				"west": {"uv": [15, 1, 16, 7], "texture": "#2"},
				"up": {"uv": [12, 1, 16, 0], "texture": "#2"},
				"down": {"uv": [12, 0, 16, 1], "texture": "#2"}
			}
		},
		{
			"from": [4, 10, 12],
			"to": [5, 16, 16],
			"faces": {
				"north": {"uv": [15, 1, 16, 7], "texture": "#2"},
				"east": {"uv": [15, 1, 11, 7], "texture": "#2"},
				"west": {"uv": [11, 1, 15, 7], "texture": "#2"},
				"up": {"uv": [16, 1, 12, 0], "rotation": 270, "texture": "#2"},
				"down": {"uv": [16, 0, 12, 1], "rotation": 90, "texture": "#2"}
			}
		},
		{
			"from": [0, 10, 4],
			"to": [16, 16, 5],
			"faces": {
				"north": {"uv": [0, 10, 16, 16], "texture": "#2"},
				"south": {"uv": [0, 10, 16, 16], "texture": "#2"},
				"up": {"uv": [16, 10, 0, 9], "texture": "#2"},
				"down": {"uv": [16, 9, 0, 10], "texture": "#2"}
			}
		},
		{
			"from": [4, 12, 10],
			"to": [12, 14, 12],
			"faces": {
				"north": {"uv": [8, 7, 16, 9], "texture": "#2"},
				"east": {"uv": [2, 0, 4, 2], "texture": "#2"},
				"south": {"uv": [8, 7, 16, 9], "texture": "#2"},
				"west": {"uv": [2, 0, 4, 2], "texture": "#2"},
				"up": {"uv": [0, 8, 2, 0], "rotation": 270, "texture": "#2"},
				"down": {"uv": [2, 0, 0, 8], "rotation": 90, "texture": "#2"}
			}
		},
		{
			"from": [7, 12, 5],
			"to": [9, 14, 10],
			"faces": {
				"east": {"uv": [11, 7, 16, 9], "texture": "#2"},
				"west": {"uv": [11, 7, 16, 9], "texture": "#2"},
				"up": {"uv": [2, 0, 0, 5], "texture": "#2"},
				"down": {"uv": [2, 0, 0, 5], "texture": "#2"}
			}
		}
	],
	"groups": [
		{
			"name": "T",
			"origin": [8, 8, 8],
			"children": [0, 1, 2, 3, 4, 5, 6]
		}
	]
}