{
	"credit": "Made with Blockbench (TEiEN pack)",
	"textures": {
		"texture": "block/guard_rail",
		"particle": "block/guard_rail"
	},
	"elements": [
		{
			"from": [7, 0, 7],
			"to": [9, 12, 9],
			"faces": {
				"north": {"uv": [4, 7, 16, 9], "rotation": 90, "texture": "#particle"},
				"east": {"uv": [16, 9, 4, 7], "rotation": 90, "texture": "#particle"},
				"south": {"uv": [4, 7, 16, 9], "rotation": 90, "texture": "#particle"},
				"west": {"uv": [16, 9, 4, 7], "rotation": 90, "texture": "#particle"}
			}
		},
		{
			"from": [7, -2, 7],
			"to": [9, 0, 9],
			"faces": {
				"north": {"uv": [9, 7, 11, 9], "rotation": 90, "texture": "#particle"},
				"east": {"uv": [11, 9, 9, 7], "rotation": 90, "texture": "#particle"},
				"south": {"uv": [11, 7, 13, 9], "rotation": 90, "texture": "#particle"},
				"west": {"uv": [12, 9, 10, 7], "rotation": 90, "texture": "#particle"},
				"down": {"uv": [2, 0, 4, 2], "texture": "#particle"}
			}
		}
	]
}