{
	"credit": "Made with Blockbench (TEiEN pack)",
	"textures": {
		"2": "block/guard_rail",
		"particle": "block/guard_rail"
	},
	"elements": [
		{
			"from": [0, 10, 4],
			"to": [16, 16, 5],
			"faces": {
				"north": {"uv": [0, 10, 16, 16], "texture": "#2"},
				"south": {"uv": [0, 10, 16, 16], "texture": "#2"},
				"up": {"uv": [16, 10, 0, 9], "texture": "#2"},
				"down": {"uv": [16, 9, 0, 10], "texture": "#2"}
			}
		},
		{
			"from": [0, 10, 11],
			"to": [16, 16, 12],
			"faces": {
				"north": {"uv": [0, 10, 16, 16], "texture": "#2"},
				"south": {"uv": [0, 10, 16, 16], "texture": "#2"},
				"up": {"uv": [16, 10, 0, 9], "rotation": 180, "texture": "#2"},
				"down": {"uv": [16, 9, 0, 10], "rotation": 180, "texture": "#2"}
			}
		},
		{
			"from": [7, 12, 5],
			"to": [9, 14, 11],
			"faces": {
				"east": {"uv": [10, 7, 16, 9], "texture": "#2"},
				"west": {"uv": [10, 7, 16, 9], "texture": "#2"},
				"up": {"uv": [2, 0, 0, 6], "texture": "#2"},
				"down": {"uv": [2, 0, 0, 6], "texture": "#2"}
			}
		}
	],
	"groups": [
		{
			"name": "T",
			"origin": [8, 8, 8],
			"children": [0, 1, 2]
		}
	]
}