{
	"credit": "Made with Blockbench (TEiEN pack)",
	"textures": {
		"2": "block/guard_rail",
		"particle": "block/guard_rail"
	},
	"elements": [
		{
			"from": [11, 10, 5],
			"to": [12, 16, 11],
			"faces": {
				"north": {"uv": [15, 1, 16, 7], "texture": "#2"},
				"east": {"uv": [4, 1, 10, 7], "texture": "#2"},
				"south": {"uv": [15, 1, 16, 7], "texture": "#2"},
				"west": {"uv": [4, 1, 10, 7], "texture": "#2"},
				"up": {"uv": [3, 2, 4, 8], "rotation": 180, "texture": "#2"},
				"down": {"uv": [3, 3, 4, 9], "rotation": 180, "texture": "#2"}
			}
		},
		{
			"from": [4, 10, 5],
			"to": [5, 16, 11],
			"faces": {
				"north": {"uv": [15, 1, 16, 7], "texture": "#2"},
				"east": {"uv": [4, 1, 10, 7], "texture": "#2"},
				"south": {"uv": [15, 1, 16, 7], "texture": "#2"},
				"west": {"uv": [4, 1, 10, 7], "texture": "#2"},
				"up": {"uv": [3, 2, 4, 8], "texture": "#2"},
				"down": {"uv": [3, 3, 4, 9], "texture": "#2"}
			}
		},
		{
			"from": [5, 10, 4],
			"to": [11, 16, 5],
			"faces": {
				"north": {"uv": [5, 10, 11, 16], "texture": "#2"},
				"east": {"uv": [15, 1, 16, 7], "texture": "#2"},
				"south": {"uv": [5, 10, 11, 16], "texture": "#2"},
				"west": {"uv": [15, 1, 16, 7], "texture": "#2"},
				"up": {"uv": [3, 2, 4, 8], "rotation": 90, "texture": "#2"},
				"down": {"uv": [3, 2, 4, 8], "rotation": 270, "texture": "#2"}
			}
		},
		{
			"from": [5, 10, 11],
			"to": [11, 16, 12],
			"faces": {
				"north": {"uv": [5, 10, 11, 16], "texture": "#2"},
				"east": {"uv": [15, 1, 16, 7], "texture": "#2"},
				"south": {"uv": [5, 10, 11, 16], "texture": "#2"},
				"west": {"uv": [15, 1, 16, 7], "texture": "#2"},
				"up": {"uv": [3, 2, 4, 8], "rotation": 270, "texture": "#2"},
				"down": {"uv": [3, 2, 4, 8], "rotation": 90, "texture": "#2"}
			}
		},
		{
			"from": [7, 12, 5],
			"to": [9, 14, 11],
			"faces": {
				"east": {"uv": [10, 7, 16, 9], "texture": "#2"},
				"west": {"uv": [10, 7, 16, 9], "texture": "#2"},
				"up": {"uv": [0, 0, 2, 6], "rotation": 180, "texture": "#2"},
				"down": {"uv": [0, 2, 2, 8], "rotation": 180, "texture": "#2"}
			}
		},
		{
			"from": [5, 12, 7],
			"to": [7, 14, 9],
			"faces": {
				"north": {"uv": [8, 7, 10, 9], "texture": "#2"},
				"south": {"uv": [8, 7, 10, 9], "texture": "#2"},
				"up": {"uv": [0, 0, 2, 2], "rotation": 90, "texture": "#2"},
				"down": {"uv": [0, 0, 2, 2], "rotation": 270, "texture": "#2"}
			}
		},
		{
			"from": [9, 12, 7],
			"to": [11, 14, 9],
			"faces": {
				"north": {"uv": [8, 7, 10, 9], "texture": "#2"},
				"south": {"uv": [8, 7, 10, 9], "texture": "#2"},
				"up": {"uv": [0, 0, 2, 2], "rotation": 90, "texture": "#2"},
				"down": {"uv": [0, 0, 2, 2], "rotation": 270, "texture": "#2"}
			}
		}
	],
	"groups": [
		{
			"name": "einzeln",
			"origin": [8, 8, 8],
			"children": [0, 1, 2, 3, 4, 5, 6]
		}
	]
}