{
	"credit": "Made with Blockbench (TEiEN pack)",
	"textures": {
		"2": "block/guard_rail",
		"particle": "block/guard_rail"
	},
	"elements": [
		{
			"from": [11, 10, 5],
			"to": [12, 16, 16],
			"faces": {
				"north": {"uv": [15, 1, 16, 7], "texture": "#2"},
				"east": {"uv": [16, 10, 5, 16], "texture": "#2"},
				"west": {"uv": [5, 10, 16, 16], "texture": "#2"},
				"up": {"uv": [4, 0, 15, 1], "rotation": 270, "texture": "#2"},
				"down": {"uv": [4, 0, 15, 1], "rotation": 90, "texture": "#2"}
			}
		},
		{
			"from": [0, 10, 4],
			"to": [11, 16, 5],
			"faces": {
				"north": {"uv": [5, 10, 16, 16], "texture": "#2"},
				"east": {"uv": [15, 1, 16, 7], "texture": "#2"},
				"south": {"uv": [16, 10, 5, 16], "texture": "#2"},
				"up": {"uv": [4, 0, 15, 1], "texture": "#2"},
				"down": {"uv": [4, 0, 15, 1], "texture": "#2"}
			}
		},
		{
			"from": [0, 10, 11],
			"to": [4, 16, 12],
			"faces": {
				"north": {"uv": [11, 1, 15, 7], "texture": "#2"},
				"east": {"uv": [15, 1, 16, 7], "texture": "#2"},
				"south": {"uv": [15, 1, 11, 7], "texture": "#2"},
				"up": {"uv": [16, 0, 12, 1], "texture": "#2"},
				"down": {"uv": [16, 0, 12, 1], "texture": "#2"}
			}
		},
		{
			"from": [4, 10, 12],
			"to": [5, 16, 16],
			"faces": {
				"north": {"uv": [15, 1, 16, 7], "texture": "#2"},
				"east": {"uv": [15, 1, 11, 7], "texture": "#2"},
				"west": {"uv": [11, 1, 15, 7], "texture": "#2"},
				"up": {"uv": [16, 0, 12, 1], "rotation": 270, "texture": "#2"},
				"down": {"uv": [16, 0, 12, 1], "rotation": 90, "texture": "#2"}
			}
		},
		{
			"from": [9, 12, 7],
			"to": [11, 14, 9],
			"faces": {
				"north": {"uv": [14, 7, 16, 9], "texture": "#2"},
				"south": {"uv": [14, 7, 16, 9], "texture": "#2"},
				"up": {"uv": [0, 7, 2, 9], "rotation": 270, "texture": "#2"},
				"down": {"uv": [0, 0, 2, 2], "rotation": 90, "texture": "#2"}
			}
		},
		{
			"from": [7, 12, 5],
			"to": [9, 14, 9],
			"faces": {
				"east": {"uv": [12, 7, 16, 9], "texture": "#2"},
				"south": {"uv": [12, 7, 14, 9], "texture": "#2"},
				"west": {"uv": [12, 7, 16, 9], "texture": "#2"},
				"up": {"uv": [0, 4, 2, 0], "texture": "#2"},
				"down": {"uv": [0, 0, 2, 4], "texture": "#2"}
			}
		}
	],
	"groups": [
		{
			"name": "kurva",
			"origin": [8, 8, 8],
			"children": [0, 1, 2, 3, 4, 5]
		}
	]
}