{
    "variants": {
        "": [
            { "model": "block/coal_ore" , "weight": 16 },
            { "model": "block/coal_ore", "y": 90, "weight": 14 },
            { "model": "block/coal_ore", "y": 180, "weight": 14 },
            { "model": "block/coal_ore", "y": 270, "weight": 12 }, 
	    { "model": "block/coal/coal_ore1" , "weight": 14 },
            { "model": "block/coal/coal_ore1", "y": 90, "weight": 11 },
            { "model": "block/coal/coal_ore1", "y": 180, "weight": 7 },
            { "model": "block/coal/coal_ore1", "y": 270, "weight": 10 } 	   
        ]
    }
}
