{
    "variants": {
        "": [
            { "model": "block/grass/grass" , "weight": 10 },
	    { "model": "block/grass/grass1" , "weight": 18 },
            { "model": "block/grass/grass2" , "weight": 13 },                               
            { "model": "block/grass/grass3" , "weight": 17 },                        
	    { "model": "block/grass/grass4" , "weight": 10 },
	    { "model": "block/grass/grass5" , "weight": 9 },
	    { "model": "block/grass/grass6" , "weight": 9 },
	    { "model": "block/grass/grass7" , "weight": 16 },
            { "model": "block/grass/grass8" , "weight": 10 },
            { "model": "block/grass/grass9" , "weight": 10 },
            { "model": "block/grass/grass10" , "weight": 15 },
            { "model": "block/grass/grass11" , "weight": 14 },
            { "model": "block/grass/grass12" , "weight": 16 }
        ]
    }
}
