{
    "variants": {
        "facing=east,half=bottom,shape=straight":  { "model": "block/roofing" },
        "facing=west,half=bottom,shape=straight":  { "model": "block/roofing", "y": 180, "uvlock": false },
        "facing=south,half=bottom,shape=straight": { "model": "block/roofing", "y": 90, "uvlock": false },
        "facing=north,half=bottom,shape=straight": { "model": "block/roofing", "y": 270, "uvlock": false },
        "facing=east,half=bottom,shape=outer_right":  { "model": "block/roofing_corner" },
        "facing=west,half=bottom,shape=outer_right":  { "model": "block/roofing_corner", "y": 180, "uvlock": false },
        "facing=south,half=bottom,shape=outer_right": { "model": "block/roofing_corner", "y": 90, "uvlock": false },
        "facing=north,half=bottom,shape=outer_right": { "model": "block/roofing_corner", "y": 270, "uvlock": false },
        "facing=east,half=bottom,shape=outer_left":  { "model": "block/roofing_corner", "y": 270, "uvlock": false },
        "facing=west,half=bottom,shape=outer_left":  { "model": "block/roofing_corner", "y": 90, "uvlock": false },
        "facing=south,half=bottom,shape=outer_left": { "model": "block/roofing_corner" },
        "facing=north,half=bottom,shape=outer_left": { "model": "block/roofing_corner", "y": 180, "uvlock": false },
        "facing=east,half=bottom,shape=inner_right":  { "model": "block/roofing_inner_corner" },
        "facing=west,half=bottom,shape=inner_right":  { "model": "block/roofing_inner_corner", "y": 180, "uvlock": false },
        "facing=south,half=bottom,shape=inner_right": { "model": "block/roofing_inner_corner", "y": 90, "uvlock": false },
        "facing=north,half=bottom,shape=inner_right": { "model": "block/roofing_inner_corner", "y": 270, "uvlock": false },
        "facing=east,half=bottom,shape=inner_left":  { "model": "block/roofing_inner_corner", "y": 270, "uvlock": false },
        "facing=west,half=bottom,shape=inner_left":  { "model": "block/roofing_inner_corner", "y": 90, "uvlock": false },
        "facing=south,half=bottom,shape=inner_left": { "model": "block/roofing_inner_corner" },
        "facing=north,half=bottom,shape=inner_left": { "model": "block/roofing_inner_corner", "y": 180, "uvlock": false },
        "facing=east,half=top,shape=straight":  { "model": "slope", "x": 180, "uvlock": true },
        "facing=west,half=top,shape=straight":  { "model": "slope", "x": 180, "y": 180, "uvlock": true },
        "facing=south,half=top,shape=straight": { "model": "slope", "x": 180, "y": 90, "uvlock": true },
        "facing=north,half=top,shape=straight": { "model": "slope", "x": 180, "y": 270, "uvlock": true },
        "facing=east,half=top,shape=outer_right":  { "model": "slope_corner", "x": 180, "y": 90, "uvlock": true },
        "facing=west,half=top,shape=outer_right":  { "model": "slope_corner", "x": 180, "y": 270, "uvlock": true },
        "facing=south,half=top,shape=outer_right": { "model": "slope_corner", "x": 180, "y": 180, "uvlock": true },
        "facing=north,half=top,shape=outer_right": { "model": "slope_corner", "x": 180, "uvlock": true },
        "facing=east,half=top,shape=outer_left":  { "model": "slope_corner", "x": 180, "uvlock": true },
        "facing=west,half=top,shape=outer_left":  { "model": "slope_corner", "x": 180, "y": 180, "uvlock": true },
        "facing=south,half=top,shape=outer_left": { "model": "slope_corner", "x": 180, "y": 90, "uvlock": true },
        "facing=north,half=top,shape=outer_left": { "model": "slope_corner", "x": 180, "y": 270, "uvlock": true },
        "facing=east,half=top,shape=inner_right":  { "model": "slope_corner", "x": 180, "y": 90, "uvlock": true },
        "facing=west,half=top,shape=inner_right":  { "model": "slope_corner", "x": 180, "y": 270, "uvlock": true },
        "facing=south,half=top,shape=inner_right": { "model": "slope_corner", "x": 180, "y": 180, "uvlock": true },
        "facing=north,half=top,shape=inner_right": { "model": "slope_corner", "x": 180, "uvlock": true },
        "facing=east,half=top,shape=inner_left":  { "model": "slope_corner", "x": 180, "uvlock": true },
        "facing=west,half=top,shape=inner_left":  { "model": "slope_corner", "x": 180, "y": 180, "uvlock": true },
        "facing=south,half=top,shape=inner_left": { "model": "slope_corner", "x": 180, "y": 90, "uvlock": true },
        "facing=north,half=top,shape=inner_left": { "model": "slope_corner", "x": 180, "y": 270, "uvlock": true }
    }
}
