{
    "variants": {
        "": [
            { "model": "block/stone" , "weight": 12 },
            { "model": "block/stone", "y": 90, "weight": 10 },
            { "model": "block/stone", "y": 180, "weight": 10 },
            { "model": "block/stone", "y": 270, "weight": 10 }, 
	    { "model": "block/stone_1" , "weight": 2 },
            { "model": "block/stone_1", "y": 90, "weight": 2 },
            { "model": "block/stone_1", "y": 180, "weight": 1 },
            { "model": "block/stone_1", "y": 270, "weight": 1 }
       ]
    }
}
