{
    "variants": {
        "normal": [
            { "model": "grass_path", "weight": 20 },
            { "model": "grass_path", "y": 90, "weight": 20 },
            { "model": "grass_path", "y": 180, "weight": 20 },
            { "model": "grass_path_1", "y": 270, "weight": 20 },
			{ "model": "grass_path_1", "weight": 2 },
            { "model": "grass_path_1", "y": 90, "weight": 2 },
            { "model": "grass_path_1", "y": 180, "weight": 2 },
            { "model": "grass_path_1", "y": 270, "weight": 2 }
        ]
    }
}
