{
    "variants": {
        "snowy=false": [
            { "model": "grass_normal", "weight": 40 },
            { "model": "grass_normal", "y": 90, "weight": 40 },
            { "model": "grass_normal", "y": 180, "weight": 40 },
            { "model": "grass_normal", "y": 270, "weight": 40 },
			{ "model": "grass/grass_normal_1", "weight": 24 },
			{ "model": "grass/grass_normal_2", "weight": 28 },
			{ "model": "grass/grass_normal_3", "weight": 18 },
			{ "model": "grass/grass_normal_4", "weight": 32 },
			{ "model": "grass/grass_normal_5", "weight": 16 },
			{ "model": "grass/grass_normal_6", "weight": 1 },
			{ "model": "grass/grass_normal_6", "y": 90, "weight": 1 },
			{ "model": "grass/grass_normal_6", "y": 180, "weight": 1 },
			{ "model": "grass/grass_normal_6", "y": 270, "weight": 1 },
			{ "model": "grass/grass_normal_7", "weight": 12 },
			{ "model": "grass/grass_normal_8", "weight": 8 },
			{ "model": "grass/grass_normal_9", "weight": 10 }
        ],
        "snowy=true":  { "model": "grass_snowed" }
    }
}
