{
    "variants": {
        "normal": [
            { "model": "sand" , "weight": 16 },
			{ "model": "sand/sand_1" , "weight": 18 },
			{ "model": "sand/sand_2" , "weight": 1 },
			{ "model": "sand/sand_2" , "weight": 1 , "y": 90 },
            { "model": "sand/sand_2" , "weight": 1 , "y": 180 },
            { "model": "sand/sand_2" , "weight": 1 , "y": 270 },
			{ "model": "sand/sand_3" , "weight": 16 },
			{ "model": "sand/sand_4" , "weight": 10 },
			{ "model": "sand/sand_5" , "weight": 1 },
			{ "model": "sand/sand_6" , "weight": 14 },
			{ "model": "sand/sand_7" , "weight": 16 }
        ]
    }
}
