{
    "variants": {
        "normal": [
            { "model": "waterlily", "weight": 4},
            { "model": "waterlily", "y": 90, "weight": 4 },
            { "model": "waterlily", "y": 180, "weight": 4 },
            { "model": "waterlily", "y": 270, "weight": 4 },
			{ "model": "waterlily_2", "weight": 1 },
			{ "model": "waterlily_2", "y": 90, "weight": 1 },
            { "model": "waterlily_2", "y": 180, "weight": 1 },
            { "model": "waterlily_2", "y": 270, "weight": 1 },
			{ "model": "waterlily_3", "weight": 2 }
			
        ]
    }
}
