{
	"custom.fire": {
	"sounds": [
		{
			"name": "custom/fire",
			"stream": true
		}]
	},
	"cin.an1": {
	"sounds": [
		{
			"name": "cin/an1",
			"stream": true
		}]
	},
	"cin.an2": {
	"sounds": [
		{
			"name": "cin/an2",
			"stream": true
		}]
	},
	"cin.an3": {
	"sounds": [
		{
			"name": "cin/an3",
			"stream": true
		}]
	},
	"cin.an4": {
	"sounds": [
		{
			"name": "cin/an4",
			"stream": true
		}]
	},
	"cin.an5": {
	"sounds": [
		{
			"name": "cin/an5",
			"stream": true
		}]
	},
	"cin.an6": {
	"sounds": [
		{
			"name": "cin/an6",
			"stream": true
		}]
	},
	"cin.ar1": {
	"sounds": [
		{
			"name": "cin/ar1",
			"stream": true
		}]
	},
	"cin.ar2": {
	"sounds": [
		{
			"name": "cin/ar2",
			"stream": true
		}]
	},
	"cin.ar3": {
	"sounds": [
		{
			"name": "cin/ar3",
			"stream": true
		}]
	},
	"cin.ar4": {
	"sounds": [
		{
			"name": "cin/ar4",
			"stream": true
		}]
	},
	"cin.ar19": {
	"sounds": [
		{
			"name": "cin/ar19",
			"stream": true
		}]
	},
	"cin.ar5": {
	"sounds": [
		{
			"name": "cin/ar5",
			"stream": true
		}]
	},
	"cin.ar6": {
	"sounds": [
		{
			"name": "cin/ar6",
			"stream": true
		}]
	},
	"cin.ar7": {
	"sounds": [
		{
			"name": "cin/ar7",
			"stream": true
		}]
	},
	"cin.ar8": {
	"sounds": [
		{
			"name": "cin/ar8",
			"stream": true
		}]
	},
	"cin.ar9": {
	"sounds": [
		{
			"name": "cin/ar9",
			"stream": true
		}]
	},
	"cin.ar10": {
	"sounds": [
		{
			"name": "cin/ar10",
			"stream": true
		}]
	},
	"cin.ar11": {
	"sounds": [
		{
			"name": "cin/ar11",
			"stream": true
		}]
	},
	"cin.ar12": {
	"sounds": [
		{
			"name": "cin/ar12",
			"stream": true
		}]
	},
	"cin.ar13": {
	"sounds": [
		{
			"name": "cin/ar13",
			"stream": true
		}]
	},
	"cin.ar14": {
	"sounds": [
		{
			"name": "cin/ar14",
			"stream": true
		}]
	},
	"cin.ar15": {
	"sounds": [
		{
			"name": "cin/ar15",
			"stream": true
		}]
	},
	"cin.ar16": {
	"sounds": [
		{
			"name": "cin/ar16",
			"stream": true
		}]
	},
	"cin.ar17": {
	"sounds": [
		{
			"name": "cin/ar17",
			"stream": true
		}]
	},
	"cin.ar18": {
	"sounds": [
		{
			"name": "cin/ar18",
			"stream": true
		}]
	},
	"cin.ch1": {
	"sounds": [
		{
			"name": "cin/ch1",
			"stream": true
		}]
	},
	"cin.ch2": {
	"sounds": [
		{
			"name": "cin/ch2",
			"stream": true
		}]
	},
	"cin.ch3": {
	"sounds": [
		{
			"name": "cin/ch3",
			"stream": true
		}]
	},
	"cin.ch4": {
	"sounds": [
		{
			"name": "cin/ch4",
			"stream": true
		}]
	},
	"cin.ch5": {
	"sounds": [
		{
			"name": "cin/ch5",
			"stream": true
		}]
	},
	"cin.st1": {
	"sounds": [
		{
			"name": "cin/st1",
			"stream": true
		}]
	},
	"cin.st2": {
	"sounds": [
		{
			"name": "cin/st2",
			"stream": true
		}]
	},
	"cin.st3": {
	"sounds": [
		{
			"name": "cin/st3",
			"stream": true
		}]
	},
	"cin.st4": {
	"sounds": [
		{
			"name": "cin/st4",
			"stream": true
		}]
	},
	"cin.st5": {
	"sounds": [
		{
			"name": "cin/st5",
			"stream": true
		}]
	},
	"cin.st6": {
	"sounds": [
		{
			"name": "cin/st6",
			"stream": true
		}]
	},
	"cin.st7": {
	"sounds": [
		{
			"name": "cin/st7",
			"stream": true
		}]
	},
	"cin.st9": {
	"sounds": [
		{
			"name": "cin/st9",
			"stream": true
		}]
	},
	"cin.st10": {
	"sounds": [
		{
			"name": "cin/st10",
			"stream": true
		}]
	},
	"cin.st11": {
	"sounds": [
		{
			"name": "cin/st11",
			"stream": true
		}]
	},
	"cin.st12": {
	"sounds": [
		{
			"name": "cin/st12",
			"stream": true
		}]
	},
	"cin.st13": {
	"sounds": [
		{
			"name": "cin/st13",
			"stream": true
		}]
	},
	"cin.st14": {
	"sounds": [
		{
			"name": "cin/st14",
			"stream": true
		}]
	},
	"cin.st15": {
	"sounds": [
		{
			"name": "cin/st15",
			"stream": true
		}]
	},
	"cin.gu1": {
	"sounds": [
		{
			"name": "cin/gu1",
			"stream": true
		}]
	},
	"cin.pi1": {
	"sounds": [
		{
			"name": "cin/pi1",
			"stream": true
		}]
	},
	"cin.pi2": {
	"sounds": [
		{
			"name": "cin/pi2",
			"stream": true
		}]
	},
	"cin.pi3": {
	"sounds": [
		{
			"name": "cin/pi3",
			"stream": true
		}]
	},
	"cin.pi4": {
	"sounds": [
		{
			"name": "cin/pi4",
			"stream": true
		}]
	},
	"cin.na1": {
	"sounds": [
		{
			"name": "cin/na1",
			"stream": true
		}]
	},
	"cin.na2": {
	"sounds": [
		{
			"name": "cin/na2",
			"stream": true
		}]
	},
	"cin.na3": {
	"sounds": [
		{
			"name": "cin/na3",
			"stream": true
		}]
	},
	"custom.dani_talk": {
	"sounds": [
		{
			"name": "custom/dani_talk",
			"stream": true
		}]
	},
	"custom.tv1": {
	"sounds": [
		{
			"name": "custom/tv1",
			"stream": true
		}]
	},
	"custom.tv2": {
	"sounds": [
		{
			"name": "custom/tv2",
			"stream": true
		}]
	},
	"custom.tv3": {
	"sounds": [
		{
			"name": "custom/tv3",
			"stream": true
		}]
	},
	"custom.tv4": {
	"sounds": [
		{
			"name": "custom/tv4",
			"stream": true
		}]
	},
	"custom.tv5": {
	"sounds": [
		{
			"name": "custom/tv5",
			"stream": true
		}]
	},
	"custom.med_music1": {
	"sounds": [
		{
			"name": "custom/med_music1",
			"stream": true
		}]
	},
	"custom.med_music2": {
	"sounds": [
		{
			"name": "custom/med_music2",
			"stream": true
		}]
	},
	"custom.med_music3": {
	"sounds": [
		{
			"name": "custom/med_music3",
			"stream": true
		}]
	},
	"custom.med_music4": {
	"sounds": [
		{
			"name": "custom/med_music4",
			"stream": true
		}]
	},
	"custom.med_music5": {
	"sounds": [
		{
			"name": "custom/med_music5",
			"stream": true
		}]
	},
	"custom.med_turnier1": {
	"sounds": [
		{
			"name": "custom/med_turnier1",
			"stream": true
		}]
	},
	"custom.med_turnier2": {
	"sounds": [
		{
			"name": "custom/med_turnier2",
			"stream": true
		}]
	},
	"custom.med_turnierblack": {
	"sounds": [
		{
			"name": "custom/med_turnierblack",
			"stream": true
		}]
	},
	"custom.med_turnierroyal": {
	"sounds": [
		{
			"name": "custom/med_turnierroyal",
			"stream": true
		}]
	},
	"custom.pedf1": {
	"sounds": [
		{
			"name": "custom/pedf1",
			"stream": true
		}]
	},
	"custom.pedf2": {
	"sounds": [
		{
			"name": "custom/pedf2",
			"stream": true
		}]
	},
	"custom.pedf3": {
	"sounds": [
		{
			"name": "custom/pedf3",
			"stream": true
		}]
	},
	"custom.pedf4": {
	"sounds": [
		{
			"name": "custom/pedf4",
			"stream": true
		}]
	},
	"custom.pedf5": {
	"sounds": [
		{
			"name": "custom/pedf5",
			"stream": true
		}]
	},
	"custom.pedf6": {
	"sounds": [
		{
			"name": "custom/pedf6",
			"stream": true
		}]
	},
	"custom.pedf7": {
	"sounds": [
		{
			"name": "custom/pedf7",
			"stream": true
		}]
	},
	"custom.pedf8": {
	"sounds": [
		{
			"name": "custom/pedf8",
			"stream": true
		}]
	},
	"custom.pedf9": {
	"sounds": [
		{
			"name": "custom/pedf9",
			"stream": true
		}]
	},
	"custom.pedf10": {
	"sounds": [
		{
			"name": "custom/pedf10",
			"stream": true
		}]
	},
	"custom.pedf11": {
	"sounds": [
		{
			"name": "custom/pedf11",
			"stream": true
		}]
	},
	"custom.pedm1": {
	"sounds": [
		{
			"name": "custom/pedm1",
			"stream": true
		}]
	},
	"custom.pedm2": {
	"sounds": [
		{
			"name": "custom/pedm2",
			"stream": true
		}]
	},
	"custom.pedm3": {
	"sounds": [
		{
			"name": "custom/pedm3",
			"stream": true
		}]
	},
	"custom.pedm4": {
	"sounds": [
		{
			"name": "custom/pedm4",
			"stream": true
		}]
	},
	"custom.pedm5": {
	"sounds": [
		{
			"name": "custom/pedm5",
			"stream": true
		}]
	},
	"custom.pedm6": {
	"sounds": [
		{
			"name": "custom/pedm6",
			"stream": true
		}]
	},
	"custom.pedm7": {
	"sounds": [
		{
			"name": "custom/pedm7",
			"stream": true
		}]
	},
	"custom.pedm8": {
	"sounds": [
		{
			"name": "custom/pedm8",
			"stream": true
		}]
	},
	"custom.pedm9": {
	"sounds": [
		{
			"name": "custom/pedm9",
			"stream": true
		}]
	},
	"custom.pedm10": {
	"sounds": [
		{
			"name": "custom/pedm10",
			"stream": true
		}]
	},
	"custom.pedm11": {
	"sounds": [
		{
			"name": "custom/pedm11",
			"stream": true
		}]
	},
	"custom.pedm12": {
	"sounds": [
		{
			"name": "custom/pedm12",
			"stream": true
		}]
	},
	"custom.pedmk1": {
	"sounds": [
		{
			"name": "custom/pedmk1",
			"stream": true
		}]
	},
	"custom.pedmk2": {
	"sounds": [
		{
			"name": "custom/pedmk2",
			"stream": true
		}]
	},
	"custom.pedmk3": {
	"sounds": [
		{
			"name": "custom/pedmk3",
			"stream": true
		}]
	},
	"custom.pedmk4": {
	"sounds": [
		{
			"name": "custom/pedmk4",
			"stream": true
		}]
	},
	"custom.pedmk5": {
	"sounds": [
		{
			"name": "custom/pedmk5",
			"stream": true
		}]
	},
	"custom.pedmk6": {
	"sounds": [
		{
			"name": "custom/pedmk6",
			"stream": true
		}]
	},
	"custom.pedmk7": {
	"sounds": [
		{
			"name": "custom/pedmk7",
			"stream": true
		}]
	},
	"custom.pedfk1": {
	"sounds": [
		{
			"name": "custom/pedfk1",
			"stream": true
		}]
	},
	"custom.pedfk2": {
	"sounds": [
		{
			"name": "custom/pedfk2",
			"stream": true
		}]
	},
	"custom.pedfk3": {
	"sounds": [
		{
			"name": "custom/pedfk3",
			"stream": true
		}]
	},
	"custom.pedfk4": {
	"sounds": [
		{
			"name": "custom/pedfk4",
			"stream": true
		}]
	},
	"custom.pedfk5": {
	"sounds": [
		{
			"name": "custom/pedfk5",
			"stream": true
		}]
	},
	"custom.pedfk6": {
	"sounds": [
		{
			"name": "custom/pedfk6",
			"stream": true
		}]
	},
	"custom.pedfk7": {
	"sounds": [
		{
			"name": "custom/pedfk7",
			"stream": true
		}]
	},
	"custom.pedmj1": {
	"sounds": [
		{
			"name": "custom/pedmj1",
			"stream": true
		}]
	},
	"custom.pedmj2": {
	"sounds": [
		{
			"name": "custom/pedmj2",
			"stream": true
		}]
	},
	"custom.pedmj3": {
	"sounds": [
		{
			"name": "custom/pedmj3",
			"stream": true
		}]
	},
	"custom.pedmj4": {
	"sounds": [
		{
			"name": "custom/pedmj4",
			"stream": true
		}]
	},
	"custom.pedmj5": {
	"sounds": [
		{
			"name": "custom/pedmj5",
			"stream": true
		}]
	},
	"custom.pedmj6": {
	"sounds": [
		{
			"name": "custom/pedmj6",
			"stream": true
		}]
	},
	"custom.pedmj7": {
	"sounds": [
		{
			"name": "custom/pedmj7",
			"stream": true
		}]
	},
	"custom.pedfj1": {
	"sounds": [
		{
			"name": "custom/pedfj1",
			"stream": true
		}]
	},
	"custom.pedfj2": {
	"sounds": [
		{
			"name": "custom/pedfj2",
			"stream": true
		}]
	},
	"custom.pedfj3": {
	"sounds": [
		{
			"name": "custom/pedfj3",
			"stream": true
		}]
	},
	"custom.pedfj4": {
	"sounds": [
		{
			"name": "custom/pedfj4",
			"stream": true
		}]
	},
	"custom.pedfj5": {
	"sounds": [
		{
			"name": "custom/pedfj5",
			"stream": true
		}]
	},
	"custom.pedfj6": {
	"sounds": [
		{
			"name": "custom/pedfj6",
			"stream": true
		}]
	},
	"custom.pedfj7": {
	"sounds": [
		{
			"name": "custom/pedfj7",
			"stream": true
		}]
	},
	"custom.pedfold1": {
	"sounds": [
		{
			"name": "custom/pedfold1",
			"stream": true
		}]
	},
	"custom.pedfold2": {
	"sounds": [
		{
			"name": "custom/pedfold2",
			"stream": true
		}]
	},
	"custom.pedfold3": {
	"sounds": [
		{
			"name": "custom/pedfold3",
			"stream": true
		}]
	},
	"custom.pedfold4": {
	"sounds": [
		{
			"name": "custom/pedfold4",
			"stream": true
		}]
	},
	"custom.pedfold5": {
	"sounds": [
		{
			"name": "custom/pedfold5",
			"stream": true
		}]
	},
	"custom.pedfold6": {
	"sounds": [
		{
			"name": "custom/pedfold6",
			"stream": true
		}]
	},
	"custom.pedfold7": {
	"sounds": [
		{
			"name": "custom/pedfold7",
			"stream": true
		}]
	},
	"custom.pedfold8": {
	"sounds": [
		{
			"name": "custom/pedfold8",
			"stream": true
		}]
	},
	"custom.pedfold9": {
	"sounds": [
		{
			"name": "custom/pedfold9",
			"stream": true
		}]
	},
	"custom.pedfold10": {
	"sounds": [
		{
			"name": "custom/pedfold10",
			"stream": true
		}]
	},
	"custom.pedfold11": {
	"sounds": [
		{
			"name": "custom/pedfold11",
			"stream": true
		}]
	},
	"custom.pedmold1": {
	"sounds": [
		{
			"name": "custom/pedmold1",
			"stream": true
		}]
	},
	"custom.pedmold2": {
	"sounds": [
		{
			"name": "custom/pedmold2",
			"stream": true
		}]
	},
	"custom.pedmold3": {
	"sounds": [
		{
			"name": "custom/pedmold3",
			"stream": true
		}]
	},
	"custom.pedmold4": {
	"sounds": [
		{
			"name": "custom/pedmold4",
			"stream": true
		}]
	},
	"custom.pedmold5": {
	"sounds": [
		{
			"name": "custom/pedmold5",
			"stream": true
		}]
	},
	"custom.pedmold6": {
	"sounds": [
		{
			"name": "custom/pedmold6",
			"stream": true
		}]
	},
	"custom.pedmold7": {
	"sounds": [
		{
			"name": "custom/pedmold7",
			"stream": true
		}]
	},
	"custom.pedmold8": {
	"sounds": [
		{
			"name": "custom/pedmold8",
			"stream": true
		}]
	},
	"custom.pedmold9": {
	"sounds": [
		{
			"name": "custom/pedmold9",
			"stream": true
		}]
	},
	"custom.pedmold10": {
	"sounds": [
		{
			"name": "custom/pedmold10",
			"stream": true
		}]
	},
	"custom.pedmold11": {
	"sounds": [
		{
			"name": "custom/pedmold11",
			"stream": true
		}]
	},
	"custom.pedgr1": {
	"sounds": [
		{
			"name": "custom/pedgr1",
			"stream": true
		}]
	},
	"custom.pedgr2": {
	"sounds": [
		{
			"name": "custom/pedgr2",
			"stream": true
		}]
	},
	"custom.pedgr3": {
	"sounds": [
		{
			"name": "custom/pedgr3",
			"stream": true
		}]
	},
	"custom.pedgr4": {
	"sounds": [
		{
			"name": "custom/pedgr4",
			"stream": true
		}]
	},
	"custom.man1": {
	"sounds": [
		{
			"name": "custom/man1",
			"stream": true
		}]
	},
	"custom.man2": {
	"sounds": [
		{
			"name": "custom/man2",
			"stream": true
		}]
	},
	"custom.man3": {
	"sounds": [
		{
			"name": "custom/man3",
			"stream": true
		}]
	},
	"custom.man4": {
	"sounds": [
		{
			"name": "custom/man4",
			"stream": true
		}]
	},
	"custom.man5": {
	"sounds": [
		{
			"name": "custom/man5",
			"stream": true
		}]
	},
	"custom.man6": {
	"sounds": [
		{
			"name": "custom/man6",
			"stream": true
		}]
	},
	"custom.man7": {
	"sounds": [
		{
			"name": "custom/man7",
			"stream": true
		}]
	},
	"custom.man8": {
	"sounds": [
		{
			"name": "custom/man8",
			"stream": true
		}]
	},
	"custom.man9": {
	"sounds": [
		{
			"name": "custom/man9",
			"stream": true
		}]
	},
	"custom.man10": {
	"sounds": [
		{
			"name": "custom/man10",
			"stream": true
		}]
	},
	"custom.man11": {
	"sounds": [
		{
			"name": "custom/man11",
			"stream": true
		}]
	},
	"custom.woman1": {
	"sounds": [
		{
			"name": "custom/woman1",
			"stream": true
		}]
	},
	"custom.woman2": {
	"sounds": [
		{
			"name": "custom/woman2",
			"stream": true
		}]
	},
	"custom.woman3": {
	"sounds": [
		{
			"name": "custom/woman3",
			"stream": true
		}]
	},
	"custom.woman4": {
	"sounds": [
		{
			"name": "custom/woman4",
			"stream": true
		}]
	},
	"custom.woman5": {
	"sounds": [
		{
			"name": "custom/woman5",
			"stream": true
		}]
	},
	"custom.kidm1": {
	"sounds": [
		{
			"name": "custom/kidm1",
			"stream": true
		}]
	},
	"custom.immo1": {
	"sounds": [
		{
			"name": "custom/immo1",
			"stream": true
		}]
	},
	"custom.immo2": {
	"sounds": [
		{
			"name": "custom/immo2",
			"stream": true
		}]
	},
	"custom.immo3": {
	"sounds": [
		{
			"name": "custom/immo3",
			"stream": true
		}]
	},
	"custom.immo4": {
	"sounds": [
		{
			"name": "custom/immo4",
			"stream": true
		}]
	},
	"custom.immo5": {
	"sounds": [
		{
			"name": "custom/immo5",
			"stream": true
		}]
	},
	"custom.immo6": {
	"sounds": [
		{
			"name": "custom/immo6",
			"stream": true
		}]
	},
	"custom.immo7": {
	"sounds": [
		{
			"name": "custom/immo7",
			"stream": true
		}]
	},
	"custom.people": {
	"sounds": [
		{
			"name": "custom/people",
			"stream": true
		}]
	},
	"custom.people2": {
	"sounds": [
		{
			"name": "custom/people2",
			"stream": true
		}]
	},
	"custom.people3": {
	"sounds": [
		{
			"name": "custom/people3",
			"stream": true
		}]
	},
	"custom.people4": {
	"sounds": [
		{
			"name": "custom/people4",
			"stream": true
		}]
	},
	"custom.people5": {
	"sounds": [
		{
			"name": "custom/people5",
			"stream": true
		}]
	},
	"custom.people6": {
	"sounds": [
		{
			"name": "custom/people6",
			"stream": true
		}]
	},
	"custom.cough": {
	"sounds": [
		{
			"name": "custom/cough",
			"stream": true
		}]
	},
	"custom.baby1": {
	"sounds": [
		{
			"name": "custom/baby1",
			"stream": true
		}]
	},
	"custom.baby2": {
	"sounds": [
		{
			"name": "custom/baby2",
			"stream": true
		}]
	},
	"custom.stormwind": {
	"sounds": [
		{
			"name": "custom/stormwind",
			"stream": true
		}]
	},
	"custom.background1": {
	"sounds": [
		{
			"name": "custom/background1",
			"stream": true
		}]
	},
	"custom.background2": {
	"sounds": [
		{
			"name": "custom/background2",
			"stream": true
		}]
	},
	"custom.background3": {
	"sounds": [
		{
			"name": "custom/background3",
			"stream": true
		}]
	},
	"custom.hail": {
	"sounds": [
		{
			"name": "custom/hail",
			"stream": true
		}]
	},
	"custom.ice_cave": {
	"sounds": [
		{
			"name": "custom/ice_cave",
			"stream": true
		}]
	},
	"custom.pan": {
	"sounds": [
		{
			"name": "custom/pan",
			"stream": true
		}]
	},
	"custom.cut": {
	"sounds": [
		{
			"name": "custom/cut",
			"stream": true
		}]
	},
	"custom.cheer": {
	"sounds": [
		{
			"name": "custom/cheer",
			"stream": true
		}]
	},
	"custom.beertent": {
	"sounds": [
		{
			"name": "custom/beertent",
			"stream": true
		}]
	},
	"custom.bottle": {
	"sounds": [
		{
			"name": "custom/bottle",
			"stream": true
		}]
	},
	"custom.pf_conveyor": {
	"sounds": [
		{
			"name": "custom/pf_conveyor",
			"stream": true
		}]
	},
	"custom.door_squeak": {
	"sounds": [
		{
			"name": "custom/door_squeak",
			"stream": false
		}]
	},
	"custom.police": {
	"sounds": [
		{
			"name": "custom/police",
			"stream": false
		}]
	},
	"custom.schoolkids": {
	"sounds": [
		{
			"name": "custom/schoolkids",
			"stream": true
		}]
	},
	"custom.heli": {
	"sounds": [
		{
			"name": "custom/heli",
			"stream": true
		}]
	},
	"custom.helistart": {
	"sounds": [
		{
			"name": "custom/helistart",
			"stream": true
		}]
	},
	"custom.carstart": {
	"sounds": [
		{
			"name": "custom/carstart",
			"stream": true
		}]
	},
	"custom.carstop": {
	"sounds": [
		{
			"name": "custom/carstop",
			"stream": true
		}]
	},
	"custom.careng2": {
	"sounds": [
		{
			"name": "custom/careng2",
			"stream": true
		}]
	},
	"custom.careng3": {
	"sounds": [
		{
			"name": "custom/careng3",
			"stream": true
		}]
	},
	"custom.careng4": {
	"sounds": [
		{
			"name": "custom/careng4",
			"stream": true
		}]
	},
	"custom.car_acc3": {
	"sounds": [
		{
			"name": "custom/car_acc3",
			"stream": true
		}]
	},
	"custom.car_passby": {
	"sounds": [
		{
			"name": "custom/car_passby",
			"stream": true
		}]
	},
	"custom.car_passby2": {
	"sounds": [
		{
			"name": "custom/car_passby2",
			"stream": true
		}]
	},
	"custom.car_passby3": {
	"sounds": [
		{
			"name": "custom/car_passby3",
			"stream": true
		}]
	},
	"custom.car_acc2": {
	"sounds": [
		{
			"name": "custom/car_acc2",
			"stream": true
		}]
	},
	"custom.car_acc4": {
	"sounds": [
		{
			"name": "custom/car_acc4",
			"stream": true
		}]
	},
	"custom.car_slow": {
	"sounds": [
		{
			"name": "custom/car_slow",
			"stream": true
		}]
	},
	"custom.motorcycle_start": {
	"sounds": [
		{
			"name": "custom/motorcycle_start",
			"stream": true
		}]
	},
	"custom.motorcycle": {
	"sounds": [
		{
			"name": "custom/motorcycle",
			"stream": true
		}]
	},
	"custom.motorcycle_acc": {
	"sounds": [
		{
			"name": "custom/motorcycle_acc",
			"stream": true
		}]
	},
	"custom.motorcycle_brake": {
	"sounds": [
		{
			"name": "custom/motorcycle_brake",
			"stream": true
		}]
	},
	"custom.crash": {
	"sounds": [
		{
			"name": "custom/crash",
			"stream": true
		}]
	},
	"custom.kram1": {
	"sounds": [
		{
			"name": "custom/kram1",
			"stream": true
		}]
	},
	"custom.kram4": {
	"sounds": [
		{
			"name": "custom/kram4",
			"stream": true
		}]
	},
	"custom.kram2": {
	"sounds": [
		{
			"name": "custom/kram2",
			"stream": true
		}]
	},
	"custom.kram3": {
	"sounds": [
		{
			"name": "custom/kram3",
			"stream": true
		}]
	},
	"custom.kram5": {
	"sounds": [
		{
			"name": "custom/kram5",
			"stream": true
		}]
	},
	"custom.demo1": {
	"sounds": [
		{
			"name": "custom/demo1",
			"stream": true
		}]
	},
	"custom.demo2": {
	"sounds": [
		{
			"name": "custom/demo2",
			"stream": true
		}]
	},
	"custom.nightclub": {
	"sounds": [
		{
			"name": "custom/nightclub",
			"stream": true
		}]
	},
	"custom.playground": {
	"sounds": [
		{
			"name": "custom/playground",
			"stream": true
		}]
	},
	"custom.casinoambient": {
	"sounds": [
		{
			"name": "custom/casinoambient",
			"stream": true
		}]
	},
	"custom.panic": {
	"sounds": [
		{
			"name": "custom/panic",
			"stream": true
		}]
	},
	"custom.pol_radio": {
	"sounds": [
		{
			"name": "custom/pol_radio",
			"stream": true
		}]
	},
	"custom.siren": {
	"sounds": [
		{
			"name": "custom/siren",
			"stream": true
		}]
	},
	"custom.siren2": {
	"sounds": [
		{
			"name": "custom/siren2",
			"stream": true
		}]
	},
	"custom.printer": {
	"sounds": [
		{
			"name": "custom/printer",
			"stream": true
		}]
	},
	"custom.toilet": {
	"sounds": [
		{
			"name": "custom/toilet",
			"stream": true
		}]
	},
	"custom.typing": {
	"sounds": [
		{
			"name": "custom/typing",
			"stream": true
		}]
	},
	"custom.tele": {
	"sounds": [
		{
			"name": "custom/tele",
			"stream": true
		}]
	},
	"custom.constr": {
	"sounds": [
		{
			"name": "custom/constr",
			"stream": true
		}]
	},
	"custom.zipline": {
	"sounds": [
		{
			"name": "custom/zipline",
			"stream": true
		}]
	},
	"custom.bl1": {
	"sounds": [
		{
			"name": "custom/bl1",
			"stream": true
		}]
	},
	"custom.milk": {
	"sounds": [
		{
			"name": "custom/milk",
			"stream": true
		}]
	},
	"custom.bell": {
	"sounds": [
		{
			"name": "custom/bell",
			"stream": true
		}]
	},
	"custom.bell2": {
	"sounds": [
		{
			"name": "custom/bell2",
			"stream": true
		}]
	},
	"custom.goldbag": {
	"sounds": [
		{
			"name": "custom/goldbag",
			"stream": true
		}]
	},
	"custom.cin_m": {
	"sounds": [
		{
			"name": "custom/cin_m",
			"stream": true
		}]
	},
	"custom.bike": {
	"sounds": [
		{
			"name": "custom/bike",
			"stream": true
		}]
	},
	"custom.truck": {
	"sounds": [
		{
			"name": "custom/truck",
			"stream": true
		}]
	},
	"custom.truck_beep": {
	"sounds": [
		{
			"name": "custom/truck_beep",
			"stream": true
		}]
	},
	"custom.truck_unload": {
	"sounds": [
		{
			"name": "custom/truck_unload",
			"stream": true
		}]
	},
	"custom.excavator": {
	"sounds": [
		{
			"name": "custom/excavator",
			"stream": true
		}]
	},
	"custom.tractorstart": {
	"sounds": [
		{
			"name": "custom/tractorstart",
			"stream": true
		}]
	},
	"custom.truck_acc": {
	"sounds": [
		{
			"name": "custom/truck_acc",
			"stream": true
		}]
	},
	"custom.truck2": {
	"sounds": [
		{
			"name": "custom/truck2",
			"stream": true
		}]
	},
	"custom.truck3": {
	"sounds": [
		{
			"name": "custom/truck3",
			"stream": true
		}]
	},
	"custom.truck_brake": {
	"sounds": [
		{
			"name": "custom/truck_brake",
			"stream": true
		}]
	},
	"custom.truck_brake2": {
	"sounds": [
		{
			"name": "custom/truck_brake2",
			"stream": true
		}]
	},
	"custom.tractor": {
	"sounds": [
		{
			"name": "custom/tractor",
			"stream": true
		}]
	},
	"custom.road_constr": {
	"sounds": [
		{
			"name": "custom/road_constr",
			"stream": true
		}]
	},
	"custom.plane": {
	"sounds": [
		{
			"name": "custom/plane",
			"stream": true
		}]
	},
	"custom.plane_takeoff": {
	"sounds": [
		{
			"name": "custom/plane_takeoff",
			"stream": true
		}]
	},
	"custom.dent2": {
	"sounds": [
		{
			"name": "custom/dent2",
			"stream": true
		}]
	},
	"custom.dent1": {
	"sounds": [
		{
			"name": "custom/dent1",
			"stream": true
		}]
	},
	"custom.careng": {
	"sounds": [
		{
			"name": "custom/careng",
			"stream": true
		}]
	},
	"custom.car_acc": {
	"sounds": [
		{
			"name": "custom/car_acc",
			"stream": true
		}]
	},
	"custom.ambu": {
	"sounds": [
		{
			"name": "custom/ambu",
			"stream": false
		}]
	},
"custom.carhorn": {
	"sounds": [
		{
			"name": "custom/carhorn",
			"stream": false
		}]
	},
"custom.wave": {
	"sounds": [
		{
			"name": "custom/wave",
			"stream": false
		}]
	},
"custom.coffeeshop": {
	"sounds": [
		{
			"name": "custom/coffeeshop",
			"stream": false
		}]
	},
"custom.coffeemachine": {
	"sounds": [
		{
			"name": "custom/coffeemachine",
			"stream": false
		}]
	},
"custom.sb": {
	"sounds": [
		{
			"name": "custom/sb",
			"stream": false
		}]
	},
"custom.cablecar_amb": {
	"sounds": [
		{
			"name": "custom/cablecar_amb",
			"stream": false
		}]
	},
"custom.cablecar_gong": {
	"sounds": [
		{
			"name": "custom/cablecar_gong",
			"stream": false
		}]
	},
"custom.skier": {
	"sounds": [
		{
			"name": "custom/skier",
			"stream": false
		}]
	},
"custom.liftengine": {
	"sounds": [
		{
			"name": "custom/liftengine",
			"stream": false
		}]
	},
"custom.liftinside": {
	"sounds": [
		{
			"name": "custom/liftinside",
			"stream": false
		}]
	},
"custom.liftinside2": {
	"sounds": [
		{
			"name": "custom/liftinside2",
			"stream": false
		}]
	},
"custom.contraineng0": {
	"sounds": [
		{
			"name": "custom/contraineng0",
			"stream": false
		}]
	},
"custom.contraineng": {
	"sounds": [
		{
			"name": "custom/contraineng",
			"stream": false
		}]
	},
"custom.traininside0": {
	"sounds": [
		{
			"name": "custom/traininside0",
			"stream": false
		}]
	},
"custom.train_inside1": {
	"sounds": [
		{
			"name": "custom/train_inside1",
			"stream": false
		}]
	},
"custom.train_inside2": {
	"sounds": [
		{
			"name": "custom/train_inside2",
			"stream": false
		}]
	},
"custom.train_inside3": {
	"sounds": [
		{
			"name": "custom/train_inside3",
			"stream": false
		}]
	},
"custom.train_start_outside1": {
	"sounds": [
		{
			"name": "custom/train_start_outside1",
			"stream": false
		}]
	},
"custom.train_start_outside2": {
	"sounds": [
		{
			"name": "custom/train_start_outside2",
			"stream": false
		}]
	},
"custom.train_start_inside": {
	"sounds": [
		{
			"name": "custom/train_start_inside",
			"stream": false
		}]
	},
"custom.trainengine": {
	"sounds": [
		{
			"name": "custom/trainengine",
			"stream": false
		}]
	},
"custom.trainengine2": {
	"sounds": [
		{
			"name": "custom/trainengine2",
			"stream": false
		}]
	},
"custom.trainengine_slow": {
	"sounds": [
		{
			"name": "custom/trainengine_slow",
			"stream": false
		}]
	},
"custom.trainbrake_inside": {
	"sounds": [
		{
			"name": "custom/trainbrake_inside",
			"stream": false
		}]
	},
"custom.trainengine0": {
	"sounds": [
		{
			"name": "custom/trainengine0",
			"stream": false
		}]
	},
"custom.trainengstart": {
	"sounds": [
		{
			"name": "custom/trainengstart",
			"stream": false
		}]
	},
"custom.trainacc_inside": {
	"sounds": [
		{
			"name": "custom/trainacc_ins",
			"stream": false
		}]
	},
"custom.train_acc2": {
	"sounds": [
		{
			"name": "custom/train_acc2",
			"stream": false
		}]
	},
"custom.train_acc3": {
	"sounds": [
		{
			"name": "custom/train_acc3",
			"stream": false
		}]
	},
"custom.train_acc4": {
	"sounds": [
		{
			"name": "custom/train_acc4",
			"stream": false
		}]
	},
"custom.train_inside4": {
	"sounds": [
		{
			"name": "custom/train_inside4",
			"stream": false
		}]
	},
"custom.train_inside5": {
	"sounds": [
		{
			"name": "custom/train_inside5",
			"stream": false
		}]
	},
"custom.train_inside6": {
	"sounds": [
		{
			"name": "custom/train_inside6",
			"stream": false
		}]
	},
"custom.train_inside7": {
	"sounds": [
		{
			"name": "custom/train_inside7",
			"stream": false
		}]
	},
"custom.train_sf1": {
	"sounds": [
		{
			"name": "custom/train_sf1",
			"stream": false
		}]
	},
"custom.railcross4": {
	"sounds": [
		{
			"name": "custom/railcross4",
			"stream": false
		}]
	},
"custom.schooltrain": {
	"sounds": [
		{
			"name": "custom/schooltrain",
			"stream": false
		}]
	},
"custom.train_bridge": {
	"sounds": [
		{
			"name": "custom/train_bridge",
			"stream": false
		}]
	},
"custom.train_bridge2": {
	"sounds": [
		{
			"name": "custom/train_bridge2",
			"stream": false
		}]
	},
"custom.train_bridge3": {
	"sounds": [
		{
			"name": "custom/train_bridge3",
			"stream": false
		}]
	},
"custom.traincurve4": {
	"sounds": [
		{
			"name": "custom/traincurve4",
			"stream": false
		}]
	},
"custom.train_ran1": {
	"sounds": [
		{
			"name": "custom/train_ran1",
			"stream": false
		}]
	},
"custom.train_ran2": {
	"sounds": [
		{
			"name": "custom/train_ran2",
			"stream": false
		}]
	},
"custom.train_passby": {
	"sounds": [
		{
			"name": "custom/train_passby",
			"stream": false
		}]
	},
"custom.train_acc": {
	"sounds": [
		{
			"name": "custom/train_acc",
			"stream": false
		}]
	},
"custom.traincurve2": {
	"sounds": [
		{
			"name": "custom/traincurve2",
			"stream": false
		}]
	},
"custom.traintunnel1": {
	"sounds": [
		{
			"name": "custom/traintunnel1",
			"stream": false
		}]
	},
"custom.traintunnel2": {
	"sounds": [
		{
			"name": "custom/traintunnel2",
			"stream": false
		}]
	},
"custom.traincurve3": {
	"sounds": [
		{
			"name": "custom/traincurve3",
			"stream": false
		}]
	},
"custom.trainbrake": {
	"sounds": [
		{
			"name": "custom/trainbrake",
			"stream": false
		}]
	},
"custom.trainhorn": {
	"sounds": [
		{
			"name": "custom/trainhorn",
			"stream": false
		}]
	},
"custom.trainhorn2": {
	"sounds": [
		{
			"name": "custom/trainhorn2",
			"stream": false
		}]
	},
"custom.traindoor": {
	"sounds": [
		{
			"name": "custom/traindoor",
			"stream": false
		}]
	},
"custom.traindoor2": {
	"sounds": [
		{
			"name": "custom/traindoor2",
			"stream": false
		}]
	},
"custom.etraineng": {
	"sounds": [
		{
			"name": "custom/etraineng",
			"stream": false
		}]
	},
"custom.etraineng0": {
	"sounds": [
		{
			"name": "custom/etraineng0",
			"stream": false
		}]
	},
"custom.etraindoor": {
	"sounds": [
		{
			"name": "custom/etraindoor",
			"stream": false
		}]
	},
"custom.etrain_acc_ins": {
	"sounds": [
		{
			"name": "custom/etrain_acc_ins",
			"stream": false
		}]
	},
"custom.etrain_inside0": {
	"sounds": [
		{
			"name": "custom/etrain_inside0",
			"stream": false
		}]
	},
"custom.etrain_acc": {
	"sounds": [
		{
			"name": "custom/etrain_acc",
			"stream": false
		}]
	},
"custom.etrain_ins1": {
	"sounds": [
		{
			"name": "custom/etrain_ins1",
			"stream": false
		}]
	},
"custom.etrain_ins2": {
	"sounds": [
		{
			"name": "custom/etrain_ins2",
			"stream": false
		}]
	},
"custom.etrain_ins3": {
	"sounds": [
		{
			"name": "custom/etrain_ins3",
			"stream": false
		}]
	},
"custom.etrainhorn": {
	"sounds": [
		{
			"name": "custom/etrainhorn",
			"stream": false
		}]
	},
"custom.etrain_brake": {
	"sounds": [
		{
			"name": "custom/etrain_brake",
			"stream": false
		}]
	},
"custom.station": {
	"sounds": [
		{
			"name": "custom/station",
			"stream": false
		}]
	},
"custom.station2": {
	"sounds": [
		{
			"name": "custom/station2",
			"stream": false
		}]
	},
"custom.station3": {
	"sounds": [
		{
			"name": "custom/station3",
			"stream": false
		}]
	},
"custom.station4": {
	"sounds": [
		{
			"name": "custom/station4",
			"stream": false
		}]
	},
"custom.station5": {
	"sounds": [
		{
			"name": "custom/station5",
			"stream": false
		}]
	},
"custom.station6": {
	"sounds": [
		{
			"name": "custom/station6",
			"stream": false
		}]
	},
"custom.station7": {
	"sounds": [
		{
			"name": "custom/station7",
			"stream": false
		}]
	},
"custom.station8": {
	"sounds": [
		{
			"name": "custom/station8",
			"stream": false
		}]
	},
"custom.station9": {
	"sounds": [
		{
			"name": "custom/station9",
			"stream": false
		}]
	},
"custom.railcross1": {
	"sounds": [
		{
			"name": "custom/railcross1",
			"stream": false
		}]
	},
"custom.railcross2": {
	"sounds": [
		{
			"name": "custom/railcross2",
			"stream": false
		}]
	},
"custom.railcross3": {
	"sounds": [
		{
			"name": "custom/railcross3",
			"stream": false
		}]
	},
"custom.railcross5": {
	"sounds": [
		{
			"name": "custom/railcross5",
			"stream": false
		}]
	},
"custom.sifa": {
	"sounds": [
		{
			"name": "custom/sifa",
			"stream": true
		}]
	},
"custom.weiche": {
	"sounds": [
		{
			"name": "custom/weiche",
			"stream": false
		}]
	},
"custom.weiche2": {
	"sounds": [
		{
			"name": "custom/weiche2",
			"stream": true
		}]
	},
"custom.railcrosssign": {
	"sounds": [
		{
			"name": "custom/railcrosssignal",
			"stream": false
		}]
	},
"custom.doorbell": {
	"sounds": [
		{
			"name": "custom/doorbell",
			"stream": false
		}]
	},
"custom.river": {
	"sounds": [
		{
			"name": "custom/river",
			"stream": false
		}]
	},
"custom.birds": {
	"sounds": [
		{
			"name": "custom/birds",
			"stream": false
		}]
	},
"custom.bird1": {
	"sounds": [
		{
			"name": "custom/bird1",
			"stream": false
		}]
	},
"custom.bird2": {
	"sounds": [
		{
			"name": "custom/bird2",
			"stream": false
		}]
	},
"custom.garbage": {
	"sounds": [
		{
			"name": "custom/garbage",
			"stream": false
		}]
	},
"custom.buseng": {
	"sounds": [
		{
			"name": "custom/buseng",
			"stream": false
		}]
	},
"custom.buseng2": {
	"sounds": [
		{
			"name": "custom/buseng2",
			"stream": false
		}]
	},
"custom.busdoor": {
	"sounds": [
		{
			"name": "custom/busdoor",
			"stream": false
		}]
	},
"custom.buseng0": {
	"sounds": [
		{
			"name": "custom/buseng0",
			"stream": false
		}]
	},
"custom.bus_acc": {
	"sounds": [
		{
			"name": "custom/bus_acc",
			"stream": false
		}]
	},
"custom.bus_acc2": {
	"sounds": [
		{
			"name": "custom/bus_acc2",
			"stream": false
		}]
	},
"custom.bus_brake2": {
	"sounds": [
		{
			"name": "custom/bus_brake2",
			"stream": false
		}]
	},
"custom.bus_brake": {
	"sounds": [
		{
			"name": "custom/bus_brake",
			"stream": true
		}]
	},
"custom.busrc": {
	"sounds": [
		{
			"name": "custom/busrc",
			"stream": true
		}]
	},
"custom.grill": {
	"sounds": [
		{
			"name": "custom/grill",
			"stream": false
		}]
	},
"custom.frog": {
	"sounds": [
		{
			"name": "custom/frog",
			"stream": false
		}]
	},
"custom.storm": {
	"sounds": [
		{
			"name": "custom/storm",
			"stream": false
		}]
	},
"custom.river2": {
	"sounds": [
		{
			"name": "custom/river2",
			"stream": false
		}]
	},
"custom.saw": {
	"sounds": [
		{
			"name": "custom/saw",
			"stream": false
		}]
	},
"custom.sawmill": {
	"sounds": [
		{
			"name": "custom/sawmill",
			"stream": false
		}]
	},
"block.stone_pressure_plate.click_on": {
	"sounds": [
		{
			"name": "custom/pressplate",
			"stream": false
		}]
	},
"block.stone_pressure_plate.click_off": {
	"sounds": [
		{
			"name": "custom/pressplate",
			"stream": false
		}]
	},
"custom.packaging": {
	"sounds": [
		{
			"name": "custom/packaging",
			"stream": true
		}]
	},
"custom.traincurve": {
	"sounds": [
		{
			"name": "custom/traincurve",
			"stream": false
		}]
	},
"custom.train_announce1": {
	"sounds": [
		{
			"name": "custom/train_announce1",
			"stream": false
		}]
	},
"custom.train_announce2": {
	"sounds": [
		{
			"name": "custom/train_announce2",
			"stream": false
		}]
	},
"custom.train_announce3": {
	"sounds": [
		{
			"name": "custom/train_announce3",
			"stream": false
		}]
	},
"custom.train_announce5": {
	"sounds": [
		{
			"name": "custom/train_announce5",
			"stream": false
		}]
	},
"custom.train_announce6": {
	"sounds": [
		{
			"name": "custom/train_announce6",
			"stream": false
		}]
	},
"custom.train_announce7": {
	"sounds": [
		{
			"name": "custom/train_announce7",
			"stream": false
		}]
	},
"custom.train_announce8": {
	"sounds": [
		{
			"name": "custom/train_announce8",
			"stream": false
		}]
	},
"custom.train_announce9": {
	"sounds": [
		{
			"name": "custom/train_announce9",
			"stream": false
		}]
	},
"custom.train_announce10": {
	"sounds": [
		{
			"name": "custom/train_announce10",
			"stream": false
		}]
	},
"custom.train_announce11": {
	"sounds": [
		{
			"name": "custom/train_announce11",
			"stream": false
		}]
	},
"custom.train_announce4": {
	"sounds": [
		{
			"name": "custom/train_announce4",
			"stream": false
		}]
	}
}