{
	"credit": "Made with Blockbench",
	"textures": {
		"0": "item/golden_apple",
		"1": "item/pumpkin_seeds",
		"2": "block/antenne",
		"particle": "item/golden_apple"
	},
	"elements": [
		{
			"from": [6, 0, 6],
			"to": [10, 1, 10],
			"faces": {
				"north": {"uv": [12, 0, 16, 1], "texture": "#2"},
				"east": {"uv": [10.5, 14.5, 14.5, 15.5], "texture": "#2"},
				"south": {"uv": [12, 0, 16, 1], "texture": "#2"},
				"west": {"uv": [10.5, 14.5, 14.5, 15.5], "texture": "#2"},
				"up": {"uv": [12, 0, 16, 4], "texture": "#2"},
				"down": {"uv": [12, 0, 16, 4], "texture": "#2"}
			}
		},
		{
			"from": [7, 1, 7],
			"to": [9, 13, 9],
			"faces": {
				"north": {"uv": [0.5, 3, 2.5, 15], "texture": "#2"},
				"east": {"uv": [0.5, 3, 2.5, 15], "texture": "#2"},
				"south": {"uv": [0.5, 3, 2.5, 15], "texture": "#2"},
				"west": {"uv": [0.5, 3, 2.5, 15], "texture": "#2"},
				"up": {"uv": [0, 0, 2, 2], "texture": "#missing"},
				"down": {"uv": [0, 0, 2, 2], "texture": "#missing"}
			}
		},
		{
			"from": [7, 1, 6.5],
			"to": [9, 3, 7],
			"faces": {
				"north": {"uv": [7, 13, 9, 15], "texture": "#2"},
				"east": {"uv": [7, 13.5, 7.5, 15.5], "texture": "#2"},
				"south": {"uv": [6.5, 14, 8.5, 16], "texture": "#2"},
				"west": {"uv": [8.5, 13, 9, 15], "texture": "#2"},
				"up": {"uv": [7, 9.5, 9, 10], "texture": "#1"},
				"down": {"uv": [7, 13.5, 9, 14], "texture": "#2"}
			}
		},
		{
			"from": [7, 1, 9],
			"to": [9, 3, 9.5],
			"faces": {
				"north": {"uv": [0, 0, 2, 2], "texture": "#missing"},
				"east": {"uv": [8.5, 13, 9, 15], "texture": "#2"},
				"south": {"uv": [7, 12.5, 9, 14.5], "texture": "#2"},
				"west": {"uv": [7, 13, 7.5, 15], "texture": "#2"},
				"up": {"uv": [7, 15.5, 9, 16], "texture": "#2"},
				"down": {"uv": [7, 11, 9, 11.5], "texture": "#2"}
			}
		},
		{
			"from": [9, 1, 7],
			"to": [9.5, 3, 9],
			"faces": {
				"north": {"uv": [7, 9, 7.5, 10], "texture": "#1"},
				"east": {"uv": [7, 12.5, 9, 14], "texture": "#2"},
				"south": {"uv": [7, 13.5, 7.5, 14.5], "texture": "#2"},
				"west": {"uv": [7, 13, 9, 14], "texture": "#2"},
				"up": {"uv": [8, 8, 8.5, 10], "texture": "#1"},
				"down": {"uv": [0, 0, 0.5, 2], "texture": "#missing"}
			}
		},
		{
			"from": [6.5, 1, 7],
			"to": [7, 3, 9],
			"faces": {
				"north": {"uv": [7.5, 14.5, 8, 15.5], "texture": "#2"},
				"east": {"uv": [0, 0, 2, 1], "texture": "#missing"},
				"south": {"uv": [7, 13, 7.5, 14], "texture": "#2"},
				"west": {"uv": [7, 12.5, 9, 14], "texture": "#2"},
				"up": {"uv": [7, 13, 7.5, 15], "texture": "#2"},
				"down": {"uv": [8.5, 13, 9, 15], "texture": "#2"}
			}
		},
		{
			"from": [6.5, 13, 6.5],
			"to": [9.5, 16, 9.5],
			"faces": {
				"north": {"uv": [7.5, 11, 11.5, 14], "texture": "#0"},
				"east": {"uv": [6, 9, 10, 12], "texture": "#0"},
				"south": {"uv": [6, 11, 10, 14], "texture": "#0"},
				"west": {"uv": [6, 12, 10, 15], "texture": "#0"},
				"up": {"uv": [7, 11, 11, 15], "texture": "#0"},
				"down": {"uv": [6.5, 7.5, 10.5, 11.5], "texture": "#0"}
			}
		},
		{
			"from": [10, 13, 8],
			"to": [13, 19, 8],
			"faces": {
				"north": {"uv": [4, 4, 7, 10], "texture": "#2"},
				"east": {"uv": [4, 9.5, 4, 15.5], "texture": "#2"},
				"south": {"uv": [9, 4, 12, 10], "texture": "#2"},
				"west": {"uv": [4, 10, 4, 16], "texture": "#2"},
				"up": {"uv": [2, 15.5, 5, 15.5], "texture": "#2"},
				"down": {"uv": [0, 15, 3, 15], "texture": "#2"}
			}
		},
		{
			"from": [3, 13, 8],
			"to": [6, 19, 8],
			"faces": {
				"north": {"uv": [9, 4, 12, 10], "texture": "#2"},
				"east": {"uv": [3.5, 10, 3.5, 16], "texture": "#2"},
				"south": {"uv": [4, 4, 7, 10], "texture": "#2"},
				"west": {"uv": [4, 9.5, 4, 15.5], "texture": "#2"},
				"up": {"uv": [2, 14, 5, 14], "texture": "#2"},
				"down": {"uv": [2, 15, 5, 15], "texture": "#2"}
			}
		},
		{
			"from": [6, 16, 8],
			"to": [10, 19, 8],
			"faces": {
				"north": {"uv": [6, 3, 10, 6], "texture": "#2"},
				"east": {"uv": [4, 11.5, 4, 14.5], "texture": "#2"},
				"south": {"uv": [6, 3, 10, 6], "texture": "#2"},
				"west": {"uv": [4.5, 12.5, 4.5, 15.5], "texture": "#2"},
				"up": {"uv": [1, 14, 5, 14], "texture": "#2"},
				"down": {"uv": [0, 15, 4, 15], "texture": "#2"}
			}
		}
	],
	"display": {
		"thirdperson_righthand": {
			"translation": [0, 2.5, 0],
			"scale": [0.6, 0.61, 0.58]
		},
		"thirdperson_lefthand": {
			"translation": [0, 2, 0],
			"scale": [0.63, 0.62, 0.62]
		},
		"firstperson_righthand": {
			"translation": [0, 0, 0.75]
		},
		"firstperson_lefthand": {
			"translation": [0, 0, 1.25]
		},
		"ground": {
			"translation": [0, 3, 0],
			"scale": [0.53, 0.47, 0.45]
		},
		"gui": {
			"rotation": [2, 38, 41]
		},
		"head": {
			"translation": [0, 8.5, 0]
		},
		"fixed": {
			"rotation": [0, 0, 48],
			"translation": [1, 0, 0]
		}
	}
}