{
	"credit": "Made with Blockbench",
	"textures": {
		"texture": "3dmodel/switch"
	},
	"elements": [
		{
			"from": [6.5, 0, 5],
			"to": [8, 1, 11],
			"faces": {
				"north": {"uv": [8, 11.5, 9.5, 12.5], "texture": "#texture"},
				"east": {"uv": [8, 1, 14, 2], "texture": "#texture"},
				"south": {"uv": [8, 3.5, 9.5, 4.5], "texture": "#texture"},
				"west": {"uv": [0.5, 2, 6.5, 3], "texture": "#texture"},
				"up": {"uv": [8, 5, 9.5, 11], "rotation": 180, "texture": "#texture"},
				"down": {"uv": [9.5, 11, 8, 5], "rotation": 180, "texture": "#texture"}
			}
		},
		{
			"from": [8.5, 0, 5],
			"to": [10, 1, 11],
			"faces": {
				"north": {"uv": [6, 11.5, 7.5, 12.5], "texture": "#texture"},
				"east": {"uv": [0.5, 0.5, 6.5, 1.5], "texture": "#texture"},
				"south": {"uv": [6, 3.5, 7.5, 4.5], "texture": "#texture"},
				"west": {"uv": [8, 0.5, 14, 1.5], "texture": "#texture"},
				"up": {"uv": [6, 5, 7.5, 11], "rotation": 180, "texture": "#texture"},
				"down": {"uv": [7.5, 11, 6, 5], "rotation": 180, "texture": "#texture"}
			}
		},
		{
			"from": [8, 0.5, 8],
			"to": [8.5, 1.5, 9],
			"faces": {
				"north": {"uv": [11.5, 5, 12, 6], "texture": "#texture"},
				"east": {"uv": [11.5, 5, 12.5, 6], "texture": "#texture"},
				"south": {"uv": [11.5, 5, 12, 6], "texture": "#texture"},
				"west": {"uv": [11.5, 5, 12.5, 6], "texture": "#texture"},
				"up": {"uv": [12, 5, 12.5, 6], "rotation": 180, "texture": "#texture"},
				"down": {"uv": [12.5, 6, 12, 5], "rotation": 180, "texture": "#texture"}
			}
		},
		{
			"from": [8, 0, 7],
			"to": [8.5, 0.5, 9],
			"faces": {
				"north": {"uv": [7.5, 15.5, 8, 16], "texture": "#texture"},
				"east": {"uv": [7, 15.5, 9, 16], "texture": "#texture"},
				"south": {"uv": [8, 15.5, 8.5, 16], "texture": "#texture"},
				"west": {"uv": [7, 15.5, 9, 16], "texture": "#texture"},
				"up": {"uv": [7.5, 7, 8, 9], "rotation": 180, "texture": "#texture"},
				"down": {"uv": [8.5, 9, 8, 7], "rotation": 180, "texture": "#texture"}
			}
		},
		{
			"from": [8, 0, 9],
			"to": [8.5, 1, 11],
			"faces": {
				"north": {"uv": [7.5, 8.5, 8, 9.5], "texture": "#texture"},
				"east": {"uv": [1, 8, 3, 9], "texture": "#texture"},
				"south": {"uv": [7.5, 3.5, 8, 4.5], "texture": "#texture"},
				"west": {"uv": [9, 15, 11, 16], "texture": "#texture"},
				"up": {"uv": [7.5, 5, 8, 7], "rotation": 180, "texture": "#texture"},
				"down": {"uv": [8, 7, 7.5, 5], "rotation": 180, "texture": "#texture"}
			}
		},
		{
			"from": [8, 0, 5],
			"to": [8.5, 1, 7],
			"faces": {
				"north": {"uv": [7.5, 11.5, 8, 12.5], "texture": "#texture"},
				"east": {"uv": [9, 15, 11, 16], "texture": "#texture"},
				"south": {"uv": [7.5, 8, 8, 9], "texture": "#texture"},
				"west": {"uv": [3, 11.5, 5, 12.5], "texture": "#texture"},
				"up": {"uv": [7.5, 9, 8, 11], "rotation": 180, "texture": "#texture"},
				"down": {"uv": [8, 11, 7.5, 9], "rotation": 180, "texture": "#texture"}
			}
		}
	],
	"display": {
		"thirdperson_righthand": {
			"translation": [0, 8, 3]
		},
		"thirdperson_lefthand": {
			"translation": [0, 8, 2.75]
		},
		"firstperson_righthand": {
			"translation": [0, 10.25, 0]
		},
		"firstperson_lefthand": {
			"translation": [0, 10, 0]
		},
		"ground": {
			"translation": [0, 4.5, 0]
		},
		"gui": {
			"rotation": [94, 0, -35],
			"translation": [5, 0, 0],
			"scale": [1.47, 1.47, 1.47]
		},
		"head": {
			"translation": [0, 14.5, 0]
		},
		"fixed": {
			"rotation": [-90, 0, 0],
			"translation": [0, 0, -12],
			"scale": [1.5, 1.5, 1.5]
		}
	}
}