{
	"credit": "Made with Blockbench",
	"textures": {
		"0": "block/polished_andesite",
		"particle": "block/polished_andesite"
	},
	"elements": [
		{
			"from": [0, 0, 11],
			"to": [16, 8, 16],
			"faces": {
				"north": {"uv": [0, 0, 16, 8], "texture": "#0"},
				"east": {"uv": [0, 0, 12, 9], "texture": "#0"},
				"south": {"uv": [0, 0, 16, 8], "texture": "#0"},
				"west": {"uv": [0, 0, 12, 9], "texture": "#0"},
				"up": {"uv": [0, 12, 16, 16], "texture": "#0"},
				"down": {"uv": [0, 0, 16, 4], "texture": "#0"}
			}
		}
	]
}