{
	"credit": "Made with Blockbench",
	"textures": {
		"1": "block/dark_oak_log",
		"4": "block/stripped_birch_log",
		"5": "block/red_wool",
		"particle": "block/red_wool"
	},
	"elements": [
		{
			"from": [1, 6, 1],
			"to": [15, 9, 15],
			"faces": {
				"north": {"uv": [0, 0, 14, 3], "texture": "#5"},
				"east": {"uv": [14, 0, 8, 6], "texture": "#5"},
				"south": {"uv": [0, 0, 14, 3], "texture": "#5"},
				"west": {"uv": [0, 0, 14, 3], "texture": "#5"},
				"up": {"uv": [0, 0, 14, 14], "texture": "#5"},
				"down": {"uv": [0, 0, 14, 14], "texture": "#5"}
			}
		},
		{
			"from": [12.5, 8.75, 1.5],
			"to": [15.5, 12.75, 14.5],
			"rotation": {"angle": 0, "axis": "y", "origin": [0, 0, 16]},
			"faces": {
				"north": {"uv": [6, 8, 1, 11], "texture": "#5"},
				"east": {"uv": [5, 0, 0, 3], "texture": "#5"},
				"south": {"uv": [5, 0, 0, 3], "texture": "#5"},
				"west": {"uv": [14, 0, 8, 6], "texture": "#5"},
				"up": {"uv": [0, 1, 2, 0], "texture": "#5"},
				"down": {"uv": [0, 1, 2, 0], "texture": "#5"}
			}
		},
		{
			"from": [2.75, 12.5, 0.5],
			"to": [15.75, 14, 2.5],
			"faces": {
				"north": {"uv": [0, 0, 5, 3], "texture": "#1"},
				"east": {"uv": [0, 0, 5, 3], "texture": "#1"},
				"south": {"uv": [1, 8, 6, 11], "texture": "#1"},
				"west": {"uv": [0, 0, 4, 3], "texture": "#1"},
				"up": {"uv": [0, 0, 2, 1], "texture": "#1"},
				"down": {"uv": [0, 0, 2, 1], "texture": "#1"}
			}
		},
		{
			"from": [-2.75, 12, 0.5],
			"to": [-1.75, 13.5, 2.5],
			"rotation": {"angle": -22.5, "axis": "z", "origin": [0, 0, 0]},
			"faces": {
				"north": {"uv": [0, 0, 5, 3], "texture": "#1"},
				"east": {"uv": [0, 0, 5, 3], "texture": "#1"},
				"south": {"uv": [1, 8, 6, 11], "texture": "#1"},
				"west": {"uv": [0, 0, 2, 1], "texture": "#1"},
				"up": {"uv": [0, 0, 2, 1], "texture": "#1"},
				"down": {"uv": [0, 0, 2, 1], "texture": "#1"}
			}
		},
		{
			"from": [-2.75, 12, 13.5],
			"to": [-1.75, 13.5, 15.5],
			"rotation": {"angle": -22.5, "axis": "z", "origin": [0, 0, 0]},
			"faces": {
				"north": {"uv": [0, 0, 5, 3], "texture": "#1"},
				"east": {"uv": [0, 0, 5, 3], "texture": "#1"},
				"south": {"uv": [1, 8, 6, 11], "texture": "#1"},
				"west": {"uv": [0, 0, 2, 1], "texture": "#1"},
				"up": {"uv": [0, 0, 2, 1], "texture": "#1"},
				"down": {"uv": [0, 0, 2, 1], "texture": "#1"}
			}
		},
		{
			"from": [2.75, 12.5, 13.5],
			"to": [15.75, 14, 15.5],
			"faces": {
				"north": {"uv": [0, 0, 5, 3], "texture": "#1"},
				"east": {"uv": [0, 0, 5, 3], "texture": "#1"},
				"south": {"uv": [1, 8, 6, 11], "texture": "#1"},
				"west": {"uv": [0, 0, 4, 3], "texture": "#1"},
				"up": {"uv": [0, 0, 2, 1], "texture": "#1"},
				"down": {"uv": [0, 0, 2, 1], "texture": "#1"}
			}
		},
		{
			"from": [1.75, 6.75, 13.5],
			"to": [14.75, 8.25, 15.5],
			"faces": {
				"north": {"uv": [0, 0, 5, 3], "texture": "#1"},
				"east": {"uv": [0, 0, 5, 3], "texture": "#1"},
				"south": {"uv": [1, 8, 6, 11], "texture": "#1"},
				"west": {"uv": [0, 0, 4, 3], "texture": "#1"},
				"up": {"uv": [0, 0, 2, 1], "texture": "#1"},
				"down": {"uv": [0, 0, 2, 1], "texture": "#1"}
			}
		},
		{
			"from": [5.75, 0, 13.5],
			"to": [9.75, 7, 15.5],
			"faces": {
				"north": {"uv": [0, 0, 5, 3], "texture": "#1"},
				"east": {"uv": [0, 0, 5, 3], "texture": "#1"},
				"south": {"uv": [1, 8, 6, 11], "texture": "#1"},
				"west": {"uv": [0, 0, 4, 3], "texture": "#1"},
				"up": {"uv": [0, 0, 2, 1], "texture": "#1"},
				"down": {"uv": [0, 0, 2, 1], "texture": "#1"}
			}
		},
		{
			"from": [5.75, 0, 0.5],
			"to": [9.75, 7, 2.5],
			"faces": {
				"north": {"uv": [0, 0, 5, 3], "texture": "#1"},
				"east": {"uv": [0, 0, 5, 3], "texture": "#1"},
				"south": {"uv": [1, 8, 6, 11], "texture": "#1"},
				"west": {"uv": [0, 0, 4, 3], "texture": "#1"},
				"up": {"uv": [0, 0, 2, 1], "texture": "#1"},
				"down": {"uv": [0, 0, 2, 1], "texture": "#1"}
			}
		},
		{
			"from": [0, 0, 0],
			"to": [16, 0.5, 16],
			"faces": {
				"north": {"uv": [0, 0, 5, 3], "texture": "#4"},
				"east": {"uv": [0, 0, 5, 3], "texture": "#4"},
				"south": {"uv": [1, 8, 6, 11], "texture": "#4"},
				"west": {"uv": [0, 0, 4, 3], "texture": "#4"},
				"up": {"uv": [0, 0, 16, 16], "texture": "#4"},
				"down": {"uv": [0, 0, 2, 1], "texture": "#4"}
			}
		},
		{
			"from": [1.75, 6.75, 0.5],
			"to": [14.75, 8.25, 2.5],
			"faces": {
				"north": {"uv": [0, 0, 5, 3], "texture": "#1"},
				"east": {"uv": [0, 0, 5, 3], "texture": "#1"},
				"south": {"uv": [1, 8, 6, 11], "texture": "#1"},
				"west": {"uv": [0, 0, 4, 3], "texture": "#1"},
				"up": {"uv": [0, 0, 2, 1], "texture": "#1"},
				"down": {"uv": [0, 0, 2, 1], "texture": "#1"}
			}
		},
		{
			"from": [13, 12.75, 1.5],
			"to": [16, 15.75, 14.5],
			"rotation": {"angle": 0, "axis": "y", "origin": [0, 0, 16]},
			"faces": {
				"north": {"uv": [6, 8, 1, 11], "texture": "#5"},
				"east": {"uv": [5, 0, 0, 3], "texture": "#5"},
				"south": {"uv": [5, 0, 0, 3], "texture": "#5"},
				"west": {"uv": [14, 0, 8, 6], "texture": "#5"},
				"up": {"uv": [0, 1, 2, 0], "texture": "#5"},
				"down": {"uv": [0, 1, 2, 0], "texture": "#5"}
			}
		},
		{
			"from": [13.5, 15.75, 1.5],
			"to": [16.5, 18.75, 14.5],
			"rotation": {"angle": 0, "axis": "y", "origin": [0, 0, 16]},
			"faces": {
				"north": {"uv": [6, 8, 1, 11], "texture": "#5"},
				"east": {"uv": [5, 0, 0, 3], "texture": "#5"},
				"south": {"uv": [5, 0, 0, 3], "texture": "#5"},
				"west": {"uv": [14, 0, 8, 6], "texture": "#5"},
				"up": {"uv": [0, 1, 2, 0], "texture": "#5"},
				"down": {"uv": [0, 1, 2, 0], "texture": "#5"}
			}
		},
		{
			"from": [14, 18.75, 2.5],
			"to": [17, 22.75, 13.5],
			"rotation": {"angle": 0, "axis": "y", "origin": [0, 0, 16]},
			"faces": {
				"north": {"uv": [6, 8, 1, 11], "texture": "#5"},
				"east": {"uv": [5, 0, 0, 3], "texture": "#5"},
				"south": {"uv": [5, 0, 0, 3], "texture": "#5"},
				"west": {"uv": [14, 0, 8, 6], "texture": "#5"},
				"up": {"uv": [0, 1, 2, 0], "texture": "#5"},
				"down": {"uv": [0, 1, 2, 0], "texture": "#5"}
			}
		}
	],
	"display": {
		"thirdperson_righthand": {
			"scale": [0.75, 0.75, 0.75]
		},
		"firstperson_righthand": {
			"scale": [0.7, 0.7, 0.7]
		},
		"firstperson_lefthand": {
			"scale": [0.7, 0.7, 0.7]
		},
		"ground": {
			"scale": [0.5, 0.5, 0.5]
		},
		"gui": {
			"rotation": [7, -24, 0],
			"translation": [0, -3, 0],
			"scale": [0.5, 0.5, 0.5]
		}
	}
}