{
	"credit": "Made with Blockbench",
	"textures": {
		"1": "block/dark_oak_planks",
		"particle": "block/dark_oak_planks"
	},
	"elements": [
		{
			"from": [9, 1, 7],
			"to": [10, 11, 8],
			"rotation": {"angle": 22.5, "axis": "z", "origin": [0, 0, 0]},
			"faces": {
				"north": {"uv": [0, 15, 1, 16], "texture": "#1"},
				"east": {"uv": [0, 15, 1, 16], "texture": "#1"},
				"south": {"uv": [0, 15, 1, 16], "texture": "#1"},
				"west": {"uv": [0, 15, 1, 16], "texture": "#1"},
				"up": {"uv": [0, 0, 1, 1], "texture": "#1"},
				"down": {"uv": [0, 0, 1, 1], "texture": "#1"}
			}
		},
		{
			"from": [6, 8, 7],
			"to": [7, 18, 8],
			"rotation": {"angle": -22.5, "axis": "z", "origin": [0, 0, 0]},
			"faces": {
				"north": {"uv": [0, 15, 1, 16], "texture": "#1"},
				"east": {"uv": [0, 15, 1, 16], "texture": "#1"},
				"south": {"uv": [0, 15, 1, 16], "texture": "#1"},
				"west": {"uv": [0, 15, 1, 16], "texture": "#1"},
				"up": {"uv": [0, 0, 1, 1], "texture": "#1"},
				"down": {"uv": [0, 0, 1, 1], "texture": "#1"}
			}
		},
		{
			"from": [6.8, 14, 1.2],
			"to": [10, 15, 14.2],
			"faces": {
				"north": {"uv": [0, 0, 9, 16], "texture": "#1"},
				"east": {"uv": [0, 0, 9, 16], "texture": "#1"},
				"south": {"uv": [0, 0, 9, 16], "texture": "#1"},
				"west": {"uv": [0, 0, 9, 16], "texture": "#1"},
				"up": {"uv": [7, 0, 9, 2], "texture": "#1"},
				"down": {"uv": [0, 0, 1, 1], "texture": "#1"}
			}
		},
		{
			"from": [4, 14, 4],
			"to": [7, 15, 17],
			"rotation": {"angle": 22.5, "axis": "y", "origin": [0, 0, 0]},
			"faces": {
				"north": {"uv": [0, 0, 9, 16], "texture": "#1"},
				"east": {"uv": [0, 0, 9, 16], "texture": "#1"},
				"south": {"uv": [0, 0, 9, 16], "texture": "#1"},
				"west": {"uv": [0, 0, 9, 16], "texture": "#1"},
				"up": {"uv": [7, 0, 9, 2], "texture": "#1"},
				"down": {"uv": [0, 0, 1, 1], "texture": "#1"}
			}
		},
		{
			"from": [8.5, 14, -2.5],
			"to": [11.5, 15, 10.5],
			"rotation": {"angle": -22.5, "axis": "y", "origin": [0, 0, 0]},
			"faces": {
				"north": {"uv": [0, 0, 9, 16], "texture": "#1"},
				"east": {"uv": [0, 0, 9, 16], "texture": "#1"},
				"south": {"uv": [0, 0, 9, 16], "texture": "#1"},
				"west": {"uv": [0, 0, 9, 16], "texture": "#1"},
				"up": {"uv": [7, 0, 9, 2], "texture": "#1"},
				"down": {"uv": [0, 0, 1, 1], "texture": "#1"}
			}
		},
		{
			"from": [2, 14, 6],
			"to": [15, 15, 9],
			"faces": {
				"north": {"uv": [0, 0, 9, 16], "texture": "#1"},
				"east": {"uv": [0, 0, 9, 16], "texture": "#1"},
				"south": {"uv": [0, 0, 9, 16], "texture": "#1"},
				"west": {"uv": [0, 0, 9, 16], "texture": "#1"},
				"up": {"uv": [7, 0, 9, 2], "texture": "#1"},
				"down": {"uv": [0, 0, 1, 1], "texture": "#1"}
			}
		},
		{
			"from": [4.5, 14, 2.5],
			"to": [17.5, 15, 5.5],
			"rotation": {"angle": -22.5, "axis": "y", "origin": [0, 0, 0]},
			"faces": {
				"north": {"uv": [0, 0, 9, 16], "texture": "#1"},
				"east": {"uv": [0, 0, 9, 16], "texture": "#1"},
				"south": {"uv": [0, 0, 9, 16], "texture": "#1"},
				"west": {"uv": [0, 0, 9, 16], "texture": "#1"},
				"up": {"uv": [7, 0, 9, 2], "texture": "#1"},
				"down": {"uv": [0, 0, 1, 1], "texture": "#1"}
			}
		},
		{
			"from": [5.25, 14, -2.5],
			"to": [18.25, 15, 0.5],
			"rotation": {"angle": -45, "axis": "y", "origin": [0, 0, 0]},
			"faces": {
				"north": {"uv": [0, 0, 9, 16], "texture": "#1"},
				"east": {"uv": [0, 0, 9, 16], "texture": "#1"},
				"south": {"uv": [0, 0, 9, 16], "texture": "#1"},
				"west": {"uv": [0, 0, 9, 16], "texture": "#1"},
				"up": {"uv": [7, 0, 9, 2], "texture": "#1"},
				"down": {"uv": [0, 0, 1, 1], "texture": "#1"}
			}
		},
		{
			"from": [-1.75, 14, 9],
			"to": [11.25, 15, 12],
			"rotation": {"angle": 22.5, "axis": "y", "origin": [0, 0, 0]},
			"faces": {
				"north": {"uv": [0, 0, 9, 16], "texture": "#1"},
				"east": {"uv": [0, 0, 9, 16], "texture": "#1"},
				"south": {"uv": [0, 0, 9, 16], "texture": "#1"},
				"west": {"uv": [0, 0, 9, 16], "texture": "#1"},
				"up": {"uv": [7, 0, 9, 2], "texture": "#1"},
				"down": {"uv": [0, 0, 1, 1], "texture": "#1"}
			}
		},
		{
			"from": [-6, 14, 9.5],
			"to": [7, 15, 12.5],
			"rotation": {"angle": 45, "axis": "y", "origin": [0, 0, 0]},
			"faces": {
				"north": {"uv": [0, 0, 9, 16], "texture": "#1"},
				"east": {"uv": [0, 0, 9, 16], "texture": "#1"},
				"south": {"uv": [0, 0, 9, 16], "texture": "#1"},
				"west": {"uv": [0, 0, 9, 16], "texture": "#1"},
				"up": {"uv": [7, 0, 9, 2], "texture": "#1"},
				"down": {"uv": [0, 0, 1, 1], "texture": "#1"}
			}
		},
		{
			"from": [8, 0, 7],
			"to": [9, 6, 8],
			"faces": {
				"north": {"uv": [0, 15, 1, 16], "texture": "#1"},
				"east": {"uv": [0, 15, 1, 16], "texture": "#1"},
				"south": {"uv": [0, 15, 1, 16], "texture": "#1"},
				"west": {"uv": [0, 15, 1, 16], "texture": "#1"},
				"up": {"uv": [0, 0, 1, 1], "texture": "#1"},
				"down": {"uv": [0, 0, 1, 1], "texture": "#1"}
			}
		},
		{
			"from": [8.5, -3.75, 7],
			"to": [9.5, -0.75, 8],
			"rotation": {"angle": 22.5, "axis": "z", "origin": [0, 0, 0]},
			"faces": {
				"north": {"uv": [0, 15, 1, 16], "texture": "#1"},
				"east": {"uv": [0, 15, 1, 16], "texture": "#1"},
				"south": {"uv": [0, 15, 1, 16], "texture": "#1"},
				"west": {"uv": [0, 15, 1, 16], "texture": "#1"},
				"up": {"uv": [0, 0, 1, 1], "texture": "#1"},
				"down": {"uv": [0, 0, 1, 1], "texture": "#1"}
			}
		},
		{
			"from": [6.25, 2.5, 7],
			"to": [7.25, 5.5, 8],
			"rotation": {"angle": -22.5, "axis": "z", "origin": [0, 0, 0]},
			"faces": {
				"north": {"uv": [0, 15, 1, 16], "texture": "#1"},
				"east": {"uv": [0, 15, 1, 16], "texture": "#1"},
				"south": {"uv": [0, 15, 1, 16], "texture": "#1"},
				"west": {"uv": [0, 15, 1, 16], "texture": "#1"},
				"up": {"uv": [0, 0, 1, 1], "texture": "#1"},
				"down": {"uv": [0, 0, 1, 1], "texture": "#1"}
			}
		},
		{
			"from": [8, 2.5, 5.25],
			"to": [9, 5.5, 6.25],
			"rotation": {"angle": 22.5, "axis": "x", "origin": [0, 0, 0]},
			"faces": {
				"north": {"uv": [0, 15, 1, 16], "texture": "#1"},
				"east": {"uv": [0, 15, 1, 16], "texture": "#1"},
				"south": {"uv": [0, 15, 1, 16], "texture": "#1"},
				"west": {"uv": [0, 15, 1, 16], "texture": "#1"},
				"up": {"uv": [0, 0, 1, 1], "texture": "#1"},
				"down": {"uv": [0, 0, 1, 1], "texture": "#1"}
			}
		},
		{
			"from": [8, -3.5, 7.5],
			"to": [9, -0.5, 8.5],
			"rotation": {"angle": -22.5, "axis": "x", "origin": [0, 0, 0]},
			"faces": {
				"north": {"uv": [0, 15, 1, 16], "texture": "#1"},
				"east": {"uv": [0, 15, 1, 16], "texture": "#1"},
				"south": {"uv": [0, 15, 1, 16], "texture": "#1"},
				"west": {"uv": [0, 15, 1, 16], "texture": "#1"},
				"up": {"uv": [0, 0, 1, 1], "texture": "#1"},
				"down": {"uv": [0, 0, 1, 1], "texture": "#1"}
			}
		},
		{
			"from": [8, 2, 8],
			"to": [9, 12, 9],
			"rotation": {"angle": -22.5, "axis": "x", "origin": [0, 0, 0]},
			"faces": {
				"north": {"uv": [0, 15, 1, 16], "texture": "#1"},
				"east": {"uv": [0, 15, 1, 16], "texture": "#1"},
				"south": {"uv": [0, 15, 1, 16], "texture": "#1"},
				"west": {"uv": [0, 15, 1, 16], "texture": "#1"},
				"up": {"uv": [0, 0, 1, 1], "texture": "#1"},
				"down": {"uv": [0, 0, 1, 1], "texture": "#1"}
			}
		},
		{
			"from": [8, 8, 5],
			"to": [9, 18, 6],
			"rotation": {"angle": 22.5, "axis": "x", "origin": [0, 0, 0]},
			"faces": {
				"north": {"uv": [0, 15, 1, 16], "texture": "#1"},
				"east": {"uv": [0, 15, 1, 16], "texture": "#1"},
				"south": {"uv": [0, 15, 1, 16], "texture": "#1"},
				"west": {"uv": [0, 15, 1, 16], "texture": "#1"},
				"up": {"uv": [0, 0, 1, 1], "texture": "#1"},
				"down": {"uv": [0, 0, 1, 1], "texture": "#1"}
			}
		}
	],
	"display": {
		"gui": {
			"rotation": [15, 0, 0]
		}
	}
}