{
	"credit": "Made with Blockbench",
	"textures": {
		"1": "block/oak_planks",
		"2": "block/stone",
		"3": "block/andesite",
		"4": "block/quartz_block_top",
		"particle": "block/oak_planks"
	},
	"elements": [
		{
			"from": [-9.1, 18.15, -1.1],
			"to": [15.9, 18.35, 15.9],
			"rotation": {"angle": 0, "axis": "y", "origin": [17.6, -6, -1.6]},
			"faces": {
				"north": {"uv": [1, 15, 0, 16], "texture": "#2"},
				"east": {"uv": [5, 11, 2, 14], "texture": "#2"},
				"south": {"uv": [1, 15, 0, 16], "texture": "#2"},
				"west": {"uv": [1, 15, 0, 16], "texture": "#2"},
				"up": {"uv": [9, 0, 0, 6], "texture": "#2"},
				"down": {"uv": [1, 0, 0, 1], "texture": "#2"}
			}
		},
		{
			"from": [-10.1, 21, 13.5],
			"to": [14.9, 21.2, 16.5],
			"rotation": {"angle": 0, "axis": "y", "origin": [17.6, -6, -1.6]},
			"faces": {
				"north": {"uv": [1, 15, 0, 16], "texture": "#2"},
				"east": {"uv": [5, 11, 2, 14], "texture": "#2"},
				"south": {"uv": [1, 15, 0, 16], "texture": "#2"},
				"west": {"uv": [1, 15, 0, 16], "texture": "#2"},
				"up": {"uv": [9, 0, 0, 2], "texture": "#2"},
				"down": {"uv": [1, 0, 0, 1], "texture": "#2"}
			}
		},
		{
			"from": [-3.1, 17.9, -0.6],
			"to": [12.9, 18.1, 15.4],
			"rotation": {"angle": 0, "axis": "y", "origin": [17.6, -6, -1.6]},
			"faces": {
				"north": {"uv": [1, 15, 0, 16], "texture": "#2"},
				"east": {"uv": [5, 11, 2, 14], "texture": "#2"},
				"south": {"uv": [1, 15, 0, 16], "texture": "#2"},
				"west": {"uv": [1, 15, 0, 16], "texture": "#2"},
				"up": {"uv": [9, 0, 0, 6], "texture": "#2"},
				"down": {"uv": [1, 0, 0, 1], "texture": "#2"}
			}
		},
		{
			"from": [-1.1, 10.9, -0.6],
			"to": [12.9, 11.1, 15.4],
			"rotation": {"angle": 0, "axis": "y", "origin": [17.6, -6, -1.6]},
			"faces": {
				"north": {"uv": [1, 15, 0, 16], "texture": "#2"},
				"east": {"uv": [5, 11, 2, 14], "texture": "#2"},
				"south": {"uv": [1, 15, 0, 16], "texture": "#2"},
				"west": {"uv": [1, 15, 0, 16], "texture": "#2"},
				"up": {"uv": [4, 0, 0, 2], "texture": "#2"},
				"down": {"uv": [1, 0, 0, 1], "texture": "#2"}
			}
		},
		{
			"from": [-9.1, -0.1, -0.6],
			"to": [15.9, 0.9, 15.4],
			"rotation": {"angle": 0, "axis": "y", "origin": [17.6, -6, -1.6]},
			"faces": {
				"north": {"uv": [1, 15, 0, 16], "texture": "#2"},
				"east": {"uv": [5, 11, 2, 14], "texture": "#2"},
				"south": {"uv": [1, 15, 0, 16], "texture": "#2"},
				"west": {"uv": [1, 15, 0, 16], "texture": "#2"},
				"up": {"uv": [9, 0, 0, 6], "texture": "#2"},
				"down": {"uv": [1, 0, 0, 1], "texture": "#2"}
			}
		},
		{
			"from": [-9, 17, -1],
			"to": [17, 18.2, 16],
			"rotation": {"angle": 0, "axis": "y", "origin": [17.6, -6, -1.6]},
			"faces": {
				"north": {"uv": [9, 0, 0, 16], "texture": "#1"},
				"east": {"uv": [9, 0, 0, 16], "texture": "#1"},
				"south": {"uv": [9, 0, 0, 16], "texture": "#1"},
				"west": {"uv": [9, 0, 0, 16], "texture": "#1"},
				"up": {"uv": [12, 0, 10, 2], "texture": "#1"},
				"down": {"uv": [1, 0, 0, 1], "texture": "#1"}
			}
		},
		{
			"from": [15, 0, -1.2],
			"to": [16, 17, 16.8],
			"rotation": {"angle": 0, "axis": "y", "origin": [17.6, -6, -1.6]},
			"faces": {
				"north": {"uv": [2, 13, 1, 14], "texture": "#1"},
				"east": {"uv": [5, 13, 2, 14], "texture": "#1"},
				"south": {"uv": [2, 13, 1, 14], "texture": "#1"},
				"west": {"uv": [2, 13, 1, 14], "texture": "#1"},
				"up": {"uv": [1, 0, 0, 1], "texture": "#1"},
				"down": {"uv": [1, 0, 0, 1], "texture": "#1"}
			}
		},
		{
			"from": [-9, 0, 14.8],
			"to": [15, 21, 16.8],
			"rotation": {"angle": 0, "axis": "y", "origin": [17.6, -6, -1.6]},
			"faces": {
				"north": {"uv": [2, 13, 1, 14], "texture": "#1"},
				"east": {"uv": [5, 13, 2, 14], "texture": "#1"},
				"south": {"uv": [4, 12, 1, 14], "texture": "#1"},
				"west": {"uv": [2, 13, 1, 14], "texture": "#1"},
				"up": {"uv": [1, 0, 0, 1], "texture": "#1"},
				"down": {"uv": [1, 0, 0, 1], "texture": "#1"}
			}
		},
		{
			"from": [-4, 0, 13.8],
			"to": [13, 17, 15.8],
			"rotation": {"angle": 0, "axis": "y", "origin": [17.6, -6, -1.6]},
			"faces": {
				"north": {"uv": [2, 13, 1, 14], "texture": "#4"},
				"east": {"uv": [5, 13, 2, 14], "texture": "#2"},
				"south": {"uv": [2, 13, 1, 14], "texture": "#2"},
				"west": {"uv": [2, 13, 1, 14], "texture": "#2"},
				"up": {"uv": [1, 0, 0, 1], "texture": "#2"},
				"down": {"uv": [1, 0, 0, 1], "texture": "#2"}
			}
		},
		{
			"from": [-9, 0, -1.2],
			"to": [3, 17, 0.8],
			"rotation": {"angle": 0, "axis": "y", "origin": [17.6, -6, -1.6]},
			"faces": {
				"north": {"uv": [3, 13, 2, 14], "texture": "#2"},
				"east": {"uv": [5, 13, 2, 14], "texture": "#2"},
				"south": {"uv": [2, 13, 1, 14], "texture": "#2"},
				"west": {"uv": [2, 13, 1, 14], "texture": "#2"},
				"up": {"uv": [1, 0, 0, 1], "texture": "#2"},
				"down": {"uv": [1, 0, 0, 1], "texture": "#2"}
			}
		},
		{
			"from": [3.1, 0, -1.1],
			"to": [15.1, 17, 0.9],
			"rotation": {"angle": 0, "axis": "y", "origin": [17.6, -6, -1.6]},
			"faces": {
				"north": {"uv": [3, 13, 2, 14], "texture": "#2"},
				"east": {"uv": [5, 13, 2, 14], "texture": "#2"},
				"south": {"uv": [2, 13, 1, 14], "texture": "#2"},
				"west": {"uv": [2, 13, 1, 14], "texture": "#2"},
				"up": {"uv": [1, 0, 0, 1], "texture": "#2"},
				"down": {"uv": [1, 0, 0, 1], "texture": "#2"}
			}
		},
		{
			"from": [4.1, 9, -1.6],
			"to": [6.1, 10.5, 0.4],
			"rotation": {"angle": 0, "axis": "y", "origin": [17.6, -6, -1.6]},
			"faces": {
				"north": {"uv": [3, 13, 2, 14], "texture": "#3"},
				"east": {"uv": [5, 13, 2, 14], "texture": "#3"},
				"south": {"uv": [2, 13, 1, 14], "texture": "#3"},
				"west": {"uv": [2, 13, 1, 14], "texture": "#3"},
				"up": {"uv": [1, 0, 0, 1], "texture": "#3"},
				"down": {"uv": [1, 0, 0, 1], "texture": "#3"}
			}
		},
		{
			"from": [14.5, 0, -1.2],
			"to": [15, 17, 15.8],
			"rotation": {"angle": 0, "axis": "y", "origin": [17.6, -6, -1.6]},
			"faces": {
				"north": {"uv": [2, 13, 1, 14], "texture": "#2"},
				"east": {"uv": [5, 13, 2, 14], "texture": "#2"},
				"south": {"uv": [2, 13, 1, 14], "texture": "#2"},
				"west": {"uv": [2, 13, 1, 14], "texture": "#4"},
				"up": {"uv": [1, 0, 0, 1], "texture": "#2"},
				"down": {"uv": [1, 0, 0, 1], "texture": "#2"}
			}
		},
		{
			"from": [-1.5, 0, -0.2],
			"to": [-1, 17, 15.8],
			"rotation": {"angle": 0, "axis": "y", "origin": [17.6, -6, -1.6]},
			"faces": {
				"north": {"uv": [2, 13, 1, 14], "texture": "#2"},
				"east": {"uv": [5, 13, 2, 14], "texture": "#4"},
				"south": {"uv": [2, 13, 1, 14], "texture": "#2"},
				"west": {"uv": [2, 13, 1, 14], "texture": "#2"},
				"up": {"uv": [1, 0, 0, 1], "texture": "#2"},
				"down": {"uv": [1, 0, 0, 1], "texture": "#2"}
			}
		}
	],
	"display": {
		"gui": {
			"rotation": [4, -130, 0],
			"translation": [0, -2, 0],
			"scale": [0.7, 0.7, 0.7]
		},
		"head": {
			"translation": [0, -5, 0],
			"scale": [1.5, 1.5, 1.5]
		}
	}
}