{
	"credit": "Made with Blockbench",
	"textures": {
		"0": "block/white_concrete",
		"1": "block/light_gray_wool",
		"2": "block/gray_wool",
		"4": "block/cyan_terracotta",
		"5": "block/lime_wool",
		"6": "block/yellow_terracotta",
		"7": "custom/emer_icon",
		"particle": "block/white_concrete"
	},
	"elements": [
		{
			"from": [0, 0, 2],
			"to": [1, 30, 16],
			"faces": {
				"north": {"uv": [0, 0, 1, 16], "texture": "#0"},
				"east": {"uv": [0, 0, 14, 16], "texture": "#0"},
				"south": {"uv": [0, 0, 1, 16], "texture": "#0"},
				"west": {"uv": [0, 0, 14, 16], "texture": "#0"},
				"up": {"uv": [0, 0, 1, 14], "texture": "#0"},
				"down": {"uv": [0, 0, 1, 14], "texture": "#0"}
			}
		},
		{
			"from": [-5, 0, 0],
			"to": [16, 1, 17],
			"faces": {
				"north": {"uv": [0, 0, 16, 1], "texture": "#1"},
				"east": {"uv": [0, 0, 16, 1], "texture": "#1"},
				"south": {"uv": [0, 0, 16, 1], "texture": "#1"},
				"west": {"uv": [0, 0, 16, 1], "texture": "#1"},
				"up": {"uv": [0, 0, 16, 16], "texture": "#1"},
				"down": {"uv": [0, 0, 16, 16], "texture": "#1"}
			}
		},
		{
			"from": [1, 1, 3],
			"to": [16, 15, 16],
			"faces": {
				"north": {"uv": [4, 1, 7, 3], "texture": "#1"},
				"east": {"uv": [4, 1, 7, 3], "texture": "#1"},
				"south": {"uv": [4, 1, 7, 3], "texture": "#1"},
				"west": {"uv": [0, 0, 3, 2], "texture": "#1"},
				"up": {"uv": [0, 0, 15, 13], "texture": "#1"},
				"down": {"uv": [0, 0, 15, 13], "texture": "#1"}
			}
		},
		{
			"from": [1, 22, 6],
			"to": [15, 29, 16],
			"faces": {
				"north": {"uv": [0, 0, 1, 1], "texture": "#2"},
				"east": {"uv": [0, 0, 1, 1], "texture": "#2"},
				"south": {"uv": [0, 0, 1, 1], "texture": "#2"},
				"west": {"uv": [0, 0, 1, 1], "texture": "#2"},
				"up": {"uv": [0, 0, 14, 16], "texture": "#2"},
				"down": {"uv": [0, 0, 14, 16], "texture": "#2"}
			}
		},
		{
			"from": [9, 13, 16.25],
			"to": [12, 14, 16.5],
			"faces": {
				"north": {"uv": [0, 0, 10, 6], "texture": "#2"},
				"east": {"uv": [0, 0, 0.25, 6], "texture": "#2"},
				"south": {"uv": [13, 11, 14, 12], "texture": "#2"},
				"west": {"uv": [0, 0, 0.25, 6], "texture": "#2"},
				"up": {"uv": [0, 0, 10, 0.25], "texture": "#2"},
				"down": {"uv": [0, 0, 10, 0.25], "texture": "#2"}
			}
		},
		{
			"from": [8.5, 12.5, 16],
			"to": [12.5, 14.5, 16.25],
			"faces": {
				"north": {"uv": [0, 0, 10, 6], "texture": "#1"},
				"east": {"uv": [0, 0, 0.25, 6], "texture": "#1"},
				"south": {"uv": [13, 10, 14, 11], "texture": "#1"},
				"west": {"uv": [0, 0, 0.25, 6], "texture": "#1"},
				"up": {"uv": [0, 0, 10, 0.25], "texture": "#1"},
				"down": {"uv": [0, 0, 10, 0.25], "texture": "#1"}
			}
		},
		{
			"from": [9.5, 10.25, 16],
			"to": [11.5, 12.25, 16.25],
			"faces": {
				"north": {"uv": [0, 0, 10, 6], "texture": "#1"},
				"east": {"uv": [0, 0, 0.25, 6], "texture": "#1"},
				"south": {"uv": [0, 0, 14, 15], "texture": "#7"},
				"west": {"uv": [0, 0, 0.25, 6], "texture": "#1"},
				"up": {"uv": [0, 0, 10, 0.25], "texture": "#1"},
				"down": {"uv": [0, 0, 10, 0.25], "texture": "#1"}
			}
		},
		{
			"from": [-9, 0, 2],
			"to": [0, 29, 14],
			"faces": {
				"north": {"uv": [0, 0, 9, 16], "texture": "#0"},
				"east": {"uv": [0, 0, 12, 16], "texture": "#0"},
				"south": {"uv": [0, 0, 9, 16], "texture": "#4"},
				"west": {"uv": [0, 0, 12, 16], "texture": "#0"},
				"up": {"uv": [0, 0, 9, 12], "texture": "#0"},
				"down": {"uv": [0, 0, 9, 12], "texture": "#0"}
			}
		},
		{
			"from": [-3, 25, 13.25],
			"to": [0, 30, 14.25],
			"faces": {
				"north": {"uv": [0, 0, 3, 5], "texture": "#6"},
				"east": {"uv": [0, 0, 1, 5], "texture": "#6"},
				"south": {"uv": [0, 0, 3, 5], "texture": "#6"},
				"west": {"uv": [0, 0, 1, 5], "texture": "#6"},
				"up": {"uv": [0, 0, 3, 1], "texture": "#6"},
				"down": {"uv": [0, 0, 3, 1], "texture": "#6"}
			}
		},
		{
			"from": [-4, 0, 14],
			"to": [-3, 30, 16],
			"faces": {
				"north": {"uv": [0, 0, 1, 16], "texture": "#0"},
				"east": {"uv": [0, 0, 2, 16], "texture": "#0"},
				"south": {"uv": [0, 0, 1, 16], "texture": "#0"},
				"west": {"uv": [0, 0, 2, 16], "texture": "#0"},
				"up": {"uv": [0, 0, 1, 2], "texture": "#0"},
				"down": {"uv": [0, 0, 1, 2], "texture": "#0"}
			}
		},
		{
			"from": [-3, 13, 8],
			"to": [0, 21, 10],
			"rotation": {"angle": 22.5, "axis": "x", "origin": [0, 0, 0]},
			"faces": {
				"north": {"uv": [0, 0, 3, 8], "texture": "#0"},
				"east": {"uv": [0, 0, 2, 8], "texture": "#0"},
				"south": {"uv": [0, 0, 3, 8], "texture": "#0"},
				"west": {"uv": [0, 0, 2, 8], "texture": "#0"},
				"up": {"uv": [0, 0, 3, 2], "texture": "#0"},
				"down": {"uv": [0, 0, 3, 2], "texture": "#0"}
			}
		},
		{
			"from": [-3, 0, 14],
			"to": [0, 12, 16],
			"faces": {
				"north": {"uv": [0, 0, 3, 12], "texture": "#0"},
				"east": {"uv": [0, 0, 2, 12], "texture": "#0"},
				"south": {"uv": [0, 0, 3, 12], "texture": "#0"},
				"west": {"uv": [0, 0, 2, 12], "texture": "#0"},
				"up": {"uv": [0, 0, 3, 2], "texture": "#0"},
				"down": {"uv": [0, 0, 3, 2], "texture": "#0"}
			}
		},
		{
			"from": [-2, 0, 16],
			"to": [-1, 14, 17],
			"faces": {
				"north": {"uv": [0, 0, 1, 14], "texture": "#2"},
				"east": {"uv": [0, 0, 1, 14], "texture": "#2"},
				"south": {"uv": [0, 0, 1, 14], "texture": "#2"},
				"west": {"uv": [0, 0, 1, 14], "texture": "#2"},
				"up": {"uv": [0, 0, 1, 1], "texture": "#2"},
				"down": {"uv": [0, 0, 1, 1], "texture": "#2"}
			}
		},
		{
			"from": [-8, 3, 1.75],
			"to": [-4, 6, 2.75],
			"faces": {
				"north": {"uv": [0, 0, 4, 3], "texture": "#2"},
				"east": {"uv": [0, 0, 1, 3], "texture": "#2"},
				"south": {"uv": [0, 0, 4, 3], "texture": "#2"},
				"west": {"uv": [0, 0, 1, 3], "texture": "#2"},
				"up": {"uv": [0, 0, 4, 1], "texture": "#2"},
				"down": {"uv": [0, 0, 4, 1], "texture": "#2"}
			}
		},
		{
			"from": [-2, 6, 20],
			"to": [-1, 14, 21],
			"rotation": {"angle": -22.5, "axis": "x", "origin": [0, 0, 0]},
			"faces": {
				"north": {"uv": [0, 0, 1, 8], "texture": "#2"},
				"east": {"uv": [0, 0, 1, 8], "texture": "#2"},
				"south": {"uv": [0, 0, 1, 8], "texture": "#2"},
				"west": {"uv": [0, 0, 1, 8], "texture": "#2"},
				"up": {"uv": [0, 0, 1, 1], "texture": "#2"},
				"down": {"uv": [0, 0, 1, 1], "texture": "#2"}
			}
		},
		{
			"from": [-1.9, 15, 21],
			"to": [-1.15, 18, 22],
			"rotation": {"angle": -22.5, "axis": "x", "origin": [0, 0, 0]},
			"faces": {
				"north": {"uv": [0, 0, 0.75, 3], "texture": "#2"},
				"east": {"uv": [0, 0, 1, 3], "texture": "#2"},
				"south": {"uv": [0, 0, 0.75, 3], "texture": "#2"},
				"west": {"uv": [0, 0, 1, 3], "texture": "#2"},
				"up": {"uv": [0, 0, 0.75, 1], "texture": "#2"},
				"down": {"uv": [0, 0, 0.75, 1], "texture": "#2"}
			}
		},
		{
			"from": [-6.9, 15, 21],
			"to": [-6.15, 18, 22],
			"rotation": {"angle": -22.5, "axis": "x", "origin": [-5, 0, 0]},
			"faces": {
				"north": {"uv": [0, 0, 0.75, 3], "texture": "#2"},
				"east": {"uv": [0, 0, 1, 3], "texture": "#2"},
				"south": {"uv": [0, 0, 0.75, 3], "texture": "#2"},
				"west": {"uv": [0, 0, 1, 3], "texture": "#2"},
				"up": {"uv": [0, 0, 0.75, 1], "texture": "#2"},
				"down": {"uv": [0, 0, 0.75, 1], "texture": "#2"}
			}
		},
		{
			"from": [-8, 25, 13.25],
			"to": [-5, 30, 14.25],
			"rotation": {"angle": 0, "axis": "y", "origin": [-5, 0, 0]},
			"faces": {
				"north": {"uv": [0, 0, 3, 5], "texture": "#5"},
				"east": {"uv": [0, 0, 1, 5], "texture": "#5"},
				"south": {"uv": [4, 3, 6, 5], "texture": "#5"},
				"west": {"uv": [0, 0, 1, 5], "texture": "#5"},
				"up": {"uv": [0, 0, 3, 1], "texture": "#5"},
				"down": {"uv": [0, 0, 3, 1], "texture": "#5"}
			}
		},
		{
			"from": [-5, 0, 2],
			"to": [-4, 30, 16],
			"rotation": {"angle": 0, "axis": "y", "origin": [-5, 0, 0]},
			"faces": {
				"north": {"uv": [0, 0, 1, 16], "texture": "#0"},
				"east": {"uv": [0, 0, 14, 16], "texture": "#0"},
				"south": {"uv": [0, 0, 1, 16], "texture": "#0"},
				"west": {"uv": [0, 0, 14, 16], "texture": "#0"},
				"up": {"uv": [0, 0, 1, 14], "texture": "#0"},
				"down": {"uv": [0, 0, 1, 14], "texture": "#0"}
			}
		},
		{
			"from": [-9, 0, 2],
			"to": [-8, 29, 16],
			"rotation": {"angle": 0, "axis": "y", "origin": [-5, 0, 0]},
			"faces": {
				"north": {"uv": [0, 0, 1, 16], "texture": "#0"},
				"east": {"uv": [0, 0, 14, 16], "texture": "#0"},
				"south": {"uv": [0, 0, 1, 16], "texture": "#0"},
				"west": {"uv": [0, 0, 14, 16], "texture": "#0"},
				"up": {"uv": [0, 0, 1, 14], "texture": "#0"},
				"down": {"uv": [0, 0, 1, 14], "texture": "#0"}
			}
		},
		{
			"from": [-8, 13, 8],
			"to": [-5, 21, 10],
			"rotation": {"angle": 22.5, "axis": "x", "origin": [-5, 0, 0]},
			"faces": {
				"north": {"uv": [0, 0, 3, 8], "texture": "#0"},
				"east": {"uv": [0, 0, 2, 8], "texture": "#0"},
				"south": {"uv": [0, 0, 3, 8], "texture": "#0"},
				"west": {"uv": [0, 0, 2, 8], "texture": "#0"},
				"up": {"uv": [0, 0, 3, 2], "texture": "#0"},
				"down": {"uv": [0, 0, 3, 2], "texture": "#0"}
			}
		},
		{
			"from": [-7, 0, 16],
			"to": [-6, 14, 17],
			"rotation": {"angle": 0, "axis": "y", "origin": [-5, 0, 0]},
			"faces": {
				"north": {"uv": [0, 0, 1, 14], "texture": "#2"},
				"east": {"uv": [0, 0, 1, 14], "texture": "#2"},
				"south": {"uv": [0, 0, 1, 14], "texture": "#2"},
				"west": {"uv": [0, 0, 1, 14], "texture": "#2"},
				"up": {"uv": [0, 0, 1, 1], "texture": "#2"},
				"down": {"uv": [0, 0, 1, 1], "texture": "#2"}
			}
		},
		{
			"from": [-7, 6, 20],
			"to": [-6, 14, 21],
			"rotation": {"angle": -22.5, "axis": "x", "origin": [-5, 0, 0]},
			"faces": {
				"north": {"uv": [0, 0, 1, 8], "texture": "#2"},
				"east": {"uv": [0, 0, 1, 8], "texture": "#2"},
				"south": {"uv": [0, 0, 1, 8], "texture": "#2"},
				"west": {"uv": [0, 0, 1, 8], "texture": "#2"},
				"up": {"uv": [0, 0, 1, 1], "texture": "#2"},
				"down": {"uv": [0, 0, 1, 1], "texture": "#2"}
			}
		},
		{
			"from": [-8, 0, 14],
			"to": [-5, 12, 16],
			"rotation": {"angle": 0, "axis": "y", "origin": [-5, 0, 0]},
			"faces": {
				"north": {"uv": [0, 0, 3, 12], "texture": "#0"},
				"east": {"uv": [0, 0, 2, 12], "texture": "#0"},
				"south": {"uv": [0, 0, 3, 12], "texture": "#0"},
				"west": {"uv": [0, 0, 2, 12], "texture": "#0"},
				"up": {"uv": [0, 0, 3, 2], "texture": "#0"},
				"down": {"uv": [0, 0, 3, 2], "texture": "#0"}
			}
		},
		{
			"from": [-2.5, 12, 20.5],
			"to": [-0.5, 16, 21.5],
			"rotation": {"angle": -22.5, "axis": "x", "origin": [0, 0, 0]},
			"faces": {
				"north": {"uv": [0, 0, 2, 4], "texture": "#1"},
				"east": {"uv": [0, 0, 1, 4], "texture": "#1"},
				"south": {"uv": [0, 0, 2, 4], "texture": "#1"},
				"west": {"uv": [0, 0, 1, 4], "texture": "#1"},
				"up": {"uv": [0, 0, 2, 1], "texture": "#1"},
				"down": {"uv": [0, 0, 2, 1], "texture": "#1"}
			}
		},
		{
			"from": [-7.5, 12, 20.5],
			"to": [-5.5, 16, 21.5],
			"rotation": {"angle": -22.5, "axis": "x", "origin": [0, 0, 0]},
			"faces": {
				"north": {"uv": [0, 0, 2, 4], "texture": "#1"},
				"east": {"uv": [0, 0, 1, 4], "texture": "#1"},
				"south": {"uv": [0, 0, 2, 4], "texture": "#1"},
				"west": {"uv": [0, 0, 1, 4], "texture": "#1"},
				"up": {"uv": [0, 0, 2, 1], "texture": "#1"},
				"down": {"uv": [0, 0, 2, 1], "texture": "#1"}
			}
		},
		{
			"from": [-9, 29, 2],
			"to": [15, 30, 16.25],
			"faces": {
				"north": {"uv": [0, 0, 16, 1], "texture": "#1"},
				"east": {"uv": [0, 0, 14.25, 1], "texture": "#1"},
				"south": {"uv": [0, 0, 16, 1], "texture": "#1"},
				"west": {"uv": [0, 0, 14.25, 1], "texture": "#1"},
				"up": {"uv": [0, 0, 16, 14.25], "texture": "#1"},
				"down": {"uv": [0, 0, 16, 14.25], "texture": "#1"}
			}
		}
	]
}