{
	"credit": "Made with Blockbench",
	"textures": {
		"5": "block/red_wool",
		"particle": "block/red_wool"
	},
	"elements": [
		{
			"from": [0, 0, 0],
			"to": [16, 10, 16],
			"faces": {
				"north": {"uv": [16, 0, 0, 10], "texture": "#5"},
				"east": {"uv": [16, 0, 0, 10], "texture": "#5"},
				"south": {"uv": [16, 0, 0, 10], "texture": "#5"},
				"west": {"uv": [16, 0, 0, 10], "texture": "#5"},
				"up": {"uv": [16, 0, 0, 16], "texture": "#5"},
				"down": {"uv": [16, 0, 0, 16], "texture": "#5"}
			}
		},
		{
			"from": [12.5, 9.75, 0.5],
			"to": [15.5, 12.75, 15.5],
			"rotation": {"angle": 0, "axis": "y", "origin": [0, 0, 16]},
			"faces": {
				"north": {"uv": [6, 8, 1, 11], "texture": "#5"},
				"east": {"uv": [5, 0, 0, 3], "texture": "#5"},
				"south": {"uv": [5, 0, 0, 3], "texture": "#5"},
				"west": {"uv": [4, 0, 0, 3], "texture": "#5"},
				"up": {"uv": [0, 1, 2, 0], "texture": "#5"},
				"down": {"uv": [0, 1, 2, 0], "texture": "#5"}
			}
		},
		{
			"from": [0.75, 8.75, 14.5],
			"to": [15.75, 14.75, 17.5],
			"rotation": {"angle": 0, "axis": "y", "origin": [0, 0, 16]},
			"faces": {
				"north": {"uv": [6, 8, 1, 11], "texture": "#5"},
				"east": {"uv": [5, 0, 0, 3], "texture": "#5"},
				"south": {"uv": [5, 0, 0, 3], "texture": "#5"},
				"west": {"uv": [4, 0, 0, 3], "texture": "#5"},
				"up": {"uv": [0, 1, 2, 0], "texture": "#5"},
				"down": {"uv": [0, 1, 2, 0], "texture": "#5"}
			}
		},
		{
			"from": [0.75, 9.75, 17.5],
			"to": [15.75, 13.75, 18.5],
			"rotation": {"angle": 0, "axis": "y", "origin": [0, 0, 16]},
			"faces": {
				"north": {"uv": [6, 8, 1, 11], "texture": "#5"},
				"east": {"uv": [5, 0, 0, 3], "texture": "#5"},
				"south": {"uv": [5, 0, 0, 3], "texture": "#5"},
				"west": {"uv": [4, 0, 0, 3], "texture": "#5"},
				"up": {"uv": [0, 1, 2, 0], "texture": "#5"},
				"down": {"uv": [0, 1, 2, 0], "texture": "#5"}
			}
		},
		{
			"from": [0.75, 8.75, -1.5],
			"to": [15.75, 14.75, 1.5],
			"faces": {
				"north": {"uv": [0, 0, 5, 3], "texture": "#5"},
				"east": {"uv": [0, 0, 5, 3], "texture": "#5"},
				"south": {"uv": [1, 8, 6, 11], "texture": "#5"},
				"west": {"uv": [0, 0, 4, 3], "texture": "#5"},
				"up": {"uv": [0, 0, 2, 1], "texture": "#5"},
				"down": {"uv": [0, 0, 2, 1], "texture": "#5"}
			}
		},
		{
			"from": [0.75, 9.75, -2.5],
			"to": [15.75, 13.75, -1.5],
			"faces": {
				"north": {"uv": [0, 0, 5, 3], "texture": "#5"},
				"east": {"uv": [0, 0, 5, 3], "texture": "#5"},
				"south": {"uv": [1, 8, 6, 11], "texture": "#5"},
				"west": {"uv": [0, 0, 4, 3], "texture": "#5"},
				"up": {"uv": [0, 0, 2, 1], "texture": "#5"},
				"down": {"uv": [0, 0, 2, 1], "texture": "#5"}
			}
		},
		{
			"from": [13, 12.75, 0.5],
			"to": [16, 15.75, 15.5],
			"rotation": {"angle": 0, "axis": "y", "origin": [0, 0, 16]},
			"faces": {
				"north": {"uv": [6, 8, 1, 11], "texture": "#5"},
				"east": {"uv": [5, 0, 0, 3], "texture": "#5"},
				"south": {"uv": [5, 0, 0, 3], "texture": "#5"},
				"west": {"uv": [4, 0, 0, 3], "texture": "#5"},
				"up": {"uv": [0, 1, 2, 0], "texture": "#5"},
				"down": {"uv": [0, 1, 2, 0], "texture": "#5"}
			}
		},
		{
			"from": [13.5, 15.75, 0.5],
			"to": [16.5, 18.75, 15.5],
			"rotation": {"angle": 0, "axis": "y", "origin": [0, 0, 16]},
			"faces": {
				"north": {"uv": [6, 8, 1, 11], "texture": "#5"},
				"east": {"uv": [5, 0, 0, 3], "texture": "#5"},
				"south": {"uv": [5, 0, 0, 3], "texture": "#5"},
				"west": {"uv": [4, 0, 0, 3], "texture": "#5"},
				"up": {"uv": [0, 1, 2, 0], "texture": "#5"},
				"down": {"uv": [0, 1, 2, 0], "texture": "#5"}
			}
		},
		{
			"from": [14, 18.75, 0.5],
			"to": [17, 22.75, 15.5],
			"rotation": {"angle": 0, "axis": "y", "origin": [0, 0, 16]},
			"faces": {
				"north": {"uv": [6, 8, 1, 11], "texture": "#5"},
				"east": {"uv": [5, 0, 0, 3], "texture": "#5"},
				"south": {"uv": [5, 0, 0, 3], "texture": "#5"},
				"west": {"uv": [4, 0, 0, 3], "texture": "#5"},
				"up": {"uv": [0, 1, 2, 0], "texture": "#5"},
				"down": {"uv": [0, 1, 2, 0], "texture": "#5"}
			}
		}
	],
	"display": {
		"thirdperson_righthand": {
			"scale": [0.75, 0.75, 0.75]
		},
		"firstperson_righthand": {
			"scale": [0.7, 0.7, 0.7]
		},
		"firstperson_lefthand": {
			"scale": [0.7, 0.7, 0.7]
		},
		"ground": {
			"scale": [0.5, 0.5, 0.5]
		},
		"gui": {
			"rotation": [7, -24, 0],
			"translation": [0, -3, 0],
			"scale": [0.5, 0.5, 0.5]
		}
	}
}