{
	"credit": "Made with Blockbench",
	"textures": {
		"3": "block/gray_wool",
		"4": "block/stone",
		"6": "block/light_gray_concrete_powder",
		"7": "block/sea_lantern",
		"particle": "block/glass"
	},
	"elements": [
		{
			"from": [2, 0.3, -16],
			"to": [17, 4.3, 16],
			"rotation": {"angle": 0, "axis": "y", "origin": [17, 0, 16]},
			"faces": {
				"north": {"uv": [4, 7, 9, 9], "rotation": 270, "texture": "#6"},
				"east": {"uv": [4, 7, 9, 9], "rotation": 270, "texture": "#6"},
				"south": {"uv": [4, 7, 9, 9], "rotation": 270, "texture": "#6"},
				"west": {"uv": [4, 7, 9, 9], "rotation": 270, "texture": "#6"},
				"up": {"uv": [4, 7, 6, 9], "rotation": 270, "texture": "#3"},
				"down": {"uv": [0, 15, 13, 0], "rotation": 90, "texture": "#6"}
			}
		},
		{
			"from": [3, 12.3, -15],
			"to": [15, 13.3, 15],
			"rotation": {"angle": 0, "axis": "y", "origin": [17, 0, 16]},
			"faces": {
				"north": {"uv": [14, 9, 15, 10], "rotation": 270, "texture": "#3"},
				"east": {"uv": [14, 9, 15, 10], "rotation": 270, "texture": "#3"},
				"south": {"uv": [14, 9, 15, 10], "rotation": 270, "texture": "#3"},
				"west": {"uv": [14, 9, 15, 10], "rotation": 270, "texture": "#3"},
				"up": {"uv": [14, 9, 15, 10], "rotation": 270, "texture": "#3"},
				"down": {"uv": [14, 9, 15, 10], "rotation": 270, "texture": "#3"}
			}
		},
		{
			"from": [3, 21.3, -15],
			"to": [15, 22.3, 15],
			"rotation": {"angle": 0, "axis": "y", "origin": [17, 0, 16]},
			"faces": {
				"north": {"uv": [14, 9, 15, 10], "rotation": 270, "texture": "#3"},
				"east": {"uv": [14, 9, 15, 10], "rotation": 270, "texture": "#3"},
				"south": {"uv": [14, 9, 15, 10], "rotation": 270, "texture": "#3"},
				"west": {"uv": [14, 9, 15, 10], "rotation": 270, "texture": "#3"},
				"up": {"uv": [14, 9, 15, 10], "rotation": 270, "texture": "#3"},
				"down": {"uv": [14, 9, 15, 10], "rotation": 270, "texture": "#3"}
			}
		},
		{
			"from": [2, 31, -15],
			"to": [16, 32, 16],
			"rotation": {"angle": 0, "axis": "y", "origin": [17, 0, 16]},
			"faces": {
				"north": {"uv": [14, 9, 15, 10], "rotation": 270, "texture": "#4"},
				"east": {"uv": [14, 9, 15, 10], "rotation": 270, "texture": "#4"},
				"south": {"uv": [14, 9, 15, 10], "rotation": 270, "texture": "#4"},
				"west": {"uv": [14, 9, 15, 10], "rotation": 270, "texture": "#4"},
				"up": {"uv": [14, 9, 15, 10], "rotation": 270, "texture": "#4"},
				"down": {"uv": [14, 9, 15, 10], "rotation": 270, "texture": "#4"}
			}
		},
		{
			"from": [15, 5, -15.5],
			"to": [17, 32, -14.5],
			"rotation": {"angle": 0, "axis": "y", "origin": [17, 0, 16]},
			"faces": {
				"north": {"uv": [3, 0, 0, 2], "texture": "#3"},
				"east": {"uv": [0.5, 9.125, 5.625, 15.875], "texture": "#3"},
				"south": {"uv": [2, 0, 0, 2], "texture": "#3"},
				"west": {"uv": [13, 0, 0, 16], "texture": "#3"},
				"up": {"uv": [0, 15, 13, 0], "rotation": 270, "texture": "#3"},
				"down": {"uv": [0, 15, 13, 0], "rotation": 90, "texture": "#3"}
			}
		},
		{
			"from": [16, 4, -15.5],
			"to": [17, 5, 15.5],
			"rotation": {"angle": 0, "axis": "y", "origin": [17, 0, 16]},
			"faces": {
				"north": {"uv": [3, 0, 0, 2], "texture": "#3"},
				"east": {"uv": [0.5, 9.125, 5.625, 15.875], "texture": "#3"},
				"south": {"uv": [2, 0, 0, 2], "texture": "#3"},
				"west": {"uv": [13, 0, 0, 16], "texture": "#3"},
				"up": {"uv": [0, 15, 13, 0], "rotation": 270, "texture": "#3"},
				"down": {"uv": [0, 15, 13, 0], "rotation": 90, "texture": "#3"}
			}
		},
		{
			"from": [16, 31, -14.5],
			"to": [17, 32, 14.5],
			"rotation": {"angle": 0, "axis": "y", "origin": [17, 0, 16]},
			"faces": {
				"north": {"uv": [3, 0, 0, 2], "texture": "#3"},
				"east": {"uv": [0.5, 9.125, 5.625, 15.875], "texture": "#3"},
				"south": {"uv": [2, 0, 0, 2], "texture": "#3"},
				"west": {"uv": [13, 0, 0, 16], "texture": "#3"},
				"up": {"uv": [0, 15, 13, 0], "rotation": 270, "texture": "#3"},
				"down": {"uv": [0, 15, 13, 0], "rotation": 90, "texture": "#3"}
			}
		},
		{
			"from": [2, 4, -16],
			"to": [17, 32, -15.5],
			"rotation": {"angle": 0, "axis": "y", "origin": [17, 0, 16]},
			"faces": {
				"north": {"uv": [15, 11, 14, 12], "texture": "#6"},
				"east": {"uv": [15, 11, 14, 12], "texture": "#6"},
				"south": {"uv": [12, 1, 4, 14], "texture": "#7"},
				"west": {"uv": [15, 11, 14, 12], "texture": "#6"},
				"up": {"uv": [15, 11, 14, 12], "texture": "#6"},
				"down": {"uv": [0, 16, 13, 1], "rotation": 90, "texture": "#6"}
			}
		},
		{
			"from": [2, 4, 15.5],
			"to": [17, 32, 16],
			"rotation": {"angle": 0, "axis": "y", "origin": [17, 0, 0]},
			"faces": {
				"north": {"uv": [4, 1, 12, 14], "texture": "#7"},
				"east": {"uv": [14, 11, 15, 12], "texture": "#6"},
				"south": {"uv": [14, 11, 15, 12], "texture": "#6"},
				"west": {"uv": [14, 11, 15, 12], "texture": "#6"},
				"up": {"uv": [15, 12, 14, 11], "texture": "#6"},
				"down": {"uv": [13, 16, 0, 1], "rotation": 90, "texture": "#6"}
			}
		},
		{
			"from": [15, 5, 14.5],
			"to": [17, 32, 15.5],
			"rotation": {"angle": 0, "axis": "y", "origin": [17, 0, 0]},
			"faces": {
				"north": {"uv": [0, 0, 2, 2], "texture": "#3"},
				"east": {"uv": [5.625, 9.125, 0.5, 15.875], "texture": "#3"},
				"south": {"uv": [0, 0, 3, 2], "texture": "#3"},
				"west": {"uv": [0, 0, 13, 16], "texture": "#3"},
				"up": {"uv": [13, 15, 0, 0], "rotation": 270, "texture": "#3"},
				"down": {"uv": [13, 15, 0, 0], "rotation": 90, "texture": "#3"}
			}
		},
		{
			"from": [2, 4, -16],
			"to": [4, 32, 15.5],
			"rotation": {"angle": 0, "axis": "y", "origin": [17, 0, 16]},
			"faces": {
				"north": {"uv": [15, 11, 14, 12], "texture": "#6"},
				"east": {"uv": [12, 1, 4, 14], "texture": "#7"},
				"south": {"uv": [15, 11, 14, 12], "texture": "#6"},
				"west": {"uv": [15, 11, 14, 12], "texture": "#6"},
				"up": {"uv": [15, 11, 14, 12], "rotation": 270, "texture": "#6"},
				"down": {"uv": [0, 16, 13, 1], "rotation": 180, "texture": "#6"}
			}
		}
	],
	"display": {
		"gui": {
			"rotation": [0, -90, 0],
			"scale": [0.75, 0.75, 0.75]
		}
	}
}