{
	"credit": "Made with Blockbench",
	"textures": {
		"1": "block/gray_concrete",
		"2": "block/light_gray_wool",
		"3": "block/lime_terracotta",
		"4": "block/stone",
		"5": "block/cyan_terracotta",
		"6": "block/red_wool",
		"7": "block/cyan_wool",
		"particle": "block/gray_concrete"
	},
	"elements": [
		{
			"from": [-1, 0, 0],
			"to": [17, 4, 8],
			"rotation": {"angle": 0, "axis": "y", "origin": [16, 0, 0]},
			"faces": {
				"north": {"uv": [0, 0, 16, 8], "texture": "#1"},
				"east": {"uv": [0, 0, 16, 8], "texture": "#1"},
				"south": {"uv": [0, 0, 16, 8], "texture": "#1"},
				"west": {"uv": [0, 0, 16, 8], "texture": "#1"},
				"up": {"uv": [0, 0, 16, 16], "rotation": 180, "texture": "#1"},
				"down": {"uv": [0, 0, 16, 16], "rotation": 180, "texture": "#1"}
			}
		},
		{
			"from": [0, 0, 0],
			"to": [16, 0.25, 16],
			"rotation": {"angle": 0, "axis": "y", "origin": [16, 0, 0]},
			"faces": {
				"north": {"uv": [0, 0, 16, 8], "texture": "#4"},
				"east": {"uv": [0, 0, 16, 8], "texture": "#4"},
				"south": {"uv": [0, 0, 16, 8], "texture": "#4"},
				"west": {"uv": [0, 0, 16, 8], "texture": "#4"},
				"up": {"uv": [0, 0, 16, 16], "rotation": 180, "texture": "#4"},
				"down": {"uv": [0, 0, 16, 16], "rotation": 180, "texture": "#4"}
			}
		},
		{
			"from": [-1, 4, 0],
			"to": [14, 6, 9],
			"rotation": {"angle": 0, "axis": "y", "origin": [16, 0, 0]},
			"faces": {
				"north": {"uv": [10, 12, 12, 14], "texture": "#2"},
				"east": {"uv": [10, 12, 12, 14], "texture": "#2"},
				"south": {"uv": [10, 12, 12, 14], "texture": "#2"},
				"west": {"uv": [10, 12, 12, 14], "texture": "#2"},
				"up": {"uv": [10, 12, 12, 14], "rotation": 90, "texture": "#2"},
				"down": {"uv": [10, 12, 12, 14], "rotation": 270, "texture": "#2"}
			}
		},
		{
			"from": [-1, 6, 0],
			"to": [14, 9, 10],
			"rotation": {"angle": 0, "axis": "y", "origin": [16, 0, 0]},
			"faces": {
				"north": {"uv": [10, 12, 12, 14], "texture": "#2"},
				"east": {"uv": [10, 12, 12, 14], "texture": "#2"},
				"south": {"uv": [10, 12, 12, 14], "texture": "#2"},
				"west": {"uv": [10, 12, 12, 14], "texture": "#2"},
				"up": {"uv": [10, 12, 12, 14], "rotation": 90, "texture": "#2"},
				"down": {"uv": [10, 12, 12, 14], "rotation": 270, "texture": "#2"}
			}
		},
		{
			"from": [-1, 9, 0],
			"to": [14, 19, 11],
			"rotation": {"angle": 0, "axis": "y", "origin": [16, 0, 0]},
			"faces": {
				"north": {"uv": [10, 12, 12, 14], "texture": "#2"},
				"east": {"uv": [10, 12, 12, 14], "texture": "#2"},
				"south": {"uv": [10, 12, 12, 14], "texture": "#2"},
				"west": {"uv": [10, 12, 12, 14], "texture": "#2"},
				"up": {"uv": [10, 12, 12, 14], "rotation": 90, "texture": "#2"},
				"down": {"uv": [10, 12, 12, 14], "rotation": 270, "texture": "#2"}
			}
		},
		{
			"from": [5.25, 19, 5.75],
			"to": [6.25, 19.5, 6.75],
			"rotation": {"angle": 0, "axis": "y", "origin": [16, 0, 0]},
			"faces": {
				"north": {"uv": [10, 12, 12, 14], "texture": "#2"},
				"east": {"uv": [10, 12, 12, 14], "texture": "#2"},
				"south": {"uv": [10, 12, 12, 14], "texture": "#2"},
				"west": {"uv": [10, 12, 12, 14], "texture": "#2"},
				"up": {"uv": [10, 12, 12, 14], "rotation": 90, "texture": "#2"},
				"down": {"uv": [10, 12, 12, 14], "rotation": 270, "texture": "#2"}
			}
		},
		{
			"from": [5.45, 19.1, 6.15],
			"to": [5.65, 19.6, 6.35],
			"rotation": {"angle": 0, "axis": "y", "origin": [16, 0, 0]},
			"faces": {
				"north": {"uv": [10, 12, 12, 14], "texture": "#5"},
				"east": {"uv": [10, 12, 12, 14], "texture": "#5"},
				"south": {"uv": [10, 12, 12, 14], "texture": "#5"},
				"west": {"uv": [10, 12, 12, 14], "texture": "#5"},
				"up": {"uv": [10, 12, 12, 14], "rotation": 90, "texture": "#5"},
				"down": {"uv": [10, 12, 12, 14], "rotation": 270, "texture": "#5"}
			}
		},
		{
			"from": [7.2, 19.1, 5.75],
			"to": [7.6, 19.6, 5.95],
			"rotation": {"angle": 0, "axis": "y", "origin": [16, 0, 0]},
			"faces": {
				"north": {"uv": [10, 12, 12, 14], "texture": "#5"},
				"east": {"uv": [10, 12, 12, 14], "texture": "#5"},
				"south": {"uv": [10, 12, 12, 14], "texture": "#5"},
				"west": {"uv": [10, 12, 12, 14], "texture": "#5"},
				"up": {"uv": [10, 12, 12, 14], "rotation": 90, "texture": "#5"},
				"down": {"uv": [10, 12, 12, 14], "rotation": 270, "texture": "#5"}
			}
		},
		{
			"from": [7.2, 19.1, 7.5],
			"to": [7.8, 19.6, 7.7],
			"rotation": {"angle": 0, "axis": "y", "origin": [16, 0, 0]},
			"faces": {
				"north": {"uv": [10, 12, 12, 14], "texture": "#5"},
				"east": {"uv": [10, 12, 12, 14], "texture": "#5"},
				"south": {"uv": [10, 12, 12, 14], "texture": "#5"},
				"west": {"uv": [10, 12, 12, 14], "texture": "#5"},
				"up": {"uv": [10, 12, 12, 14], "rotation": 90, "texture": "#5"},
				"down": {"uv": [10, 12, 12, 14], "rotation": 270, "texture": "#5"}
			}
		},
		{
			"from": [7.2, 19.1, 8.3],
			"to": [7.6, 19.6, 8.5],
			"rotation": {"angle": 0, "axis": "y", "origin": [16, 0, 0]},
			"faces": {
				"north": {"uv": [10, 12, 12, 14], "texture": "#5"},
				"east": {"uv": [10, 12, 12, 14], "texture": "#5"},
				"south": {"uv": [11, 13, 12, 14], "texture": "#2"},
				"west": {"uv": [10, 12, 12, 14], "texture": "#5"},
				"up": {"uv": [10, 12, 12, 14], "rotation": 90, "texture": "#5"},
				"down": {"uv": [10, 12, 12, 14], "rotation": 270, "texture": "#5"}
			}
		},
		{
			"from": [7.2, 19.1, 7.7],
			"to": [7.4, 19.6, 7.9],
			"rotation": {"angle": 0, "axis": "y", "origin": [16, 0, 0]},
			"faces": {
				"north": {"uv": [10, 12, 12, 14], "texture": "#5"},
				"east": {"uv": [10, 12, 12, 14], "texture": "#5"},
				"south": {"uv": [10, 12, 12, 14], "texture": "#5"},
				"west": {"uv": [10, 12, 12, 14], "texture": "#5"},
				"up": {"uv": [10, 12, 12, 14], "rotation": 90, "texture": "#5"},
				"down": {"uv": [10, 12, 12, 14], "rotation": 270, "texture": "#5"}
			}
		},
		{
			"from": [7.6, 19.1, 8.1],
			"to": [7.8, 19.6, 8.3],
			"rotation": {"angle": 0, "axis": "y", "origin": [16, 0, 0]},
			"faces": {
				"north": {"uv": [10, 12, 12, 14], "texture": "#5"},
				"east": {"uv": [10, 12, 12, 14], "texture": "#5"},
				"south": {"uv": [10, 12, 12, 14], "texture": "#5"},
				"west": {"uv": [10, 12, 12, 14], "texture": "#5"},
				"up": {"uv": [10, 12, 12, 14], "rotation": 90, "texture": "#5"},
				"down": {"uv": [10, 12, 12, 14], "rotation": 270, "texture": "#5"}
			}
		},
		{
			"from": [7.4, 19.1, 9.25],
			"to": [7.6, 19.6, 9.45],
			"rotation": {"angle": 0, "axis": "y", "origin": [16, 0, 0]},
			"faces": {
				"north": {"uv": [10, 12, 12, 14], "texture": "#5"},
				"east": {"uv": [10, 12, 12, 14], "texture": "#5"},
				"south": {"uv": [10, 12, 12, 14], "texture": "#5"},
				"west": {"uv": [10, 12, 12, 14], "texture": "#5"},
				"up": {"uv": [10, 12, 12, 14], "rotation": 90, "texture": "#5"},
				"down": {"uv": [10, 12, 12, 14], "rotation": 270, "texture": "#5"}
			}
		},
		{
			"from": [7.6, 19.1, 9.45],
			"to": [7.8, 19.6, 9.65],
			"rotation": {"angle": 0, "axis": "y", "origin": [16, 0, 0]},
			"faces": {
				"north": {"uv": [10, 12, 12, 14], "texture": "#5"},
				"east": {"uv": [10, 12, 12, 14], "texture": "#5"},
				"south": {"uv": [10, 12, 12, 14], "texture": "#5"},
				"west": {"uv": [10, 12, 12, 14], "texture": "#5"},
				"up": {"uv": [10, 12, 12, 14], "rotation": 90, "texture": "#5"},
				"down": {"uv": [10, 12, 12, 14], "rotation": 270, "texture": "#5"}
			}
		},
		{
			"from": [7.2, 19.1, 9.45],
			"to": [7.4, 19.6, 9.65],
			"rotation": {"angle": 0, "axis": "y", "origin": [16, 0, 0]},
			"faces": {
				"north": {"uv": [10, 12, 12, 14], "texture": "#5"},
				"east": {"uv": [10, 12, 12, 14], "texture": "#5"},
				"south": {"uv": [10, 12, 12, 14], "texture": "#5"},
				"west": {"uv": [10, 12, 12, 14], "texture": "#5"},
				"up": {"uv": [10, 12, 12, 14], "rotation": 90, "texture": "#5"},
				"down": {"uv": [10, 12, 12, 14], "rotation": 270, "texture": "#5"}
			}
		},
		{
			"from": [7.4, 19.1, 9.65],
			"to": [7.6, 19.6, 9.85],
			"rotation": {"angle": 0, "axis": "y", "origin": [16, 0, 0]},
			"faces": {
				"north": {"uv": [10, 12, 12, 14], "texture": "#5"},
				"east": {"uv": [10, 12, 12, 14], "texture": "#5"},
				"south": {"uv": [10, 12, 12, 14], "texture": "#5"},
				"west": {"uv": [10, 12, 12, 14], "texture": "#5"},
				"up": {"uv": [10, 12, 12, 14], "rotation": 90, "texture": "#5"},
				"down": {"uv": [10, 12, 12, 14], "rotation": 270, "texture": "#5"}
			}
		},
		{
			"from": [7.6, 19.1, 9.85],
			"to": [7.8, 19.6, 10.05],
			"rotation": {"angle": 0, "axis": "y", "origin": [16, 0, 0]},
			"faces": {
				"north": {"uv": [10, 12, 12, 14], "texture": "#5"},
				"east": {"uv": [10, 12, 12, 14], "texture": "#5"},
				"south": {"uv": [10, 12, 12, 14], "texture": "#5"},
				"west": {"uv": [10, 12, 12, 14], "texture": "#5"},
				"up": {"uv": [10, 12, 12, 14], "rotation": 90, "texture": "#5"},
				"down": {"uv": [10, 12, 12, 14], "rotation": 270, "texture": "#5"}
			}
		},
		{
			"from": [9.15, 19.1, 9.25],
			"to": [9.55, 19.6, 9.45],
			"rotation": {"angle": 0, "axis": "y", "origin": [16, 0, 0]},
			"faces": {
				"north": {"uv": [10, 12, 12, 14], "texture": "#5"},
				"east": {"uv": [10, 12, 12, 14], "texture": "#5"},
				"south": {"uv": [10, 12, 12, 14], "texture": "#5"},
				"west": {"uv": [10, 12, 12, 14], "texture": "#5"},
				"up": {"uv": [10, 12, 12, 14], "rotation": 90, "texture": "#5"},
				"down": {"uv": [10, 12, 12, 14], "rotation": 270, "texture": "#5"}
			}
		},
		{
			"from": [8.95, 19.1, 9.25],
			"to": [9.15, 19.6, 9.45],
			"rotation": {"angle": 0, "axis": "y", "origin": [16, 0, 0]},
			"faces": {
				"north": {"uv": [10, 12, 12, 14], "texture": "#5"},
				"east": {"uv": [10, 12, 12, 14], "texture": "#5"},
				"south": {"uv": [10, 12, 12, 14], "texture": "#5"},
				"west": {"uv": [10, 12, 12, 14], "texture": "#5"},
				"up": {"uv": [10, 12, 12, 14], "rotation": 90, "texture": "#5"},
				"down": {"uv": [10, 12, 12, 14], "rotation": 270, "texture": "#5"}
			}
		},
		{
			"from": [9.35, 19.1, 9.45],
			"to": [9.55, 19.6, 10.05],
			"rotation": {"angle": 0, "axis": "y", "origin": [16, 0, 0]},
			"faces": {
				"north": {"uv": [10, 12, 12, 14], "texture": "#5"},
				"east": {"uv": [10, 12, 12, 14], "texture": "#5"},
				"south": {"uv": [10, 12, 12, 14], "texture": "#5"},
				"west": {"uv": [10, 12, 12, 14], "texture": "#5"},
				"up": {"uv": [10, 12, 12, 14], "rotation": 90, "texture": "#5"},
				"down": {"uv": [10, 12, 12, 14], "rotation": 270, "texture": "#5"}
			}
		},
		{
			"from": [8.95, 19.1, 10.05],
			"to": [9.55, 19.6, 10.25],
			"rotation": {"angle": 0, "axis": "y", "origin": [16, 0, 0]},
			"faces": {
				"north": {"uv": [10, 12, 12, 14], "texture": "#5"},
				"east": {"uv": [10, 12, 12, 14], "texture": "#5"},
				"south": {"uv": [11, 13, 12, 14], "texture": "#2"},
				"west": {"uv": [10, 12, 12, 14], "texture": "#5"},
				"up": {"uv": [10, 12, 12, 14], "rotation": 90, "texture": "#5"},
				"down": {"uv": [10, 12, 12, 14], "rotation": 270, "texture": "#5"}
			}
		},
		{
			"from": [9.15, 19.1, 9.65],
			"to": [9.35, 19.6, 9.85],
			"rotation": {"angle": 0, "axis": "y", "origin": [16, 0, 0]},
			"faces": {
				"north": {"uv": [10, 12, 12, 14], "texture": "#5"},
				"east": {"uv": [10, 12, 12, 14], "texture": "#5"},
				"south": {"uv": [10, 12, 12, 14], "texture": "#5"},
				"west": {"uv": [10, 12, 12, 14], "texture": "#5"},
				"up": {"uv": [10, 12, 12, 14], "rotation": 90, "texture": "#5"},
				"down": {"uv": [10, 12, 12, 14], "rotation": 270, "texture": "#5"}
			}
		},
		{
			"from": [8.95, 19.1, 9.45],
			"to": [9.15, 19.6, 9.65],
			"rotation": {"angle": 0, "axis": "y", "origin": [16, 0, 0]},
			"faces": {
				"north": {"uv": [10, 12, 12, 14], "texture": "#5"},
				"east": {"uv": [10, 12, 12, 14], "texture": "#5"},
				"south": {"uv": [10, 12, 12, 14], "texture": "#5"},
				"west": {"uv": [10, 12, 12, 14], "texture": "#5"},
				"up": {"uv": [10, 12, 12, 14], "rotation": 90, "texture": "#5"},
				"down": {"uv": [10, 12, 12, 14], "rotation": 270, "texture": "#5"}
			}
		},
		{
			"from": [7.4, 19.1, 10.05],
			"to": [7.6, 19.6, 10.25],
			"rotation": {"angle": 0, "axis": "y", "origin": [16, 0, 0]},
			"faces": {
				"north": {"uv": [10, 12, 12, 14], "texture": "#5"},
				"east": {"uv": [10, 12, 12, 14], "texture": "#5"},
				"south": {"uv": [11, 13, 12, 14], "texture": "#2"},
				"west": {"uv": [10, 12, 12, 14], "texture": "#5"},
				"up": {"uv": [10, 12, 12, 14], "rotation": 90, "texture": "#5"},
				"down": {"uv": [10, 12, 12, 14], "rotation": 270, "texture": "#5"}
			}
		},
		{
			"from": [7.2, 19.1, 9.85],
			"to": [7.4, 19.6, 10.05],
			"rotation": {"angle": 0, "axis": "y", "origin": [16, 0, 0]},
			"faces": {
				"north": {"uv": [10, 12, 12, 14], "texture": "#5"},
				"east": {"uv": [10, 12, 12, 14], "texture": "#5"},
				"south": {"uv": [10, 12, 12, 14], "texture": "#5"},
				"west": {"uv": [10, 12, 12, 14], "texture": "#5"},
				"up": {"uv": [10, 12, 12, 14], "rotation": 90, "texture": "#5"},
				"down": {"uv": [10, 12, 12, 14], "rotation": 270, "texture": "#5"}
			}
		},
		{
			"from": [7.4, 19.1, 7.9],
			"to": [7.6, 19.6, 8.1],
			"rotation": {"angle": 0, "axis": "y", "origin": [16, 0, 0]},
			"faces": {
				"north": {"uv": [10, 12, 12, 14], "texture": "#5"},
				"east": {"uv": [10, 12, 12, 14], "texture": "#5"},
				"south": {"uv": [10, 12, 12, 14], "texture": "#5"},
				"west": {"uv": [10, 12, 12, 14], "texture": "#5"},
				"up": {"uv": [10, 12, 12, 14], "rotation": 90, "texture": "#5"},
				"down": {"uv": [10, 12, 12, 14], "rotation": 270, "texture": "#5"}
			}
		},
		{
			"from": [9.15, 19.1, 7.5],
			"to": [9.55, 19.6, 7.7],
			"rotation": {"angle": 0, "axis": "y", "origin": [16, 0, 0]},
			"faces": {
				"north": {"uv": [10, 12, 12, 14], "texture": "#5"},
				"east": {"uv": [10, 12, 12, 14], "texture": "#5"},
				"south": {"uv": [10, 12, 12, 14], "texture": "#5"},
				"west": {"uv": [10, 12, 12, 14], "texture": "#5"},
				"up": {"uv": [10, 12, 12, 14], "rotation": 90, "texture": "#5"},
				"down": {"uv": [10, 12, 12, 14], "rotation": 270, "texture": "#5"}
			}
		},
		{
			"from": [8.95, 19.1, 7.7],
			"to": [9.15, 19.6, 8.3],
			"rotation": {"angle": 0, "axis": "y", "origin": [16, 0, 0]},
			"faces": {
				"north": {"uv": [10, 12, 12, 14], "texture": "#5"},
				"east": {"uv": [10, 12, 12, 14], "texture": "#5"},
				"south": {"uv": [10, 12, 12, 14], "texture": "#5"},
				"west": {"uv": [10, 12, 12, 14], "texture": "#5"},
				"up": {"uv": [10, 12, 12, 14], "rotation": 90, "texture": "#5"},
				"down": {"uv": [10, 12, 12, 14], "rotation": 270, "texture": "#5"}
			}
		},
		{
			"from": [9.15, 19.1, 7.9],
			"to": [9.35, 19.6, 8.1],
			"rotation": {"angle": 0, "axis": "y", "origin": [16, 0, 0]},
			"faces": {
				"north": {"uv": [10, 12, 12, 14], "texture": "#5"},
				"east": {"uv": [10, 12, 12, 14], "texture": "#5"},
				"south": {"uv": [10, 12, 12, 14], "texture": "#5"},
				"west": {"uv": [10, 12, 12, 14], "texture": "#5"},
				"up": {"uv": [10, 12, 12, 14], "rotation": 90, "texture": "#5"},
				"down": {"uv": [10, 12, 12, 14], "rotation": 270, "texture": "#5"}
			}
		},
		{
			"from": [9.35, 19.1, 8.1],
			"to": [9.55, 19.6, 8.3],
			"rotation": {"angle": 0, "axis": "y", "origin": [16, 0, 0]},
			"faces": {
				"north": {"uv": [10, 12, 12, 14], "texture": "#5"},
				"east": {"uv": [10, 12, 12, 14], "texture": "#5"},
				"south": {"uv": [10, 12, 12, 14], "texture": "#5"},
				"west": {"uv": [10, 12, 12, 14], "texture": "#5"},
				"up": {"uv": [10, 12, 12, 14], "rotation": 90, "texture": "#5"},
				"down": {"uv": [10, 12, 12, 14], "rotation": 270, "texture": "#5"}
			}
		},
		{
			"from": [8.95, 19.1, 8.3],
			"to": [9.35, 19.6, 8.5],
			"rotation": {"angle": 0, "axis": "y", "origin": [16, 0, 0]},
			"faces": {
				"north": {"uv": [10, 12, 12, 14], "texture": "#5"},
				"east": {"uv": [10, 12, 12, 14], "texture": "#5"},
				"south": {"uv": [11, 13, 12, 14], "texture": "#2"},
				"west": {"uv": [10, 12, 12, 14], "texture": "#5"},
				"up": {"uv": [10, 12, 12, 14], "rotation": 90, "texture": "#5"},
				"down": {"uv": [10, 12, 12, 14], "rotation": 270, "texture": "#5"}
			}
		},
		{
			"from": [7.6, 19.1, 5.95],
			"to": [7.8, 19.6, 6.15],
			"rotation": {"angle": 0, "axis": "y", "origin": [16, 0, 0]},
			"faces": {
				"north": {"uv": [10, 12, 12, 14], "texture": "#5"},
				"east": {"uv": [10, 12, 12, 14], "texture": "#5"},
				"south": {"uv": [10, 12, 12, 14], "texture": "#5"},
				"west": {"uv": [10, 12, 12, 14], "texture": "#5"},
				"up": {"uv": [10, 12, 12, 14], "rotation": 90, "texture": "#5"},
				"down": {"uv": [10, 12, 12, 14], "rotation": 270, "texture": "#5"}
			}
		},
		{
			"from": [8.95, 19.1, 5.75],
			"to": [9.35, 19.6, 5.95],
			"rotation": {"angle": 0, "axis": "y", "origin": [16, 0, 0]},
			"faces": {
				"north": {"uv": [10, 12, 12, 14], "texture": "#5"},
				"east": {"uv": [10, 12, 12, 14], "texture": "#5"},
				"south": {"uv": [10, 12, 12, 14], "texture": "#5"},
				"west": {"uv": [10, 12, 12, 14], "texture": "#5"},
				"up": {"uv": [10, 12, 12, 14], "rotation": 90, "texture": "#5"},
				"down": {"uv": [10, 12, 12, 14], "rotation": 270, "texture": "#5"}
			}
		},
		{
			"from": [8.95, 19.1, 6.15],
			"to": [9.35, 19.6, 6.35],
			"rotation": {"angle": 0, "axis": "y", "origin": [16, 0, 0]},
			"faces": {
				"north": {"uv": [10, 12, 12, 14], "texture": "#5"},
				"east": {"uv": [10, 12, 12, 14], "texture": "#5"},
				"south": {"uv": [10, 12, 12, 14], "texture": "#5"},
				"west": {"uv": [10, 12, 12, 14], "texture": "#5"},
				"up": {"uv": [10, 12, 12, 14], "rotation": 90, "texture": "#5"},
				"down": {"uv": [10, 12, 12, 14], "rotation": 270, "texture": "#5"}
			}
		},
		{
			"from": [8.95, 19.1, 6.55],
			"to": [9.35, 19.6, 6.75],
			"rotation": {"angle": 0, "axis": "y", "origin": [16, 0, 0]},
			"faces": {
				"north": {"uv": [10, 12, 12, 14], "texture": "#5"},
				"east": {"uv": [10, 12, 12, 14], "texture": "#5"},
				"south": {"uv": [11, 13, 12, 14], "texture": "#2"},
				"west": {"uv": [10, 12, 12, 14], "texture": "#5"},
				"up": {"uv": [10, 12, 12, 14], "rotation": 90, "texture": "#5"},
				"down": {"uv": [10, 12, 12, 14], "rotation": 270, "texture": "#5"}
			}
		},
		{
			"from": [9.35, 19.1, 5.95],
			"to": [9.55, 19.6, 6.15],
			"rotation": {"angle": 0, "axis": "y", "origin": [16, 0, 0]},
			"faces": {
				"north": {"uv": [10, 12, 12, 14], "texture": "#5"},
				"east": {"uv": [10, 12, 12, 14], "texture": "#5"},
				"south": {"uv": [10, 12, 12, 14], "texture": "#5"},
				"west": {"uv": [10, 12, 12, 14], "texture": "#5"},
				"up": {"uv": [10, 12, 12, 14], "rotation": 90, "texture": "#5"},
				"down": {"uv": [10, 12, 12, 14], "rotation": 270, "texture": "#5"}
			}
		},
		{
			"from": [10.8, 19.1, 5.75],
			"to": [11.2, 19.6, 5.95],
			"rotation": {"angle": 0, "axis": "y", "origin": [16, 0, 0]},
			"faces": {
				"north": {"uv": [10, 12, 12, 14], "texture": "#5"},
				"east": {"uv": [10, 12, 12, 14], "texture": "#5"},
				"south": {"uv": [10, 12, 12, 14], "texture": "#5"},
				"west": {"uv": [10, 12, 12, 14], "texture": "#5"},
				"up": {"uv": [10, 12, 12, 14], "rotation": 90, "texture": "#5"},
				"down": {"uv": [10, 12, 12, 14], "rotation": 270, "texture": "#5"}
			}
		},
		{
			"from": [10.8, 19.1, 6.55],
			"to": [11.2, 19.6, 6.75],
			"rotation": {"angle": 0, "axis": "y", "origin": [16, 0, 0]},
			"faces": {
				"north": {"uv": [10, 12, 12, 14], "texture": "#5"},
				"east": {"uv": [10, 12, 12, 14], "texture": "#5"},
				"south": {"uv": [11, 13, 12, 14], "texture": "#2"},
				"west": {"uv": [10, 12, 12, 14], "texture": "#5"},
				"up": {"uv": [10, 12, 12, 14], "rotation": 90, "texture": "#5"},
				"down": {"uv": [10, 12, 12, 14], "rotation": 270, "texture": "#5"}
			}
		},
		{
			"from": [11.2, 19.1, 5.95],
			"to": [11.4, 19.6, 6.55],
			"rotation": {"angle": 0, "axis": "y", "origin": [16, 0, 0]},
			"faces": {
				"north": {"uv": [10, 12, 12, 14], "texture": "#5"},
				"east": {"uv": [10, 12, 12, 14], "texture": "#5"},
				"south": {"uv": [10, 12, 12, 14], "texture": "#5"},
				"west": {"uv": [10, 12, 12, 14], "texture": "#5"},
				"up": {"uv": [10, 12, 12, 14], "rotation": 90, "texture": "#5"},
				"down": {"uv": [10, 12, 12, 14], "rotation": 270, "texture": "#5"}
			}
		},
		{
			"from": [10.8, 19.1, 9.05],
			"to": [11.2, 19.6, 9.25],
			"rotation": {"angle": 0, "axis": "y", "origin": [16, 0, 0]},
			"faces": {
				"north": {"uv": [10, 12, 12, 14], "texture": "#2"},
				"east": {"uv": [10, 12, 12, 14], "texture": "#2"},
				"south": {"uv": [10, 12, 12, 14], "texture": "#2"},
				"west": {"uv": [10, 12, 12, 14], "texture": "#2"},
				"up": {"uv": [10, 12, 12, 14], "rotation": 90, "texture": "#2"},
				"down": {"uv": [10, 12, 12, 14], "rotation": 270, "texture": "#2"}
			}
		},
		{
			"from": [10.8, 19.1, 8.25],
			"to": [11.2, 19.6, 8.45],
			"rotation": {"angle": 0, "axis": "y", "origin": [16, 0, 0]},
			"faces": {
				"north": {"uv": [10, 12, 12, 14], "texture": "#2"},
				"east": {"uv": [10, 12, 12, 14], "texture": "#2"},
				"south": {"uv": [10, 12, 12, 14], "texture": "#2"},
				"west": {"uv": [10, 12, 12, 14], "texture": "#2"},
				"up": {"uv": [10, 12, 12, 14], "rotation": 90, "texture": "#2"},
				"down": {"uv": [10, 12, 12, 14], "rotation": 270, "texture": "#2"}
			}
		},
		{
			"from": [10.7, 19.1, 8.45],
			"to": [10.9, 19.6, 9.05],
			"rotation": {"angle": 0, "axis": "y", "origin": [16, 0, 0]},
			"faces": {
				"north": {"uv": [10, 12, 12, 14], "texture": "#2"},
				"east": {"uv": [10, 12, 12, 14], "texture": "#2"},
				"south": {"uv": [10, 12, 12, 14], "texture": "#2"},
				"west": {"uv": [10, 12, 12, 14], "texture": "#2"},
				"up": {"uv": [10, 12, 12, 14], "rotation": 90, "texture": "#2"},
				"down": {"uv": [10, 12, 12, 14], "rotation": 270, "texture": "#2"}
			}
		},
		{
			"from": [10.6, 19.1, 5.95],
			"to": [10.8, 19.6, 6.55],
			"rotation": {"angle": 0, "axis": "y", "origin": [16, 0, 0]},
			"faces": {
				"north": {"uv": [10, 12, 12, 14], "texture": "#5"},
				"east": {"uv": [10, 12, 12, 14], "texture": "#5"},
				"south": {"uv": [10, 12, 12, 14], "texture": "#5"},
				"west": {"uv": [10, 12, 12, 14], "texture": "#5"},
				"up": {"uv": [10, 12, 12, 14], "rotation": 90, "texture": "#5"},
				"down": {"uv": [10, 12, 12, 14], "rotation": 270, "texture": "#5"}
			}
		},
		{
			"from": [9.35, 19.1, 6.35],
			"to": [9.55, 19.6, 6.55],
			"rotation": {"angle": 0, "axis": "y", "origin": [16, 0, 0]},
			"faces": {
				"north": {"uv": [10, 12, 12, 14], "texture": "#5"},
				"east": {"uv": [10, 12, 12, 14], "texture": "#5"},
				"south": {"uv": [10, 12, 12, 14], "texture": "#5"},
				"west": {"uv": [10, 12, 12, 14], "texture": "#5"},
				"up": {"uv": [10, 12, 12, 14], "rotation": 90, "texture": "#5"},
				"down": {"uv": [10, 12, 12, 14], "rotation": 270, "texture": "#5"}
			}
		},
		{
			"from": [7.4, 19.1, 6.15],
			"to": [7.6, 19.6, 6.35],
			"rotation": {"angle": 0, "axis": "y", "origin": [16, 0, 0]},
			"faces": {
				"north": {"uv": [10, 12, 12, 14], "texture": "#5"},
				"east": {"uv": [10, 12, 12, 14], "texture": "#5"},
				"south": {"uv": [10, 12, 12, 14], "texture": "#5"},
				"west": {"uv": [10, 12, 12, 14], "texture": "#5"},
				"up": {"uv": [10, 12, 12, 14], "rotation": 90, "texture": "#5"},
				"down": {"uv": [10, 12, 12, 14], "rotation": 270, "texture": "#5"}
			}
		},
		{
			"from": [7.2, 19.1, 6.35],
			"to": [7.4, 19.6, 6.55],
			"rotation": {"angle": 0, "axis": "y", "origin": [16, 0, 0]},
			"faces": {
				"north": {"uv": [10, 12, 12, 14], "texture": "#5"},
				"east": {"uv": [10, 12, 12, 14], "texture": "#5"},
				"south": {"uv": [10, 12, 12, 14], "texture": "#5"},
				"west": {"uv": [10, 12, 12, 14], "texture": "#5"},
				"up": {"uv": [10, 12, 12, 14], "rotation": 90, "texture": "#5"},
				"down": {"uv": [10, 12, 12, 14], "rotation": 270, "texture": "#5"}
			}
		},
		{
			"from": [7.2, 19.1, 6.55],
			"to": [7.4, 19.6, 6.75],
			"rotation": {"angle": 0, "axis": "y", "origin": [16, 0, 0]},
			"faces": {
				"north": {"uv": [10, 12, 12, 14], "texture": "#5"},
				"east": {"uv": [10, 12, 12, 14], "texture": "#5"},
				"south": {"uv": [11, 13, 12, 14], "texture": "#2"},
				"west": {"uv": [10, 12, 12, 14], "texture": "#5"},
				"up": {"uv": [10, 12, 12, 14], "rotation": 90, "texture": "#5"},
				"down": {"uv": [10, 12, 12, 14], "rotation": 270, "texture": "#5"}
			}
		},
		{
			"from": [7.4, 19.1, 6.55],
			"to": [7.8, 19.6, 6.75],
			"rotation": {"angle": 0, "axis": "y", "origin": [16, 0, 0]},
			"faces": {
				"north": {"uv": [10, 12, 12, 14], "texture": "#5"},
				"east": {"uv": [10, 12, 12, 14], "texture": "#5"},
				"south": {"uv": [11, 13, 12, 14], "texture": "#2"},
				"west": {"uv": [10, 12, 12, 14], "texture": "#5"},
				"up": {"uv": [10, 12, 12, 14], "rotation": 90, "texture": "#5"},
				"down": {"uv": [10, 12, 12, 14], "rotation": 270, "texture": "#5"}
			}
		},
		{
			"from": [5.65, 19.1, 5.95],
			"to": [5.85, 19.6, 6.15],
			"rotation": {"angle": 0, "axis": "y", "origin": [16, 0, 0]},
			"faces": {
				"north": {"uv": [10, 12, 12, 14], "texture": "#5"},
				"east": {"uv": [10, 12, 12, 14], "texture": "#5"},
				"south": {"uv": [10, 12, 12, 14], "texture": "#5"},
				"west": {"uv": [10, 12, 12, 14], "texture": "#5"},
				"up": {"uv": [10, 12, 12, 14], "rotation": 90, "texture": "#5"},
				"down": {"uv": [10, 12, 12, 14], "rotation": 270, "texture": "#5"}
			}
		},
		{
			"from": [5.85, 19.1, 5.75],
			"to": [6.05, 19.6, 6.75],
			"rotation": {"angle": 0, "axis": "y", "origin": [16, 0, 0]},
			"faces": {
				"north": {"uv": [10, 12, 12, 14], "texture": "#5"},
				"east": {"uv": [10, 12, 12, 14], "texture": "#5"},
				"south": {"uv": [11, 13, 12, 14], "texture": "#2"},
				"west": {"uv": [10, 12, 12, 14], "texture": "#5"},
				"up": {"uv": [10, 12, 12, 14], "rotation": 90, "texture": "#5"},
				"down": {"uv": [10, 12, 12, 14], "rotation": 270, "texture": "#5"}
			}
		},
		{
			"from": [5.45, 19.1, 7.5],
			"to": [5.65, 19.6, 7.9],
			"rotation": {"angle": 0, "axis": "y", "origin": [16, 0, 0]},
			"faces": {
				"north": {"uv": [10, 12, 12, 14], "texture": "#5"},
				"east": {"uv": [10, 12, 12, 14], "texture": "#5"},
				"south": {"uv": [10, 12, 12, 14], "texture": "#5"},
				"west": {"uv": [10, 12, 12, 14], "texture": "#5"},
				"up": {"uv": [10, 12, 12, 14], "rotation": 90, "texture": "#5"},
				"down": {"uv": [10, 12, 12, 14], "rotation": 270, "texture": "#5"}
			}
		},
		{
			"from": [5.85, 19.1, 7.6],
			"to": [6.05, 19.6, 8.5],
			"rotation": {"angle": 0, "axis": "y", "origin": [16, 0, 0]},
			"faces": {
				"north": {"uv": [10, 12, 12, 14], "texture": "#5"},
				"east": {"uv": [10, 12, 12, 14], "texture": "#5"},
				"south": {"uv": [11, 13, 12, 14], "texture": "#2"},
				"west": {"uv": [10, 12, 12, 14], "texture": "#5"},
				"up": {"uv": [10, 12, 12, 14], "rotation": 90, "texture": "#5"},
				"down": {"uv": [10, 12, 12, 14], "rotation": 270, "texture": "#5"}
			}
		},
		{
			"from": [5.85, 19.1, 9.25],
			"to": [6.05, 19.6, 10.05],
			"rotation": {"angle": 0, "axis": "y", "origin": [16, 0, 0]},
			"faces": {
				"north": {"uv": [10, 12, 12, 14], "texture": "#5"},
				"east": {"uv": [10, 12, 12, 14], "texture": "#5"},
				"south": {"uv": [10, 12, 12, 14], "texture": "#5"},
				"west": {"uv": [10, 12, 12, 14], "texture": "#5"},
				"up": {"uv": [10, 12, 12, 14], "rotation": 90, "texture": "#5"},
				"down": {"uv": [10, 12, 12, 14], "rotation": 270, "texture": "#5"}
			}
		},
		{
			"from": [5.45, 19.1, 9.25],
			"to": [5.85, 19.6, 9.45],
			"rotation": {"angle": 0, "axis": "y", "origin": [16, 0, 0]},
			"faces": {
				"north": {"uv": [10, 12, 12, 14], "texture": "#5"},
				"east": {"uv": [10, 12, 12, 14], "texture": "#5"},
				"south": {"uv": [10, 12, 12, 14], "texture": "#5"},
				"west": {"uv": [10, 12, 12, 14], "texture": "#5"},
				"up": {"uv": [10, 12, 12, 14], "rotation": 90, "texture": "#5"},
				"down": {"uv": [10, 12, 12, 14], "rotation": 270, "texture": "#5"}
			}
		},
		{
			"from": [5.65, 19.1, 7.9],
			"to": [6.05, 19.6, 8.1],
			"rotation": {"angle": 0, "axis": "y", "origin": [16, 0, 0]},
			"faces": {
				"north": {"uv": [10, 12, 12, 14], "texture": "#5"},
				"east": {"uv": [10, 12, 12, 14], "texture": "#5"},
				"south": {"uv": [10, 12, 12, 14], "texture": "#5"},
				"west": {"uv": [10, 12, 12, 14], "texture": "#5"},
				"up": {"uv": [10, 12, 12, 14], "rotation": 90, "texture": "#5"},
				"down": {"uv": [10, 12, 12, 14], "rotation": 270, "texture": "#5"}
			}
		},
		{
			"from": [7, 19, 5.75],
			"to": [8, 19.5, 6.75],
			"rotation": {"angle": 0, "axis": "y", "origin": [16, 0, 0]},
			"faces": {
				"north": {"uv": [10, 12, 12, 14], "texture": "#2"},
				"east": {"uv": [10, 12, 12, 14], "texture": "#2"},
				"south": {"uv": [10, 12, 12, 14], "texture": "#2"},
				"west": {"uv": [10, 12, 12, 14], "texture": "#2"},
				"up": {"uv": [10, 12, 12, 14], "rotation": 90, "texture": "#2"},
				"down": {"uv": [10, 12, 12, 14], "rotation": 270, "texture": "#2"}
			}
		},
		{
			"from": [8.75, 19, 5.75],
			"to": [9.75, 19.5, 6.75],
			"rotation": {"angle": 0, "axis": "y", "origin": [16, 0, 0]},
			"faces": {
				"north": {"uv": [10, 12, 12, 14], "texture": "#2"},
				"east": {"uv": [10, 12, 12, 14], "texture": "#2"},
				"south": {"uv": [10, 12, 12, 14], "texture": "#2"},
				"west": {"uv": [10, 12, 12, 14], "texture": "#2"},
				"up": {"uv": [10, 12, 12, 14], "rotation": 90, "texture": "#2"},
				"down": {"uv": [10, 12, 12, 14], "rotation": 270, "texture": "#2"}
			}
		},
		{
			"from": [5, 19, 5.5],
			"to": [12, 19.1, 10.5],
			"rotation": {"angle": 0, "axis": "y", "origin": [16, 0, 0]},
			"faces": {
				"north": {"uv": [10, 12, 12, 14], "texture": "#4"},
				"east": {"uv": [10, 12, 12, 14], "texture": "#4"},
				"south": {"uv": [12, 12, 14, 14], "texture": "#4"},
				"west": {"uv": [10, 12, 12, 14], "texture": "#4"},
				"up": {"uv": [13, 12, 15, 14], "rotation": 90, "texture": "#4"},
				"down": {"uv": [10, 12, 12, 14], "rotation": 270, "texture": "#4"}
			}
		},
		{
			"from": [8.75, 19, 7.5],
			"to": [9.75, 19.5, 8.5],
			"rotation": {"angle": 0, "axis": "y", "origin": [16, 0, 0]},
			"faces": {
				"north": {"uv": [10, 12, 12, 14], "texture": "#2"},
				"east": {"uv": [10, 12, 12, 14], "texture": "#2"},
				"south": {"uv": [10, 12, 12, 14], "texture": "#2"},
				"west": {"uv": [10, 12, 12, 14], "texture": "#2"},
				"up": {"uv": [10, 12, 12, 14], "rotation": 90, "texture": "#2"},
				"down": {"uv": [10, 12, 12, 14], "rotation": 270, "texture": "#2"}
			}
		},
		{
			"from": [10.5, 19, 5.75],
			"to": [11.5, 19.5, 6.75],
			"rotation": {"angle": 0, "axis": "y", "origin": [16, 0, 0]},
			"faces": {
				"north": {"uv": [10, 12, 12, 14], "texture": "#2"},
				"east": {"uv": [10, 12, 12, 14], "texture": "#2"},
				"south": {"uv": [10, 12, 12, 14], "texture": "#2"},
				"west": {"uv": [10, 12, 12, 14], "texture": "#2"},
				"up": {"uv": [10, 12, 12, 14], "rotation": 90, "texture": "#2"},
				"down": {"uv": [10, 12, 12, 14], "rotation": 270, "texture": "#2"}
			}
		},
		{
			"from": [10.5, 19, 7.5],
			"to": [11.5, 19.5, 10],
			"rotation": {"angle": 0, "axis": "y", "origin": [16, 0, 0]},
			"faces": {
				"north": {"uv": [10, 12, 12, 14], "texture": "#6"},
				"east": {"uv": [10, 12, 12, 14], "texture": "#6"},
				"south": {"uv": [10, 12, 12, 14], "texture": "#6"},
				"west": {"uv": [10, 12, 12, 14], "texture": "#6"},
				"up": {"uv": [10, 12, 12, 14], "rotation": 90, "texture": "#6"},
				"down": {"uv": [10, 12, 12, 14], "rotation": 270, "texture": "#6"}
			}
		},
		{
			"from": [7, 19, 7.5],
			"to": [8, 19.5, 8.5],
			"rotation": {"angle": 0, "axis": "y", "origin": [16, 0, 0]},
			"faces": {
				"north": {"uv": [10, 12, 12, 14], "texture": "#2"},
				"east": {"uv": [10, 12, 12, 14], "texture": "#2"},
				"south": {"uv": [10, 12, 12, 14], "texture": "#2"},
				"west": {"uv": [10, 12, 12, 14], "texture": "#2"},
				"up": {"uv": [10, 12, 12, 14], "rotation": 90, "texture": "#2"},
				"down": {"uv": [10, 12, 12, 14], "rotation": 270, "texture": "#2"}
			}
		},
		{
			"from": [5.25, 19, 7.5],
			"to": [6.25, 19.5, 8.5],
			"rotation": {"angle": 0, "axis": "y", "origin": [16, 0, 0]},
			"faces": {
				"north": {"uv": [10, 12, 12, 14], "texture": "#2"},
				"east": {"uv": [10, 12, 12, 14], "texture": "#2"},
				"south": {"uv": [10, 12, 12, 14], "texture": "#2"},
				"west": {"uv": [10, 12, 12, 14], "texture": "#2"},
				"up": {"uv": [10, 12, 12, 14], "rotation": 90, "texture": "#2"},
				"down": {"uv": [10, 12, 12, 14], "rotation": 270, "texture": "#2"}
			}
		},
		{
			"from": [8.75, 19, 9.25],
			"to": [9.75, 19.5, 10.25],
			"rotation": {"angle": 0, "axis": "y", "origin": [16, 0, 0]},
			"faces": {
				"north": {"uv": [10, 12, 12, 14], "texture": "#2"},
				"east": {"uv": [10, 12, 12, 14], "texture": "#2"},
				"south": {"uv": [10, 12, 12, 14], "texture": "#2"},
				"west": {"uv": [10, 12, 12, 14], "texture": "#2"},
				"up": {"uv": [10, 12, 12, 14], "rotation": 90, "texture": "#2"},
				"down": {"uv": [10, 12, 12, 14], "rotation": 270, "texture": "#2"}
			}
		},
		{
			"from": [7, 19, 9.25],
			"to": [8, 19.5, 10.25],
			"rotation": {"angle": 0, "axis": "y", "origin": [16, 0, 0]},
			"faces": {
				"north": {"uv": [10, 12, 12, 14], "texture": "#2"},
				"east": {"uv": [10, 12, 12, 14], "texture": "#2"},
				"south": {"uv": [10, 12, 12, 14], "texture": "#2"},
				"west": {"uv": [10, 12, 12, 14], "texture": "#2"},
				"up": {"uv": [10, 12, 12, 14], "rotation": 90, "texture": "#2"},
				"down": {"uv": [10, 12, 12, 14], "rotation": 270, "texture": "#2"}
			}
		},
		{
			"from": [5.25, 19, 9.25],
			"to": [6.25, 19.5, 10.25],
			"rotation": {"angle": 0, "axis": "y", "origin": [16, 0, 0]},
			"faces": {
				"north": {"uv": [10, 12, 12, 14], "texture": "#2"},
				"east": {"uv": [10, 12, 12, 14], "texture": "#2"},
				"south": {"uv": [10, 12, 12, 14], "texture": "#2"},
				"west": {"uv": [10, 12, 12, 14], "texture": "#2"},
				"up": {"uv": [10, 12, 12, 14], "rotation": 90, "texture": "#2"},
				"down": {"uv": [10, 12, 12, 14], "rotation": 270, "texture": "#2"}
			}
		},
		{
			"from": [-1, 19, 0],
			"to": [14, 21, 5],
			"rotation": {"angle": 0, "axis": "y", "origin": [16, 0, 0]},
			"faces": {
				"north": {"uv": [10, 12, 12, 14], "texture": "#2"},
				"east": {"uv": [10, 12, 12, 14], "texture": "#2"},
				"south": {"uv": [10, 12, 12, 14], "texture": "#2"},
				"west": {"uv": [10, 12, 12, 14], "texture": "#2"},
				"up": {"uv": [10, 12, 12, 14], "rotation": 90, "texture": "#1"},
				"down": {"uv": [10, 12, 12, 14], "rotation": 270, "texture": "#1"}
			}
		},
		{
			"from": [-1, 21, 0],
			"to": [14, 30, 1],
			"rotation": {"angle": 0, "axis": "y", "origin": [16, 0, 0]},
			"faces": {
				"north": {"uv": [15, 14, 16, 15], "texture": "#4"},
				"east": {"uv": [15, 14, 16, 15], "texture": "#4"},
				"south": {"uv": [5, 7, 6, 8], "texture": "#4"},
				"west": {"uv": [15, 14, 16, 15], "texture": "#4"},
				"up": {"uv": [5, 7, 6, 8], "rotation": 90, "texture": "#4"},
				"down": {"uv": [10, 12, 12, 14], "rotation": 270, "texture": "#4"}
			}
		},
		{
			"from": [13.1, 21, 1],
			"to": [14.1, 30, 5],
			"rotation": {"angle": 0, "axis": "y", "origin": [16, 0, 0]},
			"faces": {
				"north": {"uv": [15, 14, 16, 15], "texture": "#1"},
				"east": {"uv": [15, 14, 16, 15], "texture": "#1"},
				"south": {"uv": [15, 14, 16, 15], "texture": "#4"},
				"west": {"uv": [15, 14, 16, 15], "texture": "#1"},
				"up": {"uv": [15, 14, 16, 16], "rotation": 90, "texture": "#1"},
				"down": {"uv": [10, 12, 12, 14], "rotation": 270, "texture": "#1"}
			}
		},
		{
			"from": [13, 23, 5],
			"to": [14, 24, 5.5],
			"rotation": {"angle": 0, "axis": "y", "origin": [16, 0, 0]},
			"faces": {
				"north": {"uv": [14, 12, 15, 13], "texture": "#3"},
				"east": {"uv": [14, 12, 15, 13], "texture": "#3"},
				"south": {"uv": [14, 12, 15, 13], "texture": "#3"},
				"west": {"uv": [14, 12, 15, 13], "texture": "#3"},
				"up": {"uv": [15, 14, 16, 16], "rotation": 90, "texture": "#3"},
				"down": {"uv": [10, 12, 12, 14], "rotation": 270, "texture": "#3"}
			}
		},
		{
			"from": [0, 23, 5],
			"to": [1, 24, 5.5],
			"rotation": {"angle": 0, "axis": "y", "origin": [16, 0, 0]},
			"faces": {
				"north": {"uv": [14, 12, 15, 13], "texture": "#3"},
				"east": {"uv": [14, 12, 15, 13], "texture": "#3"},
				"south": {"uv": [14, 12, 15, 13], "texture": "#3"},
				"west": {"uv": [14, 12, 15, 13], "texture": "#3"},
				"up": {"uv": [15, 14, 16, 16], "rotation": 90, "texture": "#3"},
				"down": {"uv": [10, 12, 12, 14], "rotation": 270, "texture": "#3"}
			}
		},
		{
			"from": [-0.1, 21, 1],
			"to": [0.9, 30, 5],
			"rotation": {"angle": 0, "axis": "y", "origin": [16, 0, 0]},
			"faces": {
				"north": {"uv": [15, 14, 16, 15], "texture": "#1"},
				"east": {"uv": [15, 14, 16, 15], "texture": "#1"},
				"south": {"uv": [15, 14, 16, 15], "texture": "#4"},
				"west": {"uv": [15, 14, 16, 15], "texture": "#1"},
				"up": {"uv": [15, 14, 16, 16], "rotation": 90, "texture": "#1"},
				"down": {"uv": [10, 12, 12, 14], "rotation": 270, "texture": "#1"}
			}
		},
		{
			"from": [-1, 30, 0],
			"to": [17, 32, 7],
			"rotation": {"angle": 0, "axis": "y", "origin": [16, 0, 0]},
			"faces": {
				"north": {"uv": [10, 12, 12, 14], "texture": "#2"},
				"east": {"uv": [10, 12, 12, 14], "texture": "#7"},
				"south": {"uv": [10, 12, 12, 14], "texture": "#7"},
				"west": {"uv": [10, 12, 12, 14], "texture": "#7"},
				"up": {"uv": [10, 12, 12, 14], "rotation": 90, "texture": "#1"},
				"down": {"uv": [10, 12, 12, 14], "rotation": 270, "texture": "#1"}
			}
		},
		{
			"from": [14, 20, 0],
			"to": [17, 25, 10],
			"rotation": {"angle": 0, "axis": "y", "origin": [16, 0, 0]},
			"faces": {
				"north": {"uv": [10, 12, 12, 14], "texture": "#2"},
				"east": {"uv": [10, 12, 12, 14], "texture": "#2"},
				"south": {"uv": [10, 12, 12, 14], "texture": "#2"},
				"west": {"uv": [10, 12, 12, 14], "texture": "#2"},
				"up": {"uv": [10, 12, 12, 14], "rotation": 90, "texture": "#2"},
				"down": {"uv": [10, 12, 12, 14], "rotation": 270, "texture": "#2"}
			}
		},
		{
			"from": [14.25, 20, 10],
			"to": [16.75, 20.4, 10.5],
			"rotation": {"angle": 0, "axis": "y", "origin": [16, 0, 0]},
			"faces": {
				"north": {"uv": [10, 12, 12, 14], "texture": "#5"},
				"east": {"uv": [10, 12, 12, 14], "texture": "#5"},
				"south": {"uv": [10, 12, 12, 14], "texture": "#5"},
				"west": {"uv": [10, 12, 12, 14], "texture": "#5"},
				"up": {"uv": [10, 12, 12, 14], "rotation": 90, "texture": "#5"},
				"down": {"uv": [10, 12, 12, 14], "rotation": 270, "texture": "#5"}
			}
		},
		{
			"from": [14.25, 20, 10],
			"to": [16.75, 21, 10.25],
			"rotation": {"angle": 0, "axis": "y", "origin": [16, 0, 0]},
			"faces": {
				"north": {"uv": [10, 12, 12, 14], "texture": "#1"},
				"east": {"uv": [10, 12, 12, 14], "texture": "#1"},
				"south": {"uv": [10, 12, 12, 14], "texture": "#1"},
				"west": {"uv": [10, 12, 12, 14], "texture": "#1"},
				"up": {"uv": [10, 12, 12, 14], "rotation": 90, "texture": "#1"},
				"down": {"uv": [10, 12, 12, 14], "rotation": 270, "texture": "#1"}
			}
		},
		{
			"from": [14.25, 20.9, 10],
			"to": [16.75, 21.3, 10.5],
			"rotation": {"angle": 0, "axis": "y", "origin": [16, 0, 0]},
			"faces": {
				"north": {"uv": [10, 12, 12, 14], "texture": "#5"},
				"east": {"uv": [10, 12, 12, 14], "texture": "#5"},
				"south": {"uv": [10, 12, 12, 14], "texture": "#5"},
				"west": {"uv": [10, 12, 12, 14], "texture": "#5"},
				"up": {"uv": [10, 12, 12, 14], "rotation": 90, "texture": "#5"},
				"down": {"uv": [10, 12, 12, 14], "rotation": 270, "texture": "#5"}
			}
		},
		{
			"from": [1.25, 15.5, 11],
			"to": [4.75, 15.9, 11.5],
			"rotation": {"angle": 0, "axis": "y", "origin": [16, 0, 0]},
			"faces": {
				"north": {"uv": [14, 12, 15, 13], "texture": "#4"},
				"east": {"uv": [14, 12, 15, 13], "texture": "#4"},
				"south": {"uv": [14, 12, 15, 13], "texture": "#4"},
				"west": {"uv": [14, 12, 15, 13], "texture": "#4"},
				"up": {"uv": [10, 12, 12, 14], "rotation": 90, "texture": "#4"},
				"down": {"uv": [10, 12, 12, 14], "rotation": 270, "texture": "#4"}
			}
		},
		{
			"from": [1.25, 16.8, 11],
			"to": [4.75, 17.2, 11.5],
			"rotation": {"angle": 0, "axis": "y", "origin": [16, 0, 0]},
			"faces": {
				"north": {"uv": [14, 12, 15, 13], "texture": "#4"},
				"east": {"uv": [14, 12, 15, 13], "texture": "#4"},
				"south": {"uv": [14, 12, 15, 13], "texture": "#4"},
				"west": {"uv": [14, 12, 15, 13], "texture": "#4"},
				"up": {"uv": [10, 12, 12, 14], "rotation": 90, "texture": "#4"},
				"down": {"uv": [10, 12, 12, 14], "rotation": 270, "texture": "#4"}
			}
		},
		{
			"from": [1.25, 15.75, 11],
			"to": [4.75, 16.75, 11.25],
			"rotation": {"angle": 0, "axis": "y", "origin": [16, 0, 0]},
			"faces": {
				"north": {"uv": [10, 12, 12, 14], "texture": "#1"},
				"east": {"uv": [10, 12, 12, 14], "texture": "#1"},
				"south": {"uv": [10, 12, 12, 14], "texture": "#1"},
				"west": {"uv": [10, 12, 12, 14], "texture": "#1"},
				"up": {"uv": [10, 12, 12, 14], "rotation": 90, "texture": "#1"},
				"down": {"uv": [10, 12, 12, 14], "rotation": 270, "texture": "#1"}
			}
		},
		{
			"from": [14, 25, 0],
			"to": [17, 27, 9],
			"rotation": {"angle": 0, "axis": "y", "origin": [16, 0, 0]},
			"faces": {
				"north": {"uv": [10, 12, 12, 14], "texture": "#2"},
				"east": {"uv": [10, 12, 12, 14], "texture": "#2"},
				"south": {"uv": [10, 12, 12, 14], "texture": "#2"},
				"west": {"uv": [10, 12, 12, 14], "texture": "#2"},
				"up": {"uv": [10, 12, 12, 14], "rotation": 90, "texture": "#2"},
				"down": {"uv": [10, 12, 12, 14], "rotation": 270, "texture": "#2"}
			}
		},
		{
			"from": [14, 27, 0],
			"to": [17, 30, 8],
			"rotation": {"angle": 0, "axis": "y", "origin": [16, 0, 0]},
			"faces": {
				"north": {"uv": [10, 12, 12, 14], "texture": "#2"},
				"east": {"uv": [10, 12, 12, 14], "texture": "#2"},
				"south": {"uv": [10, 12, 12, 14], "texture": "#2"},
				"west": {"uv": [10, 12, 12, 14], "texture": "#2"},
				"up": {"uv": [10, 12, 12, 14], "rotation": 90, "texture": "#2"},
				"down": {"uv": [10, 12, 12, 14], "rotation": 270, "texture": "#2"}
			}
		},
		{
			"from": [14, 6, 0],
			"to": [17, 9, 9],
			"rotation": {"angle": 0, "axis": "y", "origin": [16, 0, 0]},
			"faces": {
				"north": {"uv": [10, 12, 12, 14], "texture": "#2"},
				"east": {"uv": [10, 12, 12, 14], "texture": "#2"},
				"south": {"uv": [10, 12, 12, 14], "texture": "#2"},
				"west": {"uv": [10, 12, 12, 14], "texture": "#2"},
				"up": {"uv": [10, 12, 12, 14], "rotation": 90, "texture": "#2"},
				"down": {"uv": [10, 12, 12, 14], "rotation": 270, "texture": "#2"}
			}
		},
		{
			"from": [14, 4, 0],
			"to": [17, 6, 8],
			"rotation": {"angle": 0, "axis": "y", "origin": [16, 0, 0]},
			"faces": {
				"north": {"uv": [10, 12, 12, 14], "texture": "#2"},
				"east": {"uv": [10, 12, 12, 14], "texture": "#2"},
				"south": {"uv": [10, 12, 12, 14], "texture": "#2"},
				"west": {"uv": [10, 12, 12, 14], "texture": "#2"},
				"up": {"uv": [10, 12, 12, 14], "rotation": 90, "texture": "#2"},
				"down": {"uv": [10, 12, 12, 14], "rotation": 270, "texture": "#2"}
			}
		},
		{
			"from": [-1, 19, 0],
			"to": [0, 20, 11],
			"rotation": {"angle": 0, "axis": "y", "origin": [16, 0, 0]},
			"faces": {
				"north": {"uv": [10, 12, 12, 14], "texture": "#2"},
				"east": {"uv": [10, 12, 12, 14], "texture": "#2"},
				"south": {"uv": [10, 12, 12, 14], "texture": "#2"},
				"west": {"uv": [10, 12, 12, 14], "texture": "#2"},
				"up": {"uv": [10, 12, 12, 14], "rotation": 90, "texture": "#2"},
				"down": {"uv": [10, 12, 12, 14], "rotation": 270, "texture": "#2"}
			}
		},
		{
			"from": [-1, 20, 0],
			"to": [0, 24, 11],
			"rotation": {"angle": 0, "axis": "y", "origin": [16, 0, 0]},
			"faces": {
				"north": {"uv": [10, 12, 12, 14], "texture": "#2"},
				"east": {"uv": [10, 12, 12, 14], "texture": "#2"},
				"south": {"uv": [10, 12, 12, 14], "texture": "#2"},
				"west": {"uv": [10, 12, 12, 14], "texture": "#2"},
				"up": {"uv": [10, 12, 12, 14], "rotation": 90, "texture": "#2"},
				"down": {"uv": [10, 12, 12, 14], "rotation": 270, "texture": "#2"}
			}
		},
		{
			"from": [-1, 24, 0],
			"to": [0, 26, 10],
			"rotation": {"angle": 0, "axis": "y", "origin": [16, 0, 0]},
			"faces": {
				"north": {"uv": [10, 12, 12, 14], "texture": "#2"},
				"east": {"uv": [10, 12, 12, 14], "texture": "#2"},
				"south": {"uv": [10, 12, 12, 14], "texture": "#2"},
				"west": {"uv": [10, 12, 12, 14], "texture": "#2"},
				"up": {"uv": [10, 12, 12, 14], "rotation": 90, "texture": "#2"},
				"down": {"uv": [10, 12, 12, 14], "rotation": 270, "texture": "#2"}
			}
		},
		{
			"from": [-1, 26, 0],
			"to": [0, 28, 9],
			"rotation": {"angle": 0, "axis": "y", "origin": [16, 0, 0]},
			"faces": {
				"north": {"uv": [10, 12, 12, 14], "texture": "#2"},
				"east": {"uv": [10, 12, 12, 14], "texture": "#2"},
				"south": {"uv": [10, 12, 12, 14], "texture": "#2"},
				"west": {"uv": [10, 12, 12, 14], "texture": "#2"},
				"up": {"uv": [10, 12, 12, 14], "rotation": 90, "texture": "#2"},
				"down": {"uv": [10, 12, 12, 14], "rotation": 270, "texture": "#2"}
			}
		},
		{
			"from": [-1, 28, 0],
			"to": [0, 30, 8],
			"rotation": {"angle": 0, "axis": "y", "origin": [16, 0, 0]},
			"faces": {
				"north": {"uv": [10, 12, 12, 14], "texture": "#2"},
				"east": {"uv": [10, 12, 12, 14], "texture": "#2"},
				"south": {"uv": [10, 12, 12, 14], "texture": "#2"},
				"west": {"uv": [10, 12, 12, 14], "texture": "#2"},
				"up": {"uv": [10, 12, 12, 14], "rotation": 90, "texture": "#2"},
				"down": {"uv": [10, 12, 12, 14], "rotation": 270, "texture": "#2"}
			}
		},
		{
			"from": [14, 9, 0],
			"to": [17, 20, 10],
			"rotation": {"angle": 0, "axis": "y", "origin": [16, 0, 0]},
			"faces": {
				"north": {"uv": [10, 12, 12, 14], "texture": "#2"},
				"east": {"uv": [10, 12, 12, 14], "texture": "#2"},
				"south": {"uv": [10, 12, 12, 14], "texture": "#2"},
				"west": {"uv": [10, 12, 12, 14], "texture": "#2"},
				"up": {"uv": [10, 12, 12, 14], "rotation": 90, "texture": "#2"},
				"down": {"uv": [10, 12, 12, 14], "rotation": 270, "texture": "#2"}
			}
		}
	],
	"display": {
		"gui": {
			"translation": [0, -5, 0],
			"scale": [0.5, 0.6, 0.5]
		}
	}
}