{
	"textures": {
		"bottom": "block/bricks",
		"particle": "block/bricks"
	},
	"elements": [
		{
			"from": [8, 8, 0],
			"to": [16, 12, 16],
			"faces": {
				"north": {"uv": [0, 4, 8, 8], "texture": "#bottom"},
				"east": {"uv": [0, 4, 16, 8], "texture": "#bottom"},
				"south": {"uv": [8, 4, 16, 8], "texture": "#bottom"},
				"west": {"uv": [0, 4, 16, 8], "texture": "#bottom"},
				"up": {"uv": [8, 0, 16, 16], "texture": "#bottom"}
			}
		},
		{
			"from": [0, 0, 0],
			"to": [16, 8, 16],
			"faces": {
				"north": {"uv": [0, 8, 16, 16], "texture": "#bottom"},
				"east": {"uv": [0, 8, 16, 16], "texture": "#bottom"},
				"south": {"uv": [0, 8, 16, 16], "texture": "#bottom"},
				"west": {"uv": [0, 8, 16, 16], "texture": "#bottom"},
				"up": {"uv": [0, 0, 16, 16], "texture": "#bottom"},
				"down": {"uv": [16, 16, 0, 0], "texture": "#bottom"}
			}
		},
		{
			"from": [4.5, 8, 4],
			"to": [8, 12, 16],
			"faces": {
				"north": {"uv": [4.5, 4, 8, 8], "texture": "#bottom"},
				"south": {"uv": [4.5, 4, 8, 8], "texture": "#bottom"},
				"west": {"uv": [4, 4, 16, 8], "texture": "#bottom"},
				"up": {"uv": [4.5, 4, 8, 16], "texture": "#bottom"}
			}
		},
		{
			"from": [8, 12, 0],
			"to": [16, 16, 4],
			"faces": {
				"north": {"uv": [0, 0, 8, 4], "texture": "#bottom"},
				"east": {"uv": [12, 0, 16, 4], "texture": "#bottom"},
				"south": {"uv": [8, 0, 16, 4], "texture": "#bottom"},
				"west": {"uv": [0, 0, 4, 4], "texture": "#bottom"},
				"up": {"uv": [8, 0, 16, 4], "texture": "#bottom"}
			}
		},
		{
			"from": [12.5, 12, 4],
			"to": [16, 16, 7.5],
			"faces": {
				"east": {"uv": [7, 12, 10.5, 16], "texture": "#bottom"},
				"south": {"uv": [12.5, 4, 16, 8], "texture": "#bottom"},
				"west": {"uv": [0, 4, 3.5, 8], "texture": "#bottom"},
				"up": {"uv": [12.5, 4, 16, 7.5], "texture": "#bottom"}
			}
		},
		{
			"from": [0, 8, 8],
			"to": [4.5, 12, 12],
			"faces": {
				"north": {"uv": [11.5, 4, 16, 8], "texture": "#bottom"},
				"south": {"uv": [0, 4, 4.5, 8], "texture": "#bottom"},
				"west": {"uv": [8, 4, 12, 8], "texture": "#bottom"},
				"up": {"uv": [0, 8, 4.5, 12], "texture": "#bottom"}
			}
		},
		{
			"from": [12.5, 12, 7.5],
			"to": [16, 16, 16],
			"faces": {
				"north": {"uv": [0, 0, 3.5, 4], "texture": "#bottom"},
				"east": {"uv": [0, 0, 8.5, 4], "texture": "#bottom"},
				"south": {"uv": [0, 0, 3.5, 4], "texture": "#bottom"},
				"west": {"uv": [0, 0, 8, 4], "texture": "#bottom"},
				"up": {"uv": [0, 8, 3, 16], "texture": "#bottom"},
				"down": {"uv": [0, 0, 3.5, 8.5], "texture": "#bottom"}
			}
		},
		{
			"from": [8, 12, 12.5],
			"to": [12.5, 16, 16],
			"faces": {
				"north": {"uv": [0, 0, 5, 4], "texture": "#bottom"},
				"east": {"uv": [4.5, 3.5, 8.5, 7.5], "texture": "#bottom"},
				"south": {"uv": [0, 0, 5, 4], "texture": "#bottom"},
				"west": {"uv": [0, 0, 4, 4], "texture": "#bottom"},
				"up": {"uv": [11, 0, 16, 4], "texture": "#bottom"},
				"down": {"uv": [0, 0, 5, 4], "texture": "#bottom"}
			}
		}
	]
}